  0
SECTION
  2
HEADER
  9
$ACADVER
  1
AC1021
  9
$ACADMAINTVER
 70
    25
  9
$DWGCODEPAGE
  3
ANSI_1252
  9
$LASTSAVEDBY
  1
natha
  9
$INSBASE
 10
0.0
 20
0.0
 30
0.0
  9
$EXTMIN
 10
163.3848705034846
 20
-78.81672352484685
 30
-24.11869900116554
  9
$EXTMAX
 10
251.4631088144792
 20
21.11634266834468
 30
0.0
  9
$LIMMIN
 10
0.0
 20
0.0
  9
$LIMMAX
 10
12.0
 20
9.0
  9
$ORTHOMODE
 70
     0
  9
$REGENMODE
 70
     1
  9
$FILLMODE
 70
     1
  9
$QTEXTMODE
 70
     0
  9
$MIRRTEXT
 70
     1
  9
$LTSCALE
 40
1.0
  9
$ATTMODE
 70
     1
  9
$TEXTSIZE
 40
0.2
  9
$TRACEWID
 40
0.05
  9
$TEXTSTYLE
  7
Standard
  9
$CLAYER
  8
colores$celestedl
  9
$CELTYPE
  6
ByLayer
  9
$CECOLOR
 62
   256
  9
$CELTSCALE
 40
1.0
  9
$DISPSILH
 70
     0
  9
$DIMSCALE
 40
1.0
  9
$DIMASZ
 40
0.18
  9
$DIMEXO
 40
0.0625
  9
$DIMDLI
 40
0.38
  9
$DIMRND
 40
0.0
  9
$DIMDLE
 40
0.0
  9
$DIMEXE
 40
0.18
  9
$DIMTP
 40
0.0
  9
$DIMTM
 40
0.0
  9
$DIMTXT
 40
0.18
  9
$DIMCEN
 40
0.09
  9
$DIMTSZ
 40
0.0
  9
$DIMTOL
 70
     0
  9
$DIMLIM
 70
     0
  9
$DIMTIH
 70
     1
  9
$DIMTOH
 70
     1
  9
$DIMSE1
 70
     0
  9
$DIMSE2
 70
     0
  9
$DIMTAD
 70
     0
  9
$DIMZIN
 70
     0
  9
$DIMBLK
  1

  9
$DIMASO
 70
     1
  9
$DIMSHO
 70
     1
  9
$DIMPOST
  1

  9
$DIMAPOST
  1

  9
$DIMALT
 70
     0
  9
$DIMALTD
 70
     2
  9
$DIMALTF
 40
25.4
  9
$DIMLFAC
 40
1.0
  9
$DIMTOFL
 70
     0
  9
$DIMTVP
 40
0.0
  9
$DIMTIX
 70
     0
  9
$DIMSOXD
 70
     0
  9
$DIMSAH
 70
     0
  9
$DIMBLK1
  1

  9
$DIMBLK2
  1

  9
$DIMSTYLE
  2
STANDARD_ACAD
  9
$DIMCLRD
 70
     0
  9
$DIMCLRE
 70
     0
  9
$DIMCLRT
 70
     0
  9
$DIMTFAC
 40
1.0
  9
$DIMGAP
 40
0.09
  9
$DIMJUST
 70
     0
  9
$DIMSD1
 70
     0
  9
$DIMSD2
 70
     0
  9
$DIMTOLJ
 70
     1
  9
$DIMTZIN
 70
     0
  9
$DIMALTZ
 70
     0
  9
$DIMALTTZ
 70
     0
  9
$DIMUPT
 70
     0
  9
$DIMDEC
 70
     4
  9
$DIMTDEC
 70
     4
  9
$DIMALTU
 70
     2
  9
$DIMALTTD
 70
     2
  9
$DIMTXSTY
  7
Standard
  9
$DIMAUNIT
 70
     0
  9
$DIMADEC
 70
     0
  9
$DIMALTRND
 40
0.0
  9
$DIMAZIN
 70
     0
  9
$DIMDSEP
 70
    46
  9
$DIMATFIT
 70
     3
  9
$DIMFRAC
 70
     0
  9
$DIMLDRBLK
  1

  9
$DIMLUNIT
 70
     2
  9
$DIMLWD
 70
    -2
  9
$DIMLWE
 70
    -2
  9
$DIMTMOVE
 70
     2
  9
$DIMFXL
 40
1.0
  9
$DIMFXLON
 70
     0
  9
$DIMJOGANG
 40
0.7853981633974483
  9
$DIMTFILL
 70
     0
  9
$DIMTFILLCLR
 70
     0
  9
$DIMARCSYM
 70
     0
  9
$DIMLTYPE
  6

  9
$DIMLTEX1
  6

  9
$DIMLTEX2
  6

  9
$LUNITS
 70
     2
  9
$LUPREC
 70
     3
  9
$SKETCHINC
 40
0.1
  9
$FILLETRAD
 40
0.0
  9
$AUNITS
 70
     0
  9
$AUPREC
 70
     0
  9
$MENU
  1
.
  9
$ELEVATION
 40
0.0
  9
$PELEVATION
 40
0.0
  9
$THICKNESS
 40
0.0
  9
$LIMCHECK
 70
     0
  9
$CHAMFERA
 40
0.0
  9
$CHAMFERB
 40
0.0
  9
$CHAMFERC
 40
0.0
  9
$CHAMFERD
 40
0.0
  9
$SKPOLY
 70
     0
  9
$TDCREATE
 40
2461123.096596447
  9
$TDUCREATE
 40
2461123.221596447
  9
$TDUPDATE
 40
2461123.096695776
  9
$TDUUPDATE
 40
2461123.221695776
  9
$TDINDWG
 40
0.0000000116
  9
$TDUSRTIMER
 40
0.0000000116
  9
$USRTIMER
 70
     1
  9
$ANGBASE
 50
0.0
  9
$ANGDIR
 70
     0
  9
$PDMODE
 70
     0
  9
$PDSIZE
 40
0.0
  9
$PLINEWID
 40
0.0
  9
$SPLFRAME
 70
     0
  9
$SPLINETYPE
 70
     6
  9
$SPLINESEGS
 70
     8
  9
$HANDSEED
  5
80B
  9
$SURFTAB1
 70
     6
  9
$SURFTAB2
 70
     6
  9
$SURFTYPE
 70
     6
  9
$SURFU
 70
     6
  9
$SURFV
 70
     6
  9
$UCSBASE
  2

  9
$UCSNAME
  2

  9
$UCSORG
 10
0.0
 20
0.0
 30
0.0
  9
$UCSXDIR
 10
1.0
 20
0.0
 30
0.0
  9
$UCSYDIR
 10
0.0
 20
1.0
 30
0.0
  9
$UCSORTHOREF
  2

  9
$UCSORTHOVIEW
 70
     0
  9
$UCSORGTOP
 10
0.0
 20
0.0
 30
0.0
  9
$UCSORGBOTTOM
 10
0.0
 20
0.0
 30
0.0
  9
$UCSORGLEFT
 10
0.0
 20
0.0
 30
0.0
  9
$UCSORGRIGHT
 10
0.0
 20
0.0
 30
0.0
  9
$UCSORGFRONT
 10
0.0
 20
0.0
 30
0.0
  9
$UCSORGBACK
 10
0.0
 20
0.0
 30
0.0
  9
$PUCSBASE
  2

  9
$PUCSNAME
  2

  9
$PUCSORG
 10
0.0
 20
0.0
 30
0.0
  9
$PUCSXDIR
 10
1.0
 20
0.0
 30
0.0
  9
$PUCSYDIR
 10
0.0
 20
1.0
 30
0.0
  9
$PUCSORTHOREF
  2

  9
$PUCSORTHOVIEW
 70
     0
  9
$PUCSORGTOP
 10
0.0
 20
0.0
 30
0.0
  9
$PUCSORGBOTTOM
 10
0.0
 20
0.0
 30
0.0
  9
$PUCSORGLEFT
 10
0.0
 20
0.0
 30
0.0
  9
$PUCSORGRIGHT
 10
0.0
 20
0.0
 30
0.0
  9
$PUCSORGFRONT
 10
0.0
 20
0.0
 30
0.0
  9
$PUCSORGBACK
 10
0.0
 20
0.0
 30
0.0
  9
$USERI1
 70
     0
  9
$USERI2
 70
     0
  9
$USERI3
 70
     0
  9
$USERI4
 70
     0
  9
$USERI5
 70
     0
  9
$USERR1
 40
0.0
  9
$USERR2
 40
0.0
  9
$USERR3
 40
0.0
  9
$USERR4
 40
0.0
  9
$USERR5
 40
0.0
  9
$WORLDVIEW
 70
     1
  9
$SHADEDGE
 70
     3
  9
$SHADEDIF
 70
    70
  9
$TILEMODE
 70
     1
  9
$MAXACTVP
 70
    64
  9
$PINSBASE
 10
0.0
 20
0.0
 30
0.0
  9
$PLIMCHECK
 70
     0
  9
$PEXTMIN
 10
1.000000000000000E+20
 20
1.000000000000000E+20
 30
1.000000000000000E+20
  9
$PEXTMAX
 10
-1.000000000000000E+20
 20
-1.000000000000000E+20
 30
-1.000000000000000E+20
  9
$PLIMMIN
 10
0.0
 20
0.0
  9
$PLIMMAX
 10
12.0
 20
9.0
  9
$UNITMODE
 70
     0
  9
$VISRETAIN
 70
     1
  9
$PLINEGEN
 70
     0
  9
$PSLTSCALE
 70
     1
  9
$TREEDEPTH
 70
  3020
  9
$CMLSTYLE
  2
Standard
  9
$CMLJUST
 70
     0
  9
$CMLSCALE
 40
1.0
  9
$PROXYGRAPHICS
 70
     1
  9
$MEASUREMENT
 70
     1
  9
$CELWEIGHT
370
    -1
  9
$ENDCAPS
280
     0
  9
$JOINSTYLE
280
     0
  9
$LWDISPLAY
290
     0
  9
$INSUNITS
 70
     4
  9
$HYPERLINKBASE
  1

  9
$STYLESHEET
  1

  9
$XEDIT
290
     1
  9
$CEPSNTYPE
380
     0
  9
$PSTYLEMODE
290
     1
  9
$FINGERPRINTGUID
  2
{7ba44dc7-f8e4-43bd-9768-5b6f29af533a}
  9
$VERSIONGUID
  2
{FAEB1C32-E019-11D5-929B-00C0DF256EC4}
  9
$EXTNAMES
290
     1
  9
$PSVPSCALE
 40
0.0
  9
$OLESTARTUP
290
     0
  9
$SORTENTS
280
   127
  9
$INDEXCTL
280
     0
  9
$HIDETEXT
280
     1
  9
$XCLIPFRAME
290
     0
  9
$HALOGAP
280
     0
  9
$OBSCOLOR
 70
   257
  9
$OBSLTYPE
280
     0
  9
$INTERSECTIONDISPLAY
280
     0
  9
$INTERSECTIONCOLOR
 70
   257
  9
$DIMASSOC
280
     2
  9
$PROJECTNAME
  1

  9
$CAMERADISPLAY
290
     0
  9
$LENSLENGTH
 40
50.0
  9
$CAMERAHEIGHT
 40
0.0
  9
$STEPSPERSEC
 40
2.0
  9
$STEPSIZE
 40
6.0
  9
$3DDWFPREC
 40
2.0
  9
$PSOLWIDTH
 40
0.25
  9
$PSOLHEIGHT
 40
4.0
  9
$LOFTANG1
 40
1.570796326794897
  9
$LOFTANG2
 40
1.570796326794897
  9
$LOFTMAG1
 40
0.0
  9
$LOFTMAG2
 40
0.0
  9
$LOFTPARAM
 70
     7
  9
$LOFTNORMALS
280
     1
  9
$LATITUDE
 40
37.795
  9
$LONGITUDE
 40
-122.394
  9
$NORTHDIRECTION
 40
0.0
  9
$TIMEZONE
 70
 -8000
  9
$LIGHTGLYPHDISPLAY
280
     1
  9
$TILEMODELIGHTSYNCH
280
     1
  9
$CMATERIAL
347
44
  9
$SOLIDHIST
280
     0
  9
$SHOWHIST
280
     1
  9
$DWFFRAME
280
     2
  9
$DGNFRAME
280
     2
  9
$REALWORLDSCALE
290
     1
  9
$INTERFERECOLOR
 62
   256
  9
$CSHADOW
280
     0
  9
$SHADOWPLANELOCATION
 40
0.0
  0
ENDSEC
  0
SECTION
  2
CLASSES
  0
CLASS
  1
ACDBDICTIONARYWDFLT
  2
AcDbDictionaryWithDefault
  3
ObjectDBX Classes
 90
        0
 91
        3
280
     0
281
     0
  0
CLASS
  1
VISUALSTYLE
  2
AcDbVisualStyle
  3
ObjectDBX Classes
 90
     4095
 91
        3
280
     0
281
     0
  0
CLASS
  1
MATERIAL
  2
AcDbMaterial
  3
ObjectDBX Classes
 90
     1153
 91
        3
280
     0
281
     0
  0
CLASS
  1
SCALE
  2
AcDbScale
  3
ObjectDBX Classes
 90
     1153
 91
        3
280
     0
281
     0
  0
CLASS
  1
TABLESTYLE
  2
AcDbTableStyle
  3
ObjectDBX Classes
 90
     4095
 91
        3
280
     0
281
     0
  0
CLASS
  1
MLEADERSTYLE
  2
AcDbMLeaderStyle
  3
ACDB_MLEADERSTYLE_CLASS
 90
     4095
 91
        3
280
     0
281
     0
  0
CLASS
  1
SUN
  2
AcDbSun
  3
SCENEOE
 90
     1153
 91
        3
280
     0
281
     0
  0
CLASS
  1
DICTIONARYVAR
  2
AcDbDictionaryVar
  3
ObjectDBX Classes
 90
        0
 91
        3
280
     0
281
     0
  0
CLASS
  1
CELLSTYLEMAP
  2
AcDbCellStyleMap
  3
ObjectDBX Classes
 90
     1152
 91
        3
280
     0
281
     0
  0
ENDSEC
  0
SECTION
  2
TABLES
  0
TABLE
  2
VPORT
  5
8
330
0
100
AcDbSymbolTable
 70
     1
  0
VPORT
  5
29
330
8
100
AcDbSymbolTableRecord
100
AcDbViewportTableRecord
  2
*Active
 70
     0
 10
0.0
 20
0.0
 11
1.0
 21
1.0
 12
10.42990654205607
 22
4.5
 13
0.0
 23
0.0
 14
0.5
 24
0.5
 15
0.5
 25
0.5
 16
0.0
 26
0.0
 36
1.0
 17
0.0
 27
0.0
 37
0.0
 40
9.0
 41
1.972972972850329
 42
50.0
 43
0.0
 44
0.0
 50
0.0
 51
0.0
 71
     0
 72
   100
 73
     1
 74
     3
 75
     0
 76
     0
 77
     0
 78
     0
281
     0
 65
     1
110
0.0
120
0.0
130
0.0
111
1.0
121
0.0
131
0.0
112
0.0
122
1.0
132
0.0
 79
     0
146
0.0
348
2F
 60
     3
 61
     5
292
     1
282
     1
141
0.0
142
0.0
 63
   250
361
5D
  0
ENDTAB
  0
TABLE
  2
LTYPE
  5
5
330
0
100
AcDbSymbolTable
 70
     1
  0
LTYPE
  5
14
330
5
100
AcDbSymbolTableRecord
100
AcDbLinetypeTableRecord
  2
ByBlock
 70
     0
  3

 72
    65
 73
     0
 40
0.0
  0
LTYPE
  5
15
330
5
100
AcDbSymbolTableRecord
100
AcDbLinetypeTableRecord
  2
ByLayer
 70
     0
  3

 72
    65
 73
     0
 40
0.0
  0
LTYPE
  5
16
330
5
100
AcDbSymbolTableRecord
100
AcDbLinetypeTableRecord
  2
Continuous
 70
     0
  3
Solid line
 72
    65
 73
     0
 40
0.0
  0
ENDTAB
  0
TABLE
  2
LAYER
  5
2
330
0
100
AcDbSymbolTable
 70
    15
  0
LAYER
  5
10
330
2
100
AcDbSymbolTableRecord
100
AcDbLayerTableRecord
  2
0
 70
     0
 62
     7
  6
Continuous
370
    -3
390
F
347
46
  0
LAYER
  5
5F
330
2
100
AcDbSymbolTableRecord
100
AcDbLayerTableRecord
  2
colores$celestedl
 70
     0
 62
   143
420
  6531530
  6
Continuous
370
    -3
390
F
347
46
  0
LAYER
  5
96
330
2
100
AcDbSymbolTableRecord
100
AcDbLayerTableRecord
  2
colores$rojoLiDAR
 70
     0
 62
     1
420
 16711680
  6
Continuous
370
    -3
390
F
347
46
  0
LAYER
  5
C6
330
2
100
AcDbSymbolTableRecord
100
AcDbLayerTableRecord
  2
colores$verdegeo
 70
     0
 62
    93
420
  6928236
  6
Continuous
370
    -3
390
F
347
46
  0
LAYER
  5
CD
330
2
100
AcDbSymbolTableRecord
100
AcDbLayerTableRecord
  2
dos
 70
     0
 62
     7
420
 16777215
  6
Continuous
370
    -3
390
F
347
46
  0
LAYER
  5
110
330
2
100
AcDbSymbolTableRecord
100
AcDbLayerTableRecord
  2
colores$azulDIR
 70
     0
 62
   175
420
  4471458
  6
Continuous
370
    -3
390
F
347
46
  0
LAYER
  5
147
330
2
100
AcDbSymbolTableRecord
100
AcDbLayerTableRecord
  2
colores$moradomp4
 70
     0
 62
   203
420
 11367343
  6
Continuous
370
    -3
390
F
347
46
  0
LAYER
  5
219
330
2
100
AcDbSymbolTableRecord
100
AcDbLayerTableRecord
  2
colores$rojopdf
 70
     0
 62
    13
420
 16734039
  6
Continuous
370
    -3
390
F
347
46
  0
LAYER
  5
262
330
2
100
AcDbSymbolTableRecord
100
AcDbLayerTableRecord
  2
colores$azulifc
 70
     0
 62
   152
420
    26822
  6
Continuous
370
    -3
390
F
347
46
  0
LAYER
  5
34D
330
2
100
AcDbSymbolTableRecord
100
AcDbLayerTableRecord
  2
colores$rojodxf
 70
     0
 62
    13
420
 14375514
  6
Continuous
370
    -3
390
F
347
46
  0
LAYER
  5
38A
330
2
100
AcDbSymbolTableRecord
100
AcDbLayerTableRecord
  2
colores$amarilloIMG
 70
     0
 62
    41
420
 16770436
  6
Continuous
370
    -3
390
F
347
46
  0
LAYER
  5
3C7
330
2
100
AcDbSymbolTableRecord
100
AcDbLayerTableRecord
  2
colores$360
 70
     0
 62
   254
420
 15576776
  6
Continuous
370
    -3
390
F
347
46
  0
LAYER
  5
49F
330
2
100
AcDbSymbolTableRecord
100
AcDbLayerTableRecord
  2
colores$amarilloai
 70
     0
 62
    31
420
 16757063
  6
Continuous
370
    -3
390
F
347
46
  0
LAYER
  5
566
330
2
100
AcDbSymbolTableRecord
100
AcDbLayerTableRecord
  2
Default
 70
     0
 62
    18
420
        0
  6
Continuous
370
    -3
390
F
347
46
  0
LAYER
  5
591
330
2
100
AcDbSymbolTableRecord
100
AcDbLayerTableRecord
  2
Layer 01
 70
     0
 62
     1
420
 16711680
  6
Continuous
370
    -3
390
F
347
46
  0
ENDTAB
  0
TABLE
  2
STYLE
  5
3
330
0
100
AcDbSymbolTable
 70
     1
  0
STYLE
  5
11
330
3
100
AcDbSymbolTableRecord
100
AcDbTextStyleTableRecord
  2
Standard
 70
     0
 40
0.0
 41
1.0
 50
0.0
 71
     0
 42
0.2
  3
txt
  4

  0
ENDTAB
  0
TABLE
  2
VIEW
  5
6
330
0
100
AcDbSymbolTable
 70
     0
  0
ENDTAB
  0
TABLE
  2
UCS
  5
7
330
0
100
AcDbSymbolTable
 70
     0
  0
ENDTAB
  0
TABLE
  2
APPID
  5
9
330
0
100
AcDbSymbolTable
 70
     3
  0
APPID
  5
12
330
9
100
AcDbSymbolTableRecord
100
AcDbRegAppTableRecord
  2
ACAD
 70
     0
  0
APPID
  5
5E
330
9
100
AcDbSymbolTableRecord
100
AcDbRegAppTableRecord
  2
Rhino
 70
     0
  0
APPID
  5
803
330
9
100
AcDbSymbolTableRecord
100
AcDbRegAppTableRecord
  2
ACAD_MLEADERVER
 70
     0
  0
ENDTAB
  0
TABLE
  2
DIMSTYLE
  5
A
330
0
100
AcDbSymbolTable
 70
     1
100
AcDbDimStyleTable
  0
DIMSTYLE
105
27
330
A
100
AcDbSymbolTableRecord
100
AcDbDimStyleTableRecord
  2
STANDARD_ACAD
 70
     0
178
     0
340
11
  0
ENDTAB
  0
TABLE
  2
BLOCK_RECORD
  5
1
330
0
100
AcDbSymbolTable
 70
     1
  0
BLOCK_RECORD
  5
1F
330
1
100
AcDbSymbolTableRecord
100
AcDbBlockTableRecord
  2
*Model_Space
340
22
 70
     0
280
     1
281
     0
  0
BLOCK_RECORD
  5
1B
330
1
100
AcDbSymbolTableRecord
100
AcDbBlockTableRecord
  2
*Paper_Space
340
1E
 70
     0
280
     1
281
     0
  0
BLOCK_RECORD
  5
23
330
1
100
AcDbSymbolTableRecord
100
AcDbBlockTableRecord
  2
*Paper_Space0
340
26
 70
     0
280
     1
281
     0
  0
ENDTAB
  0
ENDSEC
  0
SECTION
  2
BLOCKS
  0
BLOCK
  5
20
330
1F
100
AcDbEntity
  8
0
100
AcDbBlockBegin
  2
*Model_Space
 70
     0
 10
0.0
 20
0.0
 30
0.0
  3
*Model_Space
  1

  0
ENDBLK
  5
21
330
1F
100
AcDbEntity
  8
0
100
AcDbBlockEnd
  0
BLOCK
  5
1C
330
1B
100
AcDbEntity
 67
     1
  8
0
100
AcDbBlockBegin
  2
*Paper_Space
 70
     0
 10
0.0
 20
0.0
 30
0.0
  3
*Paper_Space
  1

  0
ENDBLK
  5
1D
330
1B
100
AcDbEntity
 67
     1
  8
0
100
AcDbBlockEnd
  0
BLOCK
  5
24
330
23
100
AcDbEntity
  8
0
100
AcDbBlockBegin
  2
*Paper_Space0
 70
     0
 10
0.0
 20
0.0
 30
0.0
  3
*Paper_Space0
  1

  0
ENDBLK
  5
25
330
23
100
AcDbEntity
  8
0
100
AcDbBlockEnd
  0
ENDSEC
  0
SECTION
  2
ENTITIES
  0
POLYLINE
  5
60
330
1F
100
AcDbEntity
  8
colores$celestedl
100
AcDb2dPolyline
 66
     1
 10
0.0
 20
0.0
 30
0.0
 70
     1
  0
VERTEX
  5
61
330
60
100
AcDbEntity
  8
colores$celestedl
100
AcDbVertex
100
AcDb2dVertex
 10
184.7538407681118
 20
-14.47036447374947
 30
0.0
  0
VERTEX
  5
62
330
60
100
AcDbEntity
  8
colores$celestedl
100
AcDbVertex
100
AcDb2dVertex
 10
184.5062130993783
 20
-17.48165560996967
 30
0.0
  0
VERTEX
  5
63
330
60
100
AcDbEntity
  8
colores$celestedl
100
AcDbVertex
100
AcDb2dVertex
 10
183.695693315827
 20
-16.6711358264183
 30
0.0
  0
VERTEX
  5
64
330
60
100
AcDbEntity
  8
colores$celestedl
100
AcDbVertex
100
AcDb2dVertex
 10
182.8400880801129
 20
-17.52674106213235
 30
0.0
  0
VERTEX
  5
65
330
60
100
AcDbEntity
  8
colores$celestedl
100
AcDbVertex
100
AcDb2dVertex
 10
181.697464179729
 20
-16.38411716174841
 30
0.0
  0
VERTEX
  5
66
330
60
100
AcDbEntity
  8
colores$celestedl
100
AcDbVertex
100
AcDb2dVertex
 10
182.553069415443
 20
-15.52851192603437
 30
0.0
  0
VERTEX
  5
67
330
60
100
AcDbEntity
  8
colores$celestedl
100
AcDbVertex
100
AcDb2dVertex
 10
181.7425496318916
 20
-14.71799214248301
 30
0.0
  0
SEQEND
  5
68
330
60
100
AcDbEntity
  8
colores$celestedl
  0
SPLINE
  5
69
330
1F
100
AcDbEntity
  8
colores$celestedl
100
AcDbSpline
210
0.0
220
0.0
230
1.0
 70
     8
 71
     3
 72
    86
 73
    82
 74
     0
 42
0.0000000001
 43
0.0000000001
 40
0.0
 40
0.0
 40
0.0
 40
0.0
 40
0.0446752332515003
 40
0.0893504665030007
 40
0.134025699754501
 40
0.1787009330060013
 40
0.2233761662575017
 40
0.268051399509002
 40
0.3127266327605023
 40
0.3574018660120027
 40
0.402077099263503
 40
0.4467523325150033
 40
0.4914275657665037
 40
0.5361027990180041
 40
0.5807780322695044
 40
0.6254532655210047
 40
0.670128498772505
 40
0.7148037320240054
 40
0.7594789652755057
 40
0.8041541985270061
 40
0.8488294317785063
 40
0.8935046650300067
 40
0.938179898281507
 40
0.9828551315330074
 40
1.027530364784508
 40
1.072205598036008
 40
1.116880831287508
 40
1.161556064539009
 40
1.206231297790509
 40
1.250906531042009
 40
1.29558176429351
 40
1.34025699754501
 40
1.38493223079651
 40
1.429607464048011
 40
1.474282697299511
 40
1.518957930551011
 40
1.563633163802512
 40
1.608308397054012
 40
1.652983630305513
 40
1.697658863557013
 40
1.742334096808513
 40
1.787009330060014
 40
1.831684563311514
 40
1.876359796563014
 40
1.921035029814514
 40
1.965710263066015
 40
2.010385496317515
 40
2.055060729569016
 40
2.099735962820516
 40
2.144411196072016
 40
2.189086429323517
 40
2.233761662575017
 40
2.278436895826517
 40
2.323112129078018
 40
2.367787362329518
 40
2.412462595581018
 40
2.457137828832519
 40
2.501813062084019
 40
2.546488295335519
 40
2.591163528587019
 40
2.63583876183852
 40
2.680513995090021
 40
2.725189228341521
 40
2.769864461593021
 40
2.814539694844521
 40
2.859214928096022
 40
2.903890161347522
 40
2.948565394599022
 40
2.993240627850523
 40
3.037915861102023
 40
3.082591094353523
 40
3.127266327605024
 40
3.171941560856524
 40
3.216616794108024
 40
3.261292027359525
 40
3.305967260611025
 40
3.350642493862525
 40
3.395317727114026
 40
3.439992960365526
 40
3.484668193617027
 40
3.529343426868527
 40
3.529343426868527
 40
3.529343426868527
 40
3.529343426868527
 10
180.546835475864
 20
-17.02046441948794
 30
0.0
 10
180.6563374175055
 20
-17.06715292436925
 30
0.0
 10
180.6915570701892
 20
-17.06868421361636
 30
0.0
 10
180.7359644583557
 20
-17.04571487490956
 30
0.0
 10
180.7635276648039
 20
-17.03958971792108
 30
0.0
 10
180.7987473174877
 20
-17.04877745340381
 30
0.0
 10
180.8125289207117
 20
-17.06102776738076
 30
0.0
 10
180.841623416407
 20
-17.06562163512212
 30
0.0
 10
180.8446859949013
 20
-17.04265229641532
 30
0.0
 10
180.8201853669473
 20
-17.00437006523732
 30
0.0
 10
180.7864970035107
 20
-16.98905717276612
 30
0.0
 10
180.7635276648039
 20
-16.97527556954204
 30
0.0
 10
180.7864970035107
 20
-16.96149396631795
 30
0.0
 10
180.8201853669473
 20
-17.00437006523732
 30
0.0
 10
180.8676553336081
 20
-16.99977619749595
 30
0.0
 10
180.9610639776824
 20
-17.01968295770852
 30
0.0
 10
180.994752341119
 20
-17.04877745340381
 30
0.0
 10
181.033034572297
 20
-17.06715292436925
 30
0.0
 10
181.0437535970269
 20
-17.07174679211061
 30
0.0
 10
181.033034572297
 20
-17.13452965124254
 30
0.0
 10
181.0299719938028
 20
-17.16362414693781
 30
0.0
 10
181.0483474647683
 20
-17.19731251037447
 30
0.0
 10
181.0560039110038
 20
-17.23406345230534
 30
0.0
 10
181.0039400766018
 20
-17.2754082619776
 30
0.0
 10
180.9442197959641
 20
-17.30297146842576
 30
0.0
 10
180.9074688540332
 20
-17.35350401358073
 30
0.0
 10
180.8852651921052
 20
-17.4266224492983
 30
0.0
 10
180.9170189061398
 20
-17.46473088160355
 30
0.0
 10
180.9379783583283
 20
-17.4898848482863
 30
0.0
 10
180.9732463096315
 20
-17.53221080528511
 30
0.0
 10
180.9895628882132
 20
-17.55179274236675
 30
0.0
 10
180.9870958948834
 20
-17.60310416086133
 30
0.0
 10
181.0207842583201
 20
-17.65669928451053
 30
0.0
 10
181.0100652335902
 20
-17.7378576146079
 30
0.0
 10
181.007002655096
 20
-17.76542082105606
 30
0.0
 10
180.9702517131651
 20
-17.85423559738903
 30
0.0
 10
180.994752341119
 20
-17.95530068769897
 30
0.0
 10
180.9809707378949
 20
-18.04411546403194
 30
0.0
 10
180.9197191680101
 20
-18.12527379412931
 30
0.0
 10
180.9074688540332
 20
-18.15743086831883
 30
0.0
 10
180.8936872508091
 20
-18.18652536401412
 30
0.0
 10
180.9610639776824
 20
-18.1620247360602
 30
0.0
 10
180.9840333163892
 20
-18.15589957907172
 30
0.0
 10
181.0345658615442
 20
-18.09617929843403
 30
0.0
 10
181.045284886274
 20
-18.06861609198587
 30
0.0
 10
181.1386935303483
 20
-17.97673873715865
 30
0.0
 10
181.1708506045379
 20
-17.93998779522777
 30
0.0
 10
181.2076015464688
 20
-17.92008103501521
 30
0.0
 10
181.2428211991525
 20
-17.90476814254401
 30
0.0
 10
181.2504776453881
 20
-17.88792396082568
 30
0.0
 10
181.3010101905431
 20
-17.85882946513039
 30
0.0
 10
181.3745120744049
 20
-17.81595336621103
 30
0.0
 10
181.4173881733242
 20
-17.80982820922255
 30
0.0
 10
181.4418888012781
 20
-17.78839015976286
 30
0.0
 10
181.4709832969734
 20
-17.76235824256182
 30
0.0
 10
181.4709832969734
 20
-17.70608240142597
 30
0.0
 10
181.4709832969734
 20
-17.63679252429797
 30
0.0
 10
181.5307035776111
 20
-17.59085384688436
 30
0.0
 10
181.5199845528813
 20
-17.55257161570635
 30
0.0
 10
181.4709832969734
 20
-17.51888325226971
 30
0.0
 10
181.4709832969734
 20
-17.46375683937338
 30
0.0
 10
181.3944188346174
 20
-17.39178624475873
 30
0.0
 10
181.3607304711808
 20
-17.38872366626449
 30
0.0
 10
181.3010101905431
 20
-17.34891014583936
 30
0.0
 10
181.2581340916237
 20
-17.32900338562681
 30
0.0
 10
181.2076015464688
 20
-17.32594080713256
 30
0.0
 10
181.1616628690551
 20
-17.2754082619776
 30
0.0
 10
181.160131579808
 20
-17.22793829531687
 30
0.0
 10
181.1524751335724
 20
-17.19578122112734
 30
0.0
 10
181.1417561088426
 20
-17.14371738672526
 30
0.0
 10
181.1124589039264
 20
-17.09624742006454
 30
0.0
 10
181.083567117452
 20
-16.97680685878915
 30
0.0
 10
181.0437535970269
 20
-16.96149396631795
 30
0.0
 10
181.0085339443431
 20
-16.95230623083524
 30
0.0
 10
181.0177216798258
 20
-16.91861786739859
 30
0.0
 10
181.0253781260614
 20
-16.88492950396193
 30
0.0
 10
181.0560039110038
 20
-16.87267918998499
 30
0.0
 10
181.083567117452
 20
-16.8818669254677
 30
0.0
 10
181.095817431429
 20
-16.87727305772633
 30
0.0
 10
181.0752213419008
 20
-16.8494024078773
 30
0.0
 10
181.0649086887259
 20
-16.84596485681897
 30
0.0
 10
181.0560039110038
 20
-16.81905663330881
 30
0.0
  0
SPLINE
  5
6A
330
1F
100
AcDbEntity
  8
colores$celestedl
100
AcDbSpline
210
0.0
220
0.0
230
1.0
 70
     8
 71
     3
 72
    16
 73
    12
 74
     0
 42
0.0000000001
 43
0.0000000001
 40
0.0
 40
0.0
 40
0.0
 40
0.0
 40
0.0309482740069339
 40
0.0618965480138677
 40
0.0928448220208016
 40
0.1237930960277355
 40
0.1547413700346693
 40
0.1856896440416032
 40
0.216637918048537
 40
0.2475861920554709
 40
0.2785344660624048
 40
0.2785344660624048
 40
0.2785344660624048
 40
0.2785344660624048
 10
181.7820204550187
 20
-17.30043913774613
 30
0.0
 10
181.7713896836498
 20
-17.32884057069702
 30
0.0
 10
181.7644521797415
 20
-17.34271557851357
 30
0.0
 10
181.7630646789599
 20
-17.36491559102003
 30
0.0
 10
181.7637584293507
 20
-17.3843406019632
 30
0.0
 10
181.7575146758332
 20
-17.41555936955042
 30
0.0
 10
181.7498834215342
 20
-17.44747188752847
 30
0.0
 10
181.7679209316956
 20
-17.49048441175976
 30
0.0
 10
181.7720834340406
 20
-17.49811566605886
 30
0.0
 10
181.7887334434205
 20
-17.50852192192126
 30
0.0
 10
181.8116272063178
 20
-17.50782817153044
 30
0.0
 10
181.833458796605
 20
-17.52613752631857
 30
0.0
  0
CIRCLE
  5
6B
330
1F
100
AcDbEntity
  8
colores$celestedl
100
AcDbCircle
 10
181.0776396766974
 20
-17.57968354119721
 30
0.0
 40
0.9632468658162967
  0
SPLINE
  5
6C
330
1F
100
AcDbEntity
  8
colores$celestedl
100
AcDbSpline
210
0.0
220
0.0
230
1.0
 70
    11
 71
     3
 72
    19
 73
    15
 74
     0
 42
0.0000000001
 43
0.0000000001
 40
0.0
 40
0.0
 40
0.0
 40
0.0
 40
0.0265117726703469
 40
0.0530235453406938
 40
0.0795353180110407
 40
0.1060470906813876
 40
0.1325588633517344
 40
0.1590706360220814
 40
0.1855824086924283
 40
0.2120941813627751
 40
0.238605954033122
 40
0.2651177267034689
 40
0.2916294993738158
 40
0.3181412720441627
 40
0.3181412720441627
 40
0.3181412720441627
 40
0.3181412720441627
 10
181.163116346867
 20
-16.85707884085645
 30
0.0
 10
181.1575492141011
 20
-16.86136125067636
 30
0.0
 10
181.1461294545813
 20
-16.87049705829219
 30
0.0
 10
181.1538377922571
 20
-16.89105262542781
 30
0.0
 10
181.159833166005
 20
-16.89019614346383
 30
0.0
 10
181.1692544676089
 20
-16.88591373364391
 30
0.0
 10
181.1880970708165
 20
-16.87392298614812
 30
0.0
 10
181.2000878183123
 20
-16.87306650418414
 30
0.0
 10
181.2377730247276
 20
-16.86707113043625
 30
0.0
 10
181.2549026640073
 20
-16.86878409436422
 30
0.0
 10
181.2549026640073
 20
-16.86535816650829
 30
0.0
 10
181.2601344839752
 20
-16.84427524436889
 30
0.0
 10
181.1795322511767
 20
-16.84480259937266
 30
0.0
 10
181.1686834796329
 20
-16.85279643103652
 30
0.0
 10
181.163116346867
 20
-16.85707884085644
 30
0.0
  0
CIRCLE
  5
6D
330
1F
100
AcDbEntity
  8
colores$celestedl
100
AcDbCircle
 10
181.0776396766974
 20
-17.57968354119721
 30
0.0
 40
0.7577134799693681
  0
ARC
  5
6E
330
1F
100
AcDbEntity
  8
colores$celestedl
100
AcDbCircle
 10
179.1688185470319
 20
-14.73611228588759
 30
0.0
 40
0.4772615134628646
100
AcDbArc
 50
90.0
 51
180.0000000000004
  0
POLYLINE
  5
6F
330
1F
100
AcDbEntity
  8
colores$celestedl
100
AcDb2dPolyline
 66
     1
 10
0.0
 20
0.0
 30
0.0
  0
VERTEX
  5
70
330
6F
100
AcDbEntity
  8
colores$celestedl
100
AcDbVertex
100
AcDb2dVertex
 10
178.691557033569
 20
-14.73611228588759
 30
0.0
  0
VERTEX
  5
71
330
6F
100
AcDbEntity
  8
colores$celestedl
100
AcDbVertex
100
AcDb2dVertex
 10
178.691557033569
 20
-20.07819623388418
 30
0.0
  0
SEQEND
  5
72
330
6F
100
AcDbEntity
  8
colores$celestedl
  0
ARC
  5
73
330
1F
100
AcDbEntity
  8
colores$celestedl
100
AcDbCircle
 10
179.1688185470319
 20
-20.07819623388418
 30
0.0
 40
0.4772615134628646
100
AcDbArc
 50
180.0
 51
270.0
  0
POLYLINE
  5
74
330
1F
100
AcDbEntity
  8
colores$celestedl
100
AcDb2dPolyline
 66
     1
 10
0.0
 20
0.0
 30
0.0
  0
VERTEX
  5
75
330
74
100
AcDbEntity
  8
colores$celestedl
100
AcDbVertex
100
AcDb2dVertex
 10
179.1688185470319
 20
-20.55545774734704
 30
0.0
  0
VERTEX
  5
76
330
74
100
AcDbEntity
  8
colores$celestedl
100
AcDbVertex
100
AcDb2dVertex
 10
182.9864608063631
 20
-20.55545774734704
 30
0.0
  0
SEQEND
  5
77
330
74
100
AcDbEntity
  8
colores$celestedl
  0
ARC
  5
78
330
1F
100
AcDbEntity
  8
colores$celestedl
100
AcDbCircle
 10
182.9864608063631
 20
-20.07819623388418
 30
0.0
 40
0.4772615134628646
100
AcDbArc
 50
270.0
 51
0.0
  0
POLYLINE
  5
79
330
1F
100
AcDbEntity
  8
colores$celestedl
100
AcDb2dPolyline
 66
     1
 10
0.0
 20
0.0
 30
0.0
  0
VERTEX
  5
7A
330
79
100
AcDbEntity
  8
colores$celestedl
100
AcDbVertex
100
AcDb2dVertex
 10
183.4637223198259
 20
-20.07819623388418
 30
0.0
  0
VERTEX
  5
7B
330
79
100
AcDbEntity
  8
colores$celestedl
100
AcDbVertex
100
AcDb2dVertex
 10
183.4637223198259
 20
-16.03515674008703
 30
0.0
  0
VERTEX
  5
7C
330
79
100
AcDbEntity
  8
colores$celestedl
100
AcDbVertex
100
AcDb2dVertex
 10
183.258188933979
 20
-16.03515674008703
 30
0.0
  0
VERTEX
  5
7D
330
79
100
AcDbEntity
  8
colores$celestedl
100
AcDbVertex
100
AcDb2dVertex
 10
183.258188933979
 20
-20.07819623388418
 30
0.0
  0
SEQEND
  5
7E
330
79
100
AcDbEntity
  8
colores$celestedl
  0
ARC
  5
7F
330
1F
100
AcDbEntity
  8
colores$celestedl
100
AcDbCircle
 10
-182.9864608063631
 20
-20.07819623388418
 30
0.0
 40
0.2717281276159333
210
0.0
220
0.0
230
-1.0
100
AcDbArc
 50
180.0
 51
270.0
  0
LINE
  5
80
330
1F
100
AcDbEntity
  8
colores$celestedl
100
AcDbLine
 10
182.9864608063631
 20
-20.34992436150012
 30
0.0
 11
179.1688185470319
 21
-20.34992436150012
 31
0.0
  0
ARC
  5
81
330
1F
100
AcDbEntity
  8
colores$celestedl
100
AcDbCircle
 10
-179.1688185470319
 20
-20.07819623388418
 30
0.0
 40
0.271728127615944
210
0.0
220
0.0
230
-1.0
100
AcDbArc
 50
270.000000000006
 51
359.9999999999978
  0
LINE
  5
82
330
1F
100
AcDbEntity
  8
colores$celestedl
100
AcDbLine
 10
178.8970904194159
 20
-20.07819623388418
 30
0.0
 11
178.8970904194159
 21
-14.73611228588759
 31
0.0
  0
ARC
  5
83
330
1F
100
AcDbEntity
  8
colores$celestedl
100
AcDbCircle
 10
-179.1688185470318
 20
-14.73611228588759
 30
0.0
 40
0.2717281276159298
210
0.0
220
0.0
230
-1.0
100
AcDbArc
 50
359.9999999999985
 51
90.0
  0
POLYLINE
  5
84
330
1F
100
AcDbEntity
  8
colores$celestedl
100
AcDb2dPolyline
 66
     1
 10
0.0
 20
0.0
 30
0.0
  0
VERTEX
  5
85
330
84
100
AcDbEntity
  8
colores$celestedl
100
AcDbVertex
100
AcDb2dVertex
 10
179.1688185470319
 20
-14.46438415827166
 30
0.0
  0
VERTEX
  5
86
330
84
100
AcDbEntity
  8
colores$celestedl
100
AcDbVertex
100
AcDb2dVertex
 10
181.6741603374795
 20
-14.46438415827166
 30
0.0
  0
VERTEX
  5
87
330
84
100
AcDbEntity
  8
colores$celestedl
100
AcDbVertex
100
AcDb2dVertex
 10
181.6741603374795
 20
-14.25885077242473
 30
0.0
  0
VERTEX
  5
88
330
84
100
AcDbEntity
  8
colores$celestedl
100
AcDbVertex
100
AcDb2dVertex
 10
179.1688185470319
 20
-14.25885077242473
 30
0.0
  0
SEQEND
  5
89
330
84
100
AcDbEntity
  8
colores$celestedl
  0
POLYLINE
  5
8A
330
1F
100
AcDbEntity
  8
colores$celestedl
100
AcDb2dPolyline
 66
     1
 10
0.0
 20
0.0
 30
0.0
 70
     1
  0
VERTEX
  5
8B
330
8A
100
AcDbEntity
  8
colores$celestedl
100
AcDbVertex
100
AcDb2dVertex
 10
177.5092636343912
 20
-20.8098517157109
 30
0.0
  0
VERTEX
  5
8C
330
8A
100
AcDbEntity
  8
colores$celestedl
100
AcDbVertex
100
AcDb2dVertex
 10
181.5187989400597
 20
-20.8098517157109
 30
0.0
  0
VERTEX
  5
8D
330
8A
100
AcDbEntity
  8
colores$celestedl
100
AcDbVertex
100
AcDb2dVertex
 10
181.5187989400597
 20
-19.12421034230739
 30
0.0
  0
VERTEX
  5
8E
330
8A
100
AcDbEntity
  8
colores$celestedl
100
AcDbVertex
100
AcDb2dVertex
 10
177.5092636343912
 20
-19.12421034230739
 30
0.0
  0
SEQEND
  5
8F
330
8A
100
AcDbEntity
  8
colores$celestedl
  0
POLYLINE
  5
90
330
1F
100
AcDbEntity
  8
colores$celestedl
100
AcDb2dPolyline
 66
     1
 10
0.0
 20
0.0
 30
0.0
 70
     1
  0
VERTEX
  5
91
330
90
100
AcDbEntity
  8
colores$celestedl
100
AcDbVertex
100
AcDb2dVertex
 10
179.8983647291122
 20
-44.44943362056704
 30
0.0
  0
VERTEX
  5
92
330
90
100
AcDbEntity
  8
colores$celestedl
100
AcDbVertex
100
AcDb2dVertex
 10
182.2569146242827
 20
-44.44943362056704
 30
0.0
  0
VERTEX
  5
93
330
90
100
AcDbEntity
  8
colores$celestedl
100
AcDbVertex
100
AcDb2dVertex
 10
182.2569146242827
 20
-42.71463683998198
 30
0.0
  0
VERTEX
  5
94
330
90
100
AcDbEntity
  8
colores$celestedl
100
AcDbVertex
100
AcDb2dVertex
 10
179.8983647291122
 20
-42.71463683998198
 30
0.0
  0
SEQEND
  5
95
330
90
100
AcDbEntity
  8
colores$celestedl
  0
CIRCLE
  5
97
330
1F
100
AcDbEntity
  8
colores$rojoLiDAR
100
AcDbCircle
 10
231.2245289487936
 20
-17.17035799067641
 30
0.0
 40
0.1152306855109522
  0
CIRCLE
  5
98
330
1F
100
AcDbEntity
  8
colores$rojoLiDAR
100
AcDbCircle
 10
231.7232656954728
 20
-18.085931129504
 30
0.0
 40
0.1152306855109522
  0
CIRCLE
  5
99
330
1F
100
AcDbEntity
  8
colores$rojoLiDAR
100
AcDbCircle
 10
231.7483173041571
 20
-17.82497687237518
 30
0.0
 40
0.1152306855109522
  0
CIRCLE
  5
9A
330
1F
100
AcDbEntity
  8
colores$rojoLiDAR
100
AcDbCircle
 10
231.3992091253876
 20
-17.55527124437309
 30
0.0
 40
0.1152306855109522
  0
CIRCLE
  5
9B
330
1F
100
AcDbEntity
  8
colores$rojoLiDAR
100
AcDbCircle
 10
231.8130339599251
 20
-17.2320888001785
 30
0.0
 40
0.1152306855109522
  0
CIRCLE
  5
9C
330
1F
100
AcDbEntity
  8
colores$rojoLiDAR
100
AcDbCircle
 10
232.2478428250956
 20
-17.17035799067643
 30
0.0
 40
0.1152306855109522
  0
CIRCLE
  5
9D
330
1F
100
AcDbEntity
  8
colores$rojoLiDAR
100
AcDbCircle
 10
232.4861926800747
 20
-17.64705770063469
 30
0.0
 40
0.1152306855109522
  0
CIRCLE
  5
9E
330
1F
100
AcDbEntity
  8
colores$rojoLiDAR
100
AcDbCircle
 10
232.218034966989
 20
-17.93770911145483
 30
0.0
 40
0.1152306855109522
  0
CIRCLE
  5
9F
330
1F
100
AcDbEntity
  8
colores$rojoLiDAR
100
AcDbCircle
 10
232.0920046434834
 20
-17.55527124437309
 30
0.0
 40
0.1152306855109522
  0
CIRCLE
  5
A0
330
1F
100
AcDbEntity
  8
colores$rojoLiDAR
100
AcDbCircle
 10
232.0431800498351
 20
-18.39833464223878
 30
0.0
 40
0.1152306855109522
  0
CIRCLE
  5
A1
330
1F
100
AcDbEntity
  8
colores$rojoLiDAR
100
AcDbCircle
 10
231.2245289487936
 20
-17.98900909171799
 30
0.0
 40
0.1152306855109522
  0
CIRCLE
  5
A2
330
1F
100
AcDbEntity
  8
colores$rojoLiDAR
100
AcDbCircle
 10
232.0431800498351
 20
-16.76103244015562
 30
0.0
 40
0.1152306855109522
  0
CIRCLE
  5
A3
330
1F
100
AcDbEntity
  8
colores$rojoLiDAR
100
AcDbCircle
 10
232.8618311508768
 20
-17.17035799067643
 30
0.0
 40
0.1152306855109522
  0
CIRCLE
  5
A4
330
1F
100
AcDbEntity
  8
colores$rojoLiDAR
100
AcDbCircle
 10
232.8618311508768
 20
-17.98900909171801
 30
0.0
 40
0.1152306855109522
  0
CIRCLE
  5
A5
330
1F
100
AcDbEntity
  8
colores$rojoLiDAR
100
AcDbCircle
 10
232.0431800498351
 20
-17.57968354119721
 30
0.0
 40
0.1152306855109522
  0
CIRCLE
  5
A6
330
1F
100
AcDbEntity
  8
colores$rojoLiDAR
100
AcDbCircle
 10
231.3992091253876
 20
-17.27831627697233
 30
0.0
 40
0.1152306855109522
  0
CIRCLE
  5
A7
330
1F
100
AcDbEntity
  8
colores$rojoLiDAR
100
AcDbCircle
 10
231.3992091253876
 20
-17.88105080542207
 30
0.0
 40
0.1152306855109522
  0
CIRCLE
  5
A8
330
1F
100
AcDbEntity
  8
colores$rojoLiDAR
100
AcDbCircle
 10
232.0431800498351
 20
-18.20303626764587
 30
0.0
 40
0.1152306855109522
  0
CIRCLE
  5
A9
330
1F
100
AcDbEntity
  8
colores$rojoLiDAR
100
AcDbCircle
 10
232.6871509742828
 20
-17.88105080542208
 30
0.0
 40
0.1152306855109522
  0
CIRCLE
  5
AA
330
1F
100
AcDbEntity
  8
colores$rojoLiDAR
100
AcDbCircle
 10
232.6871509742828
 20
-17.27831627697234
 30
0.0
 40
0.1152306855109522
  0
CIRCLE
  5
AB
330
1F
100
AcDbEntity
  8
colores$rojoLiDAR
100
AcDbCircle
 10
232.0431800498351
 20
-16.95633081474853
 30
0.0
 40
0.1152306855109522
  0
POLYLINE
  5
AC
330
1F
100
AcDbEntity
  8
colores$celestedl
100
AcDb2dPolyline
 66
     1
 10
0.0
 20
0.0
 30
0.0
 70
     1
  0
VERTEX
  5
AD
330
AC
100
AcDbEntity
  8
colores$celestedl
100
AcDbVertex
100
AcDb2dVertex
 10
215.0546665921226
 20
-18.25886618845202
 30
0.0
  0
VERTEX
  5
AE
330
AC
100
AcDbEntity
  8
colores$celestedl
100
AcDbVertex
100
AcDb2dVertex
 10
215.7642610991379
 20
-18.25886618845202
 30
0.0
  0
VERTEX
  5
AF
330
AC
100
AcDbEntity
  8
colores$celestedl
100
AcDbVertex
100
AcDb2dVertex
 10
215.7642610991379
 20
-18.4667830522304
 30
0.0
  0
VERTEX
  5
B0
330
AC
100
AcDbEntity
  8
colores$celestedl
100
AcDbVertex
100
AcDb2dVertex
 10
215.0546665921226
 20
-18.4667830522304
 30
0.0
  0
SEQEND
  5
B1
330
AC
100
AcDbEntity
  8
colores$celestedl
  0
POLYLINE
  5
B2
330
1F
100
AcDbEntity
  8
colores$celestedl
100
AcDb2dPolyline
 66
     1
 10
0.0
 20
0.0
 30
0.0
 70
     1
  0
VERTEX
  5
B3
330
B2
100
AcDbEntity
  8
colores$celestedl
100
AcDbVertex
100
AcDb2dVertex
 10
215.0546665921226
 20
-18.25886618845202
 30
0.0
  0
VERTEX
  5
B4
330
B2
100
AcDbEntity
  8
colores$celestedl
100
AcDbVertex
100
AcDb2dVertex
 10
214.3450720851073
 20
-18.25886618845202
 30
0.0
  0
VERTEX
  5
B5
330
B2
100
AcDbEntity
  8
colores$celestedl
100
AcDbVertex
100
AcDb2dVertex
 10
214.3450720851073
 20
-18.4667830522304
 30
0.0
  0
VERTEX
  5
B6
330
B2
100
AcDbEntity
  8
colores$celestedl
100
AcDbVertex
100
AcDb2dVertex
 10
215.0546665921226
 20
-18.4667830522304
 30
0.0
  0
SEQEND
  5
B7
330
B2
100
AcDbEntity
  8
colores$celestedl
  0
POLYLINE
  5
B8
330
1F
100
AcDbEntity
  8
colores$celestedl
100
AcDb2dPolyline
 66
     1
 10
0.0
 20
0.0
 30
0.0
 70
     1
  0
VERTEX
  5
B9
330
B8
100
AcDbEntity
  8
colores$celestedl
100
AcDbVertex
100
AcDb2dVertex
 10
215.3271558241961
 20
-16.61643667538091
 30
0.0
  0
VERTEX
  5
BA
330
B8
100
AcDbEntity
  8
colores$celestedl
100
AcDbVertex
100
AcDb2dVertex
 10
215.3271558241961
 20
-17.57968354119721
 30
0.0
  0
VERTEX
  5
BB
330
B8
100
AcDbEntity
  8
colores$celestedl
100
AcDbVertex
100
AcDb2dVertex
 10
215.7216640473796
 20
-17.5796835411972
 30
0.0
  0
VERTEX
  5
BC
330
B8
100
AcDbEntity
  8
colores$celestedl
100
AcDbVertex
100
AcDb2dVertex
 10
215.0546665921226
 20
-18.15184901104279
 30
0.0
  0
VERTEX
  5
BD
330
B8
100
AcDbEntity
  8
colores$celestedl
100
AcDbVertex
100
AcDb2dVertex
 10
215.0546665921226
 20
-16.61643667538091
 30
0.0
  0
SEQEND
  5
BE
330
B8
100
AcDbEntity
  8
colores$celestedl
  0
POLYLINE
  5
BF
330
1F
100
AcDbEntity
  8
colores$celestedl
100
AcDb2dPolyline
 66
     1
 10
0.0
 20
0.0
 30
0.0
 70
     1
  0
VERTEX
  5
C0
330
BF
100
AcDbEntity
  8
colores$celestedl
100
AcDbVertex
100
AcDb2dVertex
 10
214.7821773600491
 20
-16.61643667538091
 30
0.0
  0
VERTEX
  5
C1
330
BF
100
AcDbEntity
  8
colores$celestedl
100
AcDbVertex
100
AcDb2dVertex
 10
214.7821773600491
 20
-17.57968354119721
 30
0.0
  0
VERTEX
  5
C2
330
BF
100
AcDbEntity
  8
colores$celestedl
100
AcDbVertex
100
AcDb2dVertex
 10
214.3876691368656
 20
-17.5796835411972
 30
0.0
  0
VERTEX
  5
C3
330
BF
100
AcDbEntity
  8
colores$celestedl
100
AcDbVertex
100
AcDb2dVertex
 10
215.0546665921226
 20
-18.15184901104279
 30
0.0
  0
VERTEX
  5
C4
330
BF
100
AcDbEntity
  8
colores$celestedl
100
AcDbVertex
100
AcDb2dVertex
 10
215.0546665921226
 20
-16.61643667538091
 30
0.0
  0
SEQEND
  5
C5
330
BF
100
AcDbEntity
  8
colores$celestedl
  0
SPLINE
  5
C7
330
1F
100
AcDbEntity
  8
colores$verdegeo
100
AcDbSpline
210
0.0
220
0.0
230
1.0
 70
     8
 71
     2
 72
     6
 73
     3
 74
     0
 42
0.0000000001
 43
0.0000000001
 40
-1.391498680572906
 40
-1.391498680572906
 40
-1.391498680572906
 40
0.0
 40
0.0
 40
0.0
 10
231.5540432938926
 20
-43.84450042056064
 30
0.0
 10
231.8588464640622
 20
-44.12498088561303
 30
0.0
 10
231.9795491037115
 20
-44.49224175028788
 30
0.0
  0
ARC
  5
C8
330
1F
100
AcDbEntity
  8
colores$verdegeo
100
AcDbCircle
 10
232.0431800498351
 20
-44.47129645264804
 30
0.0
 40
0.0669895723064744
100
AcDbArc
 50
198.2199120969778
 51
341.7800879030165
  0
SPLINE
  5
C9
330
1F
100
AcDbEntity
  8
colores$verdegeo
100
AcDbSpline
210
0.0
220
0.0
230
1.0
 70
     8
 71
     2
 72
     6
 73
     3
 74
     0
 42
0.0000000001
 43
0.0000000001
 40
0.0
 40
0.0
 40
0.0
 40
1.391498680572906
 40
1.391498680572906
 40
1.391498680572906
 10
232.1068109959587
 20
-44.49224175028788
 30
0.0
 10
232.2275136356081
 20
-44.12498088561303
 30
0.0
 10
232.5323168057776
 20
-43.84450042056064
 30
0.0
  0
ARC
  5
CA
330
1F
100
AcDbEntity
  8
colores$verdegeo
100
AcDbCircle
 10
232.0431800498351
 20
-43.32745129294269
 30
0.0
 40
0.711754568924166
100
AcDbArc
 50
313.410978457031
 51
226.5890215429685
  0
ARC
  5
CB
330
1F
100
AcDbEntity
  8
colores$verdegeo
100
AcDbCircle
 10
232.0431800498351
 20
-43.32745129294269
 30
0.0
 40
0.711754568924166
100
AcDbArc
 50
312.2751818893075
 51
313.410978457031
  0
CIRCLE
  5
CC
330
1F
100
AcDbEntity
  8
colores$verdegeo
100
AcDbCircle
 10
232.0431800498351
 20
-43.32745129294269
 30
0.0
 40
0.5062211830772358
  0
POLYLINE
  5
CE
330
1F
100
AcDbEntity
  8
dos
100
AcDb2dPolyline
 66
     1
 10
0.0
 20
0.0
 30
0.0
 70
     1
  0
VERTEX
  5
CF
330
CE
100
AcDbEntity
  8
dos
100
AcDbVertex
100
AcDb2dVertex
 10
224.0312646201036
 20
-47.91658901281981
 30
0.0
  0
VERTEX
  5
D0
330
CE
100
AcDbEntity
  8
dos
100
AcDbVertex
100
AcDb2dVertex
 10
240.0312646201036
 20
-47.91658901281981
 30
0.0
  0
VERTEX
  5
D1
330
CE
100
AcDbEntity
  8
dos
100
AcDbVertex
100
AcDb2dVertex
 10
240.0312646201036
 20
-38.91658901281981
 30
0.0
  0
VERTEX
  5
D2
330
CE
100
AcDbEntity
  8
dos
100
AcDbVertex
100
AcDb2dVertex
 10
224.0312646201036
 20
-38.91658901281981
 30
0.0
  0
SEQEND
  5
D3
330
CE
100
AcDbEntity
  8
dos
  0
ARC
  5
D4
330
1F
100
AcDbEntity
  8
colores$verdegeo
100
AcDbCircle
 10
230.1343589201696
 20
-40.73846397496489
 30
0.0
 40
0.4772615134628646
100
AcDbArc
 50
90.0
 51
180.0000000000009
  0
POLYLINE
  5
D5
330
1F
100
AcDbEntity
  8
colores$verdegeo
100
AcDb2dPolyline
 66
     1
 10
0.0
 20
0.0
 30
0.0
  0
VERTEX
  5
D6
330
D5
100
AcDbEntity
  8
colores$verdegeo
100
AcDbVertex
100
AcDb2dVertex
 10
229.6570974067067
 20
-40.73846397496489
 30
0.0
  0
VERTEX
  5
D7
330
D5
100
AcDbEntity
  8
colores$verdegeo
100
AcDbVertex
100
AcDb2dVertex
 10
229.6570974067067
 20
-46.08054792296148
 30
0.0
  0
SEQEND
  5
D8
330
D5
100
AcDbEntity
  8
colores$verdegeo
  0
ARC
  5
D9
330
1F
100
AcDbEntity
  8
colores$verdegeo
100
AcDbCircle
 10
230.1343589201696
 20
-46.08054792296148
 30
0.0
 40
0.4772615134628646
100
AcDbArc
 50
180.0
 51
270.0
  0
POLYLINE
  5
DA
330
1F
100
AcDbEntity
  8
colores$verdegeo
100
AcDb2dPolyline
 66
     1
 10
0.0
 20
0.0
 30
0.0
  0
VERTEX
  5
DB
330
DA
100
AcDbEntity
  8
colores$verdegeo
100
AcDbVertex
100
AcDb2dVertex
 10
230.1343589201696
 20
-46.55780943642434
 30
0.0
  0
VERTEX
  5
DC
330
DA
100
AcDbEntity
  8
colores$verdegeo
100
AcDbVertex
100
AcDb2dVertex
 10
233.9520011795008
 20
-46.55780943642434
 30
0.0
  0
SEQEND
  5
DD
330
DA
100
AcDbEntity
  8
colores$verdegeo
  0
ARC
  5
DE
330
1F
100
AcDbEntity
  8
colores$verdegeo
100
AcDbCircle
 10
233.9520011795008
 20
-46.08054792296148
 30
0.0
 40
0.4772615134628646
100
AcDbArc
 50
270.0
 51
0.0
  0
POLYLINE
  5
DF
330
1F
100
AcDbEntity
  8
colores$verdegeo
100
AcDb2dPolyline
 66
     1
 10
0.0
 20
0.0
 30
0.0
  0
VERTEX
  5
E0
330
DF
100
AcDbEntity
  8
colores$verdegeo
100
AcDbVertex
100
AcDb2dVertex
 10
234.4292626929636
 20
-46.08054792296148
 30
0.0
  0
VERTEX
  5
E1
330
DF
100
AcDbEntity
  8
colores$verdegeo
100
AcDbVertex
100
AcDb2dVertex
 10
234.4292626929636
 20
-42.03750842916433
 30
0.0
  0
VERTEX
  5
E2
330
DF
100
AcDbEntity
  8
colores$verdegeo
100
AcDbVertex
100
AcDb2dVertex
 10
234.2237293071167
 20
-42.03750842916433
 30
0.0
  0
VERTEX
  5
E3
330
DF
100
AcDbEntity
  8
colores$verdegeo
100
AcDbVertex
100
AcDb2dVertex
 10
234.2237293071167
 20
-46.08054792296148
 30
0.0
  0
SEQEND
  5
E4
330
DF
100
AcDbEntity
  8
colores$verdegeo
  0
ARC
  5
E5
330
1F
100
AcDbEntity
  8
colores$verdegeo
100
AcDbCircle
 10
-233.9520011795008
 20
-46.08054792296148
 30
0.0
 40
0.2717281276159333
210
0.0
220
0.0
230
-1.0
100
AcDbArc
 50
180.0
 51
270.0
  0
LINE
  5
E6
330
1F
100
AcDbEntity
  8
colores$verdegeo
100
AcDbLine
 10
233.9520011795008
 20
-46.35227605057741
 30
0.0
 11
230.1343589201696
 21
-46.35227605057741
 31
0.0
  0
ARC
  5
E7
330
1F
100
AcDbEntity
  8
colores$verdegeo
100
AcDbCircle
 10
-230.1343589201696
 20
-46.08054792296146
 30
0.0
 40
0.271728127615944
210
0.0
220
0.0
230
-1.0
100
AcDbArc
 50
270.000000000006
 51
359.9999999999985
  0
LINE
  5
E8
330
1F
100
AcDbEntity
  8
colores$verdegeo
100
AcDbLine
 10
229.8626307925536
 20
-46.08054792296148
 30
0.0
 11
229.8626307925536
 21
-40.73846397496489
 31
0.0
  0
ARC
  5
E9
330
1F
100
AcDbEntity
  8
colores$verdegeo
100
AcDbCircle
 10
-230.1343589201695
 20
-40.73846397496488
 30
0.0
 40
0.2717281276159298
210
0.0
220
0.0
230
-1.0
100
AcDbArc
 50
359.9999999999985
 51
90.0
  0
POLYLINE
  5
EA
330
1F
100
AcDbEntity
  8
colores$verdegeo
100
AcDb2dPolyline
 66
     1
 10
0.0
 20
0.0
 30
0.0
  0
VERTEX
  5
EB
330
EA
100
AcDbEntity
  8
colores$verdegeo
100
AcDbVertex
100
AcDb2dVertex
 10
230.1343589201696
 20
-40.46673584734895
 30
0.0
  0
VERTEX
  5
EC
330
EA
100
AcDbEntity
  8
colores$verdegeo
100
AcDbVertex
100
AcDb2dVertex
 10
232.6397007106173
 20
-40.46673584734895
 30
0.0
  0
VERTEX
  5
ED
330
EA
100
AcDbEntity
  8
colores$verdegeo
100
AcDbVertex
100
AcDb2dVertex
 10
232.6397007106173
 20
-40.26120246150203
 30
0.0
  0
VERTEX
  5
EE
330
EA
100
AcDbEntity
  8
colores$verdegeo
100
AcDbVertex
100
AcDb2dVertex
 10
230.1343589201696
 20
-40.26120246150203
 30
0.0
  0
SEQEND
  5
EF
330
EA
100
AcDbEntity
  8
colores$verdegeo
  0
SPLINE
  5
F0
330
1F
100
AcDbEntity
  8
colores$verdegeo
100
AcDbSpline
210
0.0
220
0.0
230
1.0
 70
    12
 71
     2
 72
     6
 73
     3
 74
     0
 42
0.0000000001
 43
0.0000000001
 40
-1.947038791872817
 40
-1.947038791872817
 40
-1.947038791872817
 40
-1.197358159604777
 40
-1.197358159604777
 40
-1.197358159604777
 10
233.1169622240801
 20
-42.03750842916433
 30
0.0
 41
1.0
 10
232.6397007106173
 20
-42.03750842916431
 30
0.0
 41
0.7071067811865476
 10
232.6397007106173
 20
-41.56024691570146
 30
0.0
 41
1.0
  0
POLYLINE
  5
F1
330
1F
100
AcDbEntity
  8
colores$verdegeo
100
AcDb2dPolyline
 66
     1
 10
0.0
 20
0.0
 30
0.0
  0
VERTEX
  5
F2
330
F1
100
AcDbEntity
  8
colores$verdegeo
100
AcDbVertex
100
AcDb2dVertex
 10
232.6397007106173
 20
-41.56024691570146
 30
0.0
  0
VERTEX
  5
F3
330
F1
100
AcDbEntity
  8
colores$verdegeo
100
AcDbVertex
100
AcDb2dVertex
 10
232.6397007106173
 20
-40.26120246150203
 30
0.0
  0
VERTEX
  5
F4
330
F1
100
AcDbEntity
  8
colores$verdegeo
100
AcDbVertex
100
AcDb2dVertex
 10
232.8452340964642
 20
-40.46521337782416
 30
0.0
  0
VERTEX
  5
F5
330
F1
100
AcDbEntity
  8
colores$verdegeo
100
AcDbVertex
100
AcDb2dVertex
 10
232.8452340964642
 20
-41.56024691570146
 30
0.0
  0
SEQEND
  5
F6
330
F1
100
AcDbEntity
  8
colores$verdegeo
  0
ARC
  5
F7
330
1F
100
AcDbEntity
  8
colores$verdegeo
100
AcDbCircle
 10
233.1169622240801
 20
-41.56024691570145
 30
0.0
 40
0.2717281276159369
100
AcDbArc
 50
180.0000000000015
 51
270.0
  0
POLYLINE
  5
F8
330
1F
100
AcDbEntity
  8
colores$verdegeo
100
AcDb2dPolyline
 66
     1
 10
0.0
 20
0.0
 30
0.0
  0
VERTEX
  5
F9
330
F8
100
AcDbEntity
  8
colores$verdegeo
100
AcDbVertex
100
AcDb2dVertex
 10
233.1169622240801
 20
-41.83197504331739
 30
0.0
  0
VERTEX
  5
FA
330
F8
100
AcDbEntity
  8
colores$verdegeo
100
AcDbVertex
100
AcDb2dVertex
 10
234.222195475879
 20
-41.83197504331739
 30
0.0
  0
VERTEX
  5
FB
330
F8
100
AcDbEntity
  8
colores$verdegeo
100
AcDbVertex
100
AcDb2dVertex
 10
234.4292626929636
 20
-42.03750842916433
 30
0.0
  0
VERTEX
  5
FC
330
F8
100
AcDbEntity
  8
colores$verdegeo
100
AcDbVertex
100
AcDb2dVertex
 10
233.1169622240801
 20
-42.03750842916433
 30
0.0
  0
SEQEND
  5
FD
330
F8
100
AcDbEntity
  8
colores$verdegeo
  0
POLYLINE
  5
FE
330
1F
100
AcDbEntity
  8
colores$verdegeo
100
AcDb2dPolyline
 66
     1
 10
0.0
 20
0.0
 30
0.0
 70
     1
  0
VERTEX
  5
FF
330
FE
100
AcDbEntity
  8
colores$verdegeo
100
AcDbVertex
100
AcDb2dVertex
 10
232.8452340964642
 20
-40.46521337782416
 30
0.0
  0
VERTEX
  5
100
330
FE
100
AcDbEntity
  8
colores$verdegeo
100
AcDbVertex
100
AcDb2dVertex
 10
232.8452340964642
 20
-40.75480693209688
 30
0.0
  0
VERTEX
  5
101
330
FE
100
AcDbEntity
  8
colores$verdegeo
100
AcDbVertex
100
AcDb2dVertex
 10
233.9304407756789
 20
-41.83197504331739
 30
0.0
  0
VERTEX
  5
102
330
FE
100
AcDbEntity
  8
colores$verdegeo
100
AcDbVertex
100
AcDb2dVertex
 10
234.222195475879
 20
-41.83197504331739
 30
0.0
  0
SEQEND
  5
103
330
FE
100
AcDbEntity
  8
colores$verdegeo
  0
POLYLINE
  5
104
330
1F
100
AcDbEntity
  8
colores$verdegeo
100
AcDb2dPolyline
 66
     1
 10
0.0
 20
0.0
 30
0.0
 70
     1
  0
VERTEX
  5
105
330
104
100
AcDbEntity
  8
colores$verdegeo
100
AcDbVertex
100
AcDb2dVertex
 10
228.4748040075289
 20
-46.8122034047882
 30
0.0
  0
VERTEX
  5
106
330
104
100
AcDbEntity
  8
colores$verdegeo
100
AcDbVertex
100
AcDb2dVertex
 10
232.4843393131974
 20
-46.8122034047882
 30
0.0
  0
VERTEX
  5
107
330
104
100
AcDbEntity
  8
colores$verdegeo
100
AcDbVertex
100
AcDb2dVertex
 10
232.4843393131974
 20
-45.12656203138469
 30
0.0
  0
VERTEX
  5
108
330
104
100
AcDbEntity
  8
colores$verdegeo
100
AcDbVertex
100
AcDb2dVertex
 10
228.4748040075289
 20
-45.12656203138469
 30
0.0
  0
SEQEND
  5
109
330
104
100
AcDbEntity
  8
colores$verdegeo
  0
POLYLINE
  5
10A
330
1F
100
AcDbEntity
  8
dos
100
AcDb2dPolyline
 66
     1
 10
0.0
 20
0.0
 30
0.0
 70
     1
  0
VERTEX
  5
10B
330
10A
100
AcDbEntity
  8
dos
100
AcDbVertex
100
AcDb2dVertex
 10
173.0657242469659
 20
-34.91541316828116
 30
0.0
  0
VERTEX
  5
10C
330
10A
100
AcDbEntity
  8
dos
100
AcDbVertex
100
AcDb2dVertex
 10
189.0657242469659
 20
-34.91541316828116
 30
0.0
  0
VERTEX
  5
10D
330
10A
100
AcDbEntity
  8
dos
100
AcDbVertex
100
AcDb2dVertex
 10
189.0657242469659
 20
-25.91541316828116
 30
0.0
  0
VERTEX
  5
10E
330
10A
100
AcDbEntity
  8
dos
100
AcDbVertex
100
AcDb2dVertex
 10
173.0657242469659
 20
-25.91541316828116
 30
0.0
  0
SEQEND
  5
10F
330
10A
100
AcDbEntity
  8
dos
  0
ARC
  5
111
330
1F
100
AcDbEntity
  8
colores$azulDIR
100
AcDbCircle
 10
179.1688185470319
 20
-27.73728813042624
 30
0.0
 40
0.4772615134628646
100
AcDbArc
 50
90.0
 51
180.0000000000004
  0
POLYLINE
  5
112
330
1F
100
AcDbEntity
  8
colores$azulDIR
100
AcDb2dPolyline
 66
     1
 10
0.0
 20
0.0
 30
0.0
  0
VERTEX
  5
113
330
112
100
AcDbEntity
  8
colores$azulDIR
100
AcDbVertex
100
AcDb2dVertex
 10
178.691557033569
 20
-27.73728813042624
 30
0.0
  0
VERTEX
  5
114
330
112
100
AcDbEntity
  8
colores$azulDIR
100
AcDbVertex
100
AcDb2dVertex
 10
178.691557033569
 20
-33.07937207842283
 30
0.0
  0
SEQEND
  5
115
330
112
100
AcDbEntity
  8
colores$azulDIR
  0
ARC
  5
116
330
1F
100
AcDbEntity
  8
colores$azulDIR
100
AcDbCircle
 10
179.1688185470319
 20
-33.07937207842283
 30
0.0
 40
0.4772615134628646
100
AcDbArc
 50
180.0
 51
270.0
  0
POLYLINE
  5
117
330
1F
100
AcDbEntity
  8
colores$azulDIR
100
AcDb2dPolyline
 66
     1
 10
0.0
 20
0.0
 30
0.0
  0
VERTEX
  5
118
330
117
100
AcDbEntity
  8
colores$azulDIR
100
AcDbVertex
100
AcDb2dVertex
 10
179.1688185470319
 20
-33.55663359188569
 30
0.0
  0
VERTEX
  5
119
330
117
100
AcDbEntity
  8
colores$azulDIR
100
AcDbVertex
100
AcDb2dVertex
 10
182.9864608063631
 20
-33.55663359188569
 30
0.0
  0
SEQEND
  5
11A
330
117
100
AcDbEntity
  8
colores$azulDIR
  0
ARC
  5
11B
330
1F
100
AcDbEntity
  8
colores$azulDIR
100
AcDbCircle
 10
182.9864608063631
 20
-33.07937207842283
 30
0.0
 40
0.4772615134628646
100
AcDbArc
 50
270.0
 51
0.0
  0
POLYLINE
  5
11C
330
1F
100
AcDbEntity
  8
colores$azulDIR
100
AcDb2dPolyline
 66
     1
 10
0.0
 20
0.0
 30
0.0
  0
VERTEX
  5
11D
330
11C
100
AcDbEntity
  8
colores$azulDIR
100
AcDbVertex
100
AcDb2dVertex
 10
183.4637223198259
 20
-33.07937207842283
 30
0.0
  0
VERTEX
  5
11E
330
11C
100
AcDbEntity
  8
colores$azulDIR
100
AcDbVertex
100
AcDb2dVertex
 10
183.4637223198259
 20
-29.03633258462568
 30
0.0
  0
VERTEX
  5
11F
330
11C
100
AcDbEntity
  8
colores$azulDIR
100
AcDbVertex
100
AcDb2dVertex
 10
183.258188933979
 20
-29.03633258462568
 30
0.0
  0
VERTEX
  5
120
330
11C
100
AcDbEntity
  8
colores$azulDIR
100
AcDbVertex
100
AcDb2dVertex
 10
183.258188933979
 20
-33.07937207842283
 30
0.0
  0
SEQEND
  5
121
330
11C
100
AcDbEntity
  8
colores$azulDIR
  0
ARC
  5
122
330
1F
100
AcDbEntity
  8
colores$azulDIR
100
AcDbCircle
 10
-182.9864608063631
 20
-33.07937207842283
 30
0.0
 40
0.2717281276159333
210
0.0
220
0.0
230
-1.0
100
AcDbArc
 50
180.0
 51
270.0
  0
LINE
  5
123
330
1F
100
AcDbEntity
  8
colores$azulDIR
100
AcDbLine
 10
182.9864608063631
 20
-33.35110020603876
 30
0.0
 11
179.1688185470319
 21
-33.35110020603876
 31
0.0
  0
ARC
  5
124
330
1F
100
AcDbEntity
  8
colores$azulDIR
100
AcDbCircle
 10
-179.1688185470319
 20
-33.07937207842281
 30
0.0
 40
0.271728127615944
210
0.0
220
0.0
230
-1.0
100
AcDbArc
 50
270.000000000006
 51
359.9999999999985
  0
LINE
  5
125
330
1F
100
AcDbEntity
  8
colores$azulDIR
100
AcDbLine
 10
178.8970904194159
 20
-33.07937207842283
 30
0.0
 11
178.8970904194159
 21
-27.73728813042624
 31
0.0
  0
ARC
  5
126
330
1F
100
AcDbEntity
  8
colores$azulDIR
100
AcDbCircle
 10
-179.1688185470319
 20
-27.73728813042623
 30
0.0
 40
0.2717281276159298
210
0.0
220
0.0
230
-1.0
100
AcDbArc
 50
359.9999999999985
 51
90.0
  0
POLYLINE
  5
127
330
1F
100
AcDbEntity
  8
colores$azulDIR
100
AcDb2dPolyline
 66
     1
 10
0.0
 20
0.0
 30
0.0
  0
VERTEX
  5
128
330
127
100
AcDbEntity
  8
colores$azulDIR
100
AcDbVertex
100
AcDb2dVertex
 10
179.1688185470319
 20
-27.4655600028103
 30
0.0
  0
VERTEX
  5
129
330
127
100
AcDbEntity
  8
colores$azulDIR
100
AcDbVertex
100
AcDb2dVertex
 10
181.6741603374796
 20
-27.4655600028103
 30
0.0
  0
VERTEX
  5
12A
330
127
100
AcDbEntity
  8
colores$azulDIR
100
AcDbVertex
100
AcDb2dVertex
 10
181.6741603374796
 20
-27.26002661696338
 30
0.0
  0
VERTEX
  5
12B
330
127
100
AcDbEntity
  8
colores$azulDIR
100
AcDbVertex
100
AcDb2dVertex
 10
179.1688185470319
 20
-27.26002661696338
 30
0.0
  0
SEQEND
  5
12C
330
127
100
AcDbEntity
  8
colores$azulDIR
  0
SPLINE
  5
12D
330
1F
100
AcDbEntity
  8
colores$azulDIR
100
AcDbSpline
210
0.0
220
0.0
230
1.0
 70
    12
 71
     2
 72
     6
 73
     3
 74
     0
 42
0.0000000001
 43
0.0000000001
 40
-1.947038791872817
 40
-1.947038791872817
 40
-1.947038791872817
 40
-1.197358159604777
 40
-1.197358159604777
 40
-1.197358159604777
 10
182.1514218509425
 20
-29.03633258462568
 30
0.0
 41
1.0
 10
181.6741603374796
 20
-29.03633258462567
 30
0.0
 41
0.7071067811865476
 10
181.6741603374796
 20
-28.55907107116281
 30
0.0
 41
1.0
  0
POLYLINE
  5
12E
330
1F
100
AcDbEntity
  8
colores$azulDIR
100
AcDb2dPolyline
 66
     1
 10
0.0
 20
0.0
 30
0.0
  0
VERTEX
  5
12F
330
12E
100
AcDbEntity
  8
colores$azulDIR
100
AcDbVertex
100
AcDb2dVertex
 10
181.6741603374796
 20
-28.55907107116281
 30
0.0
  0
VERTEX
  5
130
330
12E
100
AcDbEntity
  8
colores$azulDIR
100
AcDbVertex
100
AcDb2dVertex
 10
181.6741603374796
 20
-27.26002661696338
 30
0.0
  0
VERTEX
  5
131
330
12E
100
AcDbEntity
  8
colores$azulDIR
100
AcDbVertex
100
AcDb2dVertex
 10
181.8796937233265
 20
-27.46403753328551
 30
0.0
  0
VERTEX
  5
132
330
12E
100
AcDbEntity
  8
colores$azulDIR
100
AcDbVertex
100
AcDb2dVertex
 10
181.8796937233265
 20
-28.55907107116281
 30
0.0
  0
SEQEND
  5
133
330
12E
100
AcDbEntity
  8
colores$azulDIR
  0
ARC
  5
134
330
1F
100
AcDbEntity
  8
colores$azulDIR
100
AcDbCircle
 10
182.1514218509425
 20
-28.5590710711628
 30
0.0
 40
0.2717281276159369
100
AcDbArc
 50
180.0000000000015
 51
270.0
  0
POLYLINE
  5
135
330
1F
100
AcDbEntity
  8
colores$azulDIR
100
AcDb2dPolyline
 66
     1
 10
0.0
 20
0.0
 30
0.0
  0
VERTEX
  5
136
330
135
100
AcDbEntity
  8
colores$azulDIR
100
AcDbVertex
100
AcDb2dVertex
 10
182.1514218509425
 20
-28.83079919877874
 30
0.0
  0
VERTEX
  5
137
330
135
100
AcDbEntity
  8
colores$azulDIR
100
AcDbVertex
100
AcDb2dVertex
 10
183.2566551027413
 20
-28.83079919877874
 30
0.0
  0
VERTEX
  5
138
330
135
100
AcDbEntity
  8
colores$azulDIR
100
AcDbVertex
100
AcDb2dVertex
 10
183.4637223198259
 20
-29.03633258462568
 30
0.0
  0
VERTEX
  5
139
330
135
100
AcDbEntity
  8
colores$azulDIR
100
AcDbVertex
100
AcDb2dVertex
 10
182.1514218509425
 20
-29.03633258462568
 30
0.0
  0
SEQEND
  5
13A
330
135
100
AcDbEntity
  8
colores$azulDIR
  0
POLYLINE
  5
13B
330
1F
100
AcDbEntity
  8
colores$azulDIR
100
AcDb2dPolyline
 66
     1
 10
0.0
 20
0.0
 30
0.0
 70
     1
  0
VERTEX
  5
13C
330
13B
100
AcDbEntity
  8
colores$azulDIR
100
AcDbVertex
100
AcDb2dVertex
 10
181.8796937233265
 20
-27.46403753328551
 30
0.0
  0
VERTEX
  5
13D
330
13B
100
AcDbEntity
  8
colores$azulDIR
100
AcDbVertex
100
AcDb2dVertex
 10
181.8796937233265
 20
-27.75363108755823
 30
0.0
  0
VERTEX
  5
13E
330
13B
100
AcDbEntity
  8
colores$azulDIR
100
AcDbVertex
100
AcDb2dVertex
 10
182.9649004025412
 20
-28.83079919877874
 30
0.0
  0
VERTEX
  5
13F
330
13B
100
AcDbEntity
  8
colores$azulDIR
100
AcDbVertex
100
AcDb2dVertex
 10
183.2566551027413
 20
-28.83079919877874
 30
0.0
  0
SEQEND
  5
140
330
13B
100
AcDbEntity
  8
colores$azulDIR
  0
POLYLINE
  5
141
330
1F
100
AcDbEntity
  8
colores$azulDIR
100
AcDb2dPolyline
 66
     1
 10
0.0
 20
0.0
 30
0.0
 70
     1
  0
VERTEX
  5
142
330
141
100
AcDbEntity
  8
colores$azulDIR
100
AcDbVertex
100
AcDb2dVertex
 10
177.5092636343912
 20
-33.81102756024955
 30
0.0
  0
VERTEX
  5
143
330
141
100
AcDbEntity
  8
colores$azulDIR
100
AcDbVertex
100
AcDb2dVertex
 10
181.5187989400597
 20
-33.81102756024955
 30
0.0
  0
VERTEX
  5
144
330
141
100
AcDbEntity
  8
colores$azulDIR
100
AcDbVertex
100
AcDb2dVertex
 10
181.5187989400597
 20
-32.12538618684604
 30
0.0
  0
VERTEX
  5
145
330
141
100
AcDbEntity
  8
colores$azulDIR
100
AcDbVertex
100
AcDb2dVertex
 10
177.5092636343912
 20
-32.12538618684604
 30
0.0
  0
SEQEND
  5
146
330
141
100
AcDbEntity
  8
colores$azulDIR
  0
POLYLINE
  5
148
330
1F
100
AcDbEntity
  8
colores$moradomp4
100
AcDb2dPolyline
 66
     1
 10
0.0
 20
0.0
 30
0.0
 70
     1
  0
VERTEX
  5
149
330
148
100
AcDbEntity
  8
colores$moradomp4
100
AcDbVertex
100
AcDb2dVertex
 10
214.7780098209155
 20
-43.84240757349231
 30
0.0
  0
VERTEX
  5
14A
330
148
100
AcDbEntity
  8
colores$moradomp4
100
AcDbVertex
100
AcDb2dVertex
 10
215.3303538132805
 20
-43.58203523027451
 30
0.0
  0
VERTEX
  5
14B
330
148
100
AcDbEntity
  8
colores$moradomp4
100
AcDbVertex
100
AcDb2dVertex
 10
214.7780098209155
 20
-43.3216628870567
 30
0.0
  0
SEQEND
  5
14C
330
148
100
AcDbEntity
  8
colores$moradomp4
  0
POLYLINE
  5
14D
330
1F
100
AcDbEntity
  8
colores$moradomp4
100
AcDb2dPolyline
 66
     1
 10
0.0
 20
0.0
 30
0.0
 70
     1
  0
VERTEX
  5
14E
330
14D
100
AcDbEntity
  8
colores$moradomp4
100
AcDbVertex
100
AcDb2dVertex
 10
214.5724764350686
 20
-44.16651993509362
 30
0.0
  0
VERTEX
  5
14F
330
14D
100
AcDbEntity
  8
colores$moradomp4
100
AcDbVertex
100
AcDb2dVertex
 10
215.812380072092
 20
-43.58203523027451
 30
0.0
  0
VERTEX
  5
150
330
14D
100
AcDbEntity
  8
colores$moradomp4
100
AcDbVertex
100
AcDb2dVertex
 10
214.5724764350686
 20
-42.99755052545539
 30
0.0
  0
SEQEND
  5
151
330
14D
100
AcDbEntity
  8
colores$moradomp4
  0
CIRCLE
  5
152
330
1F
100
AcDbEntity
  8
colores$moradomp4
100
AcDbCircle
 10
215.0546665921226
 20
-43.58203523027451
 30
0.0
 40
0.7577134799693681
  0
CIRCLE
  5
153
330
1F
100
AcDbEntity
  8
colores$moradomp4
100
AcDbCircle
 10
215.0546665921226
 20
-43.58203523027451
 30
0.0
 40
0.9632468658162967
  0
POLYLINE
  5
154
330
1F
100
AcDbEntity
  8
dos
100
AcDb2dPolyline
 66
     1
 10
0.0
 20
0.0
 30
0.0
 70
     1
  0
VERTEX
  5
155
330
154
100
AcDbEntity
  8
dos
100
AcDbVertex
100
AcDb2dVertex
 10
207.042751162391
 20
-47.91658901281981
 30
0.0
  0
VERTEX
  5
156
330
154
100
AcDbEntity
  8
dos
100
AcDbVertex
100
AcDb2dVertex
 10
223.042751162391
 20
-47.91658901281981
 30
0.0
  0
VERTEX
  5
157
330
154
100
AcDbEntity
  8
dos
100
AcDbVertex
100
AcDb2dVertex
 10
223.042751162391
 20
-38.91658901281981
 30
0.0
  0
VERTEX
  5
158
330
154
100
AcDbEntity
  8
dos
100
AcDbVertex
100
AcDb2dVertex
 10
207.042751162391
 20
-38.91658901281981
 30
0.0
  0
SEQEND
  5
159
330
154
100
AcDbEntity
  8
dos
  0
ARC
  5
15A
330
1F
100
AcDbEntity
  8
colores$moradomp4
100
AcDbCircle
 10
213.145845462457
 20
-40.73846397496489
 30
0.0
 40
0.4772615134628646
100
AcDbArc
 50
90.0
 51
180.0000000000009
  0
POLYLINE
  5
15B
330
1F
100
AcDbEntity
  8
colores$moradomp4
100
AcDb2dPolyline
 66
     1
 10
0.0
 20
0.0
 30
0.0
  0
VERTEX
  5
15C
330
15B
100
AcDbEntity
  8
colores$moradomp4
100
AcDbVertex
100
AcDb2dVertex
 10
212.6685839489941
 20
-40.73846397496489
 30
0.0
  0
VERTEX
  5
15D
330
15B
100
AcDbEntity
  8
colores$moradomp4
100
AcDbVertex
100
AcDb2dVertex
 10
212.6685839489941
 20
-46.08054792296148
 30
0.0
  0
SEQEND
  5
15E
330
15B
100
AcDbEntity
  8
colores$moradomp4
  0
ARC
  5
15F
330
1F
100
AcDbEntity
  8
colores$moradomp4
100
AcDbCircle
 10
213.145845462457
 20
-46.08054792296148
 30
0.0
 40
0.4772615134628646
100
AcDbArc
 50
180.0
 51
270.0
  0
POLYLINE
  5
160
330
1F
100
AcDbEntity
  8
colores$moradomp4
100
AcDb2dPolyline
 66
     1
 10
0.0
 20
0.0
 30
0.0
  0
VERTEX
  5
161
330
160
100
AcDbEntity
  8
colores$moradomp4
100
AcDbVertex
100
AcDb2dVertex
 10
213.145845462457
 20
-46.55780943642434
 30
0.0
  0
VERTEX
  5
162
330
160
100
AcDbEntity
  8
colores$moradomp4
100
AcDbVertex
100
AcDb2dVertex
 10
216.9634877217882
 20
-46.55780943642434
 30
0.0
  0
SEQEND
  5
163
330
160
100
AcDbEntity
  8
colores$moradomp4
  0
ARC
  5
164
330
1F
100
AcDbEntity
  8
colores$moradomp4
100
AcDbCircle
 10
216.9634877217882
 20
-46.08054792296148
 30
0.0
 40
0.4772615134628646
100
AcDbArc
 50
270.0
 51
0.0
  0
POLYLINE
  5
165
330
1F
100
AcDbEntity
  8
colores$moradomp4
100
AcDb2dPolyline
 66
     1
 10
0.0
 20
0.0
 30
0.0
  0
VERTEX
  5
166
330
165
100
AcDbEntity
  8
colores$moradomp4
100
AcDbVertex
100
AcDb2dVertex
 10
217.4407492352511
 20
-46.08054792296148
 30
0.0
  0
VERTEX
  5
167
330
165
100
AcDbEntity
  8
colores$moradomp4
100
AcDbVertex
100
AcDb2dVertex
 10
217.4407492352511
 20
-42.03750842916433
 30
0.0
  0
VERTEX
  5
168
330
165
100
AcDbEntity
  8
colores$moradomp4
100
AcDbVertex
100
AcDb2dVertex
 10
217.2352158494041
 20
-42.03750842916433
 30
0.0
  0
VERTEX
  5
169
330
165
100
AcDbEntity
  8
colores$moradomp4
100
AcDbVertex
100
AcDb2dVertex
 10
217.2352158494041
 20
-46.08054792296148
 30
0.0
  0
SEQEND
  5
16A
330
165
100
AcDbEntity
  8
colores$moradomp4
  0
ARC
  5
16B
330
1F
100
AcDbEntity
  8
colores$moradomp4
100
AcDbCircle
 10
-216.9634877217882
 20
-46.08054792296148
 30
0.0
 40
0.2717281276159333
210
0.0
220
0.0
230
-1.0
100
AcDbArc
 50
180.0
 51
270.0
  0
LINE
  5
16C
330
1F
100
AcDbEntity
  8
colores$moradomp4
100
AcDbLine
 10
216.9634877217882
 20
-46.35227605057742
 30
0.0
 11
213.145845462457
 21
-46.35227605057742
 31
0.0
  0
ARC
  5
16D
330
1F
100
AcDbEntity
  8
colores$moradomp4
100
AcDbCircle
 10
-213.145845462457
 20
-46.08054792296147
 30
0.0
 40
0.271728127615944
210
0.0
220
0.0
230
-1.0
100
AcDbArc
 50
270.000000000006
 51
359.999999999997
  0
LINE
  5
16E
330
1F
100
AcDbEntity
  8
colores$moradomp4
100
AcDbLine
 10
212.8741173348411
 20
-46.08054792296148
 30
0.0
 11
212.8741173348411
 21
-40.73846397496489
 31
0.0
  0
ARC
  5
16F
330
1F
100
AcDbEntity
  8
colores$moradomp4
100
AcDbCircle
 10
-213.145845462457
 20
-40.73846397496489
 30
0.0
 40
0.2717281276159298
210
0.0
220
0.0
230
-1.0
100
AcDbArc
 50
359.999999999997
 51
90.0
  0
POLYLINE
  5
170
330
1F
100
AcDbEntity
  8
colores$moradomp4
100
AcDb2dPolyline
 66
     1
 10
0.0
 20
0.0
 30
0.0
  0
VERTEX
  5
171
330
170
100
AcDbEntity
  8
colores$moradomp4
100
AcDbVertex
100
AcDb2dVertex
 10
213.145845462457
 20
-40.46673584734896
 30
0.0
  0
VERTEX
  5
172
330
170
100
AcDbEntity
  8
colores$moradomp4
100
AcDbVertex
100
AcDb2dVertex
 10
215.6511872529047
 20
-40.46673584734896
 30
0.0
  0
VERTEX
  5
173
330
170
100
AcDbEntity
  8
colores$moradomp4
100
AcDbVertex
100
AcDb2dVertex
 10
215.6511872529047
 20
-40.26120246150203
 30
0.0
  0
VERTEX
  5
174
330
170
100
AcDbEntity
  8
colores$moradomp4
100
AcDbVertex
100
AcDb2dVertex
 10
213.145845462457
 20
-40.26120246150203
 30
0.0
  0
SEQEND
  5
175
330
170
100
AcDbEntity
  8
colores$moradomp4
  0
SPLINE
  5
176
330
1F
100
AcDbEntity
  8
colores$moradomp4
100
AcDbSpline
210
0.0
220
0.0
230
1.0
 70
    12
 71
     2
 72
     6
 73
     3
 74
     0
 42
0.0000000001
 43
0.0000000001
 40
-1.947038791872817
 40
-1.947038791872817
 40
-1.947038791872817
 40
-1.197358159604777
 40
-1.197358159604777
 40
-1.197358159604777
 10
216.1284487663676
 20
-42.03750842916433
 30
0.0
 41
1.0
 10
215.6511872529047
 20
-42.03750842916432
 30
0.0
 41
0.7071067811865476
 10
215.6511872529047
 20
-41.56024691570146
 30
0.0
 41
1.0
  0
POLYLINE
  5
177
330
1F
100
AcDbEntity
  8
colores$moradomp4
100
AcDb2dPolyline
 66
     1
 10
0.0
 20
0.0
 30
0.0
  0
VERTEX
  5
178
330
177
100
AcDbEntity
  8
colores$moradomp4
100
AcDbVertex
100
AcDb2dVertex
 10
215.6511872529047
 20
-41.56024691570146
 30
0.0
  0
VERTEX
  5
179
330
177
100
AcDbEntity
  8
colores$moradomp4
100
AcDbVertex
100
AcDb2dVertex
 10
215.6511872529047
 20
-40.26120246150203
 30
0.0
  0
VERTEX
  5
17A
330
177
100
AcDbEntity
  8
colores$moradomp4
100
AcDbVertex
100
AcDb2dVertex
 10
215.8567206387517
 20
-40.46521337782416
 30
0.0
  0
VERTEX
  5
17B
330
177
100
AcDbEntity
  8
colores$moradomp4
100
AcDbVertex
100
AcDb2dVertex
 10
215.8567206387517
 20
-41.56024691570146
 30
0.0
  0
SEQEND
  5
17C
330
177
100
AcDbEntity
  8
colores$moradomp4
  0
ARC
  5
17D
330
1F
100
AcDbEntity
  8
colores$moradomp4
100
AcDbCircle
 10
216.1284487663676
 20
-41.56024691570145
 30
0.0
 40
0.2717281276159369
100
AcDbArc
 50
180.0000000000015
 51
270.0
  0
POLYLINE
  5
17E
330
1F
100
AcDbEntity
  8
colores$moradomp4
100
AcDb2dPolyline
 66
     1
 10
0.0
 20
0.0
 30
0.0
  0
VERTEX
  5
17F
330
17E
100
AcDbEntity
  8
colores$moradomp4
100
AcDbVertex
100
AcDb2dVertex
 10
216.1284487663676
 20
-41.83197504331739
 30
0.0
  0
VERTEX
  5
180
330
17E
100
AcDbEntity
  8
colores$moradomp4
100
AcDbVertex
100
AcDb2dVertex
 10
217.2336820181665
 20
-41.83197504331739
 30
0.0
  0
VERTEX
  5
181
330
17E
100
AcDbEntity
  8
colores$moradomp4
100
AcDbVertex
100
AcDb2dVertex
 10
217.4407492352511
 20
-42.03750842916433
 30
0.0
  0
VERTEX
  5
182
330
17E
100
AcDbEntity
  8
colores$moradomp4
100
AcDbVertex
100
AcDb2dVertex
 10
216.1284487663676
 20
-42.03750842916433
 30
0.0
  0
SEQEND
  5
183
330
17E
100
AcDbEntity
  8
colores$moradomp4
  0
POLYLINE
  5
184
330
1F
100
AcDbEntity
  8
colores$moradomp4
100
AcDb2dPolyline
 66
     1
 10
0.0
 20
0.0
 30
0.0
 70
     1
  0
VERTEX
  5
185
330
184
100
AcDbEntity
  8
colores$moradomp4
100
AcDbVertex
100
AcDb2dVertex
 10
215.8567206387517
 20
-40.46521337782416
 30
0.0
  0
VERTEX
  5
186
330
184
100
AcDbEntity
  8
colores$moradomp4
100
AcDbVertex
100
AcDb2dVertex
 10
215.8567206387517
 20
-40.75480693209688
 30
0.0
  0
VERTEX
  5
187
330
184
100
AcDbEntity
  8
colores$moradomp4
100
AcDbVertex
100
AcDb2dVertex
 10
216.9419273179664
 20
-41.83197504331739
 30
0.0
  0
VERTEX
  5
188
330
184
100
AcDbEntity
  8
colores$moradomp4
100
AcDbVertex
100
AcDb2dVertex
 10
217.2336820181665
 20
-41.83197504331739
 30
0.0
  0
SEQEND
  5
189
330
184
100
AcDbEntity
  8
colores$moradomp4
  0
POLYLINE
  5
18A
330
1F
100
AcDbEntity
  8
colores$moradomp4
100
AcDb2dPolyline
 66
     1
 10
0.0
 20
0.0
 30
0.0
 70
     1
  0
VERTEX
  5
18B
330
18A
100
AcDbEntity
  8
colores$moradomp4
100
AcDbVertex
100
AcDb2dVertex
 10
211.4862905498163
 20
-46.8122034047882
 30
0.0
  0
VERTEX
  5
18C
330
18A
100
AcDbEntity
  8
colores$moradomp4
100
AcDbVertex
100
AcDb2dVertex
 10
215.4958258554849
 20
-46.8122034047882
 30
0.0
  0
VERTEX
  5
18D
330
18A
100
AcDbEntity
  8
colores$moradomp4
100
AcDbVertex
100
AcDb2dVertex
 10
215.4958258554849
 20
-45.12656203138469
 30
0.0
  0
VERTEX
  5
18E
330
18A
100
AcDbEntity
  8
colores$moradomp4
100
AcDbVertex
100
AcDb2dVertex
 10
211.4862905498163
 20
-45.12656203138469
 30
0.0
  0
SEQEND
  5
18F
330
18A
100
AcDbEntity
  8
colores$moradomp4
  0
SPLINE
  5
190
330
1F
100
AcDbEntity
  8
colores$celestedl
100
AcDbSpline
210
0.0
220
0.0
230
1.0
 70
     8
 71
     3
 72
    86
 73
    82
 74
     0
 42
0.0000000001
 43
0.0000000001
 40
0.0
 40
0.0
 40
0.0
 40
0.0
 40
0.0446752332515003
 40
0.0893504665030007
 40
0.134025699754501
 40
0.1787009330060013
 40
0.2233761662575017
 40
0.268051399509002
 40
0.3127266327605023
 40
0.3574018660120027
 40
0.402077099263503
 40
0.4467523325150033
 40
0.4914275657665037
 40
0.5361027990180041
 40
0.5807780322695044
 40
0.6254532655210047
 40
0.670128498772505
 40
0.7148037320240054
 40
0.7594789652755057
 40
0.8041541985270061
 40
0.8488294317785063
 40
0.8935046650300067
 40
0.938179898281507
 40
0.9828551315330074
 40
1.027530364784508
 40
1.072205598036008
 40
1.116880831287508
 40
1.161556064539009
 40
1.206231297790509
 40
1.250906531042009
 40
1.29558176429351
 40
1.34025699754501
 40
1.38493223079651
 40
1.429607464048011
 40
1.474282697299511
 40
1.518957930551011
 40
1.563633163802512
 40
1.608308397054012
 40
1.652983630305513
 40
1.697658863557013
 40
1.742334096808513
 40
1.787009330060014
 40
1.831684563311514
 40
1.876359796563014
 40
1.921035029814514
 40
1.965710263066015
 40
2.010385496317515
 40
2.055060729569016
 40
2.099735962820516
 40
2.144411196072016
 40
2.189086429323517
 40
2.233761662575017
 40
2.278436895826517
 40
2.323112129078018
 40
2.367787362329518
 40
2.412462595581018
 40
2.457137828832519
 40
2.501813062084019
 40
2.546488295335519
 40
2.591163528587019
 40
2.63583876183852
 40
2.680513995090021
 40
2.725189228341521
 40
2.769864461593021
 40
2.814539694844521
 40
2.859214928096022
 40
2.903890161347522
 40
2.948565394599022
 40
2.993240627850523
 40
3.037915861102023
 40
3.082591094353523
 40
3.127266327605024
 40
3.171941560856524
 40
3.216616794108024
 40
3.261292027359525
 40
3.305967260611025
 40
3.350642493862525
 40
3.395317727114026
 40
3.439992960365526
 40
3.484668193617027
 40
3.529343426868527
 40
3.529343426868527
 40
3.529343426868527
 40
3.529343426868527
 10
231.5123758490018
 20
-56.0239919531039
 30
0.0
 10
231.6218777906432
 20
-56.0706804579852
 30
0.0
 10
231.6570974433269
 20
-56.07221174723231
 30
0.0
 10
231.7015048314934
 20
-56.04924240852551
 30
0.0
 10
231.7290680379416
 20
-56.04311725153703
 30
0.0
 10
231.7642876906253
 20
-56.05230498701976
 30
0.0
 10
231.7780692938495
 20
-56.06455530099671
 30
0.0
 10
231.8071637895447
 20
-56.06914916873807
 30
0.0
 10
231.810226368039
 20
-56.04617983003127
 30
0.0
 10
231.785725740085
 20
-56.00789759885327
 30
0.0
 10
231.7520373766484
 20
-55.99258470638207
 30
0.0
 10
231.7290680379416
 20
-55.97880310315799
 30
0.0
 10
231.7520373766484
 20
-55.9650214999339
 30
0.0
 10
231.785725740085
 20
-56.00789759885327
 30
0.0
 10
231.8331957067458
 20
-56.00330373111191
 30
0.0
 10
231.9266043508201
 20
-56.02321049132447
 30
0.0
 10
231.9602927142568
 20
-56.05230498701976
 30
0.0
 10
231.9985749454347
 20
-56.0706804579852
 30
0.0
 10
232.0092939701646
 20
-56.07527432572656
 30
0.0
 10
231.9985749454347
 20
-56.13805718485849
 30
0.0
 10
231.9955123669405
 20
-56.16715168055376
 30
0.0
 10
232.0138878379059
 20
-56.20084004399042
 30
0.0
 10
232.0215442841416
 20
-56.23759098592129
 30
0.0
 10
231.9694804497395
 20
-56.27893579559355
 30
0.0
 10
231.9097601691018
 20
-56.30649900204171
 30
0.0
 10
231.8730092271709
 20
-56.35703154719668
 30
0.0
 10
231.8508055652429
 20
-56.43014998291425
 30
0.0
 10
231.8825592792775
 20
-56.4682584152195
 30
0.0
 10
231.903518731466
 20
-56.49341238190225
 30
0.0
 10
231.9387866827692
 20
-56.53573833890106
 30
0.0
 10
231.9551032613509
 20
-56.5553202759827
 30
0.0
 10
231.9526362680211
 20
-56.60663169447728
 30
0.0
 10
231.9863246314578
 20
-56.66022681812648
 30
0.0
 10
231.9756056067279
 20
-56.74138514822385
 30
0.0
 10
231.9725430282337
 20
-56.76894835467201
 30
0.0
 10
231.9357920863028
 20
-56.85776313100498
 30
0.0
 10
231.9602927142568
 20
-56.95882822131492
 30
0.0
 10
231.9465111110327
 20
-57.04764299764789
 30
0.0
 10
231.8852595411479
 20
-57.12880132774526
 30
0.0
 10
231.8730092271709
 20
-57.16095840193478
 30
0.0
 10
231.8592276239468
 20
-57.19005289763007
 30
0.0
 10
231.9266043508201
 20
-57.16555226967615
 30
0.0
 10
231.9495736895269
 20
-57.15942711268767
 30
0.0
 10
232.0001062346819
 20
-57.09970683204998
 30
0.0
 10
232.0108252594117
 20
-57.07214362560182
 30
0.0
 10
232.104233903486
 20
-56.9802662707746
 30
0.0
 10
232.1363909776755
 20
-56.94351532884372
 30
0.0
 10
232.1731419196065
 20
-56.92360856863116
 30
0.0
 10
232.2083615722902
 20
-56.90829567615996
 30
0.0
 10
232.2160180185258
 20
-56.89145149444163
 30
0.0
 10
232.2665505636808
 20
-56.86235699874634
 30
0.0
 10
232.3400524475426
 20
-56.81948089982698
 30
0.0
 10
232.3829285464619
 20
-56.8133557428385
 30
0.0
 10
232.4074291744159
 20
-56.79191769337881
 30
0.0
 10
232.4365236701111
 20
-56.76588577617778
 30
0.0
 10
232.4365236701111
 20
-56.70960993504192
 30
0.0
 10
232.4365236701111
 20
-56.64032005791392
 30
0.0
 10
232.4962439507488
 20
-56.59438138050032
 30
0.0
 10
232.485524926019
 20
-56.5560991493223
 30
0.0
 10
232.4365236701111
 20
-56.52241078588566
 30
0.0
 10
232.4365236701111
 20
-56.46728437298933
 30
0.0
 10
232.3599592077551
 20
-56.39531377837468
 30
0.0
 10
232.3262708443185
 20
-56.39225119988044
 30
0.0
 10
232.2665505636808
 20
-56.35243767945531
 30
0.0
 10
232.2236744647614
 20
-56.33253091924276
 30
0.0
 10
232.1731419196065
 20
-56.32946834074851
 30
0.0
 10
232.1272032421928
 20
-56.27893579559355
 30
0.0
 10
232.1256719529457
 20
-56.23146582893282
 30
0.0
 10
232.1180155067101
 20
-56.19930875474329
 30
0.0
 10
232.1072964819803
 20
-56.14724492034122
 30
0.0
 10
232.0779992770641
 20
-56.09977495368049
 30
0.0
 10
232.0491074905897
 20
-55.9803343924051
 30
0.0
 10
232.0092939701646
 20
-55.9650214999339
 30
0.0
 10
231.9740743174808
 20
-55.95583376445119
 30
0.0
 10
231.9832620529635
 20
-55.92214540101454
 30
0.0
 10
231.9909184991992
 20
-55.88845703757789
 30
0.0
 10
232.0215442841416
 20
-55.87620672360094
 30
0.0
 10
232.0491074905897
 20
-55.88539445908365
 30
0.0
 10
232.0613578045667
 20
-55.88080059134229
 30
0.0
 10
232.0407617150385
 20
-55.85292994149325
 30
0.0
 10
232.0304490618636
 20
-55.84949239043492
 30
0.0
 10
232.0215442841415
 20
-55.82258416692476
 30
0.0
  0
SPLINE
  5
191
330
1F
100
AcDbEntity
  8
colores$celestedl
100
AcDbSpline
210
0.0
220
0.0
230
1.0
 70
     8
 71
     3
 72
    16
 73
    12
 74
     0
 42
0.0000000001
 43
0.0000000001
 40
0.0
 40
0.0
 40
0.0
 40
0.0
 40
0.0309482740069339
 40
0.0618965480138677
 40
0.0928448220208016
 40
0.1237930960277355
 40
0.1547413700346693
 40
0.1856896440416032
 40
0.216637918048537
 40
0.2475861920554709
 40
0.2785344660624048
 40
0.2785344660624048
 40
0.2785344660624048
 40
0.2785344660624048
 10
232.7475608281565
 20
-56.30396667136208
 30
0.0
 10
232.7369300567875
 20
-56.33236810431297
 30
0.0
 10
232.7299925528792
 20
-56.34624311212952
 30
0.0
 10
232.7286050520976
 20
-56.36844312463598
 30
0.0
 10
232.7292988024884
 20
-56.38786813557915
 30
0.0
 10
232.723055048971
 20
-56.41908690316637
 30
0.0
 10
232.7154237946719
 20
-56.45099942114442
 30
0.0
 10
232.7334613048334
 20
-56.49401194537571
 30
0.0
 10
232.7376238071783
 20
-56.50164319967481
 30
0.0
 10
232.7542738165582
 20
-56.51204945553722
 30
0.0
 10
232.7771675794555
 20
-56.51135570514639
 30
0.0
 10
232.7989991697428
 20
-56.52966505993452
 30
0.0
  0
CIRCLE
  5
192
330
1F
100
AcDbEntity
  8
colores$celestedl
100
AcDbCircle
 10
232.0431800498351
 20
-56.58321107481316
 30
0.0
 40
0.9632468658162967
  0
SPLINE
  5
193
330
1F
100
AcDbEntity
  8
colores$celestedl
100
AcDbSpline
210
0.0
220
0.0
230
1.0
 70
    11
 71
     3
 72
    19
 73
    15
 74
     0
 42
0.0000000001
 43
0.0000000001
 40
0.0
 40
0.0
 40
0.0
 40
0.0
 40
0.0265117726703469
 40
0.0530235453406938
 40
0.0795353180110407
 40
0.1060470906813876
 40
0.1325588633517344
 40
0.1590706360220814
 40
0.1855824086924283
 40
0.2120941813627751
 40
0.238605954033122
 40
0.2651177267034689
 40
0.2916294993738158
 40
0.3181412720441627
 40
0.3181412720441627
 40
0.3181412720441627
 40
0.3181412720441627
 10
232.1286567200047
 20
-55.8606063744724
 30
0.0
 10
232.1230895872388
 20
-55.86488878429232
 30
0.0
 10
232.111669827719
 20
-55.87402459190815
 30
0.0
 10
232.1193781653948
 20
-55.89458015904376
 30
0.0
 10
232.1253735391427
 20
-55.89372367707978
 30
0.0
 10
232.1347948407466
 20
-55.88944126725986
 30
0.0
 10
232.1536374439542
 20
-55.87745051976407
 30
0.0
 10
232.16562819145
 20
-55.8765940378001
 30
0.0
 10
232.2033133978653
 20
-55.8705986640522
 30
0.0
 10
232.220443037145
 20
-55.87231162798017
 30
0.0
 10
232.220443037145
 20
-55.86888570012425
 30
0.0
 10
232.2256748571129
 20
-55.84780277798485
 30
0.0
 10
232.1450726243144
 20
-55.84833013298861
 30
0.0
 10
232.1342238527706
 20
-55.85632396465247
 30
0.0
 10
232.1286567200047
 20
-55.8606063744724
 30
0.0
  0
CIRCLE
  5
194
330
1F
100
AcDbEntity
  8
colores$celestedl
100
AcDbCircle
 10
232.0431800498351
 20
-56.58321107481316
 30
0.0
 40
0.7577134799693681
  0
POLYLINE
  5
195
330
1F
100
AcDbEntity
  8
dos
100
AcDb2dPolyline
 66
     1
 10
0.0
 20
0.0
 30
0.0
 70
     1
  0
VERTEX
  5
196
330
195
100
AcDbEntity
  8
dos
100
AcDbVertex
100
AcDb2dVertex
 10
224.0312646201036
 20
-60.91776485735846
 30
0.0
  0
VERTEX
  5
197
330
195
100
AcDbEntity
  8
dos
100
AcDbVertex
100
AcDb2dVertex
 10
240.0312646201036
 20
-60.91776485735846
 30
0.0
  0
VERTEX
  5
198
330
195
100
AcDbEntity
  8
dos
100
AcDbVertex
100
AcDb2dVertex
 10
240.0312646201036
 20
-51.91776485735846
 30
0.0
  0
VERTEX
  5
199
330
195
100
AcDbEntity
  8
dos
100
AcDbVertex
100
AcDb2dVertex
 10
224.0312646201036
 20
-51.91776485735846
 30
0.0
  0
SEQEND
  5
19A
330
195
100
AcDbEntity
  8
dos
  0
ARC
  5
19B
330
1F
100
AcDbEntity
  8
colores$celestedl
100
AcDbCircle
 10
230.1343589201696
 20
-53.73963981950354
 30
0.0
 40
0.4772615134628646
100
AcDbArc
 50
90.0
 51
180.0000000000009
  0
POLYLINE
  5
19C
330
1F
100
AcDbEntity
  8
colores$celestedl
100
AcDb2dPolyline
 66
     1
 10
0.0
 20
0.0
 30
0.0
  0
VERTEX
  5
19D
330
19C
100
AcDbEntity
  8
colores$celestedl
100
AcDbVertex
100
AcDb2dVertex
 10
229.6570974067067
 20
-53.73963981950354
 30
0.0
  0
VERTEX
  5
19E
330
19C
100
AcDbEntity
  8
colores$celestedl
100
AcDbVertex
100
AcDb2dVertex
 10
229.6570974067067
 20
-59.08172376750013
 30
0.0
  0
SEQEND
  5
19F
330
19C
100
AcDbEntity
  8
colores$celestedl
  0
ARC
  5
1A0
330
1F
100
AcDbEntity
  8
colores$celestedl
100
AcDbCircle
 10
230.1343589201696
 20
-59.08172376750013
 30
0.0
 40
0.4772615134628646
100
AcDbArc
 50
180.0
 51
270.0
  0
POLYLINE
  5
1A1
330
1F
100
AcDbEntity
  8
colores$celestedl
100
AcDb2dPolyline
 66
     1
 10
0.0
 20
0.0
 30
0.0
  0
VERTEX
  5
1A2
330
1A1
100
AcDbEntity
  8
colores$celestedl
100
AcDbVertex
100
AcDb2dVertex
 10
230.1343589201696
 20
-59.55898528096299
 30
0.0
  0
VERTEX
  5
1A3
330
1A1
100
AcDbEntity
  8
colores$celestedl
100
AcDbVertex
100
AcDb2dVertex
 10
233.9520011795008
 20
-59.55898528096299
 30
0.0
  0
SEQEND
  5
1A4
330
1A1
100
AcDbEntity
  8
colores$celestedl
  0
ARC
  5
1A5
330
1F
100
AcDbEntity
  8
colores$celestedl
100
AcDbCircle
 10
233.9520011795008
 20
-59.08172376750013
 30
0.0
 40
0.4772615134628646
100
AcDbArc
 50
270.0
 51
0.0
  0
POLYLINE
  5
1A6
330
1F
100
AcDbEntity
  8
colores$celestedl
100
AcDb2dPolyline
 66
     1
 10
0.0
 20
0.0
 30
0.0
  0
VERTEX
  5
1A7
330
1A6
100
AcDbEntity
  8
colores$celestedl
100
AcDbVertex
100
AcDb2dVertex
 10
234.4292626929636
 20
-59.08172376750013
 30
0.0
  0
VERTEX
  5
1A8
330
1A6
100
AcDbEntity
  8
colores$celestedl
100
AcDbVertex
100
AcDb2dVertex
 10
234.4292626929636
 20
-55.03868427370298
 30
0.0
  0
VERTEX
  5
1A9
330
1A6
100
AcDbEntity
  8
colores$celestedl
100
AcDbVertex
100
AcDb2dVertex
 10
234.2237293071167
 20
-55.03868427370298
 30
0.0
  0
VERTEX
  5
1AA
330
1A6
100
AcDbEntity
  8
colores$celestedl
100
AcDbVertex
100
AcDb2dVertex
 10
234.2237293071167
 20
-59.08172376750013
 30
0.0
  0
SEQEND
  5
1AB
330
1A6
100
AcDbEntity
  8
colores$celestedl
  0
ARC
  5
1AC
330
1F
100
AcDbEntity
  8
colores$celestedl
100
AcDbCircle
 10
-233.9520011795008
 20
-59.08172376750013
 30
0.0
 40
0.2717281276159333
210
0.0
220
0.0
230
-1.0
100
AcDbArc
 50
180.0
 51
270.0
  0
LINE
  5
1AD
330
1F
100
AcDbEntity
  8
colores$celestedl
100
AcDbLine
 10
233.9520011795008
 20
-59.35345189511607
 30
0.0
 11
230.1343589201696
 21
-59.35345189511607
 31
0.0
  0
ARC
  5
1AE
330
1F
100
AcDbEntity
  8
colores$celestedl
100
AcDbCircle
 10
-230.1343589201696
 20
-59.08172376750013
 30
0.0
 40
0.271728127615944
210
0.0
220
0.0
230
-1.0
100
AcDbArc
 50
270.000000000006
 51
359.9999999999985
  0
LINE
  5
1AF
330
1F
100
AcDbEntity
  8
colores$celestedl
100
AcDbLine
 10
229.8626307925536
 20
-59.08172376750013
 30
0.0
 11
229.8626307925536
 21
-53.73963981950354
 31
0.0
  0
ARC
  5
1B0
330
1F
100
AcDbEntity
  8
colores$celestedl
100
AcDbCircle
 10
-230.1343589201695
 20
-53.73963981950354
 30
0.0
 40
0.2717281276159298
210
0.0
220
0.0
230
-1.0
100
AcDbArc
 50
359.9999999999985
 51
90.0
  0
POLYLINE
  5
1B1
330
1F
100
AcDbEntity
  8
colores$celestedl
100
AcDb2dPolyline
 66
     1
 10
0.0
 20
0.0
 30
0.0
  0
VERTEX
  5
1B2
330
1B1
100
AcDbEntity
  8
colores$celestedl
100
AcDbVertex
100
AcDb2dVertex
 10
230.1343589201696
 20
-53.46791169188761
 30
0.0
  0
VERTEX
  5
1B3
330
1B1
100
AcDbEntity
  8
colores$celestedl
100
AcDbVertex
100
AcDb2dVertex
 10
232.6397007106173
 20
-53.46791169188761
 30
0.0
  0
VERTEX
  5
1B4
330
1B1
100
AcDbEntity
  8
colores$celestedl
100
AcDbVertex
100
AcDb2dVertex
 10
232.6397007106173
 20
-53.26237830604068
 30
0.0
  0
VERTEX
  5
1B5
330
1B1
100
AcDbEntity
  8
colores$celestedl
100
AcDbVertex
100
AcDb2dVertex
 10
230.1343589201696
 20
-53.26237830604068
 30
0.0
  0
SEQEND
  5
1B6
330
1B1
100
AcDbEntity
  8
colores$celestedl
  0
SPLINE
  5
1B7
330
1F
100
AcDbEntity
  8
colores$celestedl
100
AcDbSpline
210
0.0
220
0.0
230
1.0
 70
    12
 71
     2
 72
     6
 73
     3
 74
     0
 42
0.0000000001
 43
0.0000000001
 40
-1.947038791872817
 40
-1.947038791872817
 40
-1.947038791872817
 40
-1.197358159604777
 40
-1.197358159604777
 40
-1.197358159604777
 10
233.1169622240801
 20
-55.03868427370298
 30
0.0
 41
1.0
 10
232.6397007106173
 20
-55.03868427370298
 30
0.0
 41
0.7071067811865476
 10
232.6397007106173
 20
-54.56142276024011
 30
0.0
 41
1.0
  0
POLYLINE
  5
1B8
330
1F
100
AcDbEntity
  8
colores$celestedl
100
AcDb2dPolyline
 66
     1
 10
0.0
 20
0.0
 30
0.0
  0
VERTEX
  5
1B9
330
1B8
100
AcDbEntity
  8
colores$celestedl
100
AcDbVertex
100
AcDb2dVertex
 10
232.6397007106173
 20
-54.56142276024011
 30
0.0
  0
VERTEX
  5
1BA
330
1B8
100
AcDbEntity
  8
colores$celestedl
100
AcDbVertex
100
AcDb2dVertex
 10
232.6397007106173
 20
-53.26237830604068
 30
0.0
  0
VERTEX
  5
1BB
330
1B8
100
AcDbEntity
  8
colores$celestedl
100
AcDbVertex
100
AcDb2dVertex
 10
232.8452340964642
 20
-53.46638922236281
 30
0.0
  0
VERTEX
  5
1BC
330
1B8
100
AcDbEntity
  8
colores$celestedl
100
AcDbVertex
100
AcDb2dVertex
 10
232.8452340964642
 20
-54.56142276024011
 30
0.0
  0
SEQEND
  5
1BD
330
1B8
100
AcDbEntity
  8
colores$celestedl
  0
ARC
  5
1BE
330
1F
100
AcDbEntity
  8
colores$celestedl
100
AcDbCircle
 10
233.1169622240801
 20
-54.5614227602401
 30
0.0
 40
0.2717281276159369
100
AcDbArc
 50
180.0000000000015
 51
270.0
  0
POLYLINE
  5
1BF
330
1F
100
AcDbEntity
  8
colores$celestedl
100
AcDb2dPolyline
 66
     1
 10
0.0
 20
0.0
 30
0.0
  0
VERTEX
  5
1C0
330
1BF
100
AcDbEntity
  8
colores$celestedl
100
AcDbVertex
100
AcDb2dVertex
 10
233.1169622240801
 20
-54.83315088785604
 30
0.0
  0
VERTEX
  5
1C1
330
1BF
100
AcDbEntity
  8
colores$celestedl
100
AcDbVertex
100
AcDb2dVertex
 10
234.222195475879
 20
-54.83315088785604
 30
0.0
  0
VERTEX
  5
1C2
330
1BF
100
AcDbEntity
  8
colores$celestedl
100
AcDbVertex
100
AcDb2dVertex
 10
234.4292626929636
 20
-55.03868427370298
 30
0.0
  0
VERTEX
  5
1C3
330
1BF
100
AcDbEntity
  8
colores$celestedl
100
AcDbVertex
100
AcDb2dVertex
 10
233.1169622240801
 20
-55.03868427370298
 30
0.0
  0
SEQEND
  5
1C4
330
1BF
100
AcDbEntity
  8
colores$celestedl
  0
POLYLINE
  5
1C5
330
1F
100
AcDbEntity
  8
colores$celestedl
100
AcDb2dPolyline
 66
     1
 10
0.0
 20
0.0
 30
0.0
 70
     1
  0
VERTEX
  5
1C6
330
1C5
100
AcDbEntity
  8
colores$celestedl
100
AcDbVertex
100
AcDb2dVertex
 10
232.8452340964642
 20
-53.46638922236281
 30
0.0
  0
VERTEX
  5
1C7
330
1C5
100
AcDbEntity
  8
colores$celestedl
100
AcDbVertex
100
AcDb2dVertex
 10
232.8452340964642
 20
-53.75598277663553
 30
0.0
  0
VERTEX
  5
1C8
330
1C5
100
AcDbEntity
  8
colores$celestedl
100
AcDbVertex
100
AcDb2dVertex
 10
233.9304407756789
 20
-54.83315088785604
 30
0.0
  0
VERTEX
  5
1C9
330
1C5
100
AcDbEntity
  8
colores$celestedl
100
AcDbVertex
100
AcDb2dVertex
 10
234.222195475879
 20
-54.83315088785604
 30
0.0
  0
SEQEND
  5
1CA
330
1C5
100
AcDbEntity
  8
colores$celestedl
  0
POLYLINE
  5
1CB
330
1F
100
AcDbEntity
  8
colores$celestedl
100
AcDb2dPolyline
 66
     1
 10
0.0
 20
0.0
 30
0.0
 70
     1
  0
VERTEX
  5
1CC
330
1CB
100
AcDbEntity
  8
colores$celestedl
100
AcDbVertex
100
AcDb2dVertex
 10
228.4748040075289
 20
-59.81337924932685
 30
0.0
  0
VERTEX
  5
1CD
330
1CB
100
AcDbEntity
  8
colores$celestedl
100
AcDbVertex
100
AcDb2dVertex
 10
232.4843393131974
 20
-59.81337924932685
 30
0.0
  0
VERTEX
  5
1CE
330
1CB
100
AcDbEntity
  8
colores$celestedl
100
AcDbVertex
100
AcDb2dVertex
 10
232.4843393131974
 20
-58.12773787592334
 30
0.0
  0
VERTEX
  5
1CF
330
1CB
100
AcDbEntity
  8
colores$celestedl
100
AcDbVertex
100
AcDb2dVertex
 10
228.4748040075289
 20
-58.12773787592334
 30
0.0
  0
SEQEND
  5
1D0
330
1CB
100
AcDbEntity
  8
colores$celestedl
  0
POLYLINE
  5
1D1
330
1F
100
AcDbEntity
  8
colores$moradomp4
100
AcDb2dPolyline
 66
     1
 10
0.0
 20
0.0
 30
0.0
 70
     1
  0
VERTEX
  5
1D2
330
1D1
100
AcDbEntity
  8
colores$moradomp4
100
AcDbVertex
100
AcDb2dVertex
 10
197.7894963632029
 20
-43.84240757349231
 30
0.0
  0
VERTEX
  5
1D3
330
1D1
100
AcDbEntity
  8
colores$moradomp4
100
AcDbVertex
100
AcDb2dVertex
 10
198.3418403555679
 20
-43.58203523027451
 30
0.0
  0
VERTEX
  5
1D4
330
1D1
100
AcDbEntity
  8
colores$moradomp4
100
AcDbVertex
100
AcDb2dVertex
 10
197.7894963632029
 20
-43.3216628870567
 30
0.0
  0
SEQEND
  5
1D5
330
1D1
100
AcDbEntity
  8
colores$moradomp4
  0
POLYLINE
  5
1D6
330
1F
100
AcDbEntity
  8
colores$moradomp4
100
AcDb2dPolyline
 66
     1
 10
0.0
 20
0.0
 30
0.0
 70
     1
  0
VERTEX
  5
1D7
330
1D6
100
AcDbEntity
  8
colores$moradomp4
100
AcDbVertex
100
AcDb2dVertex
 10
197.583962977356
 20
-44.16651993509362
 30
0.0
  0
VERTEX
  5
1D8
330
1D6
100
AcDbEntity
  8
colores$moradomp4
100
AcDbVertex
100
AcDb2dVertex
 10
198.8238666143794
 20
-43.58203523027451
 30
0.0
  0
VERTEX
  5
1D9
330
1D6
100
AcDbEntity
  8
colores$moradomp4
100
AcDbVertex
100
AcDb2dVertex
 10
197.583962977356
 20
-42.99755052545539
 30
0.0
  0
SEQEND
  5
1DA
330
1D6
100
AcDbEntity
  8
colores$moradomp4
  0
CIRCLE
  5
1DB
330
1F
100
AcDbEntity
  8
colores$moradomp4
100
AcDbCircle
 10
198.06615313441
 20
-43.58203523027451
 30
0.0
 40
0.7577134799693681
  0
CIRCLE
  5
1DC
330
1F
100
AcDbEntity
  8
colores$moradomp4
100
AcDbCircle
 10
198.06615313441
 20
-43.58203523027451
 30
0.0
 40
0.9632468658162967
  0
POLYLINE
  5
1DD
330
1F
100
AcDbEntity
  8
dos
100
AcDb2dPolyline
 66
     1
 10
0.0
 20
0.0
 30
0.0
 70
     1
  0
VERTEX
  5
1DE
330
1DD
100
AcDbEntity
  8
dos
100
AcDbVertex
100
AcDb2dVertex
 10
190.0542377046784
 20
-47.91658901281981
 30
0.0
  0
VERTEX
  5
1DF
330
1DD
100
AcDbEntity
  8
dos
100
AcDbVertex
100
AcDb2dVertex
 10
206.0542377046784
 20
-47.91658901281981
 30
0.0
  0
VERTEX
  5
1E0
330
1DD
100
AcDbEntity
  8
dos
100
AcDbVertex
100
AcDb2dVertex
 10
206.0542377046784
 20
-38.91658901281981
 30
0.0
  0
VERTEX
  5
1E1
330
1DD
100
AcDbEntity
  8
dos
100
AcDbVertex
100
AcDb2dVertex
 10
190.0542377046784
 20
-38.91658901281981
 30
0.0
  0
SEQEND
  5
1E2
330
1DD
100
AcDbEntity
  8
dos
  0
ARC
  5
1E3
330
1F
100
AcDbEntity
  8
colores$moradomp4
100
AcDbCircle
 10
196.1573320047444
 20
-40.73846397496489
 30
0.0
 40
0.4772615134628646
100
AcDbArc
 50
90.0
 51
180.0000000000009
  0
POLYLINE
  5
1E4
330
1F
100
AcDbEntity
  8
colores$moradomp4
100
AcDb2dPolyline
 66
     1
 10
0.0
 20
0.0
 30
0.0
  0
VERTEX
  5
1E5
330
1E4
100
AcDbEntity
  8
colores$moradomp4
100
AcDbVertex
100
AcDb2dVertex
 10
195.6800704912816
 20
-40.73846397496489
 30
0.0
  0
VERTEX
  5
1E6
330
1E4
100
AcDbEntity
  8
colores$moradomp4
100
AcDbVertex
100
AcDb2dVertex
 10
195.6800704912816
 20
-46.08054792296148
 30
0.0
  0
SEQEND
  5
1E7
330
1E4
100
AcDbEntity
  8
colores$moradomp4
  0
ARC
  5
1E8
330
1F
100
AcDbEntity
  8
colores$moradomp4
100
AcDbCircle
 10
196.1573320047444
 20
-46.08054792296148
 30
0.0
 40
0.4772615134628646
100
AcDbArc
 50
180.0
 51
270.0
  0
POLYLINE
  5
1E9
330
1F
100
AcDbEntity
  8
colores$moradomp4
100
AcDb2dPolyline
 66
     1
 10
0.0
 20
0.0
 30
0.0
  0
VERTEX
  5
1EA
330
1E9
100
AcDbEntity
  8
colores$moradomp4
100
AcDbVertex
100
AcDb2dVertex
 10
196.1573320047444
 20
-46.55780943642434
 30
0.0
  0
VERTEX
  5
1EB
330
1E9
100
AcDbEntity
  8
colores$moradomp4
100
AcDbVertex
100
AcDb2dVertex
 10
199.9749742640756
 20
-46.55780943642434
 30
0.0
  0
SEQEND
  5
1EC
330
1E9
100
AcDbEntity
  8
colores$moradomp4
  0
ARC
  5
1ED
330
1F
100
AcDbEntity
  8
colores$moradomp4
100
AcDbCircle
 10
199.9749742640756
 20
-46.08054792296148
 30
0.0
 40
0.4772615134628646
100
AcDbArc
 50
270.0
 51
0.0
  0
POLYLINE
  5
1EE
330
1F
100
AcDbEntity
  8
colores$moradomp4
100
AcDb2dPolyline
 66
     1
 10
0.0
 20
0.0
 30
0.0
  0
VERTEX
  5
1EF
330
1EE
100
AcDbEntity
  8
colores$moradomp4
100
AcDbVertex
100
AcDb2dVertex
 10
200.4522357775385
 20
-46.08054792296148
 30
0.0
  0
VERTEX
  5
1F0
330
1EE
100
AcDbEntity
  8
colores$moradomp4
100
AcDbVertex
100
AcDb2dVertex
 10
200.4522357775385
 20
-42.03750842916433
 30
0.0
  0
VERTEX
  5
1F1
330
1EE
100
AcDbEntity
  8
colores$moradomp4
100
AcDbVertex
100
AcDb2dVertex
 10
200.2467023916915
 20
-42.03750842916433
 30
0.0
  0
VERTEX
  5
1F2
330
1EE
100
AcDbEntity
  8
colores$moradomp4
100
AcDbVertex
100
AcDb2dVertex
 10
200.2467023916915
 20
-46.08054792296148
 30
0.0
  0
SEQEND
  5
1F3
330
1EE
100
AcDbEntity
  8
colores$moradomp4
  0
ARC
  5
1F4
330
1F
100
AcDbEntity
  8
colores$moradomp4
100
AcDbCircle
 10
-199.9749742640756
 20
-46.08054792296148
 30
0.0
 40
0.2717281276159333
210
0.0
220
0.0
230
-1.0
100
AcDbArc
 50
180.0
 51
270.0
  0
LINE
  5
1F5
330
1F
100
AcDbEntity
  8
colores$moradomp4
100
AcDbLine
 10
199.9749742640756
 20
-46.35227605057742
 30
0.0
 11
196.1573320047444
 21
-46.35227605057742
 31
0.0
  0
ARC
  5
1F6
330
1F
100
AcDbEntity
  8
colores$moradomp4
100
AcDbCircle
 10
-196.1573320047444
 20
-46.08054792296147
 30
0.0
 40
0.271728127615944
210
0.0
220
0.0
230
-1.0
100
AcDbArc
 50
270.000000000006
 51
359.999999999997
  0
LINE
  5
1F7
330
1F
100
AcDbEntity
  8
colores$moradomp4
100
AcDbLine
 10
195.8856038771285
 20
-46.08054792296148
 30
0.0
 11
195.8856038771285
 21
-40.73846397496489
 31
0.0
  0
ARC
  5
1F8
330
1F
100
AcDbEntity
  8
colores$moradomp4
100
AcDbCircle
 10
-196.1573320047444
 20
-40.73846397496489
 30
0.0
 40
0.2717281276159298
210
0.0
220
0.0
230
-1.0
100
AcDbArc
 50
359.999999999997
 51
90.0
  0
POLYLINE
  5
1F9
330
1F
100
AcDbEntity
  8
colores$moradomp4
100
AcDb2dPolyline
 66
     1
 10
0.0
 20
0.0
 30
0.0
  0
VERTEX
  5
1FA
330
1F9
100
AcDbEntity
  8
colores$moradomp4
100
AcDbVertex
100
AcDb2dVertex
 10
196.1573320047444
 20
-40.46673584734896
 30
0.0
  0
VERTEX
  5
1FB
330
1F9
100
AcDbEntity
  8
colores$moradomp4
100
AcDbVertex
100
AcDb2dVertex
 10
198.6626737951921
 20
-40.46673584734896
 30
0.0
  0
VERTEX
  5
1FC
330
1F9
100
AcDbEntity
  8
colores$moradomp4
100
AcDbVertex
100
AcDb2dVertex
 10
198.6626737951921
 20
-40.26120246150203
 30
0.0
  0
VERTEX
  5
1FD
330
1F9
100
AcDbEntity
  8
colores$moradomp4
100
AcDbVertex
100
AcDb2dVertex
 10
196.1573320047444
 20
-40.26120246150203
 30
0.0
  0
SEQEND
  5
1FE
330
1F9
100
AcDbEntity
  8
colores$moradomp4
  0
SPLINE
  5
1FF
330
1F
100
AcDbEntity
  8
colores$moradomp4
100
AcDbSpline
210
0.0
220
0.0
230
1.0
 70
    12
 71
     2
 72
     6
 73
     3
 74
     0
 42
0.0000000001
 43
0.0000000001
 40
-1.947038791872817
 40
-1.947038791872817
 40
-1.947038791872817
 40
-1.197358159604777
 40
-1.197358159604777
 40
-1.197358159604777
 10
199.139935308655
 20
-42.03750842916433
 30
0.0
 41
1.0
 10
198.6626737951921
 20
-42.03750842916432
 30
0.0
 41
0.7071067811865476
 10
198.6626737951921
 20
-41.56024691570146
 30
0.0
 41
1.0
  0
POLYLINE
  5
200
330
1F
100
AcDbEntity
  8
colores$moradomp4
100
AcDb2dPolyline
 66
     1
 10
0.0
 20
0.0
 30
0.0
  0
VERTEX
  5
201
330
200
100
AcDbEntity
  8
colores$moradomp4
100
AcDbVertex
100
AcDb2dVertex
 10
198.6626737951921
 20
-41.56024691570146
 30
0.0
  0
VERTEX
  5
202
330
200
100
AcDbEntity
  8
colores$moradomp4
100
AcDbVertex
100
AcDb2dVertex
 10
198.6626737951921
 20
-40.26120246150203
 30
0.0
  0
VERTEX
  5
203
330
200
100
AcDbEntity
  8
colores$moradomp4
100
AcDbVertex
100
AcDb2dVertex
 10
198.8682071810391
 20
-40.46521337782416
 30
0.0
  0
VERTEX
  5
204
330
200
100
AcDbEntity
  8
colores$moradomp4
100
AcDbVertex
100
AcDb2dVertex
 10
198.8682071810391
 20
-41.56024691570146
 30
0.0
  0
SEQEND
  5
205
330
200
100
AcDbEntity
  8
colores$moradomp4
  0
ARC
  5
206
330
1F
100
AcDbEntity
  8
colores$moradomp4
100
AcDbCircle
 10
199.139935308655
 20
-41.56024691570145
 30
0.0
 40
0.2717281276159369
100
AcDbArc
 50
180.0000000000015
 51
270.0
  0
POLYLINE
  5
207
330
1F
100
AcDbEntity
  8
colores$moradomp4
100
AcDb2dPolyline
 66
     1
 10
0.0
 20
0.0
 30
0.0
  0
VERTEX
  5
208
330
207
100
AcDbEntity
  8
colores$moradomp4
100
AcDbVertex
100
AcDb2dVertex
 10
199.139935308655
 20
-41.83197504331739
 30
0.0
  0
VERTEX
  5
209
330
207
100
AcDbEntity
  8
colores$moradomp4
100
AcDbVertex
100
AcDb2dVertex
 10
200.2451685604539
 20
-41.83197504331739
 30
0.0
  0
VERTEX
  5
20A
330
207
100
AcDbEntity
  8
colores$moradomp4
100
AcDbVertex
100
AcDb2dVertex
 10
200.4522357775385
 20
-42.03750842916433
 30
0.0
  0
VERTEX
  5
20B
330
207
100
AcDbEntity
  8
colores$moradomp4
100
AcDbVertex
100
AcDb2dVertex
 10
199.139935308655
 20
-42.03750842916433
 30
0.0
  0
SEQEND
  5
20C
330
207
100
AcDbEntity
  8
colores$moradomp4
  0
POLYLINE
  5
20D
330
1F
100
AcDbEntity
  8
colores$moradomp4
100
AcDb2dPolyline
 66
     1
 10
0.0
 20
0.0
 30
0.0
 70
     1
  0
VERTEX
  5
20E
330
20D
100
AcDbEntity
  8
colores$moradomp4
100
AcDbVertex
100
AcDb2dVertex
 10
198.8682071810391
 20
-40.46521337782416
 30
0.0
  0
VERTEX
  5
20F
330
20D
100
AcDbEntity
  8
colores$moradomp4
100
AcDbVertex
100
AcDb2dVertex
 10
198.8682071810391
 20
-40.75480693209688
 30
0.0
  0
VERTEX
  5
210
330
20D
100
AcDbEntity
  8
colores$moradomp4
100
AcDbVertex
100
AcDb2dVertex
 10
199.9534138602538
 20
-41.83197504331739
 30
0.0
  0
VERTEX
  5
211
330
20D
100
AcDbEntity
  8
colores$moradomp4
100
AcDbVertex
100
AcDb2dVertex
 10
200.2451685604539
 20
-41.83197504331739
 30
0.0
  0
SEQEND
  5
212
330
20D
100
AcDbEntity
  8
colores$moradomp4
  0
POLYLINE
  5
213
330
1F
100
AcDbEntity
  8
colores$moradomp4
100
AcDb2dPolyline
 66
     1
 10
0.0
 20
0.0
 30
0.0
 70
     1
  0
VERTEX
  5
214
330
213
100
AcDbEntity
  8
colores$moradomp4
100
AcDbVertex
100
AcDb2dVertex
 10
194.4977770921037
 20
-46.8122034047882
 30
0.0
  0
VERTEX
  5
215
330
213
100
AcDbEntity
  8
colores$moradomp4
100
AcDbVertex
100
AcDb2dVertex
 10
198.5073123977723
 20
-46.8122034047882
 30
0.0
  0
VERTEX
  5
216
330
213
100
AcDbEntity
  8
colores$moradomp4
100
AcDbVertex
100
AcDb2dVertex
 10
198.5073123977723
 20
-45.12656203138469
 30
0.0
  0
VERTEX
  5
217
330
213
100
AcDbEntity
  8
colores$moradomp4
100
AcDbVertex
100
AcDb2dVertex
 10
194.4977770921037
 20
-45.12656203138469
 30
0.0
  0
SEQEND
  5
218
330
213
100
AcDbEntity
  8
colores$moradomp4
  0
SPLINE
  5
21A
330
1F
100
AcDbEntity
  8
colores$rojopdf
100
AcDbSpline
210
0.0
220
0.0
230
1.0
 70
     8
 71
     3
 72
     8
 73
     4
 74
     0
 42
0.0000000001
 43
0.0000000001
 40
0.0
 40
0.0
 40
0.0
 40
0.0
 40
0.4635892367745768
 40
0.4635892367745768
 40
0.4635892367745768
 40
0.4635892367745768
 10
214.4450131369842
 20
-57.12090343130392
 30
0.0
 10
214.2185192250523
 20
-57.34739734323579
 30
0.0
 10
214.1377159916063
 20
-57.46370502774135
 30
0.0
 10
214.1329858496516
 20
-57.53838909003668
 30
0.0
  0
SPLINE
  5
21B
330
1F
100
AcDbEntity
  8
colores$rojopdf
100
AcDbSpline
210
0.0
220
0.0
230
1.0
 70
     8
 71
     3
 72
    10
 73
     6
 74
     0
 42
0.0000000001
 43
0.0000000001
 40
0.0
 40
0.0
 40
0.0
 40
0.0
 40
0.2033818108807277
 40
0.4067636217614555
 40
0.6101454326421832
 40
0.6101454326421832
 40
0.6101454326421832
 40
0.6101454326421832
 10
214.0958970664196
 20
-57.56941416789499
 30
0.0
 10
214.0165111414374
 20
-57.54205967835562
 30
0.0
 10
214.0348755126751
 20
-57.45758357066211
 30
0.0
 10
214.1254730774479
 20
-57.34739734323579
 30
0.0
 10
214.3140139554885
 20
-57.1919123334231
 30
0.0
 10
214.4450131369842
 20
-57.12090343130392
 30
0.0
  0
SPLINE
  5
21C
330
1F
100
AcDbEntity
  8
colores$rojopdf
100
AcDbSpline
210
0.0
220
0.0
230
1.0
 70
    24
 71
     1
 72
     4
 73
     2
 74
     0
 42
0.0000000001
 43
0.0000000001
 40
0.0
 40
0.0
 40
0.0682985002752014
 40
0.0682985002752014
 10
214.6274042158154
 20
-57.08011027451852
 30
0.0
 10
214.6667972669219
 20
-57.01154117183054
 30
0.0
  0
SPLINE
  5
21D
330
1F
100
AcDbEntity
  8
colores$rojopdf
100
AcDbSpline
210
0.0
220
0.0
230
1.0
 70
     8
 71
     3
 72
    11
 73
     7
 74
     0
 42
0.0000000001
 43
0.0000000001
 40
0.0
 40
0.0
 40
0.0
 40
0.0
 40
0.3280044871715388
 40
0.6560089743430776
 40
0.9840134615146163
 40
1.312017948686155
 40
1.312017948686155
 40
1.312017948686155
 40
1.312017948686155
 10
216.095298752186
 20
-56.93617371188004
 30
0.0
 10
216.0717728839224
 20
-56.90031545410715
 30
0.0
 10
215.9462689817174
 20
-56.86146900818654
 30
0.0
 10
215.5868783333293
 20
-56.8597251070338
 30
0.0
 10
215.2462971118037
 20
-56.91755965408533
 30
0.0
 10
214.6881342650841
 20
-57.06036955488145
 30
0.0
 10
214.6274042158154
 20
-57.08011027451852
 30
0.0
  0
SPLINE
  5
21E
330
1F
100
AcDbEntity
  8
colores$rojopdf
100
AcDbSpline
210
0.0
220
0.0
230
1.0
 70
     8
 71
     3
 72
    17
 73
    13
 74
     0
 42
0.0000000001
 43
0.0000000001
 40
0.0
 40
0.0
 40
0.0
 40
0.0
 40
0.1794709918576258
 40
0.3589419837152516
 40
0.5384129755728774
 40
0.7178839674305032
 40
0.897354959288129
 40
1.076825951145755
 40
1.256296943003381
 40
1.435767934861006
 40
1.615238926718632
 40
1.794709918576258
 40
1.794709918576258
 40
1.794709918576258
 40
1.794709918576258
 10
214.9570911519623
 20
-55.60433224423641
 30
0.0
 10
214.9253502634033
 20
-55.64665342898177
 30
0.0
 10
214.914769967217
 20
-55.8083808135444
 30
0.0
 10
214.9449993848922
 20
-56.03963585876013
 30
0.0
 10
215.0048757254053
 20
-56.27691961395292
 30
0.0
 10
215.0880810863383
 20
-56.43988095803581
 30
0.0
 10
215.1986596603676
 20
-56.59192649732609
 30
0.0
 10
215.3829572837498
 20
-56.76700923953914
 30
0.0
 10
215.6133293129775
 20
-56.89601757590666
 30
0.0
 10
215.8367901813283
 20
-56.97895150642863
 30
0.0
 10
215.9950436197258
 20
-56.9923933282268
 30
0.0
 10
216.0462697022585
 20
-56.98428253182579
 30
0.0
 10
216.0867664548072
 20
-56.96077695487367
 30
0.0
  0
SPLINE
  5
21F
330
1F
100
AcDbEntity
  8
colores$rojopdf
100
AcDbSpline
210
0.0
220
0.0
230
1.0
 70
     8
 71
     3
 72
     8
 73
     4
 74
     0
 42
0.0000000001
 43
0.0000000001
 40
0.0
 40
0.0
 40
0.0
 40
0.0
 40
0.244406779257771
 40
0.244406779257771
 40
0.244406779257771
 40
0.244406779257771
 10
215.054281785614
 20
-55.85376125232587
 30
0.0
 10
215.054281785614
 20
-55.72978432758872
 30
0.0
 10
214.9873205696376
 20
-55.63607313279542
 30
0.0
 10
214.9570911519623
 20
-55.60433224423641
 30
0.0
  0
SPLINE
  5
220
330
1F
100
AcDbEntity
  8
colores$rojopdf
100
AcDbSpline
210
0.0
220
0.0
230
1.0
 70
     8
 71
     3
 72
    11
 73
     7
 74
     0
 42
0.0000000001
 43
0.0000000001
 40
0.0
 40
0.0
 40
0.0
 40
0.0
 40
0.1080435352073417
 40
0.2160870704146834
 40
0.3241306056220251
 40
0.4321741408293668
 40
0.4321741408293668
 40
0.4321741408293668
 40
0.4321741408293668
 10
214.8581156322594
 20
-55.62120626640148
 30
0.0
 10
214.8788420070306
 20
-55.56050759742882
 30
0.0
 10
214.946510855776
 20
-55.5514307633047
 30
0.0
 10
214.9918549822889
 20
-55.56956841390986
 30
0.0
 10
215.0462679341044
 20
-55.62120626640148
 30
0.0
 10
215.087077647966
 20
-55.76605962879904
 30
0.0
 10
215.054281785614
 20
-55.85376125232587
 30
0.0
  0
SPLINE
  5
221
330
1F
100
AcDbEntity
  8
colores$rojopdf
100
AcDbSpline
210
0.0
220
0.0
230
1.0
 70
     8
 71
     3
 72
     9
 73
     5
 74
     0
 42
0.0000000001
 43
0.0000000001
 40
0.0
 40
0.0
 40
0.0
 40
0.0
 40
0.8491179111689106
 40
1.698235822337821
 40
1.698235822337821
 40
1.698235822337821
 40
1.698235822337821
 10
215.0515143728456
 20
-55.88855158427067
 30
0.0
 10
214.8268305418705
 20
-56.50003289641827
 30
0.0
 10
214.6106790082741
 20
-56.93802416186352
 30
0.0
 10
214.3603982851625
 20
-57.35326263429864
 30
0.0
 10
214.0958970664196
 20
-57.56941416789499
 30
0.0
  0
SPLINE
  5
222
330
1F
100
AcDbEntity
  8
colores$rojopdf
100
AcDbSpline
210
0.0
220
0.0
230
1.0
 70
     8
 71
     3
 72
    12
 73
     8
 74
     0
 42
0.0000000001
 43
0.0000000001
 40
0.0
 40
0.0
 40
0.0
 40
0.0
 40
0.3583950340675341
 40
0.7167900681350682
 40
1.075185102202602
 40
1.433580136270136
 40
1.791975170337671
 40
1.791975170337671
 40
1.791975170337671
 40
1.791975170337671
 10
215.0515143728456
 20
-55.88855158427067
 30
0.0
 10
215.0316056789618
 20
-56.13883230738224
 30
0.0
 10
214.9206858130373
 20
-56.53416208593348
 30
0.0
 10
214.6135231074004
 20
-57.12857880332347
 30
0.0
 10
214.3490218886575
 20
-57.50115578886456
 30
0.0
 10
214.2125051305966
 20
-57.59216696090514
 30
0.0
 10
214.1158057603035
 20
-57.5864787626526
 30
0.0
 10
214.0958970664196
 20
-57.56941416789499
 30
0.0
  0
SPLINE
  5
223
330
1F
100
AcDbEntity
  8
colores$rojopdf
100
AcDbSpline
210
0.0
220
0.0
230
1.0
 70
     8
 71
     3
 72
    11
 73
     7
 74
     0
 42
0.0000000001
 43
0.0000000001
 40
0.0
 40
0.0
 40
0.0
 40
0.0
 40
0.3209168514137872
 40
0.6418337028275743
 40
0.9627505542413615
 40
1.283667405655149
 40
1.283667405655149
 40
1.283667405655149
 40
1.283667405655149
 10
216.095298752186
 20
-56.88114217933816
 30
0.0
 10
216.0099757783979
 20
-56.8071956020552
 30
0.0
 10
215.8876795159684
 20
-56.78444280904505
 30
0.0
 10
215.6089578015942
 20
-56.79297510642386
 30
0.0
 10
215.1908752300328
 20
-56.84985708894921
 30
0.0
 10
214.7528839645875
 20
-56.97784154963127
 30
0.0
 10
214.6675609907995
 20
-57.01197073914648
 30
0.0
  0
SPLINE
  5
224
330
1F
100
AcDbEntity
  8
colores$rojopdf
100
AcDbSpline
210
0.0
220
0.0
230
1.0
 70
     8
 71
     3
 72
    16
 73
    12
 74
     0
 42
0.0000000001
 43
0.0000000001
 40
0.0
 40
0.0
 40
0.0
 40
0.0
 40
0.2161888859608212
 40
0.4323777719216424
 40
0.6485666578824636
 40
0.8647555438432848
 40
1.080944429804106
 40
1.297133315764927
 40
1.513322201725748
 40
1.72951108768657
 40
1.945699973647391
 40
1.945699973647391
 40
1.945699973647391
 40
1.945699973647391
 10
214.8581156322594
 20
-55.62120626640148
 30
0.0
 10
214.8182982444917
 20
-55.73781433057847
 30
0.0
 10
214.8296746409968
 20
-55.89139568339693
 30
0.0
 10
214.8666479296382
 20
-56.1246118117509
 30
0.0
 10
214.9377504077949
 20
-56.34929564272607
 30
0.0
 10
215.0913317606134
 20
-56.62801735710032
 30
0.0
 10
215.3017950959572
 20
-56.83279249419162
 30
0.0
 10
215.6516192884882
 20
-57.00343844176768
 30
0.0
 10
215.8876795159684
 20
-57.07454091992438
 30
0.0
 10
216.0042875801454
 20
-57.06032042429303
 30
0.0
 10
216.0697018600495
 20
-57.02050303652529
 30
0.0
 10
216.0867664548072
 20
-56.96077695487367
 30
0.0
  0
SPLINE
  5
225
330
1F
100
AcDbEntity
  8
colores$rojopdf
100
AcDbSpline
210
0.0
220
0.0
230
1.0
 70
     8
 71
     2
 72
     6
 73
     3
 74
     0
 42
0.0000000001
 43
0.0000000001
 40
0.0
 40
0.0
 40
0.0
 40
0.0510438665424982
 40
0.0510438665424982
 40
0.0510438665424982
 10
216.0893693036636
 20
-56.89195558168122
 30
0.0
 10
216.0993246067086
 20
-56.91312047027382
 30
0.0
 10
216.0893693036636
 20
-56.94351917146201
 30
0.0
  0
POLYLINE
  5
226
330
1F
100
AcDbEntity
  8
colores$rojopdf
100
AcDb2dPolyline
 66
     1
 10
0.0
 20
0.0
 30
0.0
 70
     1
  0
VERTEX
  5
227
330
226
100
AcDbEntity
  8
colores$rojopdf
100
AcDbVertex
100
AcDb2dVertex
 10
211.4862905498163
 20
-59.81337924932685
 30
0.0
  0
VERTEX
  5
228
330
226
100
AcDbEntity
  8
colores$rojopdf
100
AcDbVertex
100
AcDb2dVertex
 10
215.4958258554848
 20
-59.81337924932685
 30
0.0
  0
VERTEX
  5
229
330
226
100
AcDbEntity
  8
colores$rojopdf
100
AcDbVertex
100
AcDb2dVertex
 10
215.4958258554848
 20
-58.12773787592334
 30
0.0
  0
VERTEX
  5
22A
330
226
100
AcDbEntity
  8
colores$rojopdf
100
AcDbVertex
100
AcDb2dVertex
 10
211.4862905498163
 20
-58.12773787592334
 30
0.0
  0
SEQEND
  5
22B
330
226
100
AcDbEntity
  8
colores$rojopdf
  0
POLYLINE
  5
22C
330
1F
100
AcDbEntity
  8
colores$rojopdf
100
AcDb2dPolyline
 66
     1
 10
0.0
 20
0.0
 30
0.0
 70
     1
  0
VERTEX
  5
22D
330
22C
100
AcDbEntity
  8
colores$rojopdf
100
AcDbVertex
100
AcDb2dVertex
 10
215.8567206387517
 20
-53.46638922236281
 30
0.0
  0
VERTEX
  5
22E
330
22C
100
AcDbEntity
  8
colores$rojopdf
100
AcDbVertex
100
AcDb2dVertex
 10
215.8567206387517
 20
-53.75598277663553
 30
0.0
  0
VERTEX
  5
22F
330
22C
100
AcDbEntity
  8
colores$rojopdf
100
AcDbVertex
100
AcDb2dVertex
 10
216.9419273179664
 20
-54.83315088785604
 30
0.0
  0
VERTEX
  5
230
330
22C
100
AcDbEntity
  8
colores$rojopdf
100
AcDbVertex
100
AcDb2dVertex
 10
217.2336820181665
 20
-54.83315088785604
 30
0.0
  0
SEQEND
  5
231
330
22C
100
AcDbEntity
  8
colores$rojopdf
  0
SPLINE
  5
232
330
1F
100
AcDbEntity
  8
colores$rojopdf
100
AcDbSpline
210
0.0
220
0.0
230
1.0
 70
    12
 71
     2
 72
     6
 73
     3
 74
     0
 42
0.0000000001
 43
0.0000000001
 40
-1.947038791872817
 40
-1.947038791872817
 40
-1.947038791872817
 40
-1.197358159604777
 40
-1.197358159604777
 40
-1.197358159604777
 10
216.1284487663676
 20
-55.03868427370298
 30
0.0
 41
1.0
 10
215.6511872529047
 20
-55.03868427370298
 30
0.0
 41
0.7071067811865476
 10
215.6511872529047
 20
-54.56142276024011
 30
0.0
 41
1.0
  0
POLYLINE
  5
233
330
1F
100
AcDbEntity
  8
colores$rojopdf
100
AcDb2dPolyline
 66
     1
 10
0.0
 20
0.0
 30
0.0
  0
VERTEX
  5
234
330
233
100
AcDbEntity
  8
colores$rojopdf
100
AcDbVertex
100
AcDb2dVertex
 10
215.6511872529047
 20
-54.56142276024011
 30
0.0
  0
VERTEX
  5
235
330
233
100
AcDbEntity
  8
colores$rojopdf
100
AcDbVertex
100
AcDb2dVertex
 10
215.6511872529047
 20
-53.26237830604068
 30
0.0
  0
VERTEX
  5
236
330
233
100
AcDbEntity
  8
colores$rojopdf
100
AcDbVertex
100
AcDb2dVertex
 10
215.8567206387517
 20
-53.46638922236281
 30
0.0
  0
VERTEX
  5
237
330
233
100
AcDbEntity
  8
colores$rojopdf
100
AcDbVertex
100
AcDb2dVertex
 10
215.8567206387517
 20
-54.56142276024011
 30
0.0
  0
SEQEND
  5
238
330
233
100
AcDbEntity
  8
colores$rojopdf
  0
ARC
  5
239
330
1F
100
AcDbEntity
  8
colores$rojopdf
100
AcDbCircle
 10
216.1284487663676
 20
-54.5614227602401
 30
0.0
 40
0.2717281276159369
100
AcDbArc
 50
180.0000000000015
 51
270.0
  0
POLYLINE
  5
23A
330
1F
100
AcDbEntity
  8
colores$rojopdf
100
AcDb2dPolyline
 66
     1
 10
0.0
 20
0.0
 30
0.0
  0
VERTEX
  5
23B
330
23A
100
AcDbEntity
  8
colores$rojopdf
100
AcDbVertex
100
AcDb2dVertex
 10
216.1284487663676
 20
-54.83315088785604
 30
0.0
  0
VERTEX
  5
23C
330
23A
100
AcDbEntity
  8
colores$rojopdf
100
AcDbVertex
100
AcDb2dVertex
 10
217.2336820181665
 20
-54.83315088785604
 30
0.0
  0
VERTEX
  5
23D
330
23A
100
AcDbEntity
  8
colores$rojopdf
100
AcDbVertex
100
AcDb2dVertex
 10
217.440749235251
 20
-55.03868427370298
 30
0.0
  0
VERTEX
  5
23E
330
23A
100
AcDbEntity
  8
colores$rojopdf
100
AcDbVertex
100
AcDb2dVertex
 10
216.1284487663676
 20
-55.03868427370298
 30
0.0
  0
SEQEND
  5
23F
330
23A
100
AcDbEntity
  8
colores$rojopdf
  0
ARC
  5
240
330
1F
100
AcDbEntity
  8
colores$rojopdf
100
AcDbCircle
 10
213.145845462457
 20
-53.73963981950354
 30
0.0
 40
0.4772615134628646
100
AcDbArc
 50
90.0
 51
180.0000000000009
  0
POLYLINE
  5
241
330
1F
100
AcDbEntity
  8
colores$rojopdf
100
AcDb2dPolyline
 66
     1
 10
0.0
 20
0.0
 30
0.0
  0
VERTEX
  5
242
330
241
100
AcDbEntity
  8
colores$rojopdf
100
AcDbVertex
100
AcDb2dVertex
 10
212.6685839489941
 20
-53.73963981950354
 30
0.0
  0
VERTEX
  5
243
330
241
100
AcDbEntity
  8
colores$rojopdf
100
AcDbVertex
100
AcDb2dVertex
 10
212.6685839489941
 20
-59.08172376750013
 30
0.0
  0
SEQEND
  5
244
330
241
100
AcDbEntity
  8
colores$rojopdf
  0
ARC
  5
245
330
1F
100
AcDbEntity
  8
colores$rojopdf
100
AcDbCircle
 10
213.145845462457
 20
-59.08172376750013
 30
0.0
 40
0.4772615134628646
100
AcDbArc
 50
180.0
 51
270.0
  0
POLYLINE
  5
246
330
1F
100
AcDbEntity
  8
colores$rojopdf
100
AcDb2dPolyline
 66
     1
 10
0.0
 20
0.0
 30
0.0
  0
VERTEX
  5
247
330
246
100
AcDbEntity
  8
colores$rojopdf
100
AcDbVertex
100
AcDb2dVertex
 10
213.145845462457
 20
-59.55898528096299
 30
0.0
  0
VERTEX
  5
248
330
246
100
AcDbEntity
  8
colores$rojopdf
100
AcDbVertex
100
AcDb2dVertex
 10
216.9634877217882
 20
-59.55898528096299
 30
0.0
  0
SEQEND
  5
249
330
246
100
AcDbEntity
  8
colores$rojopdf
  0
ARC
  5
24A
330
1F
100
AcDbEntity
  8
colores$rojopdf
100
AcDbCircle
 10
216.9634877217882
 20
-59.08172376750013
 30
0.0
 40
0.4772615134628646
100
AcDbArc
 50
270.0
 51
0.0
  0
POLYLINE
  5
24B
330
1F
100
AcDbEntity
  8
colores$rojopdf
100
AcDb2dPolyline
 66
     1
 10
0.0
 20
0.0
 30
0.0
  0
VERTEX
  5
24C
330
24B
100
AcDbEntity
  8
colores$rojopdf
100
AcDbVertex
100
AcDb2dVertex
 10
217.440749235251
 20
-59.08172376750013
 30
0.0
  0
VERTEX
  5
24D
330
24B
100
AcDbEntity
  8
colores$rojopdf
100
AcDbVertex
100
AcDb2dVertex
 10
217.440749235251
 20
-55.03868427370298
 30
0.0
  0
VERTEX
  5
24E
330
24B
100
AcDbEntity
  8
colores$rojopdf
100
AcDbVertex
100
AcDb2dVertex
 10
217.2352158494041
 20
-55.03868427370298
 30
0.0
  0
VERTEX
  5
24F
330
24B
100
AcDbEntity
  8
colores$rojopdf
100
AcDbVertex
100
AcDb2dVertex
 10
217.2352158494041
 20
-59.08172376750013
 30
0.0
  0
SEQEND
  5
250
330
24B
100
AcDbEntity
  8
colores$rojopdf
  0
ARC
  5
251
330
1F
100
AcDbEntity
  8
colores$rojopdf
100
AcDbCircle
 10
-216.9634877217882
 20
-59.08172376750013
 30
0.0
 40
0.2717281276159333
210
0.0
220
0.0
230
-1.0
100
AcDbArc
 50
180.0
 51
270.0
  0
LINE
  5
252
330
1F
100
AcDbEntity
  8
colores$rojopdf
100
AcDbLine
 10
216.9634877217882
 20
-59.35345189511607
 30
0.0
 11
213.145845462457
 21
-59.35345189511607
 31
0.0
  0
ARC
  5
253
330
1F
100
AcDbEntity
  8
colores$rojopdf
100
AcDbCircle
 10
-213.145845462457
 20
-59.08172376750013
 30
0.0
 40
0.271728127615944
210
0.0
220
0.0
230
-1.0
100
AcDbArc
 50
270.000000000006
 51
359.9999999999985
  0
LINE
  5
254
330
1F
100
AcDbEntity
  8
colores$rojopdf
100
AcDbLine
 10
212.8741173348411
 20
-59.08172376750013
 30
0.0
 11
212.8741173348411
 21
-53.73963981950354
 31
0.0
  0
ARC
  5
255
330
1F
100
AcDbEntity
  8
colores$rojopdf
100
AcDbCircle
 10
-213.145845462457
 20
-53.73963981950354
 30
0.0
 40
0.2717281276159298
210
0.0
220
0.0
230
-1.0
100
AcDbArc
 50
359.9999999999985
 51
90.0
  0
POLYLINE
  5
256
330
1F
100
AcDbEntity
  8
colores$rojopdf
100
AcDb2dPolyline
 66
     1
 10
0.0
 20
0.0
 30
0.0
  0
VERTEX
  5
257
330
256
100
AcDbEntity
  8
colores$rojopdf
100
AcDbVertex
100
AcDb2dVertex
 10
213.145845462457
 20
-53.46791169188761
 30
0.0
  0
VERTEX
  5
258
330
256
100
AcDbEntity
  8
colores$rojopdf
100
AcDbVertex
100
AcDb2dVertex
 10
215.6511872529047
 20
-53.46791169188761
 30
0.0
  0
VERTEX
  5
259
330
256
100
AcDbEntity
  8
colores$rojopdf
100
AcDbVertex
100
AcDb2dVertex
 10
215.6511872529047
 20
-53.26237830604068
 30
0.0
  0
VERTEX
  5
25A
330
256
100
AcDbEntity
  8
colores$rojopdf
100
AcDbVertex
100
AcDb2dVertex
 10
213.145845462457
 20
-53.26237830604068
 30
0.0
  0
SEQEND
  5
25B
330
256
100
AcDbEntity
  8
colores$rojopdf
  0
POLYLINE
  5
25C
330
1F
100
AcDbEntity
  8
dos
100
AcDb2dPolyline
 66
     1
 10
0.0
 20
0.0
 30
0.0
 70
     1
  0
VERTEX
  5
25D
330
25C
100
AcDbEntity
  8
dos
100
AcDbVertex
100
AcDb2dVertex
 10
207.042751162391
 20
-60.91776485735846
 30
0.0
  0
VERTEX
  5
25E
330
25C
100
AcDbEntity
  8
dos
100
AcDbVertex
100
AcDb2dVertex
 10
223.042751162391
 20
-60.91776485735846
 30
0.0
  0
VERTEX
  5
25F
330
25C
100
AcDbEntity
  8
dos
100
AcDbVertex
100
AcDb2dVertex
 10
223.042751162391
 20
-51.91776485735846
 30
0.0
  0
VERTEX
  5
260
330
25C
100
AcDbEntity
  8
dos
100
AcDbVertex
100
AcDb2dVertex
 10
207.042751162391
 20
-51.91776485735846
 30
0.0
  0
SEQEND
  5
261
330
25C
100
AcDbEntity
  8
dos
  0
POLYLINE
  5
263
330
1F
100
AcDbEntity
  8
colores$azulifc
100
AcDb2dPolyline
 66
     1
 10
0.0
 20
0.0
 30
0.0
 70
     1
  0
VERTEX
  5
264
330
263
100
AcDbEntity
  8
colores$azulifc
100
AcDbVertex
100
AcDb2dVertex
 10
194.4977770921037
 20
-59.81337924932685
 30
0.0
  0
VERTEX
  5
265
330
263
100
AcDbEntity
  8
colores$azulifc
100
AcDbVertex
100
AcDb2dVertex
 10
198.5073123977723
 20
-59.81337924932685
 30
0.0
  0
VERTEX
  5
266
330
263
100
AcDbEntity
  8
colores$azulifc
100
AcDbVertex
100
AcDb2dVertex
 10
198.5073123977723
 20
-58.12773787592334
 30
0.0
  0
VERTEX
  5
267
330
263
100
AcDbEntity
  8
colores$azulifc
100
AcDbVertex
100
AcDb2dVertex
 10
194.4977770921037
 20
-58.12773787592334
 30
0.0
  0
SEQEND
  5
268
330
263
100
AcDbEntity
  8
colores$azulifc
  0
POLYLINE
  5
269
330
1F
100
AcDbEntity
  8
colores$azulifc
100
AcDb2dPolyline
 66
     1
 10
0.0
 20
0.0
 30
0.0
 70
     1
  0
VERTEX
  5
26A
330
269
100
AcDbEntity
  8
colores$azulifc
100
AcDbVertex
100
AcDb2dVertex
 10
198.8682071810391
 20
-53.46638922236282
 30
0.0
  0
VERTEX
  5
26B
330
269
100
AcDbEntity
  8
colores$azulifc
100
AcDbVertex
100
AcDb2dVertex
 10
198.8682071810391
 20
-53.75598277663553
 30
0.0
  0
VERTEX
  5
26C
330
269
100
AcDbEntity
  8
colores$azulifc
100
AcDbVertex
100
AcDb2dVertex
 10
199.9534138602538
 20
-54.83315088785605
 30
0.0
  0
VERTEX
  5
26D
330
269
100
AcDbEntity
  8
colores$azulifc
100
AcDbVertex
100
AcDb2dVertex
 10
200.2451685604539
 20
-54.83315088785604
 30
0.0
  0
SEQEND
  5
26E
330
269
100
AcDbEntity
  8
colores$azulifc
  0
SPLINE
  5
26F
330
1F
100
AcDbEntity
  8
colores$azulifc
100
AcDbSpline
210
0.0
220
0.0
230
1.0
 70
    12
 71
     2
 72
     6
 73
     3
 74
     0
 42
0.0000000001
 43
0.0000000001
 40
-1.947038791872817
 40
-1.947038791872817
 40
-1.947038791872817
 40
-1.197358159604777
 40
-1.197358159604777
 40
-1.197358159604777
 10
199.139935308655
 20
-55.03868427370298
 30
0.0
 41
1.0
 10
198.6626737951921
 20
-55.03868427370298
 30
0.0
 41
0.7071067811865476
 10
198.6626737951921
 20
-54.56142276024011
 30
0.0
 41
1.0
  0
POLYLINE
  5
270
330
1F
100
AcDbEntity
  8
colores$azulifc
100
AcDb2dPolyline
 66
     1
 10
0.0
 20
0.0
 30
0.0
  0
VERTEX
  5
271
330
270
100
AcDbEntity
  8
colores$azulifc
100
AcDbVertex
100
AcDb2dVertex
 10
198.6626737951921
 20
-54.56142276024011
 30
0.0
  0
VERTEX
  5
272
330
270
100
AcDbEntity
  8
colores$azulifc
100
AcDbVertex
100
AcDb2dVertex
 10
198.6626737951921
 20
-53.26237830604068
 30
0.0
  0
VERTEX
  5
273
330
270
100
AcDbEntity
  8
colores$azulifc
100
AcDbVertex
100
AcDb2dVertex
 10
198.8682071810391
 20
-53.46638922236282
 30
0.0
  0
VERTEX
  5
274
330
270
100
AcDbEntity
  8
colores$azulifc
100
AcDbVertex
100
AcDb2dVertex
 10
198.8682071810391
 20
-54.56142276024011
 30
0.0
  0
SEQEND
  5
275
330
270
100
AcDbEntity
  8
colores$azulifc
  0
ARC
  5
276
330
1F
100
AcDbEntity
  8
colores$azulifc
100
AcDbCircle
 10
199.139935308655
 20
-54.56142276024011
 30
0.0
 40
0.2717281276159369
100
AcDbArc
 50
180.0000000000015
 51
270.0
  0
POLYLINE
  5
277
330
1F
100
AcDbEntity
  8
colores$azulifc
100
AcDb2dPolyline
 66
     1
 10
0.0
 20
0.0
 30
0.0
  0
VERTEX
  5
278
330
277
100
AcDbEntity
  8
colores$azulifc
100
AcDbVertex
100
AcDb2dVertex
 10
199.139935308655
 20
-54.83315088785604
 30
0.0
  0
VERTEX
  5
279
330
277
100
AcDbEntity
  8
colores$azulifc
100
AcDbVertex
100
AcDb2dVertex
 10
200.2451685604539
 20
-54.83315088785605
 30
0.0
  0
VERTEX
  5
27A
330
277
100
AcDbEntity
  8
colores$azulifc
100
AcDbVertex
100
AcDb2dVertex
 10
200.4522357775385
 20
-55.03868427370298
 30
0.0
  0
VERTEX
  5
27B
330
277
100
AcDbEntity
  8
colores$azulifc
100
AcDbVertex
100
AcDb2dVertex
 10
199.139935308655
 20
-55.03868427370298
 30
0.0
  0
SEQEND
  5
27C
330
277
100
AcDbEntity
  8
colores$azulifc
  0
ARC
  5
27D
330
1F
100
AcDbEntity
  8
colores$azulifc
100
AcDbCircle
 10
196.1573320047444
 20
-53.73963981950354
 30
0.0
 40
0.4772615134628646
100
AcDbArc
 50
90.0
 51
180.0000000000009
  0
POLYLINE
  5
27E
330
1F
100
AcDbEntity
  8
colores$azulifc
100
AcDb2dPolyline
 66
     1
 10
0.0
 20
0.0
 30
0.0
  0
VERTEX
  5
27F
330
27E
100
AcDbEntity
  8
colores$azulifc
100
AcDbVertex
100
AcDb2dVertex
 10
195.6800704912816
 20
-53.73963981950354
 30
0.0
  0
VERTEX
  5
280
330
27E
100
AcDbEntity
  8
colores$azulifc
100
AcDbVertex
100
AcDb2dVertex
 10
195.6800704912816
 20
-59.08172376750014
 30
0.0
  0
SEQEND
  5
281
330
27E
100
AcDbEntity
  8
colores$azulifc
  0
ARC
  5
282
330
1F
100
AcDbEntity
  8
colores$azulifc
100
AcDbCircle
 10
196.1573320047444
 20
-59.08172376750014
 30
0.0
 40
0.4772615134628646
100
AcDbArc
 50
180.0
 51
270.0
  0
POLYLINE
  5
283
330
1F
100
AcDbEntity
  8
colores$azulifc
100
AcDb2dPolyline
 66
     1
 10
0.0
 20
0.0
 30
0.0
  0
VERTEX
  5
284
330
283
100
AcDbEntity
  8
colores$azulifc
100
AcDbVertex
100
AcDb2dVertex
 10
196.1573320047444
 20
-59.558985280963
 30
0.0
  0
VERTEX
  5
285
330
283
100
AcDbEntity
  8
colores$azulifc
100
AcDbVertex
100
AcDb2dVertex
 10
199.9749742640756
 20
-59.558985280963
 30
0.0
  0
SEQEND
  5
286
330
283
100
AcDbEntity
  8
colores$azulifc
  0
ARC
  5
287
330
1F
100
AcDbEntity
  8
colores$azulifc
100
AcDbCircle
 10
199.9749742640756
 20
-59.08172376750014
 30
0.0
 40
0.4772615134628646
100
AcDbArc
 50
270.0
 51
0.0
  0
POLYLINE
  5
288
330
1F
100
AcDbEntity
  8
colores$azulifc
100
AcDb2dPolyline
 66
     1
 10
0.0
 20
0.0
 30
0.0
  0
VERTEX
  5
289
330
288
100
AcDbEntity
  8
colores$azulifc
100
AcDbVertex
100
AcDb2dVertex
 10
200.4522357775385
 20
-59.08172376750014
 30
0.0
  0
VERTEX
  5
28A
330
288
100
AcDbEntity
  8
colores$azulifc
100
AcDbVertex
100
AcDb2dVertex
 10
200.4522357775385
 20
-55.03868427370298
 30
0.0
  0
VERTEX
  5
28B
330
288
100
AcDbEntity
  8
colores$azulifc
100
AcDbVertex
100
AcDb2dVertex
 10
200.2467023916915
 20
-55.03868427370298
 30
0.0
  0
VERTEX
  5
28C
330
288
100
AcDbEntity
  8
colores$azulifc
100
AcDbVertex
100
AcDb2dVertex
 10
200.2467023916915
 20
-59.08172376750014
 30
0.0
  0
SEQEND
  5
28D
330
288
100
AcDbEntity
  8
colores$azulifc
  0
ARC
  5
28E
330
1F
100
AcDbEntity
  8
colores$azulifc
100
AcDbCircle
 10
-199.9749742640756
 20
-59.08172376750014
 30
0.0
 40
0.2717281276159333
210
0.0
220
0.0
230
-1.0
100
AcDbArc
 50
180.0
 51
270.0
  0
LINE
  5
28F
330
1F
100
AcDbEntity
  8
colores$azulifc
100
AcDbLine
 10
199.9749742640756
 20
-59.35345189511607
 30
0.0
 11
196.1573320047444
 21
-59.35345189511607
 31
0.0
  0
ARC
  5
290
330
1F
100
AcDbEntity
  8
colores$azulifc
100
AcDbCircle
 10
-196.1573320047444
 20
-59.08172376750013
 30
0.0
 40
0.271728127615944
210
0.0
220
0.0
230
-1.0
100
AcDbArc
 50
270.000000000006
 51
359.9999999999985
  0
LINE
  5
291
330
1F
100
AcDbEntity
  8
colores$azulifc
100
AcDbLine
 10
195.8856038771285
 20
-59.08172376750014
 30
0.0
 11
195.8856038771285
 21
-53.73963981950354
 31
0.0
  0
ARC
  5
292
330
1F
100
AcDbEntity
  8
colores$azulifc
100
AcDbCircle
 10
-196.1573320047444
 20
-53.73963981950354
 30
0.0
 40
0.2717281276159298
210
0.0
220
0.0
230
-1.0
100
AcDbArc
 50
359.9999999999985
 51
90.0
  0
POLYLINE
  5
293
330
1F
100
AcDbEntity
  8
colores$azulifc
100
AcDb2dPolyline
 66
     1
 10
0.0
 20
0.0
 30
0.0
  0
VERTEX
  5
294
330
293
100
AcDbEntity
  8
colores$azulifc
100
AcDbVertex
100
AcDb2dVertex
 10
196.1573320047444
 20
-53.46791169188761
 30
0.0
  0
VERTEX
  5
295
330
293
100
AcDbEntity
  8
colores$azulifc
100
AcDbVertex
100
AcDb2dVertex
 10
198.6626737951921
 20
-53.46791169188761
 30
0.0
  0
VERTEX
  5
296
330
293
100
AcDbEntity
  8
colores$azulifc
100
AcDbVertex
100
AcDb2dVertex
 10
198.6626737951921
 20
-53.26237830604068
 30
0.0
  0
VERTEX
  5
297
330
293
100
AcDbEntity
  8
colores$azulifc
100
AcDbVertex
100
AcDb2dVertex
 10
196.1573320047444
 20
-53.26237830604068
 30
0.0
  0
SEQEND
  5
298
330
293
100
AcDbEntity
  8
colores$azulifc
  0
POLYLINE
  5
299
330
1F
100
AcDbEntity
  8
dos
100
AcDb2dPolyline
 66
     1
 10
0.0
 20
0.0
 30
0.0
 70
     1
  0
VERTEX
  5
29A
330
299
100
AcDbEntity
  8
dos
100
AcDbVertex
100
AcDb2dVertex
 10
190.0542377046784
 20
-60.91776485735846
 30
0.0
  0
VERTEX
  5
29B
330
299
100
AcDbEntity
  8
dos
100
AcDbVertex
100
AcDb2dVertex
 10
206.0542377046784
 20
-60.91776485735846
 30
0.0
  0
VERTEX
  5
29C
330
299
100
AcDbEntity
  8
dos
100
AcDbVertex
100
AcDb2dVertex
 10
206.0542377046784
 20
-51.91776485735846
 30
0.0
  0
VERTEX
  5
29D
330
299
100
AcDbEntity
  8
dos
100
AcDbVertex
100
AcDb2dVertex
 10
190.0542377046784
 20
-51.91776485735846
 30
0.0
  0
SEQEND
  5
29E
330
299
100
AcDbEntity
  8
dos
  0
POLYLINE
  5
29F
330
1F
100
AcDbEntity
  8
colores$azulifc
100
AcDb2dPolyline
 66
     1
 10
0.0
 20
0.0
 30
0.0
 70
     1
  0
VERTEX
  5
2A0
330
29F
100
AcDbEntity
  8
colores$azulifc
100
AcDbVertex
100
AcDb2dVertex
 10
198.06615313441
 20
-55.61996420899687
 30
0.0
  0
VERTEX
  5
2A1
330
29F
100
AcDbEntity
  8
colores$azulifc
100
AcDbVertex
100
AcDb2dVertex
 10
197.241979416324
 20
-56.33641396522849
 30
0.0
  0
VERTEX
  5
2A2
330
29F
100
AcDbEntity
  8
colores$azulifc
100
AcDbVertex
100
AcDb2dVertex
 10
197.241979416324
 20
-57.54645794062946
 30
0.0
  0
VERTEX
  5
2A3
330
29F
100
AcDbEntity
  8
colores$azulifc
100
AcDbVertex
100
AcDb2dVertex
 10
198.8903268524961
 20
-57.54645794062945
 30
0.0
  0
VERTEX
  5
2A4
330
29F
100
AcDbEntity
  8
colores$azulifc
100
AcDbVertex
100
AcDb2dVertex
 10
198.8903268524961
 20
-56.33641396522849
 30
0.0
  0
SEQEND
  5
2A5
330
29F
100
AcDbEntity
  8
colores$azulifc
  0
POLYLINE
  5
2A6
330
1F
100
AcDbEntity
  8
colores$azulifc
100
AcDb2dPolyline
 66
     1
 10
0.0
 20
0.0
 30
0.0
 70
     1
  0
VERTEX
  5
2A7
330
2A6
100
AcDbEntity
  8
colores$azulifc
100
AcDbVertex
100
AcDb2dVertex
 10
198.06615313441
 20
-55.89229967492564
 30
0.0
  0
VERTEX
  5
2A8
330
2A6
100
AcDbEntity
  8
colores$azulifc
100
AcDbVertex
100
AcDb2dVertex
 10
197.4475128021709
 20
-56.4300803703075
 30
0.0
  0
VERTEX
  5
2A9
330
2A6
100
AcDbEntity
  8
colores$azulifc
100
AcDbVertex
100
AcDb2dVertex
 10
197.4475128021709
 20
-57.34092455478253
 30
0.0
  0
VERTEX
  5
2AA
330
2A6
100
AcDbEntity
  8
colores$azulifc
100
AcDbVertex
100
AcDb2dVertex
 10
198.6847934666491
 20
-57.34092455478253
 30
0.0
  0
VERTEX
  5
2AB
330
2A6
100
AcDbEntity
  8
colores$azulifc
100
AcDbVertex
100
AcDb2dVertex
 10
198.6847934666491
 20
-56.4300803703075
 30
0.0
  0
SEQEND
  5
2AC
330
2A6
100
AcDbEntity
  8
colores$azulifc
  0
POLYLINE
  5
2AD
330
1F
100
AcDbEntity
  8
colores$azulifc
100
AcDb2dPolyline
 66
     1
 10
0.0
 20
0.0
 30
0.0
 70
     1
  0
VERTEX
  5
2AE
330
2AD
100
AcDbEntity
  8
colores$azulifc
100
AcDbVertex
100
AcDb2dVertex
 10
198.06615313441
 20
-57.34092455478253
 30
0.0
  0
VERTEX
  5
2AF
330
2AD
100
AcDbEntity
  8
colores$azulifc
100
AcDbVertex
100
AcDb2dVertex
 10
198.2232303574703
 20
-57.34092455478253
 30
0.0
  0
VERTEX
  5
2B0
330
2AD
100
AcDbEntity
  8
colores$azulifc
100
AcDbVertex
100
AcDb2dVertex
 10
198.2232303574703
 20
-56.96888237206126
 30
0.0
  0
VERTEX
  5
2B1
330
2AD
100
AcDbEntity
  8
colores$azulifc
100
AcDbVertex
100
AcDb2dVertex
 10
198.06615313441
 20
-56.96888237206126
 30
0.0
  0
SEQEND
  5
2B2
330
2AD
100
AcDbEntity
  8
colores$azulifc
  0
POLYLINE
  5
2B3
330
1F
100
AcDbEntity
  8
colores$azulifc
100
AcDb2dPolyline
 66
     1
 10
0.0
 20
0.0
 30
0.0
 70
     1
  0
VERTEX
  5
2B4
330
2B3
100
AcDbEntity
  8
colores$azulifc
100
AcDbVertex
100
AcDb2dVertex
 10
198.06615313441
 20
-57.34092455478253
 30
0.0
  0
VERTEX
  5
2B5
330
2B3
100
AcDbEntity
  8
colores$azulifc
100
AcDbVertex
100
AcDb2dVertex
 10
197.9090759113498
 20
-57.34092455478253
 30
0.0
  0
VERTEX
  5
2B6
330
2B3
100
AcDbEntity
  8
colores$azulifc
100
AcDbVertex
100
AcDb2dVertex
 10
197.9090759113497
 20
-56.96888237206127
 30
0.0
  0
VERTEX
  5
2B7
330
2B3
100
AcDbEntity
  8
colores$azulifc
100
AcDbVertex
100
AcDb2dVertex
 10
198.06615313441
 20
-56.96888237206126
 30
0.0
  0
SEQEND
  5
2B8
330
2B3
100
AcDbEntity
  8
colores$azulifc
  0
POLYLINE
  5
2B9
330
1F
100
AcDbEntity
  8
dos
100
AcDb2dPolyline
 66
     1
 10
0.0
 20
0.0
 30
0.0
 70
     1
  0
VERTEX
  5
2BA
330
2B9
100
AcDbEntity
  8
dos
100
AcDbVertex
100
AcDb2dVertex
 10
180.3199261967281
 20
-56.31925099042834
 30
0.0
  0
VERTEX
  5
2BB
330
2B9
100
AcDbEntity
  8
dos
100
AcDbVertex
100
AcDb2dVertex
 10
181.0776396766975
 20
-56.69810773041301
 30
0.0
  0
VERTEX
  5
2BC
330
2B9
100
AcDbEntity
  8
dos
100
AcDbVertex
100
AcDb2dVertex
 10
181.0776396766975
 20
-56.58321107481316
 30
0.0
  0
VERTEX
  5
2BD
330
2B9
100
AcDbEntity
  8
dos
100
AcDbVertex
100
AcDb2dVertex
 10
181.1925363322973
 20
-56.52576274701324
 30
0.0
  0
VERTEX
  5
2BE
330
2B9
100
AcDbEntity
  8
dos
100
AcDbVertex
100
AcDb2dVertex
 10
180.4590827776807
 20
-56.15903596970495
 30
0.0
  0
VERTEX
  5
2BF
330
2B9
100
AcDbEntity
  8
dos
100
AcDbVertex
100
AcDb2dVertex
 10
180.3199261967281
 20
-56.22861426018127
 30
0.0
  0
SEQEND
  5
2C0
330
2B9
100
AcDbEntity
  8
dos
  0
POLYLINE
  5
2C1
330
1F
100
AcDbEntity
  8
dos
100
AcDb2dPolyline
 66
     1
 10
0.0
 20
0.0
 30
0.0
 70
     1
  0
VERTEX
  5
2C2
330
2C1
100
AcDbEntity
  8
dos
100
AcDbVertex
100
AcDb2dVertex
 10
181.0776396766975
 20
-55.61996420899687
 30
0.0
  0
VERTEX
  5
2C3
330
2C1
100
AcDbEntity
  8
dos
100
AcDbVertex
100
AcDb2dVertex
 10
180.1143928108812
 20
-56.10158764190501
 30
0.0
  0
VERTEX
  5
2C4
330
2C1
100
AcDbEntity
  8
dos
100
AcDbVertex
100
AcDb2dVertex
 10
180.1143928108812
 20
-57.06483450772131
 30
0.0
  0
VERTEX
  5
2C5
330
2C1
100
AcDbEntity
  8
dos
100
AcDbVertex
100
AcDb2dVertex
 10
181.0776396766975
 20
-57.54645794062946
 30
0.0
  0
VERTEX
  5
2C6
330
2C1
100
AcDbEntity
  8
dos
100
AcDbVertex
100
AcDb2dVertex
 10
182.0408865425138
 20
-57.06483450772132
 30
0.0
  0
VERTEX
  5
2C7
330
2C1
100
AcDbEntity
  8
dos
100
AcDbVertex
100
AcDb2dVertex
 10
182.0408865425138
 20
-56.10158764190503
 30
0.0
  0
SEQEND
  5
2C8
330
2C1
100
AcDbEntity
  8
dos
  0
POLYLINE
  5
2C9
330
1F
100
AcDbEntity
  8
dos
100
AcDb2dPolyline
 66
     1
 10
0.0
 20
0.0
 30
0.0
 70
     1
  0
VERTEX
  5
2CA
330
2C9
100
AcDbEntity
  8
dos
100
AcDbVertex
100
AcDb2dVertex
 10
182.0408865425138
 20
-56.10158764190503
 30
0.0
  0
VERTEX
  5
2CB
330
2C9
100
AcDbEntity
  8
dos
100
AcDbVertex
100
AcDb2dVertex
 10
182.0408865425138
 20
-57.06483450772132
 30
0.0
  0
VERTEX
  5
2CC
330
2C9
100
AcDbEntity
  8
dos
100
AcDbVertex
100
AcDb2dVertex
 10
181.0776396766975
 20
-57.54645794062946
 30
0.0
  0
VERTEX
  5
2CD
330
2C9
100
AcDbEntity
  8
dos
100
AcDbVertex
100
AcDb2dVertex
 10
181.0776396766975
 20
-56.58321107481316
 30
0.0
  0
SEQEND
  5
2CE
330
2C9
100
AcDbEntity
  8
dos
  0
POLYLINE
  5
2CF
330
1F
100
AcDbEntity
  8
dos
100
AcDb2dPolyline
 66
     1
 10
0.0
 20
0.0
 30
0.0
 70
     1
  0
VERTEX
  5
2D0
330
2CF
100
AcDbEntity
  8
dos
100
AcDbVertex
100
AcDb2dVertex
 10
173.0657242469659
 20
-47.91658901281981
 30
0.0
  0
VERTEX
  5
2D1
330
2CF
100
AcDbEntity
  8
dos
100
AcDbVertex
100
AcDb2dVertex
 10
189.0657242469659
 20
-47.91658901281981
 30
0.0
  0
VERTEX
  5
2D2
330
2CF
100
AcDbEntity
  8
dos
100
AcDbVertex
100
AcDb2dVertex
 10
189.0657242469659
 20
-38.91658901281981
 30
0.0
  0
VERTEX
  5
2D3
330
2CF
100
AcDbEntity
  8
dos
100
AcDbVertex
100
AcDb2dVertex
 10
173.0657242469659
 20
-38.91658901281981
 30
0.0
  0
SEQEND
  5
2D4
330
2CF
100
AcDbEntity
  8
dos
  0
ARC
  5
2D5
330
1F
100
AcDbEntity
  8
colores$celestedl
100
AcDbCircle
 10
179.1688185470319
 20
-40.73846397496489
 30
0.0
 40
0.4772615134628646
100
AcDbArc
 50
90.0
 51
180.0000000000009
  0
POLYLINE
  5
2D6
330
1F
100
AcDbEntity
  8
colores$celestedl
100
AcDb2dPolyline
 66
     1
 10
0.0
 20
0.0
 30
0.0
  0
VERTEX
  5
2D7
330
2D6
100
AcDbEntity
  8
colores$celestedl
100
AcDbVertex
100
AcDb2dVertex
 10
178.691557033569
 20
-40.73846397496489
 30
0.0
  0
VERTEX
  5
2D8
330
2D6
100
AcDbEntity
  8
colores$celestedl
100
AcDbVertex
100
AcDb2dVertex
 10
178.691557033569
 20
-46.08054792296148
 30
0.0
  0
SEQEND
  5
2D9
330
2D6
100
AcDbEntity
  8
colores$celestedl
  0
ARC
  5
2DA
330
1F
100
AcDbEntity
  8
colores$celestedl
100
AcDbCircle
 10
179.1688185470319
 20
-46.08054792296148
 30
0.0
 40
0.4772615134628646
100
AcDbArc
 50
180.0
 51
270.0
  0
POLYLINE
  5
2DB
330
1F
100
AcDbEntity
  8
colores$celestedl
100
AcDb2dPolyline
 66
     1
 10
0.0
 20
0.0
 30
0.0
  0
VERTEX
  5
2DC
330
2DB
100
AcDbEntity
  8
colores$celestedl
100
AcDbVertex
100
AcDb2dVertex
 10
179.1688185470319
 20
-46.55780943642434
 30
0.0
  0
VERTEX
  5
2DD
330
2DB
100
AcDbEntity
  8
colores$celestedl
100
AcDbVertex
100
AcDb2dVertex
 10
182.9864608063631
 20
-46.55780943642434
 30
0.0
  0
SEQEND
  5
2DE
330
2DB
100
AcDbEntity
  8
colores$celestedl
  0
ARC
  5
2DF
330
1F
100
AcDbEntity
  8
colores$celestedl
100
AcDbCircle
 10
182.9864608063631
 20
-46.08054792296148
 30
0.0
 40
0.4772615134628646
100
AcDbArc
 50
270.0
 51
0.0
  0
POLYLINE
  5
2E0
330
1F
100
AcDbEntity
  8
colores$celestedl
100
AcDb2dPolyline
 66
     1
 10
0.0
 20
0.0
 30
0.0
  0
VERTEX
  5
2E1
330
2E0
100
AcDbEntity
  8
colores$celestedl
100
AcDbVertex
100
AcDb2dVertex
 10
183.4637223198259
 20
-46.08054792296148
 30
0.0
  0
VERTEX
  5
2E2
330
2E0
100
AcDbEntity
  8
colores$celestedl
100
AcDbVertex
100
AcDb2dVertex
 10
183.4637223198259
 20
-42.03750842916433
 30
0.0
  0
VERTEX
  5
2E3
330
2E0
100
AcDbEntity
  8
colores$celestedl
100
AcDbVertex
100
AcDb2dVertex
 10
183.258188933979
 20
-42.03750842916433
 30
0.0
  0
VERTEX
  5
2E4
330
2E0
100
AcDbEntity
  8
colores$celestedl
100
AcDbVertex
100
AcDb2dVertex
 10
183.258188933979
 20
-46.08054792296148
 30
0.0
  0
SEQEND
  5
2E5
330
2E0
100
AcDbEntity
  8
colores$celestedl
  0
ARC
  5
2E6
330
1F
100
AcDbEntity
  8
colores$celestedl
100
AcDbCircle
 10
-182.9864608063631
 20
-46.08054792296148
 30
0.0
 40
0.2717281276159333
210
0.0
220
0.0
230
-1.0
100
AcDbArc
 50
180.0
 51
270.0
  0
LINE
  5
2E7
330
1F
100
AcDbEntity
  8
colores$celestedl
100
AcDbLine
 10
182.9864608063631
 20
-46.35227605057742
 30
0.0
 11
179.1688185470319
 21
-46.35227605057742
 31
0.0
  0
ARC
  5
2E8
330
1F
100
AcDbEntity
  8
colores$celestedl
100
AcDbCircle
 10
-179.1688185470319
 20
-46.08054792296147
 30
0.0
 40
0.271728127615944
210
0.0
220
0.0
230
-1.0
100
AcDbArc
 50
270.000000000006
 51
359.999999999997
  0
LINE
  5
2E9
330
1F
100
AcDbEntity
  8
colores$celestedl
100
AcDbLine
 10
178.8970904194159
 20
-46.08054792296148
 30
0.0
 11
178.8970904194159
 21
-40.73846397496489
 31
0.0
  0
ARC
  5
2EA
330
1F
100
AcDbEntity
  8
colores$celestedl
100
AcDbCircle
 10
-179.1688185470319
 20
-40.73846397496489
 30
0.0
 40
0.2717281276159298
210
0.0
220
0.0
230
-1.0
100
AcDbArc
 50
359.999999999997
 51
90.0
  0
POLYLINE
  5
2EB
330
1F
100
AcDbEntity
  8
colores$celestedl
100
AcDb2dPolyline
 66
     1
 10
0.0
 20
0.0
 30
0.0
  0
VERTEX
  5
2EC
330
2EB
100
AcDbEntity
  8
colores$celestedl
100
AcDbVertex
100
AcDb2dVertex
 10
179.1688185470319
 20
-40.46673584734896
 30
0.0
  0
VERTEX
  5
2ED
330
2EB
100
AcDbEntity
  8
colores$celestedl
100
AcDbVertex
100
AcDb2dVertex
 10
181.6741603374796
 20
-40.46673584734896
 30
0.0
  0
VERTEX
  5
2EE
330
2EB
100
AcDbEntity
  8
colores$celestedl
100
AcDbVertex
100
AcDb2dVertex
 10
181.6741603374796
 20
-40.26120246150203
 30
0.0
  0
VERTEX
  5
2EF
330
2EB
100
AcDbEntity
  8
colores$celestedl
100
AcDbVertex
100
AcDb2dVertex
 10
179.1688185470319
 20
-40.26120246150203
 30
0.0
  0
SEQEND
  5
2F0
330
2EB
100
AcDbEntity
  8
colores$celestedl
  0
SPLINE
  5
2F1
330
1F
100
AcDbEntity
  8
colores$celestedl
100
AcDbSpline
210
0.0
220
0.0
230
1.0
 70
    12
 71
     2
 72
     6
 73
     3
 74
     0
 42
0.0000000001
 43
0.0000000001
 40
-1.947038791872817
 40
-1.947038791872817
 40
-1.947038791872817
 40
-1.197358159604777
 40
-1.197358159604777
 40
-1.197358159604777
 10
182.1514218509425
 20
-42.03750842916433
 30
0.0
 41
1.0
 10
181.6741603374796
 20
-42.03750842916432
 30
0.0
 41
0.7071067811865476
 10
181.6741603374796
 20
-41.56024691570146
 30
0.0
 41
1.0
  0
POLYLINE
  5
2F2
330
1F
100
AcDbEntity
  8
colores$celestedl
100
AcDb2dPolyline
 66
     1
 10
0.0
 20
0.0
 30
0.0
  0
VERTEX
  5
2F3
330
2F2
100
AcDbEntity
  8
colores$celestedl
100
AcDbVertex
100
AcDb2dVertex
 10
181.6741603374796
 20
-41.56024691570146
 30
0.0
  0
VERTEX
  5
2F4
330
2F2
100
AcDbEntity
  8
colores$celestedl
100
AcDbVertex
100
AcDb2dVertex
 10
181.6741603374796
 20
-40.26120246150203
 30
0.0
  0
VERTEX
  5
2F5
330
2F2
100
AcDbEntity
  8
colores$celestedl
100
AcDbVertex
100
AcDb2dVertex
 10
181.8796937233265
 20
-40.46521337782416
 30
0.0
  0
VERTEX
  5
2F6
330
2F2
100
AcDbEntity
  8
colores$celestedl
100
AcDbVertex
100
AcDb2dVertex
 10
181.8796937233265
 20
-41.56024691570146
 30
0.0
  0
SEQEND
  5
2F7
330
2F2
100
AcDbEntity
  8
colores$celestedl
  0
ARC
  5
2F8
330
1F
100
AcDbEntity
  8
colores$celestedl
100
AcDbCircle
 10
182.1514218509425
 20
-41.56024691570145
 30
0.0
 40
0.2717281276159369
100
AcDbArc
 50
180.0000000000015
 51
270.0
  0
POLYLINE
  5
2F9
330
1F
100
AcDbEntity
  8
colores$celestedl
100
AcDb2dPolyline
 66
     1
 10
0.0
 20
0.0
 30
0.0
  0
VERTEX
  5
2FA
330
2F9
100
AcDbEntity
  8
colores$celestedl
100
AcDbVertex
100
AcDb2dVertex
 10
182.1514218509425
 20
-41.83197504331739
 30
0.0
  0
VERTEX
  5
2FB
330
2F9
100
AcDbEntity
  8
colores$celestedl
100
AcDbVertex
100
AcDb2dVertex
 10
183.2566551027413
 20
-41.83197504331739
 30
0.0
  0
VERTEX
  5
2FC
330
2F9
100
AcDbEntity
  8
colores$celestedl
100
AcDbVertex
100
AcDb2dVertex
 10
183.4637223198259
 20
-42.03750842916433
 30
0.0
  0
VERTEX
  5
2FD
330
2F9
100
AcDbEntity
  8
colores$celestedl
100
AcDbVertex
100
AcDb2dVertex
 10
182.1514218509425
 20
-42.03750842916433
 30
0.0
  0
SEQEND
  5
2FE
330
2F9
100
AcDbEntity
  8
colores$celestedl
  0
POLYLINE
  5
2FF
330
1F
100
AcDbEntity
  8
colores$celestedl
100
AcDb2dPolyline
 66
     1
 10
0.0
 20
0.0
 30
0.0
 70
     1
  0
VERTEX
  5
300
330
2FF
100
AcDbEntity
  8
colores$celestedl
100
AcDbVertex
100
AcDb2dVertex
 10
181.8796937233265
 20
-40.46521337782416
 30
0.0
  0
VERTEX
  5
301
330
2FF
100
AcDbEntity
  8
colores$celestedl
100
AcDbVertex
100
AcDb2dVertex
 10
181.8796937233265
 20
-40.75480693209688
 30
0.0
  0
VERTEX
  5
302
330
2FF
100
AcDbEntity
  8
colores$celestedl
100
AcDbVertex
100
AcDb2dVertex
 10
182.9649004025412
 20
-41.83197504331739
 30
0.0
  0
VERTEX
  5
303
330
2FF
100
AcDbEntity
  8
colores$celestedl
100
AcDbVertex
100
AcDb2dVertex
 10
183.2566551027413
 20
-41.83197504331739
 30
0.0
  0
SEQEND
  5
304
330
2FF
100
AcDbEntity
  8
colores$celestedl
  0
POLYLINE
  5
305
330
1F
100
AcDbEntity
  8
colores$celestedl
100
AcDb2dPolyline
 66
     1
 10
0.0
 20
0.0
 30
0.0
 70
     1
  0
VERTEX
  5
306
330
305
100
AcDbEntity
  8
colores$celestedl
100
AcDbVertex
100
AcDb2dVertex
 10
177.5092636343912
 20
-46.8122034047882
 30
0.0
  0
VERTEX
  5
307
330
305
100
AcDbEntity
  8
colores$celestedl
100
AcDbVertex
100
AcDb2dVertex
 10
181.5187989400597
 20
-46.8122034047882
 30
0.0
  0
VERTEX
  5
308
330
305
100
AcDbEntity
  8
colores$celestedl
100
AcDbVertex
100
AcDb2dVertex
 10
181.5187989400597
 20
-45.12656203138469
 30
0.0
  0
VERTEX
  5
309
330
305
100
AcDbEntity
  8
colores$celestedl
100
AcDbVertex
100
AcDb2dVertex
 10
177.5092636343912
 20
-45.12656203138469
 30
0.0
  0
SEQEND
  5
30A
330
305
100
AcDbEntity
  8
colores$celestedl
  0
POLYLINE
  5
30B
330
1F
100
AcDbEntity
  8
dos
100
AcDb2dPolyline
 66
     1
 10
0.0
 20
0.0
 30
0.0
 70
     1
  0
VERTEX
  5
30C
330
30B
100
AcDbEntity
  8
dos
100
AcDbVertex
100
AcDb2dVertex
 10
177.5092636343912
 20
-59.81337924932685
 30
0.0
  0
VERTEX
  5
30D
330
30B
100
AcDbEntity
  8
dos
100
AcDbVertex
100
AcDb2dVertex
 10
181.5187989400597
 20
-59.81337924932685
 30
0.0
  0
VERTEX
  5
30E
330
30B
100
AcDbEntity
  8
dos
100
AcDbVertex
100
AcDb2dVertex
 10
181.5187989400597
 20
-58.12773787592334
 30
0.0
  0
VERTEX
  5
30F
330
30B
100
AcDbEntity
  8
dos
100
AcDbVertex
100
AcDb2dVertex
 10
177.5092636343912
 20
-58.12773787592334
 30
0.0
  0
SEQEND
  5
310
330
30B
100
AcDbEntity
  8
dos
  0
POLYLINE
  5
311
330
1F
100
AcDbEntity
  8
dos
100
AcDb2dPolyline
 66
     1
 10
0.0
 20
0.0
 30
0.0
 70
     1
  0
VERTEX
  5
312
330
311
100
AcDbEntity
  8
dos
100
AcDbVertex
100
AcDb2dVertex
 10
181.8796937233265
 20
-53.46638922236282
 30
0.0
  0
VERTEX
  5
313
330
311
100
AcDbEntity
  8
dos
100
AcDbVertex
100
AcDb2dVertex
 10
181.8796937233265
 20
-53.75598277663553
 30
0.0
  0
VERTEX
  5
314
330
311
100
AcDbEntity
  8
dos
100
AcDbVertex
100
AcDb2dVertex
 10
182.9649004025412
 20
-54.83315088785605
 30
0.0
  0
VERTEX
  5
315
330
311
100
AcDbEntity
  8
dos
100
AcDbVertex
100
AcDb2dVertex
 10
183.2566551027413
 20
-54.83315088785604
 30
0.0
  0
SEQEND
  5
316
330
311
100
AcDbEntity
  8
dos
  0
SPLINE
  5
317
330
1F
100
AcDbEntity
  8
dos
100
AcDbSpline
210
0.0
220
0.0
230
1.0
 70
    12
 71
     2
 72
     6
 73
     3
 74
     0
 42
0.0000000001
 43
0.0000000001
 40
-1.947038791872817
 40
-1.947038791872817
 40
-1.947038791872817
 40
-1.197358159604777
 40
-1.197358159604777
 40
-1.197358159604777
 10
182.1514218509425
 20
-55.03868427370298
 30
0.0
 41
1.0
 10
181.6741603374796
 20
-55.03868427370298
 30
0.0
 41
0.7071067811865476
 10
181.6741603374796
 20
-54.56142276024011
 30
0.0
 41
1.0
  0
POLYLINE
  5
318
330
1F
100
AcDbEntity
  8
dos
100
AcDb2dPolyline
 66
     1
 10
0.0
 20
0.0
 30
0.0
  0
VERTEX
  5
319
330
318
100
AcDbEntity
  8
dos
100
AcDbVertex
100
AcDb2dVertex
 10
181.6741603374796
 20
-54.56142276024011
 30
0.0
  0
VERTEX
  5
31A
330
318
100
AcDbEntity
  8
dos
100
AcDbVertex
100
AcDb2dVertex
 10
181.6741603374796
 20
-53.26237830604068
 30
0.0
  0
VERTEX
  5
31B
330
318
100
AcDbEntity
  8
dos
100
AcDbVertex
100
AcDb2dVertex
 10
181.8796937233265
 20
-53.46638922236282
 30
0.0
  0
VERTEX
  5
31C
330
318
100
AcDbEntity
  8
dos
100
AcDbVertex
100
AcDb2dVertex
 10
181.8796937233265
 20
-54.56142276024011
 30
0.0
  0
SEQEND
  5
31D
330
318
100
AcDbEntity
  8
dos
  0
ARC
  5
31E
330
1F
100
AcDbEntity
  8
dos
100
AcDbCircle
 10
182.1514218509425
 20
-54.56142276024011
 30
0.0
 40
0.2717281276159369
100
AcDbArc
 50
180.0000000000015
 51
270.0
  0
POLYLINE
  5
31F
330
1F
100
AcDbEntity
  8
dos
100
AcDb2dPolyline
 66
     1
 10
0.0
 20
0.0
 30
0.0
  0
VERTEX
  5
320
330
31F
100
AcDbEntity
  8
dos
100
AcDbVertex
100
AcDb2dVertex
 10
182.1514218509425
 20
-54.83315088785604
 30
0.0
  0
VERTEX
  5
321
330
31F
100
AcDbEntity
  8
dos
100
AcDbVertex
100
AcDb2dVertex
 10
183.2566551027413
 20
-54.83315088785605
 30
0.0
  0
VERTEX
  5
322
330
31F
100
AcDbEntity
  8
dos
100
AcDbVertex
100
AcDb2dVertex
 10
183.4637223198259
 20
-55.03868427370298
 30
0.0
  0
VERTEX
  5
323
330
31F
100
AcDbEntity
  8
dos
100
AcDbVertex
100
AcDb2dVertex
 10
182.1514218509425
 20
-55.03868427370298
 30
0.0
  0
SEQEND
  5
324
330
31F
100
AcDbEntity
  8
dos
  0
ARC
  5
325
330
1F
100
AcDbEntity
  8
dos
100
AcDbCircle
 10
179.1688185470319
 20
-53.73963981950354
 30
0.0
 40
0.4772615134628646
100
AcDbArc
 50
90.0
 51
180.0000000000009
  0
POLYLINE
  5
326
330
1F
100
AcDbEntity
  8
dos
100
AcDb2dPolyline
 66
     1
 10
0.0
 20
0.0
 30
0.0
  0
VERTEX
  5
327
330
326
100
AcDbEntity
  8
dos
100
AcDbVertex
100
AcDb2dVertex
 10
178.691557033569
 20
-53.73963981950354
 30
0.0
  0
VERTEX
  5
328
330
326
100
AcDbEntity
  8
dos
100
AcDbVertex
100
AcDb2dVertex
 10
178.691557033569
 20
-59.08172376750014
 30
0.0
  0
SEQEND
  5
329
330
326
100
AcDbEntity
  8
dos
  0
ARC
  5
32A
330
1F
100
AcDbEntity
  8
dos
100
AcDbCircle
 10
179.1688185470319
 20
-59.08172376750014
 30
0.0
 40
0.4772615134628646
100
AcDbArc
 50
180.0
 51
270.0
  0
POLYLINE
  5
32B
330
1F
100
AcDbEntity
  8
dos
100
AcDb2dPolyline
 66
     1
 10
0.0
 20
0.0
 30
0.0
  0
VERTEX
  5
32C
330
32B
100
AcDbEntity
  8
dos
100
AcDbVertex
100
AcDb2dVertex
 10
179.1688185470319
 20
-59.558985280963
 30
0.0
  0
VERTEX
  5
32D
330
32B
100
AcDbEntity
  8
dos
100
AcDbVertex
100
AcDb2dVertex
 10
182.9864608063631
 20
-59.558985280963
 30
0.0
  0
SEQEND
  5
32E
330
32B
100
AcDbEntity
  8
dos
  0
ARC
  5
32F
330
1F
100
AcDbEntity
  8
dos
100
AcDbCircle
 10
182.9864608063631
 20
-59.08172376750014
 30
0.0
 40
0.4772615134628646
100
AcDbArc
 50
270.0
 51
0.0
  0
POLYLINE
  5
330
330
1F
100
AcDbEntity
  8
dos
100
AcDb2dPolyline
 66
     1
 10
0.0
 20
0.0
 30
0.0
  0
VERTEX
  5
331
330
330
100
AcDbEntity
  8
dos
100
AcDbVertex
100
AcDb2dVertex
 10
183.4637223198259
 20
-59.08172376750014
 30
0.0
  0
VERTEX
  5
332
330
330
100
AcDbEntity
  8
dos
100
AcDbVertex
100
AcDb2dVertex
 10
183.4637223198259
 20
-55.03868427370298
 30
0.0
  0
VERTEX
  5
333
330
330
100
AcDbEntity
  8
dos
100
AcDbVertex
100
AcDb2dVertex
 10
183.258188933979
 20
-55.03868427370298
 30
0.0
  0
VERTEX
  5
334
330
330
100
AcDbEntity
  8
dos
100
AcDbVertex
100
AcDb2dVertex
 10
183.258188933979
 20
-59.08172376750014
 30
0.0
  0
SEQEND
  5
335
330
330
100
AcDbEntity
  8
dos
  0
ARC
  5
336
330
1F
100
AcDbEntity
  8
dos
100
AcDbCircle
 10
-182.9864608063631
 20
-59.08172376750014
 30
0.0
 40
0.2717281276159333
210
0.0
220
0.0
230
-1.0
100
AcDbArc
 50
180.0
 51
270.0
  0
LINE
  5
337
330
1F
100
AcDbEntity
  8
dos
100
AcDbLine
 10
182.9864608063631
 20
-59.35345189511607
 30
0.0
 11
179.1688185470319
 21
-59.35345189511607
 31
0.0
  0
ARC
  5
338
330
1F
100
AcDbEntity
  8
dos
100
AcDbCircle
 10
-179.1688185470319
 20
-59.08172376750013
 30
0.0
 40
0.271728127615944
210
0.0
220
0.0
230
-1.0
100
AcDbArc
 50
270.000000000006
 51
359.9999999999985
  0
LINE
  5
339
330
1F
100
AcDbEntity
  8
dos
100
AcDbLine
 10
178.8970904194159
 20
-59.08172376750014
 30
0.0
 11
178.8970904194159
 21
-53.73963981950354
 31
0.0
  0
ARC
  5
33A
330
1F
100
AcDbEntity
  8
dos
100
AcDbCircle
 10
-179.1688185470319
 20
-53.73963981950354
 30
0.0
 40
0.2717281276159298
210
0.0
220
0.0
230
-1.0
100
AcDbArc
 50
359.9999999999985
 51
90.0
  0
POLYLINE
  5
33B
330
1F
100
AcDbEntity
  8
dos
100
AcDb2dPolyline
 66
     1
 10
0.0
 20
0.0
 30
0.0
  0
VERTEX
  5
33C
330
33B
100
AcDbEntity
  8
dos
100
AcDbVertex
100
AcDb2dVertex
 10
179.1688185470319
 20
-53.46791169188761
 30
0.0
  0
VERTEX
  5
33D
330
33B
100
AcDbEntity
  8
dos
100
AcDbVertex
100
AcDb2dVertex
 10
181.6741603374796
 20
-53.46791169188761
 30
0.0
  0
VERTEX
  5
33E
330
33B
100
AcDbEntity
  8
dos
100
AcDbVertex
100
AcDb2dVertex
 10
181.6741603374796
 20
-53.26237830604068
 30
0.0
  0
VERTEX
  5
33F
330
33B
100
AcDbEntity
  8
dos
100
AcDbVertex
100
AcDb2dVertex
 10
179.1688185470319
 20
-53.26237830604068
 30
0.0
  0
SEQEND
  5
340
330
33B
100
AcDbEntity
  8
dos
  0
POLYLINE
  5
341
330
1F
100
AcDbEntity
  8
dos
100
AcDb2dPolyline
 66
     1
 10
0.0
 20
0.0
 30
0.0
 70
     1
  0
VERTEX
  5
342
330
341
100
AcDbEntity
  8
dos
100
AcDbVertex
100
AcDb2dVertex
 10
173.0657242469659
 20
-60.91776485735846
 30
0.0
  0
VERTEX
  5
343
330
341
100
AcDbEntity
  8
dos
100
AcDbVertex
100
AcDb2dVertex
 10
189.0657242469659
 20
-60.91776485735846
 30
0.0
  0
VERTEX
  5
344
330
341
100
AcDbEntity
  8
dos
100
AcDbVertex
100
AcDb2dVertex
 10
189.0657242469659
 20
-51.91776485735846
 30
0.0
  0
VERTEX
  5
345
330
341
100
AcDbEntity
  8
dos
100
AcDbVertex
100
AcDb2dVertex
 10
173.0657242469659
 20
-51.91776485735846
 30
0.0
  0
SEQEND
  5
346
330
341
100
AcDbEntity
  8
dos
  0
POLYLINE
  5
347
330
1F
100
AcDbEntity
  8
dos
100
AcDb2dPolyline
 66
     1
 10
0.0
 20
0.0
 30
0.0
 70
     1
  0
VERTEX
  5
348
330
347
100
AcDbEntity
  8
dos
100
AcDbVertex
100
AcDb2dVertex
 10
190.0542377046784
 20
-34.91541316828116
 30
0.0
  0
VERTEX
  5
349
330
347
100
AcDbEntity
  8
dos
100
AcDbVertex
100
AcDb2dVertex
 10
206.0542377046784
 20
-34.91541316828116
 30
0.0
  0
VERTEX
  5
34A
330
347
100
AcDbEntity
  8
dos
100
AcDbVertex
100
AcDb2dVertex
 10
206.0542377046784
 20
-25.91541316828116
 30
0.0
  0
VERTEX
  5
34B
330
347
100
AcDbEntity
  8
dos
100
AcDbVertex
100
AcDb2dVertex
 10
190.0542377046784
 20
-25.91541316828116
 30
0.0
  0
SEQEND
  5
34C
330
347
100
AcDbEntity
  8
dos
  0
ARC
  5
34E
330
1F
100
AcDbEntity
  8
colores$rojodxf
100
AcDbCircle
 10
196.1573320047444
 20
-27.73728813042624
 30
0.0
 40
0.4772615134628646
100
AcDbArc
 50
90.0
 51
180.0000000000004
  0
POLYLINE
  5
34F
330
1F
100
AcDbEntity
  8
colores$rojodxf
100
AcDb2dPolyline
 66
     1
 10
0.0
 20
0.0
 30
0.0
  0
VERTEX
  5
350
330
34F
100
AcDbEntity
  8
colores$rojodxf
100
AcDbVertex
100
AcDb2dVertex
 10
195.6800704912816
 20
-27.73728813042624
 30
0.0
  0
VERTEX
  5
351
330
34F
100
AcDbEntity
  8
colores$rojodxf
100
AcDbVertex
100
AcDb2dVertex
 10
195.6800704912816
 20
-33.07937207842283
 30
0.0
  0
SEQEND
  5
352
330
34F
100
AcDbEntity
  8
colores$rojodxf
  0
ARC
  5
353
330
1F
100
AcDbEntity
  8
colores$rojodxf
100
AcDbCircle
 10
196.1573320047444
 20
-33.07937207842283
 30
0.0
 40
0.4772615134628646
100
AcDbArc
 50
180.0
 51
270.0
  0
POLYLINE
  5
354
330
1F
100
AcDbEntity
  8
colores$rojodxf
100
AcDb2dPolyline
 66
     1
 10
0.0
 20
0.0
 30
0.0
  0
VERTEX
  5
355
330
354
100
AcDbEntity
  8
colores$rojodxf
100
AcDbVertex
100
AcDb2dVertex
 10
196.1573320047444
 20
-33.55663359188569
 30
0.0
  0
VERTEX
  5
356
330
354
100
AcDbEntity
  8
colores$rojodxf
100
AcDbVertex
100
AcDb2dVertex
 10
199.9749742640756
 20
-33.55663359188569
 30
0.0
  0
SEQEND
  5
357
330
354
100
AcDbEntity
  8
colores$rojodxf
  0
ARC
  5
358
330
1F
100
AcDbEntity
  8
colores$rojodxf
100
AcDbCircle
 10
199.9749742640756
 20
-33.07937207842283
 30
0.0
 40
0.4772615134628646
100
AcDbArc
 50
270.0
 51
0.0
  0
POLYLINE
  5
359
330
1F
100
AcDbEntity
  8
colores$rojodxf
100
AcDb2dPolyline
 66
     1
 10
0.0
 20
0.0
 30
0.0
  0
VERTEX
  5
35A
330
359
100
AcDbEntity
  8
colores$rojodxf
100
AcDbVertex
100
AcDb2dVertex
 10
200.4522357775385
 20
-33.07937207842283
 30
0.0
  0
VERTEX
  5
35B
330
359
100
AcDbEntity
  8
colores$rojodxf
100
AcDbVertex
100
AcDb2dVertex
 10
200.4522357775385
 20
-29.03633258462568
 30
0.0
  0
VERTEX
  5
35C
330
359
100
AcDbEntity
  8
colores$rojodxf
100
AcDbVertex
100
AcDb2dVertex
 10
200.2467023916915
 20
-29.03633258462568
 30
0.0
  0
VERTEX
  5
35D
330
359
100
AcDbEntity
  8
colores$rojodxf
100
AcDbVertex
100
AcDb2dVertex
 10
200.2467023916915
 20
-33.07937207842283
 30
0.0
  0
SEQEND
  5
35E
330
359
100
AcDbEntity
  8
colores$rojodxf
  0
ARC
  5
35F
330
1F
100
AcDbEntity
  8
colores$rojodxf
100
AcDbCircle
 10
-199.9749742640756
 20
-33.07937207842283
 30
0.0
 40
0.2717281276159333
210
0.0
220
0.0
230
-1.0
100
AcDbArc
 50
180.0
 51
270.0
  0
LINE
  5
360
330
1F
100
AcDbEntity
  8
colores$rojodxf
100
AcDbLine
 10
199.9749742640756
 20
-33.35110020603877
 30
0.0
 11
196.1573320047444
 21
-33.35110020603877
 31
0.0
  0
ARC
  5
361
330
1F
100
AcDbEntity
  8
colores$rojodxf
100
AcDbCircle
 10
-196.1573320047444
 20
-33.07937207842282
 30
0.0
 40
0.271728127615944
210
0.0
220
0.0
230
-1.0
100
AcDbArc
 50
270.000000000006
 51
359.999999999997
  0
LINE
  5
362
330
1F
100
AcDbEntity
  8
colores$rojodxf
100
AcDbLine
 10
195.8856038771285
 20
-33.07937207842283
 30
0.0
 11
195.8856038771285
 21
-27.73728813042624
 31
0.0
  0
ARC
  5
363
330
1F
100
AcDbEntity
  8
colores$rojodxf
100
AcDbCircle
 10
-196.1573320047444
 20
-27.73728813042624
 30
0.0
 40
0.2717281276159298
210
0.0
220
0.0
230
-1.0
100
AcDbArc
 50
359.9999999999985
 51
90.0
  0
POLYLINE
  5
364
330
1F
100
AcDbEntity
  8
colores$rojodxf
100
AcDb2dPolyline
 66
     1
 10
0.0
 20
0.0
 30
0.0
  0
VERTEX
  5
365
330
364
100
AcDbEntity
  8
colores$rojodxf
100
AcDbVertex
100
AcDb2dVertex
 10
196.1573320047444
 20
-27.46556000281031
 30
0.0
  0
VERTEX
  5
366
330
364
100
AcDbEntity
  8
colores$rojodxf
100
AcDbVertex
100
AcDb2dVertex
 10
198.6626737951921
 20
-27.46556000281031
 30
0.0
  0
VERTEX
  5
367
330
364
100
AcDbEntity
  8
colores$rojodxf
100
AcDbVertex
100
AcDb2dVertex
 10
198.6626737951921
 20
-27.26002661696338
 30
0.0
  0
VERTEX
  5
368
330
364
100
AcDbEntity
  8
colores$rojodxf
100
AcDbVertex
100
AcDb2dVertex
 10
196.1573320047444
 20
-27.26002661696338
 30
0.0
  0
SEQEND
  5
369
330
364
100
AcDbEntity
  8
colores$rojodxf
  0
SPLINE
  5
36A
330
1F
100
AcDbEntity
  8
colores$rojodxf
100
AcDbSpline
210
0.0
220
0.0
230
1.0
 70
    12
 71
     2
 72
     6
 73
     3
 74
     0
 42
0.0000000001
 43
0.0000000001
 40
-1.947038791872817
 40
-1.947038791872817
 40
-1.947038791872817
 40
-1.197358159604777
 40
-1.197358159604777
 40
-1.197358159604777
 10
199.139935308655
 20
-29.03633258462568
 30
0.0
 41
1.0
 10
198.6626737951921
 20
-29.03633258462567
 30
0.0
 41
0.7071067811865476
 10
198.6626737951921
 20
-28.55907107116281
 30
0.0
 41
1.0
  0
POLYLINE
  5
36B
330
1F
100
AcDbEntity
  8
colores$rojodxf
100
AcDb2dPolyline
 66
     1
 10
0.0
 20
0.0
 30
0.0
  0
VERTEX
  5
36C
330
36B
100
AcDbEntity
  8
colores$rojodxf
100
AcDbVertex
100
AcDb2dVertex
 10
198.6626737951921
 20
-28.55907107116281
 30
0.0
  0
VERTEX
  5
36D
330
36B
100
AcDbEntity
  8
colores$rojodxf
100
AcDbVertex
100
AcDb2dVertex
 10
198.6626737951921
 20
-27.26002661696338
 30
0.0
  0
VERTEX
  5
36E
330
36B
100
AcDbEntity
  8
colores$rojodxf
100
AcDbVertex
100
AcDb2dVertex
 10
198.8682071810391
 20
-27.46403753328551
 30
0.0
  0
VERTEX
  5
36F
330
36B
100
AcDbEntity
  8
colores$rojodxf
100
AcDbVertex
100
AcDb2dVertex
 10
198.8682071810391
 20
-28.55907107116281
 30
0.0
  0
SEQEND
  5
370
330
36B
100
AcDbEntity
  8
colores$rojodxf
  0
ARC
  5
371
330
1F
100
AcDbEntity
  8
colores$rojodxf
100
AcDbCircle
 10
199.139935308655
 20
-28.5590710711628
 30
0.0
 40
0.2717281276159369
100
AcDbArc
 50
180.0000000000015
 51
270.0
  0
POLYLINE
  5
372
330
1F
100
AcDbEntity
  8
colores$rojodxf
100
AcDb2dPolyline
 66
     1
 10
0.0
 20
0.0
 30
0.0
  0
VERTEX
  5
373
330
372
100
AcDbEntity
  8
colores$rojodxf
100
AcDbVertex
100
AcDb2dVertex
 10
199.139935308655
 20
-28.83079919877874
 30
0.0
  0
VERTEX
  5
374
330
372
100
AcDbEntity
  8
colores$rojodxf
100
AcDbVertex
100
AcDb2dVertex
 10
200.2451685604539
 20
-28.83079919877874
 30
0.0
  0
VERTEX
  5
375
330
372
100
AcDbEntity
  8
colores$rojodxf
100
AcDbVertex
100
AcDb2dVertex
 10
200.4522357775385
 20
-29.03633258462568
 30
0.0
  0
VERTEX
  5
376
330
372
100
AcDbEntity
  8
colores$rojodxf
100
AcDbVertex
100
AcDb2dVertex
 10
199.139935308655
 20
-29.03633258462568
 30
0.0
  0
SEQEND
  5
377
330
372
100
AcDbEntity
  8
colores$rojodxf
  0
POLYLINE
  5
378
330
1F
100
AcDbEntity
  8
colores$rojodxf
100
AcDb2dPolyline
 66
     1
 10
0.0
 20
0.0
 30
0.0
 70
     1
  0
VERTEX
  5
379
330
378
100
AcDbEntity
  8
colores$rojodxf
100
AcDbVertex
100
AcDb2dVertex
 10
198.8682071810391
 20
-27.46403753328551
 30
0.0
  0
VERTEX
  5
37A
330
378
100
AcDbEntity
  8
colores$rojodxf
100
AcDbVertex
100
AcDb2dVertex
 10
198.8682071810391
 20
-27.75363108755823
 30
0.0
  0
VERTEX
  5
37B
330
378
100
AcDbEntity
  8
colores$rojodxf
100
AcDbVertex
100
AcDb2dVertex
 10
199.9534138602538
 20
-28.83079919877874
 30
0.0
  0
VERTEX
  5
37C
330
378
100
AcDbEntity
  8
colores$rojodxf
100
AcDbVertex
100
AcDb2dVertex
 10
200.2451685604539
 20
-28.83079919877874
 30
0.0
  0
SEQEND
  5
37D
330
378
100
AcDbEntity
  8
colores$rojodxf
  0
POLYLINE
  5
37E
330
1F
100
AcDbEntity
  8
colores$rojodxf
100
AcDb2dPolyline
 66
     1
 10
0.0
 20
0.0
 30
0.0
 70
     1
  0
VERTEX
  5
37F
330
37E
100
AcDbEntity
  8
colores$rojodxf
100
AcDbVertex
100
AcDb2dVertex
 10
194.4977770921037
 20
-33.81102756024955
 30
0.0
  0
VERTEX
  5
380
330
37E
100
AcDbEntity
  8
colores$rojodxf
100
AcDbVertex
100
AcDb2dVertex
 10
198.5073123977723
 20
-33.81102756024955
 30
0.0
  0
VERTEX
  5
381
330
37E
100
AcDbEntity
  8
colores$rojodxf
100
AcDbVertex
100
AcDb2dVertex
 10
198.5073123977723
 20
-32.12538618684604
 30
0.0
  0
VERTEX
  5
382
330
37E
100
AcDbEntity
  8
colores$rojodxf
100
AcDbVertex
100
AcDb2dVertex
 10
194.4977770921037
 20
-32.12538618684604
 30
0.0
  0
SEQEND
  5
383
330
37E
100
AcDbEntity
  8
colores$rojodxf
  0
POLYLINE
  5
384
330
1F
100
AcDbEntity
  8
dos
100
AcDb2dPolyline
 66
     1
 10
0.0
 20
0.0
 30
0.0
 70
     1
  0
VERTEX
  5
385
330
384
100
AcDbEntity
  8
dos
100
AcDbVertex
100
AcDb2dVertex
 10
207.042751162391
 20
-34.91541316828116
 30
0.0
  0
VERTEX
  5
386
330
384
100
AcDbEntity
  8
dos
100
AcDbVertex
100
AcDb2dVertex
 10
223.042751162391
 20
-34.91541316828116
 30
0.0
  0
VERTEX
  5
387
330
384
100
AcDbEntity
  8
dos
100
AcDbVertex
100
AcDb2dVertex
 10
223.042751162391
 20
-25.91541316828116
 30
0.0
  0
VERTEX
  5
388
330
384
100
AcDbEntity
  8
dos
100
AcDbVertex
100
AcDb2dVertex
 10
207.042751162391
 20
-25.91541316828116
 30
0.0
  0
SEQEND
  5
389
330
384
100
AcDbEntity
  8
dos
  0
ARC
  5
38B
330
1F
100
AcDbEntity
  8
colores$amarilloIMG
100
AcDbCircle
 10
213.145845462457
 20
-27.73728813042624
 30
0.0
 40
0.4772615134628646
100
AcDbArc
 50
90.0
 51
180.0000000000004
  0
POLYLINE
  5
38C
330
1F
100
AcDbEntity
  8
colores$amarilloIMG
100
AcDb2dPolyline
 66
     1
 10
0.0
 20
0.0
 30
0.0
  0
VERTEX
  5
38D
330
38C
100
AcDbEntity
  8
colores$amarilloIMG
100
AcDbVertex
100
AcDb2dVertex
 10
212.6685839489941
 20
-27.73728813042624
 30
0.0
  0
VERTEX
  5
38E
330
38C
100
AcDbEntity
  8
colores$amarilloIMG
100
AcDbVertex
100
AcDb2dVertex
 10
212.6685839489941
 20
-33.07937207842283
 30
0.0
  0
SEQEND
  5
38F
330
38C
100
AcDbEntity
  8
colores$amarilloIMG
  0
ARC
  5
390
330
1F
100
AcDbEntity
  8
colores$amarilloIMG
100
AcDbCircle
 10
213.145845462457
 20
-33.07937207842283
 30
0.0
 40
0.4772615134628646
100
AcDbArc
 50
180.0
 51
270.0
  0
POLYLINE
  5
391
330
1F
100
AcDbEntity
  8
colores$amarilloIMG
100
AcDb2dPolyline
 66
     1
 10
0.0
 20
0.0
 30
0.0
  0
VERTEX
  5
392
330
391
100
AcDbEntity
  8
colores$amarilloIMG
100
AcDbVertex
100
AcDb2dVertex
 10
213.145845462457
 20
-33.55663359188569
 30
0.0
  0
VERTEX
  5
393
330
391
100
AcDbEntity
  8
colores$amarilloIMG
100
AcDbVertex
100
AcDb2dVertex
 10
216.9634877217882
 20
-33.55663359188569
 30
0.0
  0
SEQEND
  5
394
330
391
100
AcDbEntity
  8
colores$amarilloIMG
  0
ARC
  5
395
330
1F
100
AcDbEntity
  8
colores$amarilloIMG
100
AcDbCircle
 10
216.9634877217882
 20
-33.07937207842283
 30
0.0
 40
0.4772615134628646
100
AcDbArc
 50
270.0
 51
0.0
  0
POLYLINE
  5
396
330
1F
100
AcDbEntity
  8
colores$amarilloIMG
100
AcDb2dPolyline
 66
     1
 10
0.0
 20
0.0
 30
0.0
  0
VERTEX
  5
397
330
396
100
AcDbEntity
  8
colores$amarilloIMG
100
AcDbVertex
100
AcDb2dVertex
 10
217.4407492352511
 20
-33.07937207842283
 30
0.0
  0
VERTEX
  5
398
330
396
100
AcDbEntity
  8
colores$amarilloIMG
100
AcDbVertex
100
AcDb2dVertex
 10
217.4407492352511
 20
-29.03633258462568
 30
0.0
  0
VERTEX
  5
399
330
396
100
AcDbEntity
  8
colores$amarilloIMG
100
AcDbVertex
100
AcDb2dVertex
 10
217.2352158494041
 20
-29.03633258462568
 30
0.0
  0
VERTEX
  5
39A
330
396
100
AcDbEntity
  8
colores$amarilloIMG
100
AcDbVertex
100
AcDb2dVertex
 10
217.2352158494041
 20
-33.07937207842283
 30
0.0
  0
SEQEND
  5
39B
330
396
100
AcDbEntity
  8
colores$amarilloIMG
  0
ARC
  5
39C
330
1F
100
AcDbEntity
  8
colores$amarilloIMG
100
AcDbCircle
 10
-216.9634877217882
 20
-33.07937207842283
 30
0.0
 40
0.2717281276159333
210
0.0
220
0.0
230
-1.0
100
AcDbArc
 50
180.0
 51
270.0
  0
LINE
  5
39D
330
1F
100
AcDbEntity
  8
colores$amarilloIMG
100
AcDbLine
 10
216.9634877217882
 20
-33.35110020603877
 30
0.0
 11
213.145845462457
 21
-33.35110020603877
 31
0.0
  0
ARC
  5
39E
330
1F
100
AcDbEntity
  8
colores$amarilloIMG
100
AcDbCircle
 10
-213.145845462457
 20
-33.07937207842282
 30
0.0
 40
0.271728127615944
210
0.0
220
0.0
230
-1.0
100
AcDbArc
 50
270.000000000006
 51
359.999999999997
  0
LINE
  5
39F
330
1F
100
AcDbEntity
  8
colores$amarilloIMG
100
AcDbLine
 10
212.8741173348411
 20
-33.07937207842283
 30
0.0
 11
212.8741173348411
 21
-27.73728813042624
 31
0.0
  0
ARC
  5
3A0
330
1F
100
AcDbEntity
  8
colores$amarilloIMG
100
AcDbCircle
 10
-213.145845462457
 20
-27.73728813042624
 30
0.0
 40
0.2717281276159298
210
0.0
220
0.0
230
-1.0
100
AcDbArc
 50
359.9999999999985
 51
90.0
  0
POLYLINE
  5
3A1
330
1F
100
AcDbEntity
  8
colores$amarilloIMG
100
AcDb2dPolyline
 66
     1
 10
0.0
 20
0.0
 30
0.0
  0
VERTEX
  5
3A2
330
3A1
100
AcDbEntity
  8
colores$amarilloIMG
100
AcDbVertex
100
AcDb2dVertex
 10
213.145845462457
 20
-27.46556000281031
 30
0.0
  0
VERTEX
  5
3A3
330
3A1
100
AcDbEntity
  8
colores$amarilloIMG
100
AcDbVertex
100
AcDb2dVertex
 10
215.6511872529047
 20
-27.46556000281031
 30
0.0
  0
VERTEX
  5
3A4
330
3A1
100
AcDbEntity
  8
colores$amarilloIMG
100
AcDbVertex
100
AcDb2dVertex
 10
215.6511872529047
 20
-27.26002661696338
 30
0.0
  0
VERTEX
  5
3A5
330
3A1
100
AcDbEntity
  8
colores$amarilloIMG
100
AcDbVertex
100
AcDb2dVertex
 10
213.145845462457
 20
-27.26002661696338
 30
0.0
  0
SEQEND
  5
3A6
330
3A1
100
AcDbEntity
  8
colores$amarilloIMG
  0
SPLINE
  5
3A7
330
1F
100
AcDbEntity
  8
colores$amarilloIMG
100
AcDbSpline
210
0.0
220
0.0
230
1.0
 70
    12
 71
     2
 72
     6
 73
     3
 74
     0
 42
0.0000000001
 43
0.0000000001
 40
-1.947038791872817
 40
-1.947038791872817
 40
-1.947038791872817
 40
-1.197358159604777
 40
-1.197358159604777
 40
-1.197358159604777
 10
216.1284487663676
 20
-29.03633258462568
 30
0.0
 41
1.0
 10
215.6511872529047
 20
-29.03633258462567
 30
0.0
 41
0.7071067811865476
 10
215.6511872529047
 20
-28.55907107116281
 30
0.0
 41
1.0
  0
POLYLINE
  5
3A8
330
1F
100
AcDbEntity
  8
colores$amarilloIMG
100
AcDb2dPolyline
 66
     1
 10
0.0
 20
0.0
 30
0.0
  0
VERTEX
  5
3A9
330
3A8
100
AcDbEntity
  8
colores$amarilloIMG
100
AcDbVertex
100
AcDb2dVertex
 10
215.6511872529047
 20
-28.55907107116281
 30
0.0
  0
VERTEX
  5
3AA
330
3A8
100
AcDbEntity
  8
colores$amarilloIMG
100
AcDbVertex
100
AcDb2dVertex
 10
215.6511872529047
 20
-27.26002661696338
 30
0.0
  0
VERTEX
  5
3AB
330
3A8
100
AcDbEntity
  8
colores$amarilloIMG
100
AcDbVertex
100
AcDb2dVertex
 10
215.8567206387517
 20
-27.46403753328551
 30
0.0
  0
VERTEX
  5
3AC
330
3A8
100
AcDbEntity
  8
colores$amarilloIMG
100
AcDbVertex
100
AcDb2dVertex
 10
215.8567206387517
 20
-28.55907107116281
 30
0.0
  0
SEQEND
  5
3AD
330
3A8
100
AcDbEntity
  8
colores$amarilloIMG
  0
ARC
  5
3AE
330
1F
100
AcDbEntity
  8
colores$amarilloIMG
100
AcDbCircle
 10
216.1284487663676
 20
-28.5590710711628
 30
0.0
 40
0.2717281276159369
100
AcDbArc
 50
180.0000000000015
 51
270.0
  0
POLYLINE
  5
3AF
330
1F
100
AcDbEntity
  8
colores$amarilloIMG
100
AcDb2dPolyline
 66
     1
 10
0.0
 20
0.0
 30
0.0
  0
VERTEX
  5
3B0
330
3AF
100
AcDbEntity
  8
colores$amarilloIMG
100
AcDbVertex
100
AcDb2dVertex
 10
216.1284487663676
 20
-28.83079919877874
 30
0.0
  0
VERTEX
  5
3B1
330
3AF
100
AcDbEntity
  8
colores$amarilloIMG
100
AcDbVertex
100
AcDb2dVertex
 10
217.2336820181665
 20
-28.83079919877874
 30
0.0
  0
VERTEX
  5
3B2
330
3AF
100
AcDbEntity
  8
colores$amarilloIMG
100
AcDbVertex
100
AcDb2dVertex
 10
217.4407492352511
 20
-29.03633258462568
 30
0.0
  0
VERTEX
  5
3B3
330
3AF
100
AcDbEntity
  8
colores$amarilloIMG
100
AcDbVertex
100
AcDb2dVertex
 10
216.1284487663676
 20
-29.03633258462568
 30
0.0
  0
SEQEND
  5
3B4
330
3AF
100
AcDbEntity
  8
colores$amarilloIMG
  0
POLYLINE
  5
3B5
330
1F
100
AcDbEntity
  8
colores$amarilloIMG
100
AcDb2dPolyline
 66
     1
 10
0.0
 20
0.0
 30
0.0
 70
     1
  0
VERTEX
  5
3B6
330
3B5
100
AcDbEntity
  8
colores$amarilloIMG
100
AcDbVertex
100
AcDb2dVertex
 10
215.8567206387517
 20
-27.46403753328551
 30
0.0
  0
VERTEX
  5
3B7
330
3B5
100
AcDbEntity
  8
colores$amarilloIMG
100
AcDbVertex
100
AcDb2dVertex
 10
215.8567206387517
 20
-27.75363108755823
 30
0.0
  0
VERTEX
  5
3B8
330
3B5
100
AcDbEntity
  8
colores$amarilloIMG
100
AcDbVertex
100
AcDb2dVertex
 10
216.9419273179664
 20
-28.83079919877874
 30
0.0
  0
VERTEX
  5
3B9
330
3B5
100
AcDbEntity
  8
colores$amarilloIMG
100
AcDbVertex
100
AcDb2dVertex
 10
217.2336820181665
 20
-28.83079919877874
 30
0.0
  0
SEQEND
  5
3BA
330
3B5
100
AcDbEntity
  8
colores$amarilloIMG
  0
POLYLINE
  5
3BB
330
1F
100
AcDbEntity
  8
colores$amarilloIMG
100
AcDb2dPolyline
 66
     1
 10
0.0
 20
0.0
 30
0.0
 70
     1
  0
VERTEX
  5
3BC
330
3BB
100
AcDbEntity
  8
colores$amarilloIMG
100
AcDbVertex
100
AcDb2dVertex
 10
211.4862905498163
 20
-33.81102756024955
 30
0.0
  0
VERTEX
  5
3BD
330
3BB
100
AcDbEntity
  8
colores$amarilloIMG
100
AcDbVertex
100
AcDb2dVertex
 10
215.4958258554849
 20
-33.81102756024955
 30
0.0
  0
VERTEX
  5
3BE
330
3BB
100
AcDbEntity
  8
colores$amarilloIMG
100
AcDbVertex
100
AcDb2dVertex
 10
215.4958258554849
 20
-32.12538618684604
 30
0.0
  0
VERTEX
  5
3BF
330
3BB
100
AcDbEntity
  8
colores$amarilloIMG
100
AcDbVertex
100
AcDb2dVertex
 10
211.4862905498163
 20
-32.12538618684604
 30
0.0
  0
SEQEND
  5
3C0
330
3BB
100
AcDbEntity
  8
colores$amarilloIMG
  0
POLYLINE
  5
3C1
330
1F
100
AcDbEntity
  8
dos
100
AcDb2dPolyline
 66
     1
 10
0.0
 20
0.0
 30
0.0
 70
     1
  0
VERTEX
  5
3C2
330
3C1
100
AcDbEntity
  8
dos
100
AcDbVertex
100
AcDb2dVertex
 10
224.0312646201036
 20
-34.91541316828116
 30
0.0
  0
VERTEX
  5
3C3
330
3C1
100
AcDbEntity
  8
dos
100
AcDbVertex
100
AcDb2dVertex
 10
240.0312646201036
 20
-34.91541316828116
 30
0.0
  0
VERTEX
  5
3C4
330
3C1
100
AcDbEntity
  8
dos
100
AcDbVertex
100
AcDb2dVertex
 10
240.0312646201036
 20
-25.91541316828116
 30
0.0
  0
VERTEX
  5
3C5
330
3C1
100
AcDbEntity
  8
dos
100
AcDbVertex
100
AcDb2dVertex
 10
224.0312646201036
 20
-25.91541316828116
 30
0.0
  0
SEQEND
  5
3C6
330
3C1
100
AcDbEntity
  8
dos
  0
ARC
  5
3C8
330
1F
100
AcDbEntity
  8
colores$360
100
AcDbCircle
 10
230.1343589201696
 20
-27.73728813042624
 30
0.0
 40
0.4772615134628646
100
AcDbArc
 50
90.0
 51
180.0000000000004
  0
POLYLINE
  5
3C9
330
1F
100
AcDbEntity
  8
colores$360
100
AcDb2dPolyline
 66
     1
 10
0.0
 20
0.0
 30
0.0
  0
VERTEX
  5
3CA
330
3C9
100
AcDbEntity
  8
colores$360
100
AcDbVertex
100
AcDb2dVertex
 10
229.6570974067067
 20
-27.73728813042624
 30
0.0
  0
VERTEX
  5
3CB
330
3C9
100
AcDbEntity
  8
colores$360
100
AcDbVertex
100
AcDb2dVertex
 10
229.6570974067067
 20
-33.07937207842283
 30
0.0
  0
SEQEND
  5
3CC
330
3C9
100
AcDbEntity
  8
colores$360
  0
ARC
  5
3CD
330
1F
100
AcDbEntity
  8
colores$360
100
AcDbCircle
 10
230.1343589201696
 20
-33.07937207842283
 30
0.0
 40
0.4772615134628646
100
AcDbArc
 50
180.0
 51
270.0
  0
POLYLINE
  5
3CE
330
1F
100
AcDbEntity
  8
colores$360
100
AcDb2dPolyline
 66
     1
 10
0.0
 20
0.0
 30
0.0
  0
VERTEX
  5
3CF
330
3CE
100
AcDbEntity
  8
colores$360
100
AcDbVertex
100
AcDb2dVertex
 10
230.1343589201696
 20
-33.55663359188569
 30
0.0
  0
VERTEX
  5
3D0
330
3CE
100
AcDbEntity
  8
colores$360
100
AcDbVertex
100
AcDb2dVertex
 10
233.9520011795008
 20
-33.55663359188569
 30
0.0
  0
SEQEND
  5
3D1
330
3CE
100
AcDbEntity
  8
colores$360
  0
ARC
  5
3D2
330
1F
100
AcDbEntity
  8
colores$360
100
AcDbCircle
 10
233.9520011795008
 20
-33.07937207842283
 30
0.0
 40
0.4772615134628646
100
AcDbArc
 50
270.0
 51
0.0
  0
POLYLINE
  5
3D3
330
1F
100
AcDbEntity
  8
colores$360
100
AcDb2dPolyline
 66
     1
 10
0.0
 20
0.0
 30
0.0
  0
VERTEX
  5
3D4
330
3D3
100
AcDbEntity
  8
colores$360
100
AcDbVertex
100
AcDb2dVertex
 10
234.4292626929636
 20
-33.07937207842283
 30
0.0
  0
VERTEX
  5
3D5
330
3D3
100
AcDbEntity
  8
colores$360
100
AcDbVertex
100
AcDb2dVertex
 10
234.4292626929636
 20
-29.03633258462568
 30
0.0
  0
VERTEX
  5
3D6
330
3D3
100
AcDbEntity
  8
colores$360
100
AcDbVertex
100
AcDb2dVertex
 10
234.2237293071167
 20
-29.03633258462568
 30
0.0
  0
VERTEX
  5
3D7
330
3D3
100
AcDbEntity
  8
colores$360
100
AcDbVertex
100
AcDb2dVertex
 10
234.2237293071167
 20
-33.07937207842283
 30
0.0
  0
SEQEND
  5
3D8
330
3D3
100
AcDbEntity
  8
colores$360
  0
ARC
  5
3D9
330
1F
100
AcDbEntity
  8
colores$360
100
AcDbCircle
 10
-233.9520011795008
 20
-33.07937207842283
 30
0.0
 40
0.2717281276159333
210
0.0
220
0.0
230
-1.0
100
AcDbArc
 50
180.0
 51
270.0
  0
LINE
  5
3DA
330
1F
100
AcDbEntity
  8
colores$360
100
AcDbLine
 10
233.9520011795008
 20
-33.35110020603877
 30
0.0
 11
230.1343589201696
 21
-33.35110020603877
 31
0.0
  0
ARC
  5
3DB
330
1F
100
AcDbEntity
  8
colores$360
100
AcDbCircle
 10
-230.1343589201696
 20
-33.07937207842282
 30
0.0
 40
0.271728127615944
210
0.0
220
0.0
230
-1.0
100
AcDbArc
 50
270.000000000006
 51
359.999999999997
  0
LINE
  5
3DC
330
1F
100
AcDbEntity
  8
colores$360
100
AcDbLine
 10
229.8626307925537
 20
-33.07937207842283
 30
0.0
 11
229.8626307925537
 21
-27.73728813042624
 31
0.0
  0
ARC
  5
3DD
330
1F
100
AcDbEntity
  8
colores$360
100
AcDbCircle
 10
-230.1343589201696
 20
-27.73728813042624
 30
0.0
 40
0.2717281276159298
210
0.0
220
0.0
230
-1.0
100
AcDbArc
 50
359.9999999999985
 51
90.0
  0
POLYLINE
  5
3DE
330
1F
100
AcDbEntity
  8
colores$360
100
AcDb2dPolyline
 66
     1
 10
0.0
 20
0.0
 30
0.0
  0
VERTEX
  5
3DF
330
3DE
100
AcDbEntity
  8
colores$360
100
AcDbVertex
100
AcDb2dVertex
 10
230.1343589201696
 20
-27.46556000281031
 30
0.0
  0
VERTEX
  5
3E0
330
3DE
100
AcDbEntity
  8
colores$360
100
AcDbVertex
100
AcDb2dVertex
 10
232.6397007106173
 20
-27.46556000281031
 30
0.0
  0
VERTEX
  5
3E1
330
3DE
100
AcDbEntity
  8
colores$360
100
AcDbVertex
100
AcDb2dVertex
 10
232.6397007106173
 20
-27.26002661696338
 30
0.0
  0
VERTEX
  5
3E2
330
3DE
100
AcDbEntity
  8
colores$360
100
AcDbVertex
100
AcDb2dVertex
 10
230.1343589201696
 20
-27.26002661696338
 30
0.0
  0
SEQEND
  5
3E3
330
3DE
100
AcDbEntity
  8
colores$360
  0
SPLINE
  5
3E4
330
1F
100
AcDbEntity
  8
colores$360
100
AcDbSpline
210
0.0
220
0.0
230
1.0
 70
    12
 71
     2
 72
     6
 73
     3
 74
     0
 42
0.0000000001
 43
0.0000000001
 40
-1.947038791872817
 40
-1.947038791872817
 40
-1.947038791872817
 40
-1.197358159604777
 40
-1.197358159604777
 40
-1.197358159604777
 10
233.1169622240802
 20
-29.03633258462568
 30
0.0
 41
1.0
 10
232.6397007106173
 20
-29.03633258462567
 30
0.0
 41
0.7071067811865476
 10
232.6397007106173
 20
-28.55907107116281
 30
0.0
 41
1.0
  0
POLYLINE
  5
3E5
330
1F
100
AcDbEntity
  8
colores$360
100
AcDb2dPolyline
 66
     1
 10
0.0
 20
0.0
 30
0.0
  0
VERTEX
  5
3E6
330
3E5
100
AcDbEntity
  8
colores$360
100
AcDbVertex
100
AcDb2dVertex
 10
232.6397007106173
 20
-28.55907107116281
 30
0.0
  0
VERTEX
  5
3E7
330
3E5
100
AcDbEntity
  8
colores$360
100
AcDbVertex
100
AcDb2dVertex
 10
232.6397007106173
 20
-27.26002661696338
 30
0.0
  0
VERTEX
  5
3E8
330
3E5
100
AcDbEntity
  8
colores$360
100
AcDbVertex
100
AcDb2dVertex
 10
232.8452340964642
 20
-27.46403753328551
 30
0.0
  0
VERTEX
  5
3E9
330
3E5
100
AcDbEntity
  8
colores$360
100
AcDbVertex
100
AcDb2dVertex
 10
232.8452340964642
 20
-28.55907107116281
 30
0.0
  0
SEQEND
  5
3EA
330
3E5
100
AcDbEntity
  8
colores$360
  0
ARC
  5
3EB
330
1F
100
AcDbEntity
  8
colores$360
100
AcDbCircle
 10
233.1169622240802
 20
-28.5590710711628
 30
0.0
 40
0.2717281276159369
100
AcDbArc
 50
180.0000000000015
 51
270.0
  0
POLYLINE
  5
3EC
330
1F
100
AcDbEntity
  8
colores$360
100
AcDb2dPolyline
 66
     1
 10
0.0
 20
0.0
 30
0.0
  0
VERTEX
  5
3ED
330
3EC
100
AcDbEntity
  8
colores$360
100
AcDbVertex
100
AcDb2dVertex
 10
233.1169622240802
 20
-28.83079919877874
 30
0.0
  0
VERTEX
  5
3EE
330
3EC
100
AcDbEntity
  8
colores$360
100
AcDbVertex
100
AcDb2dVertex
 10
234.222195475879
 20
-28.83079919877874
 30
0.0
  0
VERTEX
  5
3EF
330
3EC
100
AcDbEntity
  8
colores$360
100
AcDbVertex
100
AcDb2dVertex
 10
234.4292626929636
 20
-29.03633258462568
 30
0.0
  0
VERTEX
  5
3F0
330
3EC
100
AcDbEntity
  8
colores$360
100
AcDbVertex
100
AcDb2dVertex
 10
233.1169622240802
 20
-29.03633258462568
 30
0.0
  0
SEQEND
  5
3F1
330
3EC
100
AcDbEntity
  8
colores$360
  0
POLYLINE
  5
3F2
330
1F
100
AcDbEntity
  8
colores$360
100
AcDb2dPolyline
 66
     1
 10
0.0
 20
0.0
 30
0.0
 70
     1
  0
VERTEX
  5
3F3
330
3F2
100
AcDbEntity
  8
colores$360
100
AcDbVertex
100
AcDb2dVertex
 10
232.8452340964642
 20
-27.46403753328551
 30
0.0
  0
VERTEX
  5
3F4
330
3F2
100
AcDbEntity
  8
colores$360
100
AcDbVertex
100
AcDb2dVertex
 10
232.8452340964642
 20
-27.75363108755823
 30
0.0
  0
VERTEX
  5
3F5
330
3F2
100
AcDbEntity
  8
colores$360
100
AcDbVertex
100
AcDb2dVertex
 10
233.9304407756789
 20
-28.83079919877874
 30
0.0
  0
VERTEX
  5
3F6
330
3F2
100
AcDbEntity
  8
colores$360
100
AcDbVertex
100
AcDb2dVertex
 10
234.222195475879
 20
-28.83079919877874
 30
0.0
  0
SEQEND
  5
3F7
330
3F2
100
AcDbEntity
  8
colores$360
  0
POLYLINE
  5
3F8
330
1F
100
AcDbEntity
  8
colores$360
100
AcDb2dPolyline
 66
     1
 10
0.0
 20
0.0
 30
0.0
 70
     1
  0
VERTEX
  5
3F9
330
3F8
100
AcDbEntity
  8
colores$360
100
AcDbVertex
100
AcDb2dVertex
 10
228.4748040075289
 20
-33.81102756024955
 30
0.0
  0
VERTEX
  5
3FA
330
3F8
100
AcDbEntity
  8
colores$360
100
AcDbVertex
100
AcDb2dVertex
 10
232.4843393131974
 20
-33.81102756024955
 30
0.0
  0
VERTEX
  5
3FB
330
3F8
100
AcDbEntity
  8
colores$360
100
AcDbVertex
100
AcDb2dVertex
 10
232.4843393131974
 20
-32.12538618684604
 30
0.0
  0
VERTEX
  5
3FC
330
3F8
100
AcDbEntity
  8
colores$360
100
AcDbVertex
100
AcDb2dVertex
 10
228.4748040075289
 20
-32.12538618684604
 30
0.0
  0
SEQEND
  5
3FD
330
3F8
100
AcDbEntity
  8
colores$360
  0
CIRCLE
  5
3FE
330
1F
100
AcDbEntity
  8
colores$rojodxf
100
AcDbCircle
 10
198.5221131878413
 20
-30.88746950300767
 30
0.0
 40
0.4911050619024837
  0
POLYLINE
  5
3FF
330
1F
100
AcDbEntity
  8
colores$rojodxf
100
AcDb2dPolyline
 66
     1
 10
0.0
 20
0.0
 30
0.0
 70
     1
  0
VERTEX
  5
400
330
3FF
100
AcDbEntity
  8
colores$rojodxf
100
AcDbVertex
100
AcDb2dVertex
 10
198.2586542560886
 20
-29.67648283424986
 30
0.0
  0
VERTEX
  5
401
330
3FF
100
AcDbEntity
  8
colores$rojodxf
100
AcDbVertex
100
AcDb2dVertex
 10
197.0829318446546
 20
-29.90360814182349
 30
0.0
  0
VERTEX
  5
402
330
3FF
100
AcDbEntity
  8
colores$rojodxf
100
AcDbVertex
100
AcDb2dVertex
 10
197.8674893365727
 20
-30.80825096413728
 30
0.0
  0
SEQEND
  5
403
330
3FF
100
AcDbEntity
  8
colores$rojodxf
  0
POLYLINE
  5
404
330
1F
100
AcDbEntity
  8
colores$rojodxf
100
AcDb2dPolyline
 66
     1
 10
0.0
 20
0.0
 30
0.0
 70
     1
  0
VERTEX
  5
405
330
404
100
AcDbEntity
  8
colores$rojodxf
100
AcDbVertex
100
AcDb2dVertex
 10
197.3758357303911
 20
-31.46060823173274
 30
0.0
  0
VERTEX
  5
406
330
404
100
AcDbEntity
  8
colores$rojodxf
100
AcDbVertex
100
AcDb2dVertex
 10
197.8703989882426
 20
-31.46060823173274
 30
0.0
  0
VERTEX
  5
407
330
404
100
AcDbEntity
  8
colores$rojodxf
100
AcDbVertex
100
AcDb2dVertex
 10
197.8703989882426
 20
-30.96604497388127
 30
0.0
  0
VERTEX
  5
408
330
404
100
AcDbEntity
  8
colores$rojodxf
100
AcDbVertex
100
AcDb2dVertex
 10
197.3758357303911
 20
-30.96604497388127
 30
0.0
  0
SEQEND
  5
409
330
404
100
AcDbEntity
  8
colores$rojodxf
  0
POLYLINE
  5
40A
330
1F
100
AcDbEntity
  8
colores$rojodxf
100
AcDb2dPolyline
 66
     1
 10
0.0
 20
0.0
 30
0.0
 70
     1
  0
VERTEX
  5
40B
330
40A
100
AcDbEntity
  8
colores$rojodxf
100
AcDbVertex
100
AcDb2dVertex
 10
197.9481062790937
 20
-29.94580762845785
 30
0.0
  0
VERTEX
  5
40C
330
40A
100
AcDbEntity
  8
colores$rojodxf
100
AcDbVertex
100
AcDb2dVertex
 10
197.4714479468051
 20
-30.03788818189097
 30
0.0
  0
VERTEX
  5
40D
330
40A
100
AcDbEntity
  8
colores$rojodxf
100
AcDbVertex
100
AcDb2dVertex
 10
197.789521211417
 20
-30.40464612986182
 30
0.0
  0
SEQEND
  5
40E
330
40A
100
AcDbEntity
  8
colores$rojodxf
  0
CIRCLE
  5
40F
330
1F
100
AcDbEntity
  8
colores$rojodxf
100
AcDbCircle
 10
198.5221131878413
 20
-30.88746950300767
 30
0.0
 40
0.2855716760555536
  0
POLYLINE
  5
410
330
1F
100
AcDbEntity
  8
colores$rojodxf
100
AcDb2dPolyline
 66
     1
 10
0.0
 20
0.0
 30
0.0
 70
     1
  0
VERTEX
  5
411
330
410
100
AcDbEntity
  8
colores$rojodxf
100
AcDbVertex
100
AcDb2dVertex
 10
197.5813691162381
 20
-31.25507484588581
 30
0.0
  0
VERTEX
  5
412
330
410
100
AcDbEntity
  8
colores$rojodxf
100
AcDbVertex
100
AcDb2dVertex
 10
197.6648656023957
 20
-31.25507484588581
 30
0.0
  0
VERTEX
  5
413
330
410
100
AcDbEntity
  8
colores$rojodxf
100
AcDbVertex
100
AcDb2dVertex
 10
197.6648656023957
 20
-31.1715783597282
 30
0.0
  0
VERTEX
  5
414
330
410
100
AcDbEntity
  8
colores$rojodxf
100
AcDbVertex
100
AcDb2dVertex
 10
197.5813691162381
 20
-31.1715783597282
 30
0.0
  0
SEQEND
  5
415
330
410
100
AcDbEntity
  8
colores$rojodxf
  0
POLYLINE
  5
416
330
1F
100
AcDbEntity
  8
colores$amarilloIMG
100
AcDb2dPolyline
 66
     1
 10
0.0
 20
0.0
 30
0.0
 70
     1
  0
VERTEX
  5
417
330
416
100
AcDbEntity
  8
colores$amarilloIMG
100
AcDbVertex
100
AcDb2dVertex
 10
214.3881133796587
 20
-31.43656484493538
 30
0.0
  0
VERTEX
  5
418
330
416
100
AcDbEntity
  8
colores$amarilloIMG
100
AcDbVertex
100
AcDb2dVertex
 10
215.7212198045865
 20
-31.43656484493538
 30
0.0
  0
VERTEX
  5
419
330
416
100
AcDbEntity
  8
colores$amarilloIMG
100
AcDbVertex
100
AcDb2dVertex
 10
215.7212198045865
 20
-29.72515392653633
 30
0.0
  0
VERTEX
  5
41A
330
416
100
AcDbEntity
  8
colores$amarilloIMG
100
AcDbVertex
100
AcDb2dVertex
 10
214.3881133796587
 20
-29.72515392653633
 30
0.0
  0
SEQEND
  5
41B
330
416
100
AcDbEntity
  8
colores$amarilloIMG
  0
POLYLINE
  5
41C
330
1F
100
AcDbEntity
  8
colores$amarilloIMG
100
AcDb2dPolyline
 66
     1
 10
0.0
 20
0.0
 30
0.0
 70
     1
  0
VERTEX
  5
41D
330
41C
100
AcDbEntity
  8
colores$amarilloIMG
100
AcDbVertex
100
AcDb2dVertex
 10
214.4842751157611
 20
-30.97459268205236
 30
0.0
  0
VERTEX
  5
41E
330
41C
100
AcDbEntity
  8
colores$amarilloIMG
100
AcDbVertex
100
AcDb2dVertex
 10
215.6250580684841
 20
-30.97459268205236
 30
0.0
  0
VERTEX
  5
41F
330
41C
100
AcDbEntity
  8
colores$amarilloIMG
100
AcDbVertex
100
AcDb2dVertex
 10
215.6250580684841
 20
-29.8338097293294
 30
0.0
  0
VERTEX
  5
420
330
41C
100
AcDbEntity
  8
colores$amarilloIMG
100
AcDbVertex
100
AcDb2dVertex
 10
214.4842751157611
 20
-29.8338097293294
 30
0.0
  0
SEQEND
  5
421
330
41C
100
AcDbEntity
  8
colores$amarilloIMG
  0
CIRCLE
  5
422
330
1F
100
AcDbEntity
  8
colores$amarilloIMG
100
AcDbCircle
 10
214.8273224195227
 20
-30.1557045636217
 30
0.0
 40
0.1805088494681975
  0
POLYLINE
  5
423
330
1F
100
AcDbEntity
  8
colores$amarilloIMG
100
AcDb2dPolyline
 66
     1
 10
0.0
 20
0.0
 30
0.0
 70
     1
  0
VERTEX
  5
424
330
423
100
AcDbEntity
  8
colores$amarilloIMG
100
AcDbVertex
100
AcDb2dVertex
 10
215.2158648567377
 20
-30.4156561420478
 30
0.0
  0
VERTEX
  5
425
330
423
100
AcDbEntity
  8
colores$amarilloIMG
100
AcDbVertex
100
AcDb2dVertex
 10
214.8253026176889
 20
-30.84552024162979
 30
0.0
  0
VERTEX
  5
426
330
423
100
AcDbEntity
  8
colores$amarilloIMG
100
AcDbVertex
100
AcDb2dVertex
 10
215.5508520779375
 20
-30.84552024162979
 30
0.0
  0
VERTEX
  5
427
330
423
100
AcDbEntity
  8
colores$amarilloIMG
100
AcDbVertex
100
AcDb2dVertex
 10
215.5508520779375
 20
-30.78435276915457
 30
0.0
  0
SEQEND
  5
428
330
423
100
AcDbEntity
  8
colores$amarilloIMG
  0
SPLINE
  5
429
330
1F
100
AcDbEntity
  8
colores$360
100
AcDbSpline
210
0.0
220
0.0
230
1.0
 70
    24
 71
     1
 72
     4
 73
     2
 74
     0
 42
0.0000000001
 43
0.0000000001
 40
0.0
 40
0.0
 40
0.5089639556837823
 40
0.5089639556837823
 10
232.4487936199848
 20
-31.14935722380773
 30
0.0
 10
232.0431800498352
 20
-31.45680142995861
 30
0.0
  0
SPLINE
  5
42A
330
1F
100
AcDbEntity
  8
colores$360
100
AcDbSpline
210
0.0
220
0.0
230
1.0
 70
    24
 71
     1
 72
     4
 73
     2
 74
     0
 42
0.0000000001
 43
0.0000000001
 40
0.0
 40
0.0
 40
0.2306647569740492
 40
0.2306647569740492
 10
232.228329087217
 20
-31.21719246465935
 30
0.0
 10
232.4487936199848
 20
-31.14935722380773
 30
0.0
  0
SPLINE
  5
42B
330
1F
100
AcDbEntity
  8
colores$360
100
AcDbSpline
210
0.0
220
0.0
230
1.0
 70
    24
 71
     1
 72
     4
 73
     2
 74
     0
 42
0.0000000001
 43
0.0000000001
 40
0.0
 40
0.0
 40
0.2306647569740492
 40
0.2306647569740492
 10
232.7786809293888
 20
-30.58085938573586
 30
0.0
 10
232.8669252922909
 20
-30.36774166585808
 30
0.0
  0
SPLINE
  5
42C
330
1F
100
AcDbEntity
  8
colores$360
100
AcDbSpline
210
0.0
220
0.0
230
1.0
 70
     8
 71
     2
 72
     6
 73
     3
 74
     0
 42
0.0000000001
 43
0.0000000001
 40
0.0
 40
0.0
 40
0.0
 40
0.2330799615414944
 40
0.2330799615414944
 40
0.2330799615414944
 10
232.2283290872171
 20
-29.87695492325759
 30
0.0
 10
232.1534512855611
 20
-29.77961378110476
 30
0.0
 10
232.0431800498352
 20
-29.77961378110476
 30
0.0
  0
SPLINE
  5
42D
330
1F
100
AcDbEntity
  8
colores$360
100
AcDbSpline
210
0.0
220
0.0
230
1.0
 70
    24
 71
     1
 72
     4
 73
     2
 74
     0
 42
0.0000000001
 43
0.0000000001
 40
0.0
 40
0.0
 40
0.5089639556837823
 40
0.5089639556837823
 10
232.4487936199848
 20
-30.04498475762243
 30
0.0
 10
232.0431800498352
 20
-30.3524289637733
 30
0.0
  0
SPLINE
  5
42E
330
1F
100
AcDbEntity
  8
colores$360
100
AcDbSpline
210
0.0
220
0.0
230
1.0
 70
    24
 71
     1
 72
     4
 73
     2
 74
     0
 42
0.0000000001
 43
0.0000000001
 40
0.0
 40
0.0
 40
0.2306647569740492
 40
0.2306647569740492
 10
232.2283290872171
 20
-30.11281999847404
 30
0.0
 10
232.4487936199848
 20
-30.04498475762243
 30
0.0
  0
SPLINE
  5
42F
330
1F
100
AcDbEntity
  8
colores$360
100
AcDbSpline
210
0.0
220
0.0
230
1.0
 70
     8
 71
     2
 72
     6
 73
     3
 74
     0
 42
0.0000000001
 43
0.0000000001
 40
0.0
 40
0.0
 40
0.0
 40
0.2435697294960817
 40
0.2435697294960817
 40
0.2435697294960817
 10
232.2283290872171
 20
-29.87695492325759
 30
0.0
 10
232.1983779665547
 20
-30.01547885632122
 30
0.0
 10
232.2283290872171
 20
-30.11281999847404
 30
0.0
  0
SPLINE
  5
430
330
1F
100
AcDbEntity
  8
colores$360
100
AcDbSpline
210
0.0
220
0.0
230
1.0
 70
     8
 71
     3
 72
     8
 73
     4
 74
     0
 42
0.0000000001
 43
0.0000000001
 40
0.0
 40
0.0
 40
0.0
 40
0.0
 40
0.4142797504932109
 40
0.4142797504932109
 40
0.4142797504932109
 40
0.4142797504932109
 10
232.6358037761115
 20
-30.72860948478517
 30
0.0
 10
232.5349624896832
 20
-30.63109404465754
 30
0.0
 10
232.4354419375604
 20
-30.56249917949055
 30
0.0
 10
232.3377982596673
 20
-30.51828038912205
 30
0.0
  0
SPLINE
  5
431
330
1F
100
AcDbEntity
  8
colores$360
100
AcDbSpline
210
0.0
220
0.0
230
1.0
 70
     8
 71
     3
 72
     8
 73
     4
 74
     0
 42
0.0000000001
 43
0.0000000001
 40
0.4142797504932109
 40
0.4142797504932109
 40
0.4142797504932109
 40
0.4142797504932109
 40
0.6723055023210508
 40
0.6723055023210508
 40
0.6723055023210508
 40
0.6723055023210508
 10
232.3377982596673
 20
-30.51828038912205
 30
0.0
 10
232.2769828725537
 20
-30.49073961114252
 30
0.0
 10
232.2168840334036
 20
-30.47230401108995
 30
0.0
 10
232.1557552478734
 20
-30.46231517066634
 30
0.0
  0
SPLINE
  5
432
330
1F
100
AcDbEntity
  8
colores$360
100
AcDbSpline
210
0.0
220
0.0
230
1.0
 70
     8
 71
     2
 72
     6
 73
     3
 74
     0
 42
0.0000000001
 43
0.0000000001
 40
0.0444733539643856
 40
0.0444733539643856
 40
0.0444733539643856
 40
0.203277365375759
 40
0.203277365375759
 40
0.203277365375759
 10
232.1682997798432
 20
-30.29518485434194
 30
0.0
 10
232.1593452310194
 20
-30.37954194216856
 30
0.0
 10
232.1557552478734
 20
-30.46231517066634
 30
0.0
  0
SPLINE
  5
433
330
1F
100
AcDbEntity
  8
colores$360
100
AcDbSpline
210
0.0
220
0.0
230
1.0
 70
     8
 71
     2
 72
     6
 73
     3
 74
     0
 42
0.0000000001
 43
0.0000000001
 40
0.0
 40
0.0
 40
0.0
 40
0.6818821636751013
 40
0.6818821636751013
 40
0.6818821636751013
 10
232.7786809293888
 20
-30.58085938573585
 30
0.0
 10
232.508783979171
 20
-30.31986390638621
 30
0.0
 10
232.2102588359417
 20
-30.26338101531281
 30
0.0
  0
LINE
  5
434
330
1F
100
AcDbEntity
  8
colores$360
100
AcDbLine
 10
232.2102588359418
 20
-30.26338101531281
 30
0.0
 11
232.1682997798432
 21
-30.29518485434194
 31
0.0
  0
SPLINE
  5
435
330
1F
100
AcDbEntity
  8
colores$360
100
AcDbSpline
210
0.0
220
0.0
230
1.0
 70
     8
 71
     2
 72
     6
 73
     3
 74
     0
 42
0.0000000001
 43
0.0000000001
 40
0.4134164951498865
 40
0.4134164951498865
 40
0.4134164951498865
 40
1.390568902651487
 40
1.390568902651487
 40
1.390568902651487
 10
232.1509690740043
 20
-30.28952441962002
 30
0.0
 10
232.0982249066336
 20
-30.77004137501727
 30
0.0
 10
232.228329087217
 20
-31.21719246465935
 30
0.0
  0
SPLINE
  5
436
330
1F
100
AcDbEntity
  8
colores$360
100
AcDbSpline
210
0.0
220
0.0
230
1.0
 70
    24
 71
     1
 72
     4
 73
     2
 74
     0
 42
0.0000000001
 43
0.0000000001
 40
0.0
 40
0.0
 40
0.2306647569740492
 40
0.2306647569740492
 10
232.6358037761115
 20
-30.72860948478517
 30
0.0
 10
232.4358175261209
 20
-30.84355177432467
 30
0.0
  0
POLYLINE
  5
437
330
1F
100
AcDbEntity
  8
colores$360
100
AcDb2dPolyline
 66
     1
 10
0.0
 20
0.0
 30
0.0
  0
VERTEX
  5
438
330
437
100
AcDbEntity
  8
colores$360
100
AcDbVertex
100
AcDb2dVertex
 10
232.4358175261209
 20
-30.84355177432467
 30
0.0
  0
VERTEX
  5
439
330
437
100
AcDbEntity
  8
colores$360
100
AcDbVertex
100
AcDb2dVertex
 10
232.8497468165307
 20
-30.77183237471334
 30
0.0
  0
SEQEND
  5
43A
330
437
100
AcDbEntity
  8
colores$360
  0
POLYLINE
  5
43B
330
1F
100
AcDbEntity
  8
colores$360
100
AcDb2dPolyline
 66
     1
 10
0.0
 20
0.0
 30
0.0
  0
VERTEX
  5
43C
330
43B
100
AcDbEntity
  8
colores$360
100
AcDbVertex
100
AcDb2dVertex
 10
232.8669252922909
 20
-30.36774166585808
 30
0.0
  0
VERTEX
  5
43D
330
43B
100
AcDbEntity
  8
colores$360
100
AcDbVertex
100
AcDb2dVertex
 10
232.8497468165307
 20
-30.77183237471334
 30
0.0
  0
SEQEND
  5
43E
330
43B
100
AcDbEntity
  8
colores$360
  0
POLYLINE
  5
43F
330
1F
100
AcDbEntity
  8
colores$360
100
AcDb2dPolyline
 66
     1
 10
0.0
 20
0.0
 30
0.0
  0
VERTEX
  5
440
330
43F
100
AcDbEntity
  8
colores$360
100
AcDbVertex
100
AcDb2dVertex
 10
232.1509690740043
 20
-30.28952441962002
 30
0.0
  0
VERTEX
  5
441
330
43F
100
AcDbEntity
  8
colores$360
100
AcDbVertex
100
AcDb2dVertex
 10
232.0431800498352
 20
-30.37122560864887
 30
0.0
  0
SEQEND
  5
442
330
43F
100
AcDbEntity
  8
colores$360
  0
SPLINE
  5
443
330
1F
100
AcDbEntity
  8
colores$360
100
AcDbSpline
210
0.0
220
0.0
230
1.0
 70
    24
 71
     1
 72
     4
 73
     2
 74
     0
 42
0.0000000001
 43
0.0000000001
 40
0.0
 40
0.0
 40
0.5089639556837823
 40
0.5089639556837823
 10
231.6375664796855
 20
-31.14935722380773
 30
0.0
 10
232.0431800498351
 20
-31.45680142995861
 30
0.0
  0
SPLINE
  5
444
330
1F
100
AcDbEntity
  8
colores$360
100
AcDbSpline
210
0.0
220
0.0
230
1.0
 70
    24
 71
     1
 72
     4
 73
     2
 74
     0
 42
0.0000000001
 43
0.0000000001
 40
0.0
 40
0.0
 40
0.2306647569740492
 40
0.2306647569740492
 10
231.8580310124533
 20
-31.21719246465935
 30
0.0
 10
231.6375664796855
 20
-31.14935722380773
 30
0.0
  0
SPLINE
  5
445
330
1F
100
AcDbEntity
  8
colores$360
100
AcDbSpline
210
0.0
220
0.0
230
1.0
 70
    24
 71
     1
 72
     4
 73
     2
 74
     0
 42
0.0000000001
 43
0.0000000001
 40
0.0
 40
0.0
 40
0.2306647569740492
 40
0.2306647569740492
 10
231.3076791702815
 20
-30.58085938573585
 30
0.0
 10
231.2194348073794
 20
-30.36774166585808
 30
0.0
  0
SPLINE
  5
446
330
1F
100
AcDbEntity
  8
colores$360
100
AcDbSpline
210
0.0
220
0.0
230
1.0
 70
     8
 71
     2
 72
     6
 73
     3
 74
     0
 42
0.0000000001
 43
0.0000000001
 40
0.0
 40
0.0
 40
0.0
 40
0.2330799615414944
 40
0.2330799615414944
 40
0.2330799615414944
 10
231.8580310124533
 20
-29.87695492325759
 30
0.0
 10
231.9329088141093
 20
-29.77961378110476
 30
0.0
 10
232.0431800498352
 20
-29.77961378110476
 30
0.0
  0
SPLINE
  5
447
330
1F
100
AcDbEntity
  8
colores$360
100
AcDbSpline
210
0.0
220
0.0
230
1.0
 70
    24
 71
     1
 72
     4
 73
     2
 74
     0
 42
0.0000000001
 43
0.0000000001
 40
0.0
 40
0.0
 40
0.5089639556837823
 40
0.5089639556837823
 10
231.6375664796855
 20
-30.04498475762242
 30
0.0
 10
232.0431800498352
 20
-30.3524289637733
 30
0.0
  0
SPLINE
  5
448
330
1F
100
AcDbEntity
  8
colores$360
100
AcDbSpline
210
0.0
220
0.0
230
1.0
 70
    24
 71
     1
 72
     4
 73
     2
 74
     0
 42
0.0000000001
 43
0.0000000001
 40
0.0
 40
0.0
 40
0.2306647569740492
 40
0.2306647569740492
 10
231.8580310124533
 20
-30.11281999847404
 30
0.0
 10
231.6375664796855
 20
-30.04498475762242
 30
0.0
  0
SPLINE
  5
449
330
1F
100
AcDbEntity
  8
colores$360
100
AcDbSpline
210
0.0
220
0.0
230
1.0
 70
     8
 71
     2
 72
     6
 73
     3
 74
     0
 42
0.0000000001
 43
0.0000000001
 40
0.0
 40
0.0
 40
0.0
 40
0.2435697294960817
 40
0.2435697294960817
 40
0.2435697294960817
 10
231.8580310124533
 20
-29.87695492325759
 30
0.0
 10
231.8879821331157
 20
-30.01547885632122
 30
0.0
 10
231.8580310124533
 20
-30.11281999847404
 30
0.0
  0
SPLINE
  5
44A
330
1F
100
AcDbEntity
  8
colores$360
100
AcDbSpline
210
0.0
220
0.0
230
1.0
 70
     8
 71
     3
 72
     8
 73
     4
 74
     0
 42
0.0000000001
 43
0.0000000001
 40
0.0
 40
0.0
 40
0.0
 40
0.0
 40
0.4142797504932109
 40
0.4142797504932109
 40
0.4142797504932109
 40
0.4142797504932109
 10
231.4505563235588
 20
-30.72860948478517
 30
0.0
 10
231.5513976099871
 20
-30.63109404465754
 30
0.0
 10
231.6509181621099
 20
-30.56249917949055
 30
0.0
 10
231.748561840003
 20
-30.51828038912205
 30
0.0
  0
SPLINE
  5
44B
330
1F
100
AcDbEntity
  8
colores$360
100
AcDbSpline
210
0.0
220
0.0
230
1.0
 70
     8
 71
     3
 72
     8
 73
     4
 74
     0
 42
0.0000000001
 43
0.0000000001
 40
0.4142797504932109
 40
0.4142797504932109
 40
0.4142797504932109
 40
0.4142797504932109
 40
0.6723055023210508
 40
0.6723055023210508
 40
0.6723055023210508
 40
0.6723055023210508
 10
231.748561840003
 20
-30.51828038912205
 30
0.0
 10
231.8093772271167
 20
-30.49073961114252
 30
0.0
 10
231.8694760662668
 20
-30.47230401108995
 30
0.0
 10
231.9306048517969
 20
-30.46231517066634
 30
0.0
  0
SPLINE
  5
44C
330
1F
100
AcDbEntity
  8
colores$360
100
AcDbSpline
210
0.0
220
0.0
230
1.0
 70
     8
 71
     2
 72
     6
 73
     3
 74
     0
 42
0.0000000001
 43
0.0000000001
 40
0.0444733539643856
 40
0.0444733539643856
 40
0.0444733539643856
 40
0.203277365375759
 40
0.203277365375759
 40
0.203277365375759
 10
231.9180603198272
 20
-30.29518485434194
 30
0.0
 10
231.9270148686509
 20
-30.37954194216856
 30
0.0
 10
231.9306048517969
 20
-30.46231517066634
 30
0.0
  0
SPLINE
  5
44D
330
1F
100
AcDbEntity
  8
colores$360
100
AcDbSpline
210
0.0
220
0.0
230
1.0
 70
     8
 71
     2
 72
     6
 73
     3
 74
     0
 42
0.0000000001
 43
0.0000000001
 40
0.0
 40
0.0
 40
0.0
 40
0.6818821636751013
 40
0.6818821636751013
 40
0.6818821636751013
 10
231.3076791702815
 20
-30.58085938573585
 30
0.0
 10
231.5775761204993
 20
-30.31986390638621
 30
0.0
 10
231.8761012637286
 20
-30.26338101531281
 30
0.0
  0
LINE
  5
44E
330
1F
100
AcDbEntity
  8
colores$360
100
AcDbLine
 10
231.8761012637286
 20
-30.26338101531281
 30
0.0
 11
231.9180603198272
 21
-30.29518485434194
 31
0.0
  0
SPLINE
  5
44F
330
1F
100
AcDbEntity
  8
colores$360
100
AcDbSpline
210
0.0
220
0.0
230
1.0
 70
     8
 71
     2
 72
     6
 73
     3
 74
     0
 42
0.0000000001
 43
0.0000000001
 40
0.4134164951498865
 40
0.4134164951498865
 40
0.4134164951498865
 40
1.390568902651487
 40
1.390568902651487
 40
1.390568902651487
 10
231.935391025666
 20
-30.28952441962002
 30
0.0
 10
231.9881351930367
 20
-30.77004137501727
 30
0.0
 10
231.8580310124533
 20
-31.21719246465935
 30
0.0
  0
SPLINE
  5
450
330
1F
100
AcDbEntity
  8
colores$360
100
AcDbSpline
210
0.0
220
0.0
230
1.0
 70
    24
 71
     1
 72
     4
 73
     2
 74
     0
 42
0.0000000001
 43
0.0000000001
 40
0.0
 40
0.0
 40
0.2306647569740492
 40
0.2306647569740492
 10
231.4505563235588
 20
-30.72860948478517
 30
0.0
 10
231.6505425735494
 20
-30.84355177432467
 30
0.0
  0
POLYLINE
  5
451
330
1F
100
AcDbEntity
  8
colores$360
100
AcDb2dPolyline
 66
     1
 10
0.0
 20
0.0
 30
0.0
  0
VERTEX
  5
452
330
451
100
AcDbEntity
  8
colores$360
100
AcDbVertex
100
AcDb2dVertex
 10
231.6505425735494
 20
-30.84355177432467
 30
0.0
  0
VERTEX
  5
453
330
451
100
AcDbEntity
  8
colores$360
100
AcDbVertex
100
AcDb2dVertex
 10
231.2366132831396
 20
-30.77183237471333
 30
0.0
  0
SEQEND
  5
454
330
451
100
AcDbEntity
  8
colores$360
  0
POLYLINE
  5
455
330
1F
100
AcDbEntity
  8
colores$360
100
AcDb2dPolyline
 66
     1
 10
0.0
 20
0.0
 30
0.0
  0
VERTEX
  5
456
330
455
100
AcDbEntity
  8
colores$360
100
AcDbVertex
100
AcDb2dVertex
 10
231.2194348073794
 20
-30.36774166585808
 30
0.0
  0
VERTEX
  5
457
330
455
100
AcDbEntity
  8
colores$360
100
AcDbVertex
100
AcDb2dVertex
 10
231.2366132831396
 20
-30.77183237471333
 30
0.0
  0
SEQEND
  5
458
330
455
100
AcDbEntity
  8
colores$360
  0
POLYLINE
  5
459
330
1F
100
AcDbEntity
  8
colores$360
100
AcDb2dPolyline
 66
     1
 10
0.0
 20
0.0
 30
0.0
  0
VERTEX
  5
45A
330
459
100
AcDbEntity
  8
colores$360
100
AcDbVertex
100
AcDb2dVertex
 10
231.935391025666
 20
-30.28952441962002
 30
0.0
  0
VERTEX
  5
45B
330
459
100
AcDbEntity
  8
colores$360
100
AcDbVertex
100
AcDb2dVertex
 10
232.0431800498352
 20
-30.37122560864887
 30
0.0
  0
SEQEND
  5
45C
330
459
100
AcDbEntity
  8
colores$360
  0
CIRCLE
  5
45D
330
1F
100
AcDbEntity
  8
colores$360
100
AcDbCircle
 10
232.0431800498352
 20
-30.58085938573586
 30
0.0
 40
0.7573584524530732
  0
CIRCLE
  5
45E
330
1F
100
AcDbEntity
  8
colores$360
100
AcDbCircle
 10
232.0431800498352
 20
-30.58085938573585
 30
0.0
 40
0.7423786603682418
  0
POLYLINE
  5
45F
330
1F
100
AcDbEntity
  8
colores$azulDIR
100
AcDb2dPolyline
 66
     1
 10
0.0
 20
0.0
 30
0.0
 70
     1
  0
VERTEX
  5
460
330
45F
100
AcDbEntity
  8
colores$azulDIR
100
AcDbVertex
100
AcDb2dVertex
 10
180.4641801822448
 20
-31.24734613624679
 30
0.0
  0
VERTEX
  5
461
330
45F
100
AcDbEntity
  8
colores$azulDIR
100
AcDbVertex
100
AcDb2dVertex
 10
181.7352539757883
 20
-31.24734613624679
 30
0.0
  0
VERTEX
  5
462
330
45F
100
AcDbEntity
  8
colores$azulDIR
100
AcDbVertex
100
AcDb2dVertex
 10
181.7352539757883
 20
-30.30444048576359
 30
0.0
  0
VERTEX
  5
463
330
45F
100
AcDbEntity
  8
colores$azulDIR
100
AcDbVertex
100
AcDb2dVertex
 10
180.4641801822448
 20
-30.30444048576359
 30
0.0
  0
SEQEND
  5
464
330
45F
100
AcDbEntity
  8
colores$azulDIR
  0
POLYLINE
  5
465
330
1F
100
AcDbEntity
  8
colores$azulDIR
100
AcDb2dPolyline
 66
     1
 10
0.0
 20
0.0
 30
0.0
 70
     1
  0
VERTEX
  5
466
330
465
100
AcDbEntity
  8
colores$azulDIR
100
AcDbVertex
100
AcDb2dVertex
 10
180.4641801822448
 20
-30.30444048576359
 30
0.0
  0
VERTEX
  5
467
330
465
100
AcDbEntity
  8
colores$azulDIR
100
AcDbVertex
100
AcDb2dVertex
 10
180.8616796231348
 20
-30.30444048576359
 30
0.0
  0
VERTEX
  5
468
330
465
100
AcDbEntity
  8
colores$azulDIR
100
AcDbVertex
100
AcDb2dVertex
 10
180.8616796231348
 20
-30.11031285184058
 30
0.0
  0
VERTEX
  5
469
330
465
100
AcDbEntity
  8
colores$azulDIR
100
AcDbVertex
100
AcDb2dVertex
 10
180.4641801822448
 20
-30.11031285184058
 30
0.0
  0
SEQEND
  5
46A
330
465
100
AcDbEntity
  8
colores$azulDIR
  0
POLYLINE
  5
46B
330
1F
100
AcDbEntity
  8
colores$azulDIR
100
AcDb2dPolyline
 66
     1
 10
0.0
 20
0.0
 30
0.0
  0
VERTEX
  5
46C
330
46B
100
AcDbEntity
  8
colores$azulDIR
100
AcDbVertex
100
AcDb2dVertex
 10
181.7352539757883
 20
-30.30444048576359
 30
0.0
  0
VERTEX
  5
46D
330
46B
100
AcDbEntity
  8
colores$azulDIR
100
AcDbVertex
100
AcDb2dVertex
 10
180.8616796231348
 20
-30.30444048576359
 30
0.0
  0
VERTEX
  5
46E
330
46B
100
AcDbEntity
  8
colores$azulDIR
100
AcDbVertex
100
AcDb2dVertex
 10
180.8616796231348
 20
-30.11031285184058
 30
0.0
  0
VERTEX
  5
46F
330
46B
100
AcDbEntity
  8
colores$azulDIR
100
AcDbVertex
100
AcDb2dVertex
 10
180.4641801822448
 20
-30.11031285184058
 30
0.0
  0
VERTEX
  5
470
330
46B
100
AcDbEntity
  8
colores$azulDIR
100
AcDbVertex
100
AcDb2dVertex
 10
180.4641801822448
 20
-31.24734613624679
 30
0.0
  0
SEQEND
  5
471
330
46B
100
AcDbEntity
  8
colores$azulDIR
  0
POLYLINE
  5
472
330
1F
100
AcDbEntity
  8
colores$azulDIR
100
AcDb2dPolyline
 66
     1
 10
0.0
 20
0.0
 30
0.0
  0
VERTEX
  5
473
330
472
100
AcDbEntity
  8
colores$azulDIR
100
AcDbVertex
100
AcDb2dVertex
 10
180.4641801822448
 20
-31.24734613624679
 30
0.0
  0
VERTEX
  5
474
330
472
100
AcDbEntity
  8
colores$azulDIR
100
AcDbVertex
100
AcDb2dVertex
 10
180.4641801822448
 20
-31.1523775119839
 30
0.0
  0
SEQEND
  5
475
330
472
100
AcDbEntity
  8
colores$azulDIR
  0
POLYLINE
  5
476
330
1F
100
AcDbEntity
  8
colores$azulDIR
100
AcDb2dPolyline
 66
     1
 10
0.0
 20
0.0
 30
0.0
  0
VERTEX
  5
477
330
476
100
AcDbEntity
  8
colores$azulDIR
100
AcDbVertex
100
AcDb2dVertex
 10
180.1792743094561
 20
-30.9624402634581
 30
0.0
  0
VERTEX
  5
478
330
476
100
AcDbEntity
  8
colores$azulDIR
100
AcDbVertex
100
AcDb2dVertex
 10
180.1792743094561
 20
-30.8674716391952
 30
0.0
  0
SEQEND
  5
479
330
476
100
AcDbEntity
  8
colores$azulDIR
  0
POLYLINE
  5
47A
330
1F
100
AcDbEntity
  8
colores$azulDIR
100
AcDb2dPolyline
 66
     1
 10
0.0
 20
0.0
 30
0.0
 70
     1
  0
VERTEX
  5
47B
330
47A
100
AcDbEntity
  8
colores$azulDIR
100
AcDbVertex
100
AcDb2dVertex
 10
180.1792743094561
 20
-30.9624402634581
 30
0.0
  0
VERTEX
  5
47C
330
47A
100
AcDbEntity
  8
colores$azulDIR
100
AcDbVertex
100
AcDb2dVertex
 10
180.3692115579819
 20
-30.9624402634581
 30
0.0
  0
VERTEX
  5
47D
330
47A
100
AcDbEntity
  8
colores$azulDIR
100
AcDbVertex
100
AcDb2dVertex
 10
180.3692115579819
 20
-30.01534422757768
 30
0.0
  0
VERTEX
  5
47E
330
47A
100
AcDbEntity
  8
colores$azulDIR
100
AcDbVertex
100
AcDb2dVertex
 10
180.3692115579819
 20
-29.82540697905189
 30
0.0
  0
VERTEX
  5
47F
330
47A
100
AcDbEntity
  8
colores$azulDIR
100
AcDbVertex
100
AcDb2dVertex
 10
180.1792743094561
 20
-29.82540697905189
 30
0.0
  0
SEQEND
  5
480
330
47A
100
AcDbEntity
  8
colores$azulDIR
  0
POLYLINE
  5
481
330
1F
100
AcDbEntity
  8
colores$azulDIR
100
AcDb2dPolyline
 66
     1
 10
0.0
 20
0.0
 30
0.0
 70
     1
  0
VERTEX
  5
482
330
481
100
AcDbEntity
  8
colores$azulDIR
100
AcDbVertex
100
AcDb2dVertex
 10
180.1792743094561
 20
-30.0195346129749
 30
0.0
  0
VERTEX
  5
483
330
481
100
AcDbEntity
  8
colores$azulDIR
100
AcDbVertex
100
AcDb2dVertex
 10
180.7667109988719
 20
-30.0195346129749
 30
0.0
  0
VERTEX
  5
484
330
481
100
AcDbEntity
  8
colores$azulDIR
100
AcDbVertex
100
AcDb2dVertex
 10
180.7667109988719
 20
-29.82540697905189
 30
0.0
  0
VERTEX
  5
485
330
481
100
AcDbEntity
  8
colores$azulDIR
100
AcDbVertex
100
AcDb2dVertex
 10
180.1792743094561
 20
-29.82540697905189
 30
0.0
  0
SEQEND
  5
486
330
481
100
AcDbEntity
  8
colores$azulDIR
  0
POLYLINE
  5
487
330
1F
100
AcDbEntity
  8
colores$azulDIR
100
AcDb2dPolyline
 66
     1
 10
0.0
 20
0.0
 30
0.0
  0
VERTEX
  5
488
330
487
100
AcDbEntity
  8
colores$azulDIR
100
AcDbVertex
100
AcDb2dVertex
 10
181.6402853515254
 20
-30.0195346129749
 30
0.0
  0
VERTEX
  5
489
330
487
100
AcDbEntity
  8
colores$azulDIR
100
AcDbVertex
100
AcDb2dVertex
 10
181.6402853515254
 20
-30.21366224689791
 30
0.0
  0
SEQEND
  5
48A
330
487
100
AcDbEntity
  8
colores$azulDIR
  0
POLYLINE
  5
48B
330
1F
100
AcDbEntity
  8
colores$azulDIR
100
AcDb2dPolyline
 66
     1
 10
0.0
 20
0.0
 30
0.0
  0
VERTEX
  5
48C
330
48B
100
AcDbEntity
  8
colores$azulDIR
100
AcDbVertex
100
AcDb2dVertex
 10
181.6402853515254
 20
-30.21366224689791
 30
0.0
  0
VERTEX
  5
48D
330
48B
100
AcDbEntity
  8
colores$azulDIR
100
AcDbVertex
100
AcDb2dVertex
 10
180.9566482473977
 20
-30.21366224689791
 30
0.0
  0
SEQEND
  5
48E
330
48B
100
AcDbEntity
  8
colores$azulDIR
  0
POLYLINE
  5
48F
330
1F
100
AcDbEntity
  8
colores$azulDIR
100
AcDb2dPolyline
 66
     1
 10
0.0
 20
0.0
 30
0.0
  0
VERTEX
  5
490
330
48F
100
AcDbEntity
  8
colores$azulDIR
100
AcDbVertex
100
AcDb2dVertex
 10
180.9566482473977
 20
-30.21366224689791
 30
0.0
  0
VERTEX
  5
491
330
48F
100
AcDbEntity
  8
colores$azulDIR
100
AcDbVertex
100
AcDb2dVertex
 10
180.9566482473977
 20
-30.0195346129749
 30
0.0
  0
SEQEND
  5
492
330
48F
100
AcDbEntity
  8
colores$azulDIR
  0
POLYLINE
  5
493
330
1F
100
AcDbEntity
  8
dos
100
AcDb2dPolyline
 66
     1
 10
0.0
 20
0.0
 30
0.0
 70
     1
  0
VERTEX
  5
494
330
493
100
AcDbEntity
  8
dos
100
AcDbVertex
100
AcDb2dVertex
 10
173.0657242469659
 20
-21.9142373237425
 30
0.0
  0
VERTEX
  5
495
330
493
100
AcDbEntity
  8
dos
100
AcDbVertex
100
AcDb2dVertex
 10
189.0657242469659
 20
-21.9142373237425
 30
0.0
  0
VERTEX
  5
496
330
493
100
AcDbEntity
  8
dos
100
AcDbVertex
100
AcDb2dVertex
 10
189.0657242469659
 20
-12.9142373237425
 30
0.0
  0
VERTEX
  5
497
330
493
100
AcDbEntity
  8
dos
100
AcDbVertex
100
AcDb2dVertex
 10
173.0657242469659
 20
-12.9142373237425
 30
0.0
  0
SEQEND
  5
498
330
493
100
AcDbEntity
  8
dos
  0
POLYLINE
  5
499
330
1F
100
AcDbEntity
  8
dos
100
AcDb2dPolyline
 66
     1
 10
0.0
 20
0.0
 30
0.0
 70
     1
  0
VERTEX
  5
49A
330
499
100
AcDbEntity
  8
dos
100
AcDbVertex
100
AcDb2dVertex
 10
190.0542377046784
 20
-21.9142373237425
 30
0.0
  0
VERTEX
  5
49B
330
499
100
AcDbEntity
  8
dos
100
AcDbVertex
100
AcDb2dVertex
 10
206.0542377046784
 20
-21.9142373237425
 30
0.0
  0
VERTEX
  5
49C
330
499
100
AcDbEntity
  8
dos
100
AcDbVertex
100
AcDb2dVertex
 10
206.0542377046784
 20
-12.9142373237425
 30
0.0
  0
VERTEX
  5
49D
330
499
100
AcDbEntity
  8
dos
100
AcDbVertex
100
AcDb2dVertex
 10
190.0542377046784
 20
-12.9142373237425
 30
0.0
  0
SEQEND
  5
49E
330
499
100
AcDbEntity
  8
dos
  0
ARC
  5
4A0
330
1F
100
AcDbEntity
  8
colores$amarilloai
100
AcDbCircle
 10
196.1573320047444
 20
-14.73611228588759
 30
0.0
 40
0.4772615134628646
100
AcDbArc
 50
90.0
 51
180.0000000000004
  0
POLYLINE
  5
4A1
330
1F
100
AcDbEntity
  8
colores$amarilloai
100
AcDb2dPolyline
 66
     1
 10
0.0
 20
0.0
 30
0.0
  0
VERTEX
  5
4A2
330
4A1
100
AcDbEntity
  8
colores$amarilloai
100
AcDbVertex
100
AcDb2dVertex
 10
195.6800704912816
 20
-14.73611228588759
 30
0.0
  0
VERTEX
  5
4A3
330
4A1
100
AcDbEntity
  8
colores$amarilloai
100
AcDbVertex
100
AcDb2dVertex
 10
195.6800704912816
 20
-20.07819623388418
 30
0.0
  0
SEQEND
  5
4A4
330
4A1
100
AcDbEntity
  8
colores$amarilloai
  0
ARC
  5
4A5
330
1F
100
AcDbEntity
  8
colores$amarilloai
100
AcDbCircle
 10
196.1573320047444
 20
-20.07819623388418
 30
0.0
 40
0.4772615134628646
100
AcDbArc
 50
180.0
 51
270.0
  0
POLYLINE
  5
4A6
330
1F
100
AcDbEntity
  8
colores$amarilloai
100
AcDb2dPolyline
 66
     1
 10
0.0
 20
0.0
 30
0.0
  0
VERTEX
  5
4A7
330
4A6
100
AcDbEntity
  8
colores$amarilloai
100
AcDbVertex
100
AcDb2dVertex
 10
196.1573320047444
 20
-20.55545774734704
 30
0.0
  0
VERTEX
  5
4A8
330
4A6
100
AcDbEntity
  8
colores$amarilloai
100
AcDbVertex
100
AcDb2dVertex
 10
199.9749742640756
 20
-20.55545774734704
 30
0.0
  0
SEQEND
  5
4A9
330
4A6
100
AcDbEntity
  8
colores$amarilloai
  0
ARC
  5
4AA
330
1F
100
AcDbEntity
  8
colores$amarilloai
100
AcDbCircle
 10
199.9749742640756
 20
-20.07819623388418
 30
0.0
 40
0.4772615134628646
100
AcDbArc
 50
270.0
 51
0.0
  0
POLYLINE
  5
4AB
330
1F
100
AcDbEntity
  8
colores$amarilloai
100
AcDb2dPolyline
 66
     1
 10
0.0
 20
0.0
 30
0.0
  0
VERTEX
  5
4AC
330
4AB
100
AcDbEntity
  8
colores$amarilloai
100
AcDbVertex
100
AcDb2dVertex
 10
200.4522357775385
 20
-20.07819623388418
 30
0.0
  0
VERTEX
  5
4AD
330
4AB
100
AcDbEntity
  8
colores$amarilloai
100
AcDbVertex
100
AcDb2dVertex
 10
200.4522357775385
 20
-16.03515674008703
 30
0.0
  0
VERTEX
  5
4AE
330
4AB
100
AcDbEntity
  8
colores$amarilloai
100
AcDbVertex
100
AcDb2dVertex
 10
200.2467023916915
 20
-16.03515674008703
 30
0.0
  0
VERTEX
  5
4AF
330
4AB
100
AcDbEntity
  8
colores$amarilloai
100
AcDbVertex
100
AcDb2dVertex
 10
200.2467023916915
 20
-20.07819623388418
 30
0.0
  0
SEQEND
  5
4B0
330
4AB
100
AcDbEntity
  8
colores$amarilloai
  0
ARC
  5
4B1
330
1F
100
AcDbEntity
  8
colores$amarilloai
100
AcDbCircle
 10
-199.9749742640756
 20
-20.07819623388418
 30
0.0
 40
0.2717281276159333
210
0.0
220
0.0
230
-1.0
100
AcDbArc
 50
180.0
 51
270.0
  0
LINE
  5
4B2
330
1F
100
AcDbEntity
  8
colores$amarilloai
100
AcDbLine
 10
199.9749742640756
 20
-20.34992436150011
 30
0.0
 11
196.1573320047444
 21
-20.34992436150011
 31
0.0
  0
ARC
  5
4B3
330
1F
100
AcDbEntity
  8
colores$amarilloai
100
AcDbCircle
 10
-196.1573320047444
 20
-20.07819623388417
 30
0.0
 40
0.271728127615944
210
0.0
220
0.0
230
-1.0
100
AcDbArc
 50
270.000000000006
 51
359.9999999999978
  0
LINE
  5
4B4
330
1F
100
AcDbEntity
  8
colores$amarilloai
100
AcDbLine
 10
195.8856038771285
 20
-20.07819623388418
 30
0.0
 11
195.8856038771285
 21
-14.73611228588759
 31
0.0
  0
ARC
  5
4B5
330
1F
100
AcDbEntity
  8
colores$amarilloai
100
AcDbCircle
 10
-196.1573320047444
 20
-14.73611228588759
 30
0.0
 40
0.2717281276159298
210
0.0
220
0.0
230
-1.0
100
AcDbArc
 50
359.9999999999985
 51
90.0
  0
POLYLINE
  5
4B6
330
1F
100
AcDbEntity
  8
colores$amarilloai
100
AcDb2dPolyline
 66
     1
 10
0.0
 20
0.0
 30
0.0
  0
VERTEX
  5
4B7
330
4B6
100
AcDbEntity
  8
colores$amarilloai
100
AcDbVertex
100
AcDb2dVertex
 10
196.1573320047444
 20
-14.46438415827166
 30
0.0
  0
VERTEX
  5
4B8
330
4B6
100
AcDbEntity
  8
colores$amarilloai
100
AcDbVertex
100
AcDb2dVertex
 10
198.6626737951921
 20
-14.46438415827166
 30
0.0
  0
VERTEX
  5
4B9
330
4B6
100
AcDbEntity
  8
colores$amarilloai
100
AcDbVertex
100
AcDb2dVertex
 10
198.6626737951921
 20
-14.25885077242473
 30
0.0
  0
VERTEX
  5
4BA
330
4B6
100
AcDbEntity
  8
colores$amarilloai
100
AcDbVertex
100
AcDb2dVertex
 10
196.1573320047444
 20
-14.25885077242473
 30
0.0
  0
SEQEND
  5
4BB
330
4B6
100
AcDbEntity
  8
colores$amarilloai
  0
SPLINE
  5
4BC
330
1F
100
AcDbEntity
  8
colores$amarilloai
100
AcDbSpline
210
0.0
220
0.0
230
1.0
 70
    12
 71
     2
 72
     6
 73
     3
 74
     0
 42
0.0000000001
 43
0.0000000001
 40
-1.947038791872817
 40
-1.947038791872817
 40
-1.947038791872817
 40
-1.197358159604777
 40
-1.197358159604777
 40
-1.197358159604777
 10
199.139935308655
 20
-16.03515674008703
 30
0.0
 41
1.0
 10
198.6626737951921
 20
-16.03515674008702
 30
0.0
 41
0.7071067811865476
 10
198.6626737951921
 20
-15.55789522662416
 30
0.0
 41
1.0
  0
POLYLINE
  5
4BD
330
1F
100
AcDbEntity
  8
colores$amarilloai
100
AcDb2dPolyline
 66
     1
 10
0.0
 20
0.0
 30
0.0
  0
VERTEX
  5
4BE
330
4BD
100
AcDbEntity
  8
colores$amarilloai
100
AcDbVertex
100
AcDb2dVertex
 10
198.6626737951921
 20
-15.55789522662416
 30
0.0
  0
VERTEX
  5
4BF
330
4BD
100
AcDbEntity
  8
colores$amarilloai
100
AcDbVertex
100
AcDb2dVertex
 10
198.6626737951921
 20
-14.25885077242473
 30
0.0
  0
VERTEX
  5
4C0
330
4BD
100
AcDbEntity
  8
colores$amarilloai
100
AcDbVertex
100
AcDb2dVertex
 10
198.8682071810391
 20
-14.46286168874686
 30
0.0
  0
VERTEX
  5
4C1
330
4BD
100
AcDbEntity
  8
colores$amarilloai
100
AcDbVertex
100
AcDb2dVertex
 10
198.8682071810391
 20
-15.55789522662416
 30
0.0
  0
SEQEND
  5
4C2
330
4BD
100
AcDbEntity
  8
colores$amarilloai
  0
ARC
  5
4C3
330
1F
100
AcDbEntity
  8
colores$amarilloai
100
AcDbCircle
 10
199.139935308655
 20
-15.55789522662415
 30
0.0
 40
0.2717281276159369
100
AcDbArc
 50
180.0000000000015
 51
270.0
  0
POLYLINE
  5
4C4
330
1F
100
AcDbEntity
  8
colores$amarilloai
100
AcDb2dPolyline
 66
     1
 10
0.0
 20
0.0
 30
0.0
  0
VERTEX
  5
4C5
330
4C4
100
AcDbEntity
  8
colores$amarilloai
100
AcDbVertex
100
AcDb2dVertex
 10
199.139935308655
 20
-15.82962335424009
 30
0.0
  0
VERTEX
  5
4C6
330
4C4
100
AcDbEntity
  8
colores$amarilloai
100
AcDbVertex
100
AcDb2dVertex
 10
200.2451685604539
 20
-15.82962335424009
 30
0.0
  0
VERTEX
  5
4C7
330
4C4
100
AcDbEntity
  8
colores$amarilloai
100
AcDbVertex
100
AcDb2dVertex
 10
200.4522357775385
 20
-16.03515674008703
 30
0.0
  0
VERTEX
  5
4C8
330
4C4
100
AcDbEntity
  8
colores$amarilloai
100
AcDbVertex
100
AcDb2dVertex
 10
199.139935308655
 20
-16.03515674008703
 30
0.0
  0
SEQEND
  5
4C9
330
4C4
100
AcDbEntity
  8
colores$amarilloai
  0
POLYLINE
  5
4CA
330
1F
100
AcDbEntity
  8
colores$amarilloai
100
AcDb2dPolyline
 66
     1
 10
0.0
 20
0.0
 30
0.0
 70
     1
  0
VERTEX
  5
4CB
330
4CA
100
AcDbEntity
  8
colores$amarilloai
100
AcDbVertex
100
AcDb2dVertex
 10
198.8682071810391
 20
-14.46286168874686
 30
0.0
  0
VERTEX
  5
4CC
330
4CA
100
AcDbEntity
  8
colores$amarilloai
100
AcDbVertex
100
AcDb2dVertex
 10
198.8682071810391
 20
-14.75245524301958
 30
0.0
  0
VERTEX
  5
4CD
330
4CA
100
AcDbEntity
  8
colores$amarilloai
100
AcDbVertex
100
AcDb2dVertex
 10
199.9534138602538
 20
-15.82962335424009
 30
0.0
  0
VERTEX
  5
4CE
330
4CA
100
AcDbEntity
  8
colores$amarilloai
100
AcDbVertex
100
AcDb2dVertex
 10
200.2451685604539
 20
-15.82962335424009
 30
0.0
  0
SEQEND
  5
4CF
330
4CA
100
AcDbEntity
  8
colores$amarilloai
  0
POLYLINE
  5
4D0
330
1F
100
AcDbEntity
  8
colores$amarilloai
100
AcDb2dPolyline
 66
     1
 10
0.0
 20
0.0
 30
0.0
 70
     1
  0
VERTEX
  5
4D1
330
4D0
100
AcDbEntity
  8
colores$amarilloai
100
AcDbVertex
100
AcDb2dVertex
 10
194.4977770921037
 20
-20.8098517157109
 30
0.0
  0
VERTEX
  5
4D2
330
4D0
100
AcDbEntity
  8
colores$amarilloai
100
AcDbVertex
100
AcDb2dVertex
 10
198.5073123977723
 20
-20.8098517157109
 30
0.0
  0
VERTEX
  5
4D3
330
4D0
100
AcDbEntity
  8
colores$amarilloai
100
AcDbVertex
100
AcDb2dVertex
 10
198.5073123977723
 20
-19.12421034230739
 30
0.0
  0
VERTEX
  5
4D4
330
4D0
100
AcDbEntity
  8
colores$amarilloai
100
AcDbVertex
100
AcDb2dVertex
 10
194.4977770921037
 20
-19.12421034230739
 30
0.0
  0
SEQEND
  5
4D5
330
4D0
100
AcDbEntity
  8
colores$amarilloai
  0
POLYLINE
  5
4D6
330
1F
100
AcDbEntity
  8
dos
100
AcDb2dPolyline
 66
     1
 10
0.0
 20
0.0
 30
0.0
 70
     1
  0
VERTEX
  5
4D7
330
4D6
100
AcDbEntity
  8
dos
100
AcDbVertex
100
AcDb2dVertex
 10
207.042751162391
 20
-21.9142373237425
 30
0.0
  0
VERTEX
  5
4D8
330
4D6
100
AcDbEntity
  8
dos
100
AcDbVertex
100
AcDb2dVertex
 10
223.042751162391
 20
-21.9142373237425
 30
0.0
  0
VERTEX
  5
4D9
330
4D6
100
AcDbEntity
  8
dos
100
AcDbVertex
100
AcDb2dVertex
 10
223.042751162391
 20
-12.9142373237425
 30
0.0
  0
VERTEX
  5
4DA
330
4D6
100
AcDbEntity
  8
dos
100
AcDbVertex
100
AcDb2dVertex
 10
207.042751162391
 20
-12.9142373237425
 30
0.0
  0
SEQEND
  5
4DB
330
4D6
100
AcDbEntity
  8
dos
  0
ARC
  5
4DC
330
1F
100
AcDbEntity
  8
colores$celestedl
100
AcDbCircle
 10
213.145845462457
 20
-14.73611228588759
 30
0.0
 40
0.4772615134628646
100
AcDbArc
 50
90.0
 51
180.0000000000004
  0
POLYLINE
  5
4DD
330
1F
100
AcDbEntity
  8
colores$celestedl
100
AcDb2dPolyline
 66
     1
 10
0.0
 20
0.0
 30
0.0
  0
VERTEX
  5
4DE
330
4DD
100
AcDbEntity
  8
colores$celestedl
100
AcDbVertex
100
AcDb2dVertex
 10
212.6685839489941
 20
-14.73611228588759
 30
0.0
  0
VERTEX
  5
4DF
330
4DD
100
AcDbEntity
  8
colores$celestedl
100
AcDbVertex
100
AcDb2dVertex
 10
212.6685839489941
 20
-20.07819623388418
 30
0.0
  0
SEQEND
  5
4E0
330
4DD
100
AcDbEntity
  8
colores$celestedl
  0
ARC
  5
4E1
330
1F
100
AcDbEntity
  8
colores$celestedl
100
AcDbCircle
 10
213.145845462457
 20
-20.07819623388418
 30
0.0
 40
0.4772615134628646
100
AcDbArc
 50
180.0
 51
270.0
  0
POLYLINE
  5
4E2
330
1F
100
AcDbEntity
  8
colores$celestedl
100
AcDb2dPolyline
 66
     1
 10
0.0
 20
0.0
 30
0.0
  0
VERTEX
  5
4E3
330
4E2
100
AcDbEntity
  8
colores$celestedl
100
AcDbVertex
100
AcDb2dVertex
 10
213.145845462457
 20
-20.55545774734704
 30
0.0
  0
VERTEX
  5
4E4
330
4E2
100
AcDbEntity
  8
colores$celestedl
100
AcDbVertex
100
AcDb2dVertex
 10
216.9634877217882
 20
-20.55545774734704
 30
0.0
  0
SEQEND
  5
4E5
330
4E2
100
AcDbEntity
  8
colores$celestedl
  0
ARC
  5
4E6
330
1F
100
AcDbEntity
  8
colores$celestedl
100
AcDbCircle
 10
216.9634877217882
 20
-20.07819623388418
 30
0.0
 40
0.4772615134628646
100
AcDbArc
 50
270.0
 51
0.0
  0
POLYLINE
  5
4E7
330
1F
100
AcDbEntity
  8
colores$celestedl
100
AcDb2dPolyline
 66
     1
 10
0.0
 20
0.0
 30
0.0
  0
VERTEX
  5
4E8
330
4E7
100
AcDbEntity
  8
colores$celestedl
100
AcDbVertex
100
AcDb2dVertex
 10
217.4407492352511
 20
-20.07819623388418
 30
0.0
  0
VERTEX
  5
4E9
330
4E7
100
AcDbEntity
  8
colores$celestedl
100
AcDbVertex
100
AcDb2dVertex
 10
217.4407492352511
 20
-16.03515674008703
 30
0.0
  0
VERTEX
  5
4EA
330
4E7
100
AcDbEntity
  8
colores$celestedl
100
AcDbVertex
100
AcDb2dVertex
 10
217.2352158494041
 20
-16.03515674008703
 30
0.0
  0
VERTEX
  5
4EB
330
4E7
100
AcDbEntity
  8
colores$celestedl
100
AcDbVertex
100
AcDb2dVertex
 10
217.2352158494041
 20
-20.07819623388418
 30
0.0
  0
SEQEND
  5
4EC
330
4E7
100
AcDbEntity
  8
colores$celestedl
  0
ARC
  5
4ED
330
1F
100
AcDbEntity
  8
colores$celestedl
100
AcDbCircle
 10
-216.9634877217882
 20
-20.07819623388418
 30
0.0
 40
0.2717281276159333
210
0.0
220
0.0
230
-1.0
100
AcDbArc
 50
180.0
 51
270.0
  0
LINE
  5
4EE
330
1F
100
AcDbEntity
  8
colores$celestedl
100
AcDbLine
 10
216.9634877217882
 20
-20.34992436150011
 30
0.0
 11
213.145845462457
 21
-20.34992436150011
 31
0.0
  0
ARC
  5
4EF
330
1F
100
AcDbEntity
  8
colores$celestedl
100
AcDbCircle
 10
-213.145845462457
 20
-20.07819623388417
 30
0.0
 40
0.271728127615944
210
0.0
220
0.0
230
-1.0
100
AcDbArc
 50
270.000000000006
 51
359.9999999999978
  0
LINE
  5
4F0
330
1F
100
AcDbEntity
  8
colores$celestedl
100
AcDbLine
 10
212.8741173348411
 20
-20.07819623388418
 30
0.0
 11
212.8741173348411
 21
-14.73611228588759
 31
0.0
  0
ARC
  5
4F1
330
1F
100
AcDbEntity
  8
colores$celestedl
100
AcDbCircle
 10
-213.145845462457
 20
-14.73611228588759
 30
0.0
 40
0.2717281276159298
210
0.0
220
0.0
230
-1.0
100
AcDbArc
 50
359.9999999999985
 51
90.0
  0
POLYLINE
  5
4F2
330
1F
100
AcDbEntity
  8
colores$celestedl
100
AcDb2dPolyline
 66
     1
 10
0.0
 20
0.0
 30
0.0
  0
VERTEX
  5
4F3
330
4F2
100
AcDbEntity
  8
colores$celestedl
100
AcDbVertex
100
AcDb2dVertex
 10
213.145845462457
 20
-14.46438415827166
 30
0.0
  0
VERTEX
  5
4F4
330
4F2
100
AcDbEntity
  8
colores$celestedl
100
AcDbVertex
100
AcDb2dVertex
 10
215.6511872529047
 20
-14.46438415827166
 30
0.0
  0
VERTEX
  5
4F5
330
4F2
100
AcDbEntity
  8
colores$celestedl
100
AcDbVertex
100
AcDb2dVertex
 10
215.6511872529047
 20
-14.25885077242473
 30
0.0
  0
VERTEX
  5
4F6
330
4F2
100
AcDbEntity
  8
colores$celestedl
100
AcDbVertex
100
AcDb2dVertex
 10
213.145845462457
 20
-14.25885077242473
 30
0.0
  0
SEQEND
  5
4F7
330
4F2
100
AcDbEntity
  8
colores$celestedl
  0
SPLINE
  5
4F8
330
1F
100
AcDbEntity
  8
colores$celestedl
100
AcDbSpline
210
0.0
220
0.0
230
1.0
 70
    12
 71
     2
 72
     6
 73
     3
 74
     0
 42
0.0000000001
 43
0.0000000001
 40
-1.947038791872817
 40
-1.947038791872817
 40
-1.947038791872817
 40
-1.197358159604777
 40
-1.197358159604777
 40
-1.197358159604777
 10
216.1284487663676
 20
-16.03515674008703
 30
0.0
 41
1.0
 10
215.6511872529047
 20
-16.03515674008702
 30
0.0
 41
0.7071067811865476
 10
215.6511872529047
 20
-15.55789522662416
 30
0.0
 41
1.0
  0
POLYLINE
  5
4F9
330
1F
100
AcDbEntity
  8
colores$celestedl
100
AcDb2dPolyline
 66
     1
 10
0.0
 20
0.0
 30
0.0
  0
VERTEX
  5
4FA
330
4F9
100
AcDbEntity
  8
colores$celestedl
100
AcDbVertex
100
AcDb2dVertex
 10
215.6511872529047
 20
-15.55789522662416
 30
0.0
  0
VERTEX
  5
4FB
330
4F9
100
AcDbEntity
  8
colores$celestedl
100
AcDbVertex
100
AcDb2dVertex
 10
215.6511872529047
 20
-14.25885077242473
 30
0.0
  0
VERTEX
  5
4FC
330
4F9
100
AcDbEntity
  8
colores$celestedl
100
AcDbVertex
100
AcDb2dVertex
 10
215.8567206387517
 20
-14.46286168874686
 30
0.0
  0
VERTEX
  5
4FD
330
4F9
100
AcDbEntity
  8
colores$celestedl
100
AcDbVertex
100
AcDb2dVertex
 10
215.8567206387517
 20
-15.55789522662416
 30
0.0
  0
SEQEND
  5
4FE
330
4F9
100
AcDbEntity
  8
colores$celestedl
  0
ARC
  5
4FF
330
1F
100
AcDbEntity
  8
colores$celestedl
100
AcDbCircle
 10
216.1284487663676
 20
-15.55789522662415
 30
0.0
 40
0.2717281276159369
100
AcDbArc
 50
180.0000000000015
 51
270.0
  0
POLYLINE
  5
500
330
1F
100
AcDbEntity
  8
colores$celestedl
100
AcDb2dPolyline
 66
     1
 10
0.0
 20
0.0
 30
0.0
  0
VERTEX
  5
501
330
500
100
AcDbEntity
  8
colores$celestedl
100
AcDbVertex
100
AcDb2dVertex
 10
216.1284487663676
 20
-15.82962335424009
 30
0.0
  0
VERTEX
  5
502
330
500
100
AcDbEntity
  8
colores$celestedl
100
AcDbVertex
100
AcDb2dVertex
 10
217.2336820181665
 20
-15.82962335424009
 30
0.0
  0
VERTEX
  5
503
330
500
100
AcDbEntity
  8
colores$celestedl
100
AcDbVertex
100
AcDb2dVertex
 10
217.4407492352511
 20
-16.03515674008703
 30
0.0
  0
VERTEX
  5
504
330
500
100
AcDbEntity
  8
colores$celestedl
100
AcDbVertex
100
AcDb2dVertex
 10
216.1284487663676
 20
-16.03515674008703
 30
0.0
  0
SEQEND
  5
505
330
500
100
AcDbEntity
  8
colores$celestedl
  0
POLYLINE
  5
506
330
1F
100
AcDbEntity
  8
colores$celestedl
100
AcDb2dPolyline
 66
     1
 10
0.0
 20
0.0
 30
0.0
 70
     1
  0
VERTEX
  5
507
330
506
100
AcDbEntity
  8
colores$celestedl
100
AcDbVertex
100
AcDb2dVertex
 10
215.8567206387517
 20
-14.46286168874686
 30
0.0
  0
VERTEX
  5
508
330
506
100
AcDbEntity
  8
colores$celestedl
100
AcDbVertex
100
AcDb2dVertex
 10
215.8567206387517
 20
-14.75245524301958
 30
0.0
  0
VERTEX
  5
509
330
506
100
AcDbEntity
  8
colores$celestedl
100
AcDbVertex
100
AcDb2dVertex
 10
216.9419273179664
 20
-15.82962335424009
 30
0.0
  0
VERTEX
  5
50A
330
506
100
AcDbEntity
  8
colores$celestedl
100
AcDbVertex
100
AcDb2dVertex
 10
217.2336820181665
 20
-15.82962335424009
 30
0.0
  0
SEQEND
  5
50B
330
506
100
AcDbEntity
  8
colores$celestedl
  0
POLYLINE
  5
50C
330
1F
100
AcDbEntity
  8
colores$celestedl
100
AcDb2dPolyline
 66
     1
 10
0.0
 20
0.0
 30
0.0
 70
     1
  0
VERTEX
  5
50D
330
50C
100
AcDbEntity
  8
colores$celestedl
100
AcDbVertex
100
AcDb2dVertex
 10
211.4862905498163
 20
-20.8098517157109
 30
0.0
  0
VERTEX
  5
50E
330
50C
100
AcDbEntity
  8
colores$celestedl
100
AcDbVertex
100
AcDb2dVertex
 10
215.4958258554849
 20
-20.8098517157109
 30
0.0
  0
VERTEX
  5
50F
330
50C
100
AcDbEntity
  8
colores$celestedl
100
AcDbVertex
100
AcDb2dVertex
 10
215.4958258554849
 20
-19.12421034230739
 30
0.0
  0
VERTEX
  5
510
330
50C
100
AcDbEntity
  8
colores$celestedl
100
AcDbVertex
100
AcDb2dVertex
 10
211.4862905498163
 20
-19.12421034230739
 30
0.0
  0
SEQEND
  5
511
330
50C
100
AcDbEntity
  8
colores$celestedl
  0
POLYLINE
  5
512
330
1F
100
AcDbEntity
  8
dos
100
AcDb2dPolyline
 66
     1
 10
0.0
 20
0.0
 30
0.0
 70
     1
  0
VERTEX
  5
513
330
512
100
AcDbEntity
  8
dos
100
AcDbVertex
100
AcDb2dVertex
 10
224.0312646201036
 20
-21.9142373237425
 30
0.0
  0
VERTEX
  5
514
330
512
100
AcDbEntity
  8
dos
100
AcDbVertex
100
AcDb2dVertex
 10
240.0312646201036
 20
-21.9142373237425
 30
0.0
  0
VERTEX
  5
515
330
512
100
AcDbEntity
  8
dos
100
AcDbVertex
100
AcDb2dVertex
 10
240.0312646201036
 20
-12.9142373237425
 30
0.0
  0
VERTEX
  5
516
330
512
100
AcDbEntity
  8
dos
100
AcDbVertex
100
AcDb2dVertex
 10
224.0312646201036
 20
-12.9142373237425
 30
0.0
  0
SEQEND
  5
517
330
512
100
AcDbEntity
  8
dos
  0
ARC
  5
518
330
1F
100
AcDbEntity
  8
colores$rojoLiDAR
100
AcDbCircle
 10
230.1343589201696
 20
-14.73611228588759
 30
0.0
 40
0.4772615134628646
100
AcDbArc
 50
90.0
 51
180.0000000000004
  0
POLYLINE
  5
519
330
1F
100
AcDbEntity
  8
colores$rojoLiDAR
100
AcDb2dPolyline
 66
     1
 10
0.0
 20
0.0
 30
0.0
  0
VERTEX
  5
51A
330
519
100
AcDbEntity
  8
colores$rojoLiDAR
100
AcDbVertex
100
AcDb2dVertex
 10
229.6570974067067
 20
-14.73611228588759
 30
0.0
  0
VERTEX
  5
51B
330
519
100
AcDbEntity
  8
colores$rojoLiDAR
100
AcDbVertex
100
AcDb2dVertex
 10
229.6570974067067
 20
-20.07819623388418
 30
0.0
  0
SEQEND
  5
51C
330
519
100
AcDbEntity
  8
colores$rojoLiDAR
  0
ARC
  5
51D
330
1F
100
AcDbEntity
  8
colores$rojoLiDAR
100
AcDbCircle
 10
230.1343589201696
 20
-20.07819623388418
 30
0.0
 40
0.4772615134628646
100
AcDbArc
 50
180.0
 51
270.0
  0
POLYLINE
  5
51E
330
1F
100
AcDbEntity
  8
colores$rojoLiDAR
100
AcDb2dPolyline
 66
     1
 10
0.0
 20
0.0
 30
0.0
  0
VERTEX
  5
51F
330
51E
100
AcDbEntity
  8
colores$rojoLiDAR
100
AcDbVertex
100
AcDb2dVertex
 10
230.1343589201696
 20
-20.55545774734704
 30
0.0
  0
VERTEX
  5
520
330
51E
100
AcDbEntity
  8
colores$rojoLiDAR
100
AcDbVertex
100
AcDb2dVertex
 10
233.9520011795008
 20
-20.55545774734704
 30
0.0
  0
SEQEND
  5
521
330
51E
100
AcDbEntity
  8
colores$rojoLiDAR
  0
ARC
  5
522
330
1F
100
AcDbEntity
  8
colores$rojoLiDAR
100
AcDbCircle
 10
233.9520011795008
 20
-20.07819623388418
 30
0.0
 40
0.4772615134628646
100
AcDbArc
 50
270.0
 51
0.0
  0
POLYLINE
  5
523
330
1F
100
AcDbEntity
  8
colores$rojoLiDAR
100
AcDb2dPolyline
 66
     1
 10
0.0
 20
0.0
 30
0.0
  0
VERTEX
  5
524
330
523
100
AcDbEntity
  8
colores$rojoLiDAR
100
AcDbVertex
100
AcDb2dVertex
 10
234.4292626929636
 20
-20.07819623388418
 30
0.0
  0
VERTEX
  5
525
330
523
100
AcDbEntity
  8
colores$rojoLiDAR
100
AcDbVertex
100
AcDb2dVertex
 10
234.4292626929636
 20
-16.03515674008703
 30
0.0
  0
VERTEX
  5
526
330
523
100
AcDbEntity
  8
colores$rojoLiDAR
100
AcDbVertex
100
AcDb2dVertex
 10
234.2237293071167
 20
-16.03515674008703
 30
0.0
  0
VERTEX
  5
527
330
523
100
AcDbEntity
  8
colores$rojoLiDAR
100
AcDbVertex
100
AcDb2dVertex
 10
234.2237293071167
 20
-20.07819623388418
 30
0.0
  0
SEQEND
  5
528
330
523
100
AcDbEntity
  8
colores$rojoLiDAR
  0
ARC
  5
529
330
1F
100
AcDbEntity
  8
colores$rojoLiDAR
100
AcDbCircle
 10
-233.9520011795008
 20
-20.07819623388418
 30
0.0
 40
0.2717281276159333
210
0.0
220
0.0
230
-1.0
100
AcDbArc
 50
180.0
 51
270.0
  0
LINE
  5
52A
330
1F
100
AcDbEntity
  8
colores$rojoLiDAR
100
AcDbLine
 10
233.9520011795008
 20
-20.34992436150011
 30
0.0
 11
230.1343589201696
 21
-20.34992436150011
 31
0.0
  0
ARC
  5
52B
330
1F
100
AcDbEntity
  8
colores$rojoLiDAR
100
AcDbCircle
 10
-230.1343589201696
 20
-20.07819623388417
 30
0.0
 40
0.271728127615944
210
0.0
220
0.0
230
-1.0
100
AcDbArc
 50
270.000000000006
 51
359.9999999999978
  0
LINE
  5
52C
330
1F
100
AcDbEntity
  8
colores$rojoLiDAR
100
AcDbLine
 10
229.8626307925537
 20
-20.07819623388418
 30
0.0
 11
229.8626307925537
 21
-14.73611228588759
 31
0.0
  0
ARC
  5
52D
330
1F
100
AcDbEntity
  8
colores$rojoLiDAR
100
AcDbCircle
 10
-230.1343589201696
 20
-14.73611228588759
 30
0.0
 40
0.2717281276159298
210
0.0
220
0.0
230
-1.0
100
AcDbArc
 50
359.9999999999985
 51
90.0
  0
POLYLINE
  5
52E
330
1F
100
AcDbEntity
  8
colores$rojoLiDAR
100
AcDb2dPolyline
 66
     1
 10
0.0
 20
0.0
 30
0.0
  0
VERTEX
  5
52F
330
52E
100
AcDbEntity
  8
colores$rojoLiDAR
100
AcDbVertex
100
AcDb2dVertex
 10
230.1343589201696
 20
-14.46438415827166
 30
0.0
  0
VERTEX
  5
530
330
52E
100
AcDbEntity
  8
colores$rojoLiDAR
100
AcDbVertex
100
AcDb2dVertex
 10
232.6397007106173
 20
-14.46438415827166
 30
0.0
  0
VERTEX
  5
531
330
52E
100
AcDbEntity
  8
colores$rojoLiDAR
100
AcDbVertex
100
AcDb2dVertex
 10
232.6397007106173
 20
-14.25885077242473
 30
0.0
  0
VERTEX
  5
532
330
52E
100
AcDbEntity
  8
colores$rojoLiDAR
100
AcDbVertex
100
AcDb2dVertex
 10
230.1343589201696
 20
-14.25885077242473
 30
0.0
  0
SEQEND
  5
533
330
52E
100
AcDbEntity
  8
colores$rojoLiDAR
  0
SPLINE
  5
534
330
1F
100
AcDbEntity
  8
colores$rojoLiDAR
100
AcDbSpline
210
0.0
220
0.0
230
1.0
 70
    12
 71
     2
 72
     6
 73
     3
 74
     0
 42
0.0000000001
 43
0.0000000001
 40
-1.947038791872817
 40
-1.947038791872817
 40
-1.947038791872817
 40
-1.197358159604777
 40
-1.197358159604777
 40
-1.197358159604777
 10
233.1169622240802
 20
-16.03515674008703
 30
0.0
 41
1.0
 10
232.6397007106173
 20
-16.03515674008702
 30
0.0
 41
0.7071067811865476
 10
232.6397007106173
 20
-15.55789522662416
 30
0.0
 41
1.0
  0
POLYLINE
  5
535
330
1F
100
AcDbEntity
  8
colores$rojoLiDAR
100
AcDb2dPolyline
 66
     1
 10
0.0
 20
0.0
 30
0.0
  0
VERTEX
  5
536
330
535
100
AcDbEntity
  8
colores$rojoLiDAR
100
AcDbVertex
100
AcDb2dVertex
 10
232.6397007106173
 20
-15.55789522662416
 30
0.0
  0
VERTEX
  5
537
330
535
100
AcDbEntity
  8
colores$rojoLiDAR
100
AcDbVertex
100
AcDb2dVertex
 10
232.6397007106173
 20
-14.25885077242473
 30
0.0
  0
VERTEX
  5
538
330
535
100
AcDbEntity
  8
colores$rojoLiDAR
100
AcDbVertex
100
AcDb2dVertex
 10
232.8452340964642
 20
-14.46286168874686
 30
0.0
  0
VERTEX
  5
539
330
535
100
AcDbEntity
  8
colores$rojoLiDAR
100
AcDbVertex
100
AcDb2dVertex
 10
232.8452340964642
 20
-15.55789522662416
 30
0.0
  0
SEQEND
  5
53A
330
535
100
AcDbEntity
  8
colores$rojoLiDAR
  0
ARC
  5
53B
330
1F
100
AcDbEntity
  8
colores$rojoLiDAR
100
AcDbCircle
 10
233.1169622240802
 20
-15.55789522662415
 30
0.0
 40
0.2717281276159369
100
AcDbArc
 50
180.0000000000015
 51
270.0
  0
POLYLINE
  5
53C
330
1F
100
AcDbEntity
  8
colores$rojoLiDAR
100
AcDb2dPolyline
 66
     1
 10
0.0
 20
0.0
 30
0.0
  0
VERTEX
  5
53D
330
53C
100
AcDbEntity
  8
colores$rojoLiDAR
100
AcDbVertex
100
AcDb2dVertex
 10
233.1169622240802
 20
-15.82962335424009
 30
0.0
  0
VERTEX
  5
53E
330
53C
100
AcDbEntity
  8
colores$rojoLiDAR
100
AcDbVertex
100
AcDb2dVertex
 10
234.222195475879
 20
-15.82962335424009
 30
0.0
  0
VERTEX
  5
53F
330
53C
100
AcDbEntity
  8
colores$rojoLiDAR
100
AcDbVertex
100
AcDb2dVertex
 10
234.4292626929636
 20
-16.03515674008703
 30
0.0
  0
VERTEX
  5
540
330
53C
100
AcDbEntity
  8
colores$rojoLiDAR
100
AcDbVertex
100
AcDb2dVertex
 10
233.1169622240802
 20
-16.03515674008703
 30
0.0
  0
SEQEND
  5
541
330
53C
100
AcDbEntity
  8
colores$rojoLiDAR
  0
POLYLINE
  5
542
330
1F
100
AcDbEntity
  8
colores$rojoLiDAR
100
AcDb2dPolyline
 66
     1
 10
0.0
 20
0.0
 30
0.0
 70
     1
  0
VERTEX
  5
543
330
542
100
AcDbEntity
  8
colores$rojoLiDAR
100
AcDbVertex
100
AcDb2dVertex
 10
232.8452340964642
 20
-14.46286168874686
 30
0.0
  0
VERTEX
  5
544
330
542
100
AcDbEntity
  8
colores$rojoLiDAR
100
AcDbVertex
100
AcDb2dVertex
 10
232.8452340964642
 20
-14.75245524301958
 30
0.0
  0
VERTEX
  5
545
330
542
100
AcDbEntity
  8
colores$rojoLiDAR
100
AcDbVertex
100
AcDb2dVertex
 10
233.9304407756789
 20
-15.82962335424009
 30
0.0
  0
VERTEX
  5
546
330
542
100
AcDbEntity
  8
colores$rojoLiDAR
100
AcDbVertex
100
AcDb2dVertex
 10
234.222195475879
 20
-15.82962335424009
 30
0.0
  0
SEQEND
  5
547
330
542
100
AcDbEntity
  8
colores$rojoLiDAR
  0
POLYLINE
  5
548
330
1F
100
AcDbEntity
  8
colores$rojoLiDAR
100
AcDb2dPolyline
 66
     1
 10
0.0
 20
0.0
 30
0.0
 70
     1
  0
VERTEX
  5
549
330
548
100
AcDbEntity
  8
colores$rojoLiDAR
100
AcDbVertex
100
AcDb2dVertex
 10
228.4748040075289
 20
-20.8098517157109
 30
0.0
  0
VERTEX
  5
54A
330
548
100
AcDbEntity
  8
colores$rojoLiDAR
100
AcDbVertex
100
AcDb2dVertex
 10
232.4843393131974
 20
-20.8098517157109
 30
0.0
  0
VERTEX
  5
54B
330
548
100
AcDbEntity
  8
colores$rojoLiDAR
100
AcDbVertex
100
AcDb2dVertex
 10
232.4843393131974
 20
-19.12421034230739
 30
0.0
  0
VERTEX
  5
54C
330
548
100
AcDbEntity
  8
colores$rojoLiDAR
100
AcDbVertex
100
AcDb2dVertex
 10
228.4748040075289
 20
-19.12421034230739
 30
0.0
  0
SEQEND
  5
54D
330
548
100
AcDbEntity
  8
colores$rojoLiDAR
  0
CIRCLE
  5
54E
330
1F
100
AcDbEntity
  8
colores$amarilloai
100
AcDbCircle
 10
198.5221131878413
 20
-17.88629365846902
 30
0.0
 40
0.4911050619024837
  0
POLYLINE
  5
54F
330
1F
100
AcDbEntity
  8
colores$amarilloai
100
AcDb2dPolyline
 66
     1
 10
0.0
 20
0.0
 30
0.0
 70
     1
  0
VERTEX
  5
550
330
54F
100
AcDbEntity
  8
colores$amarilloai
100
AcDbVertex
100
AcDb2dVertex
 10
198.2586542560886
 20
-16.67530698971121
 30
0.0
  0
VERTEX
  5
551
330
54F
100
AcDbEntity
  8
colores$amarilloai
100
AcDbVertex
100
AcDb2dVertex
 10
197.0829318446546
 20
-16.90243229728484
 30
0.0
  0
VERTEX
  5
552
330
54F
100
AcDbEntity
  8
colores$amarilloai
100
AcDbVertex
100
AcDb2dVertex
 10
197.8674893365727
 20
-17.80707511959863
 30
0.0
  0
SEQEND
  5
553
330
54F
100
AcDbEntity
  8
colores$amarilloai
  0
POLYLINE
  5
554
330
1F
100
AcDbEntity
  8
colores$amarilloai
100
AcDb2dPolyline
 66
     1
 10
0.0
 20
0.0
 30
0.0
 70
     1
  0
VERTEX
  5
555
330
554
100
AcDbEntity
  8
colores$amarilloai
100
AcDbVertex
100
AcDb2dVertex
 10
197.3758357303911
 20
-18.45943238719409
 30
0.0
  0
VERTEX
  5
556
330
554
100
AcDbEntity
  8
colores$amarilloai
100
AcDbVertex
100
AcDb2dVertex
 10
197.8703989882426
 20
-18.45943238719409
 30
0.0
  0
VERTEX
  5
557
330
554
100
AcDbEntity
  8
colores$amarilloai
100
AcDbVertex
100
AcDb2dVertex
 10
197.8703989882426
 20
-17.96486912934262
 30
0.0
  0
VERTEX
  5
558
330
554
100
AcDbEntity
  8
colores$amarilloai
100
AcDbVertex
100
AcDb2dVertex
 10
197.3758357303911
 20
-17.96486912934262
 30
0.0
  0
SEQEND
  5
559
330
554
100
AcDbEntity
  8
colores$amarilloai
  0
POLYLINE
  5
55A
330
1F
100
AcDbEntity
  8
colores$amarilloai
100
AcDb2dPolyline
 66
     1
 10
0.0
 20
0.0
 30
0.0
 70
     1
  0
VERTEX
  5
55B
330
55A
100
AcDbEntity
  8
colores$amarilloai
100
AcDbVertex
100
AcDb2dVertex
 10
197.9481062790937
 20
-16.9446317839192
 30
0.0
  0
VERTEX
  5
55C
330
55A
100
AcDbEntity
  8
colores$amarilloai
100
AcDbVertex
100
AcDb2dVertex
 10
197.4714479468051
 20
-17.03671233735232
 30
0.0
  0
VERTEX
  5
55D
330
55A
100
AcDbEntity
  8
colores$amarilloai
100
AcDbVertex
100
AcDb2dVertex
 10
197.789521211417
 20
-17.40347028532317
 30
0.0
  0
SEQEND
  5
55E
330
55A
100
AcDbEntity
  8
colores$amarilloai
  0
CIRCLE
  5
55F
330
1F
100
AcDbEntity
  8
colores$amarilloai
100
AcDbCircle
 10
198.5221131878413
 20
-17.88629365846902
 30
0.0
 40
0.2855716760555536
  0
POLYLINE
  5
560
330
1F
100
AcDbEntity
  8
colores$amarilloai
100
AcDb2dPolyline
 66
     1
 10
0.0
 20
0.0
 30
0.0
 70
     1
  0
VERTEX
  5
561
330
560
100
AcDbEntity
  8
colores$amarilloai
100
AcDbVertex
100
AcDb2dVertex
 10
197.5813691162381
 20
-18.25389900134716
 30
0.0
  0
VERTEX
  5
562
330
560
100
AcDbEntity
  8
colores$amarilloai
100
AcDbVertex
100
AcDb2dVertex
 10
197.6648656023957
 20
-18.25389900134716
 30
0.0
  0
VERTEX
  5
563
330
560
100
AcDbEntity
  8
colores$amarilloai
100
AcDbVertex
100
AcDb2dVertex
 10
197.6648656023957
 20
-18.17040251518955
 30
0.0
  0
VERTEX
  5
564
330
560
100
AcDbEntity
  8
colores$amarilloai
100
AcDbVertex
100
AcDb2dVertex
 10
197.5813691162381
 20
-18.17040251518955
 30
0.0
  0
SEQEND
  5
565
330
560
100
AcDbEntity
  8
colores$amarilloai
  0
POLYLINE
  5
567
330
1F
100
AcDbEntity
  8
Default
100
AcDb2dPolyline
 66
     1
 10
0.0
 20
0.0
 30
0.0
 70
     1
  0
VERTEX
  5
568
330
567
100
AcDbEntity
  8
Default
100
AcDbVertex
100
AcDb2dVertex
 10
178.8970904194159
 20
18.02728906612431
 30
0.0
  0
VERTEX
  5
569
330
567
100
AcDbEntity
  8
Default
100
AcDbVertex
100
AcDb2dVertex
 10
183.258188933979
 20
18.02728906612431
 30
0.0
  0
VERTEX
  5
56A
330
567
100
AcDbEntity
  8
Default
100
AcDbVertex
100
AcDb2dVertex
 10
183.258188933979
 20
21.11634266834468
 30
0.0
  0
VERTEX
  5
56B
330
567
100
AcDbEntity
  8
Default
100
AcDbVertex
100
AcDb2dVertex
 10
178.8970904194159
 20
21.11634266834468
 30
0.0
  0
SEQEND
  5
56C
330
567
100
AcDbEntity
  8
Default
  0
POLYLINE
  5
56D
330
1F
100
AcDbEntity
  8
Default
100
AcDb2dPolyline
 66
     1
 10
0.0
 20
0.0
 30
0.0
  0
VERTEX
  5
56E
330
56D
100
AcDbEntity
  8
Default
100
AcDbVertex
100
AcDb2dVertex
 10
180.1143928108812
 20
19.5718158672345
 30
0.0
  0
VERTEX
  5
56F
330
56D
100
AcDbEntity
  8
Default
100
AcDbVertex
100
AcDb2dVertex
 10
182.0408865425138
 20
19.57181586723449
 30
0.0
  0
SEQEND
  5
570
330
56D
100
AcDbEntity
  8
Default
  0
POLYLINE
  5
571
330
1F
100
AcDbEntity
  8
Default
100
AcDb2dPolyline
 66
     1
 10
0.0
 20
0.0
 30
0.0
  0
VERTEX
  5
572
330
571
100
AcDbEntity
  8
Default
100
AcDbVertex
100
AcDb2dVertex
 10
181.0776396766975
 20
18.6085690014182
 30
0.0
  0
VERTEX
  5
573
330
571
100
AcDbEntity
  8
Default
100
AcDbVertex
100
AcDb2dVertex
 10
181.0776396766975
 20
20.53506273305079
 30
0.0
  0
SEQEND
  5
574
330
571
100
AcDbEntity
  8
Default
  0
POLYLINE
  5
575
330
1F
100
AcDbEntity
  8
Default
100
AcDb2dPolyline
 66
     1
 10
0.0
 20
0.0
 30
0.0
  0
VERTEX
  5
576
330
575
100
AcDbEntity
  8
Default
100
AcDbVertex
100
AcDb2dVertex
 10
186.8495935920688
 20
18.6085690014182
 30
0.0
  0
VERTEX
  5
577
330
575
100
AcDbEntity
  8
Default
100
AcDbVertex
100
AcDb2dVertex
 10
186.8495935920688
 20
20.53506273305079
 30
0.0
  0
SEQEND
  5
578
330
575
100
AcDbEntity
  8
Default
  0
POLYLINE
  5
579
330
1F
100
AcDbEntity
  8
Default
100
AcDb2dPolyline
 66
     1
 10
0.0
 20
0.0
 30
0.0
  0
VERTEX
  5
57A
330
579
100
AcDbEntity
  8
Default
100
AcDbVertex
100
AcDb2dVertex
 10
185.8863467262525
 20
19.5718158672345
 30
0.0
  0
VERTEX
  5
57B
330
579
100
AcDbEntity
  8
Default
100
AcDbVertex
100
AcDb2dVertex
 10
187.8128404578851
 20
19.57181586723449
 30
0.0
  0
SEQEND
  5
57C
330
579
100
AcDbEntity
  8
Default
  0
POLYLINE
  5
57D
330
1F
100
AcDbEntity
  8
Default
100
AcDb2dPolyline
 66
     1
 10
0.0
 20
0.0
 30
0.0
 70
     1
  0
VERTEX
  5
57E
330
57D
100
AcDbEntity
  8
Default
100
AcDbVertex
100
AcDb2dVertex
 10
184.6690443347873
 20
18.02728906612431
 30
0.0
  0
VERTEX
  5
57F
330
57D
100
AcDbEntity
  8
Default
100
AcDbVertex
100
AcDb2dVertex
 10
189.0301428493503
 20
18.02728906612431
 30
0.0
  0
VERTEX
  5
580
330
57D
100
AcDbEntity
  8
Default
100
AcDbVertex
100
AcDb2dVertex
 10
189.0301428493503
 20
21.11634266834468
 30
0.0
  0
VERTEX
  5
581
330
57D
100
AcDbEntity
  8
Default
100
AcDbVertex
100
AcDb2dVertex
 10
184.6690443347873
 20
21.11634266834468
 30
0.0
  0
SEQEND
  5
582
330
57D
100
AcDbEntity
  8
Default
  0
POLYLINE
  5
583
330
1F
100
AcDbEntity
  8
Default
100
AcDb2dPolyline
 66
     1
 10
0.0
 20
0.0
 30
0.0
 70
     1
  0
VERTEX
  5
584
330
583
100
AcDbEntity
  8
Default
100
AcDbVertex
100
AcDb2dVertex
 10
186.8495935920688
 20
20.53506273305079
 30
0.0
  0
VERTEX
  5
585
330
583
100
AcDbEntity
  8
Default
100
AcDbVertex
100
AcDb2dVertex
 10
185.8863467262525
 20
20.05343930014265
 30
0.0
  0
VERTEX
  5
586
330
583
100
AcDbEntity
  8
Default
100
AcDbVertex
100
AcDb2dVertex
 10
186.8495935920688
 20
19.5718158672345
 30
0.0
  0
SEQEND
  5
587
330
583
100
AcDbEntity
  8
Default
  0
POLYLINE
  5
588
330
1F
100
AcDbEntity
  8
Default
100
AcDb2dPolyline
 66
     1
 10
0.0
 20
0.0
 30
0.0
 70
     1
  0
VERTEX
  5
589
330
588
100
AcDbEntity
  8
Default
100
AcDbVertex
100
AcDb2dVertex
 10
186.8495935920688
 20
19.5718158672345
 30
0.0
  0
VERTEX
  5
58A
330
588
100
AcDbEntity
  8
Default
100
AcDbVertex
100
AcDb2dVertex
 10
185.8863467262525
 20
19.09019243432635
 30
0.0
  0
VERTEX
  5
58B
330
588
100
AcDbEntity
  8
Default
100
AcDbVertex
100
AcDb2dVertex
 10
186.8495935920688
 20
18.6085690014182
 30
0.0
  0
SEQEND
  5
58C
330
588
100
AcDbEntity
  8
Default
  0
POLYLINE
  5
58D
330
1F
100
AcDbEntity
  8
Default
100
AcDb2dPolyline
 66
     1
 10
0.0
 20
0.0
 30
0.0
  0
VERTEX
  5
58E
330
58D
100
AcDbEntity
  8
Default
100
AcDbVertex
100
AcDb2dVertex
 10
185.8863467262525
 20
20.05343930014265
 30
0.0
  0
VERTEX
  5
58F
330
58D
100
AcDbEntity
  8
Default
100
AcDbVertex
100
AcDb2dVertex
 10
185.8863467262525
 20
19.09019243432635
 30
0.0
  0
SEQEND
  5
590
330
58D
100
AcDbEntity
  8
Default
  0
POLYLINE
  5
592
330
1F
100
AcDbEntity
  8
Layer 01
100
AcDb2dPolyline
 66
     1
 10
0.0
 20
0.0
 30
0.0
 70
     1
  0
VERTEX
  5
593
330
592
100
AcDbEntity
  8
Layer 01
100
AcDbVertex
100
AcDb2dVertex
 10
185.8863467262525
 20
20.05343930014265
 30
0.0
  0
VERTEX
  5
594
330
592
100
AcDbEntity
  8
Layer 01
100
AcDbVertex
100
AcDb2dVertex
 10
185.8863467262525
 20
19.09019243432635
 30
0.0
  0
VERTEX
  5
595
330
592
100
AcDbEntity
  8
Layer 01
100
AcDbVertex
100
AcDb2dVertex
 10
186.8495935920688
 20
18.6085690014182
 30
0.0
  0
VERTEX
  5
596
330
592
100
AcDbEntity
  8
Layer 01
100
AcDbVertex
100
AcDb2dVertex
 10
186.8495935920688
 20
19.5718158672345
 30
0.0
  0
SEQEND
  5
597
330
592
100
AcDbEntity
  8
Layer 01
  0
POLYLINE
  5
598
330
1F
100
AcDbEntity
  8
Layer 01
100
AcDb2dPolyline
 66
     1
 10
0.0
 20
0.0
 30
0.0
 70
     1
  0
VERTEX
  5
599
330
598
100
AcDbEntity
  8
Layer 01
100
AcDbVertex
100
AcDb2dVertex
 10
187.8128404578851
 20
20.05343930014263
 30
0.0
  0
VERTEX
  5
59A
330
598
100
AcDbEntity
  8
Layer 01
100
AcDbVertex
100
AcDb2dVertex
 10
187.8128404578851
 20
19.09019243432633
 30
0.0
  0
VERTEX
  5
59B
330
598
100
AcDbEntity
  8
Layer 01
100
AcDbVertex
100
AcDb2dVertex
 10
186.8495935920688
 20
18.6085690014182
 30
0.0
  0
VERTEX
  5
59C
330
598
100
AcDbEntity
  8
Layer 01
100
AcDbVertex
100
AcDb2dVertex
 10
186.8495935920688
 20
19.5718158672345
 30
0.0
  0
SEQEND
  5
59D
330
598
100
AcDbEntity
  8
Layer 01
  0
POLYLINE
  5
59E
330
1F
100
AcDbEntity
  8
Layer 01
100
AcDb2dPolyline
 66
     1
 10
0.0
 20
0.0
 30
0.0
 70
     1
  0
VERTEX
  5
59F
330
59E
100
AcDbEntity
  8
Layer 01
100
AcDbVertex
100
AcDb2dVertex
 10
186.8495935920688
 20
20.53506273305079
 30
0.0
  0
VERTEX
  5
5A0
330
59E
100
AcDbEntity
  8
Layer 01
100
AcDbVertex
100
AcDb2dVertex
 10
185.8863467262525
 20
20.05343930014265
 30
0.0
  0
VERTEX
  5
5A1
330
59E
100
AcDbEntity
  8
Layer 01
100
AcDbVertex
100
AcDb2dVertex
 10
186.8495935920688
 20
19.5718158672345
 30
0.0
  0
VERTEX
  5
5A2
330
59E
100
AcDbEntity
  8
Layer 01
100
AcDbVertex
100
AcDb2dVertex
 10
187.8128404578851
 20
20.05343930014263
 30
0.0
  0
SEQEND
  5
5A3
330
59E
100
AcDbEntity
  8
Layer 01
  0
POLYLINE
  5
5A4
330
1F
100
AcDbEntity
  8
Layer 01
100
AcDb2dPolyline
 66
     1
 10
0.0
 20
0.0
 30
0.0
 70
     1
  0
VERTEX
  5
5A5
330
5A4
100
AcDbEntity
  8
Layer 01
100
AcDbVertex
100
AcDb2dVertex
 10
186.8495935920688
 20
20.53506273305079
 30
0.0
  0
VERTEX
  5
5A6
330
5A4
100
AcDbEntity
  8
Layer 01
100
AcDbVertex
100
AcDb2dVertex
 10
185.8863467262525
 20
20.05343930014265
 30
0.0
  0
VERTEX
  5
5A7
330
5A4
100
AcDbEntity
  8
Layer 01
100
AcDbVertex
100
AcDb2dVertex
 10
185.8863467262525
 20
19.09019243432635
 30
0.0
  0
VERTEX
  5
5A8
330
5A4
100
AcDbEntity
  8
Layer 01
100
AcDbVertex
100
AcDb2dVertex
 10
186.8495935920688
 20
18.6085690014182
 30
0.0
  0
VERTEX
  5
5A9
330
5A4
100
AcDbEntity
  8
Layer 01
100
AcDbVertex
100
AcDb2dVertex
 10
187.8128404578851
 20
19.09019243432633
 30
0.0
  0
VERTEX
  5
5AA
330
5A4
100
AcDbEntity
  8
Layer 01
100
AcDbVertex
100
AcDb2dVertex
 10
187.8128404578851
 20
20.05343930014263
 30
0.0
  0
SEQEND
  5
5AB
330
5A4
100
AcDbEntity
  8
Layer 01
  0
POLYLINE
  5
5AC
330
1F
100
AcDbEntity
  8
Layer 01
100
AcDb2dPolyline
 66
     1
 10
0.0
 20
0.0
 30
0.0
 70
     1
  0
VERTEX
  5
5AD
330
5AC
100
AcDbEntity
  8
Layer 01
100
AcDbVertex
100
AcDb2dVertex
 10
186.8495935920688
 20
20.30526942185108
 30
0.0
  0
VERTEX
  5
5AE
330
5AC
100
AcDbEntity
  8
Layer 01
100
AcDbVertex
100
AcDb2dVertex
 10
186.0918801120994
 20
19.9264126818664
 30
0.0
  0
VERTEX
  5
5AF
330
5AC
100
AcDbEntity
  8
Layer 01
100
AcDbVertex
100
AcDb2dVertex
 10
186.0918801120994
 20
19.2172190526026
 30
0.0
  0
VERTEX
  5
5B0
330
5AC
100
AcDbEntity
  8
Layer 01
100
AcDbVertex
100
AcDb2dVertex
 10
186.8495935920688
 20
18.83836231261792
 30
0.0
  0
VERTEX
  5
5B1
330
5AC
100
AcDbEntity
  8
Layer 01
100
AcDbVertex
100
AcDb2dVertex
 10
187.6073070720382
 20
19.21721905260259
 30
0.0
  0
VERTEX
  5
5B2
330
5AC
100
AcDbEntity
  8
Layer 01
100
AcDbVertex
100
AcDb2dVertex
 10
187.6073070720382
 20
19.92641268186638
 30
0.0
  0
SEQEND
  5
5B3
330
5AC
100
AcDbEntity
  8
Layer 01
  0
POLYLINE
  5
5B4
330
1F
100
AcDbEntity
  8
Layer 01
100
AcDb2dPolyline
 66
     1
 10
0.0
 20
0.0
 30
0.0
  0
VERTEX
  5
5B5
330
5B4
100
AcDbEntity
  8
Layer 01
100
AcDbVertex
100
AcDb2dVertex
 10
185.8863467262525
 20
20.05343930014265
 30
0.0
  0
VERTEX
  5
5B6
330
5B4
100
AcDbEntity
  8
Layer 01
100
AcDbVertex
100
AcDb2dVertex
 10
186.8495935920688
 20
19.5718158672345
 30
0.0
  0
SEQEND
  5
5B7
330
5B4
100
AcDbEntity
  8
Layer 01
  0
LINE
  5
5B8
330
1F
100
AcDbEntity
  8
Layer 01
100
AcDbLine
 10
185.9323053884925
 20
20.14535662462253
 30
0.0
 11
186.8955522543087
 21
19.66373319171438
 31
0.0
  0
LINE
  5
5B9
330
1F
100
AcDbEntity
  8
Layer 01
100
AcDbLine
 10
185.8403880640126
 20
19.96152197566276
 30
0.0
 11
186.8036349298289
 21
19.47989854275462
 31
0.0
  0
POLYLINE
  5
5BA
330
1F
100
AcDbEntity
  8
Layer 01
100
AcDb2dPolyline
 66
     1
 10
0.0
 20
0.0
 30
0.0
 70
     1
  0
VERTEX
  5
5BB
330
5BA
100
AcDbEntity
  8
Layer 01
100
AcDbVertex
100
AcDb2dVertex
 10
186.0918801120994
 20
19.83577595161933
 30
0.0
  0
VERTEX
  5
5BC
330
5BA
100
AcDbEntity
  8
Layer 01
100
AcDbVertex
100
AcDb2dVertex
 10
186.8495935920688
 20
19.45691921163464
 30
0.0
  0
VERTEX
  5
5BD
330
5BA
100
AcDbEntity
  8
Layer 01
100
AcDbVertex
100
AcDb2dVertex
 10
186.8495935920688
 20
19.5718158672345
 30
0.0
  0
VERTEX
  5
5BE
330
5BA
100
AcDbEntity
  8
Layer 01
100
AcDbVertex
100
AcDb2dVertex
 10
186.9644902476687
 20
19.62926419503442
 30
0.0
  0
VERTEX
  5
5BF
330
5BA
100
AcDbEntity
  8
Layer 01
100
AcDbVertex
100
AcDb2dVertex
 10
186.2310366930521
 20
19.99599097234271
 30
0.0
  0
VERTEX
  5
5C0
330
5BA
100
AcDbEntity
  8
Layer 01
100
AcDbVertex
100
AcDb2dVertex
 10
186.0918801120994
 20
19.9264126818664
 30
0.0
  0
SEQEND
  5
5C1
330
5BA
100
AcDbEntity
  8
Layer 01
  0
POLYLINE
  5
5C2
330
1F
100
AcDbEntity
  8
Default
100
AcDb2dPolyline
 66
     1
 10
0.0
 20
0.0
 30
0.0
  0
VERTEX
  5
5C3
330
5C2
100
AcDbEntity
  8
Default
100
AcDbVertex
100
AcDb2dVertex
 10
186.8495935920688
 20
14.13785113084662
 30
0.0
  0
VERTEX
  5
5C4
330
5C2
100
AcDbEntity
  8
Default
100
AcDbVertex
100
AcDb2dVertex
 10
186.8495935920688
 20
16.06434486247921
 30
0.0
  0
SEQEND
  5
5C5
330
5C2
100
AcDbEntity
  8
Default
  0
POLYLINE
  5
5C6
330
1F
100
AcDbEntity
  8
Default
100
AcDb2dPolyline
 66
     1
 10
0.0
 20
0.0
 30
0.0
  0
VERTEX
  5
5C7
330
5C6
100
AcDbEntity
  8
Default
100
AcDbVertex
100
AcDb2dVertex
 10
185.8863467262525
 20
15.10109799666292
 30
0.0
  0
VERTEX
  5
5C8
330
5C6
100
AcDbEntity
  8
Default
100
AcDbVertex
100
AcDb2dVertex
 10
187.8128404578851
 20
15.10109799666292
 30
0.0
  0
SEQEND
  5
5C9
330
5C6
100
AcDbEntity
  8
Default
  0
POLYLINE
  5
5CA
330
1F
100
AcDbEntity
  8
Default
100
AcDb2dPolyline
 66
     1
 10
0.0
 20
0.0
 30
0.0
 70
     1
  0
VERTEX
  5
5CB
330
5CA
100
AcDbEntity
  8
Default
100
AcDbVertex
100
AcDb2dVertex
 10
184.6690443347873
 20
13.55657119555273
 30
0.0
  0
VERTEX
  5
5CC
330
5CA
100
AcDbEntity
  8
Default
100
AcDbVertex
100
AcDb2dVertex
 10
189.0301428493503
 20
13.55657119555273
 30
0.0
  0
VERTEX
  5
5CD
330
5CA
100
AcDbEntity
  8
Default
100
AcDbVertex
100
AcDb2dVertex
 10
189.0301428493503
 20
16.6456247977731
 30
0.0
  0
VERTEX
  5
5CE
330
5CA
100
AcDbEntity
  8
Default
100
AcDbVertex
100
AcDb2dVertex
 10
184.6690443347873
 20
16.6456247977731
 30
0.0
  0
SEQEND
  5
5CF
330
5CA
100
AcDbEntity
  8
Default
  0
POLYLINE
  5
5D0
330
1F
100
AcDbEntity
  8
Layer 01
100
AcDb2dPolyline
 66
     1
 10
0.0
 20
0.0
 30
0.0
 70
     1
  0
VERTEX
  5
5D1
330
5D0
100
AcDbEntity
  8
Layer 01
100
AcDbVertex
100
AcDb2dVertex
 10
186.8495935920688
 20
16.06434486247921
 30
0.0
  0
VERTEX
  5
5D2
330
5D0
100
AcDbEntity
  8
Layer 01
100
AcDbVertex
100
AcDb2dVertex
 10
186.0254198739828
 20
15.34789510624758
 30
0.0
  0
VERTEX
  5
5D3
330
5D0
100
AcDbEntity
  8
Layer 01
100
AcDbVertex
100
AcDb2dVertex
 10
186.0254198739828
 20
14.13785113084662
 30
0.0
  0
VERTEX
  5
5D4
330
5D0
100
AcDbEntity
  8
Layer 01
100
AcDbVertex
100
AcDb2dVertex
 10
187.6737673101548
 20
14.13785113084663
 30
0.0
  0
VERTEX
  5
5D5
330
5D0
100
AcDbEntity
  8
Layer 01
100
AcDbVertex
100
AcDb2dVertex
 10
187.6737673101548
 20
15.34789510624758
 30
0.0
  0
SEQEND
  5
5D6
330
5D0
100
AcDbEntity
  8
Layer 01
  0
POLYLINE
  5
5D7
330
1F
100
AcDbEntity
  8
Layer 01
100
AcDb2dPolyline
 66
     1
 10
0.0
 20
0.0
 30
0.0
 70
     1
  0
VERTEX
  5
5D8
330
5D7
100
AcDbEntity
  8
Layer 01
100
AcDbVertex
100
AcDb2dVertex
 10
186.8495935920688
 20
15.79200939655044
 30
0.0
  0
VERTEX
  5
5D9
330
5D7
100
AcDbEntity
  8
Layer 01
100
AcDbVertex
100
AcDb2dVertex
 10
186.2309532598297
 20
15.25422870116858
 30
0.0
  0
VERTEX
  5
5DA
330
5D7
100
AcDbEntity
  8
Layer 01
100
AcDbVertex
100
AcDb2dVertex
 10
186.2309532598297
 20
14.34338451669355
 30
0.0
  0
VERTEX
  5
5DB
330
5D7
100
AcDbEntity
  8
Layer 01
100
AcDbVertex
100
AcDb2dVertex
 10
187.4682339243079
 20
14.34338451669356
 30
0.0
  0
VERTEX
  5
5DC
330
5D7
100
AcDbEntity
  8
Layer 01
100
AcDbVertex
100
AcDb2dVertex
 10
187.4682339243079
 20
15.25422870116858
 30
0.0
  0
SEQEND
  5
5DD
330
5D7
100
AcDbEntity
  8
Layer 01
  0
POLYLINE
  5
5DE
330
1F
100
AcDbEntity
  8
Layer 01
100
AcDb2dPolyline
 66
     1
 10
0.0
 20
0.0
 30
0.0
 70
     1
  0
VERTEX
  5
5DF
330
5DE
100
AcDbEntity
  8
Layer 01
100
AcDbVertex
100
AcDb2dVertex
 10
186.8495935920688
 20
14.34338451669356
 30
0.0
  0
VERTEX
  5
5E0
330
5DE
100
AcDbEntity
  8
Layer 01
100
AcDbVertex
100
AcDb2dVertex
 10
187.0066708151291
 20
14.34338451669356
 30
0.0
  0
VERTEX
  5
5E1
330
5DE
100
AcDbEntity
  8
Layer 01
100
AcDbVertex
100
AcDb2dVertex
 10
187.0066708151291
 20
14.71542669941482
 30
0.0
  0
VERTEX
  5
5E2
330
5DE
100
AcDbEntity
  8
Layer 01
100
AcDbVertex
100
AcDb2dVertex
 10
186.8495935920688
 20
14.71542669941482
 30
0.0
  0
SEQEND
  5
5E3
330
5DE
100
AcDbEntity
  8
Layer 01
  0
POLYLINE
  5
5E4
330
1F
100
AcDbEntity
  8
Layer 01
100
AcDb2dPolyline
 66
     1
 10
0.0
 20
0.0
 30
0.0
 70
     1
  0
VERTEX
  5
5E5
330
5E4
100
AcDbEntity
  8
Layer 01
100
AcDbVertex
100
AcDb2dVertex
 10
186.8495935920688
 20
14.34338451669356
 30
0.0
  0
VERTEX
  5
5E6
330
5E4
100
AcDbEntity
  8
Layer 01
100
AcDbVertex
100
AcDb2dVertex
 10
186.6925163690085
 20
14.34338451669355
 30
0.0
  0
VERTEX
  5
5E7
330
5E4
100
AcDbEntity
  8
Layer 01
100
AcDbVertex
100
AcDb2dVertex
 10
186.6925163690085
 20
14.71542669941481
 30
0.0
  0
VERTEX
  5
5E8
330
5E4
100
AcDbEntity
  8
Layer 01
100
AcDbVertex
100
AcDb2dVertex
 10
186.8495935920688
 20
14.71542669941482
 30
0.0
  0
SEQEND
  5
5E9
330
5E4
100
AcDbEntity
  8
Layer 01
  0
POLYLINE
  5
5EA
330
1F
100
AcDbEntity
  8
Default
100
AcDb2dPolyline
 66
     1
 10
0.0
 20
0.0
 30
0.0
 70
     1
  0
VERTEX
  5
5EB
330
5EA
100
AcDbEntity
  8
Default
100
AcDbVertex
100
AcDb2dVertex
 10
184.6690443347873
 20
9.085853324981155
 30
0.0
  0
VERTEX
  5
5EC
330
5EA
100
AcDbEntity
  8
Default
100
AcDbVertex
100
AcDb2dVertex
 10
189.0301428493503
 20
9.085853324981155
 30
0.0
  0
VERTEX
  5
5ED
330
5EA
100
AcDbEntity
  8
Default
100
AcDbVertex
100
AcDb2dVertex
 10
189.0301428493503
 20
12.17490692720152
 30
0.0
  0
VERTEX
  5
5EE
330
5EA
100
AcDbEntity
  8
Default
100
AcDbVertex
100
AcDb2dVertex
 10
184.6690443347873
 20
12.17490692720152
 30
0.0
  0
SEQEND
  5
5EF
330
5EA
100
AcDbEntity
  8
Default
  0
POLYLINE
  5
5F0
330
1F
100
AcDbEntity
  8
Default
100
AcDb2dPolyline
 66
     1
 10
0.0
 20
0.0
 30
0.0
  0
VERTEX
  5
5F1
330
5F0
100
AcDbEntity
  8
Default
100
AcDbVertex
100
AcDb2dVertex
 10
185.8863467262525
 20
10.63038012609134
 30
0.0
  0
VERTEX
  5
5F2
330
5F0
100
AcDbEntity
  8
Default
100
AcDbVertex
100
AcDb2dVertex
 10
187.8128404578851
 20
10.63038012609134
 30
0.0
  0
SEQEND
  5
5F3
330
5F0
100
AcDbEntity
  8
Default
  0
POLYLINE
  5
5F4
330
1F
100
AcDbEntity
  8
Default
100
AcDb2dPolyline
 66
     1
 10
0.0
 20
0.0
 30
0.0
  0
VERTEX
  5
5F5
330
5F4
100
AcDbEntity
  8
Default
100
AcDbVertex
100
AcDb2dVertex
 10
186.8495935920688
 20
9.667133260275044
 30
0.0
  0
VERTEX
  5
5F6
330
5F4
100
AcDbEntity
  8
Default
100
AcDbVertex
100
AcDb2dVertex
 10
186.8495935920688
 20
11.59362699190763
 30
0.0
  0
SEQEND
  5
5F7
330
5F4
100
AcDbEntity
  8
Default
  0
CIRCLE
  5
5F8
330
1F
100
AcDbEntity
  8
Layer 01
100
AcDbCircle
 10
186.8495935920688
 20
10.63038012609134
 30
0.0
 40
0.9632468658162967
  0
CIRCLE
  5
5F9
330
1F
100
AcDbEntity
  8
Layer 01
100
AcDbCircle
 10
186.8495935920688
 20
10.63038012609134
 30
0.0
 40
0.7577134799693681
  0
POLYLINE
  5
5FA
330
1F
100
AcDbEntity
  8
Layer 01
100
AcDb2dPolyline
 66
     1
 10
0.0
 20
0.0
 30
0.0
  0
VERTEX
  5
5FB
330
5FA
100
AcDbEntity
  8
Layer 01
100
AcDbVertex
100
AcDb2dVertex
 10
187.6073070720382
 20
10.63038012609134
 30
0.0
  0
VERTEX
  5
5FC
330
5FA
100
AcDbEntity
  8
Layer 01
100
AcDbVertex
100
AcDb2dVertex
 10
186.3674034350148
 20
11.21486483091046
 30
0.0
  0
SEQEND
  5
5FD
330
5FA
100
AcDbEntity
  8
Layer 01
  0
POLYLINE
  5
5FE
330
1F
100
AcDbEntity
  8
Layer 01
100
AcDb2dPolyline
 66
     1
 10
0.0
 20
0.0
 30
0.0
  0
VERTEX
  5
5FF
330
5FE
100
AcDbEntity
  8
Layer 01
100
AcDbVertex
100
AcDb2dVertex
 10
187.6073070720382
 20
10.63038012609134
 30
0.0
  0
VERTEX
  5
600
330
5FE
100
AcDbEntity
  8
Layer 01
100
AcDbVertex
100
AcDb2dVertex
 10
186.3674034350148
 20
10.04589542127223
 30
0.0
  0
SEQEND
  5
601
330
5FE
100
AcDbEntity
  8
Layer 01
  0
POLYLINE
  5
602
330
1F
100
AcDbEntity
  8
Layer 01
100
AcDb2dPolyline
 66
     1
 10
0.0
 20
0.0
 30
0.0
  0
VERTEX
  5
603
330
602
100
AcDbEntity
  8
Layer 01
100
AcDbVertex
100
AcDb2dVertex
 10
186.3674034350148
 20
11.21486483091046
 30
0.0
  0
VERTEX
  5
604
330
602
100
AcDbEntity
  8
Layer 01
100
AcDbVertex
100
AcDb2dVertex
 10
186.3674034350148
 20
10.04589542127223
 30
0.0
  0
SEQEND
  5
605
330
602
100
AcDbEntity
  8
Layer 01
  0
POLYLINE
  5
606
330
1F
100
AcDbEntity
  8
Default
100
AcDb2dPolyline
 66
     1
 10
0.0
 20
0.0
 30
0.0
 70
     1
  0
VERTEX
  5
607
330
606
100
AcDbEntity
  8
Default
100
AcDbVertex
100
AcDb2dVertex
 10
184.6690443347873
 20
4.615135454409575
 30
0.0
  0
VERTEX
  5
608
330
606
100
AcDbEntity
  8
Default
100
AcDbVertex
100
AcDb2dVertex
 10
189.0301428493503
 20
4.615135454409575
 30
0.0
  0
VERTEX
  5
609
330
606
100
AcDbEntity
  8
Default
100
AcDbVertex
100
AcDb2dVertex
 10
189.0301428493503
 20
7.704189056629936
 30
0.0
  0
VERTEX
  5
60A
330
606
100
AcDbEntity
  8
Default
100
AcDbVertex
100
AcDb2dVertex
 10
184.6690443347873
 20
7.704189056629936
 30
0.0
  0
SEQEND
  5
60B
330
606
100
AcDbEntity
  8
Default
  0
POLYLINE
  5
60C
330
1F
100
AcDbEntity
  8
Default
100
AcDb2dPolyline
 66
     1
 10
0.0
 20
0.0
 30
0.0
  0
VERTEX
  5
60D
330
60C
100
AcDbEntity
  8
Default
100
AcDbVertex
100
AcDb2dVertex
 10
185.8863467262525
 20
6.159662255519759
 30
0.0
  0
VERTEX
  5
60E
330
60C
100
AcDbEntity
  8
Default
100
AcDbVertex
100
AcDb2dVertex
 10
187.8128404578851
 20
6.159662255519756
 30
0.0
  0
SEQEND
  5
60F
330
60C
100
AcDbEntity
  8
Default
  0
POLYLINE
  5
610
330
1F
100
AcDbEntity
  8
Default
100
AcDb2dPolyline
 66
     1
 10
0.0
 20
0.0
 30
0.0
  0
VERTEX
  5
611
330
610
100
AcDbEntity
  8
Default
100
AcDbVertex
100
AcDb2dVertex
 10
186.8495935920688
 20
5.196415389703464
 30
0.0
  0
VERTEX
  5
612
330
610
100
AcDbEntity
  8
Default
100
AcDbVertex
100
AcDb2dVertex
 10
186.8495935920688
 20
7.122909121336054
 30
0.0
  0
SEQEND
  5
613
330
610
100
AcDbEntity
  8
Default
  0
CIRCLE
  5
614
330
1F
100
AcDbEntity
  8
Layer 01
100
AcDbCircle
 10
186.8495935920688
 20
6.159662255519759
 30
0.0
 40
0.9632468658162967
  0
CIRCLE
  5
615
330
1F
100
AcDbEntity
  8
Layer 01
100
AcDbCircle
 10
186.8495935920688
 20
6.159662255519757
 30
0.0
 40
0.7577134799693681
  0
SPLINE
  5
616
330
1F
100
AcDbEntity
  8
Layer 01
100
AcDbSpline
210
0.0
220
0.0
230
1.0
 70
    11
 71
     3
 72
    19
 73
    15
 74
     0
 42
0.0000000001
 43
0.0000000001
 40
0.0
 40
0.0
 40
0.0
 40
0.0
 40
0.0265117726703469
 40
0.0530235453406938
 40
0.0795353180110407
 40
0.1060470906813876
 40
0.1325588633517344
 40
0.1590706360220814
 40
0.1855824086924283
 40
0.2120941813627751
 40
0.238605954033122
 40
0.2651177267034689
 40
0.2916294993738158
 40
0.3181412720441627
 40
0.3181412720441627
 40
0.3181412720441627
 40
0.3181412720441627
 10
186.9350702622384
 20
6.882266955860523
 30
0.0
 10
186.9295031294724
 20
6.877984546040602
 30
0.0
 10
186.9180833699527
 20
6.86884873842477
 30
0.0
 10
186.9257917076285
 20
6.84829317128915
 30
0.0
 10
186.9317870813764
 20
6.849149653253134
 30
0.0
 10
186.9412083829802
 20
6.853432063073054
 30
0.0
 10
186.9600509861879
 20
6.865422810568834
 30
0.0
 10
186.9720417336837
 20
6.866279292532818
 30
0.0
 10
187.009726940099
 20
6.872274666280706
 30
0.0
 10
187.0268565793787
 20
6.870561702352738
 30
0.0
 10
187.0268565793787
 20
6.873987630208676
 30
0.0
 10
187.0320883993466
 20
6.895070552348072
 30
0.0
 10
186.951486166548
 20
6.894543197344296
 30
0.0
 10
186.9406373950042
 20
6.886549365680444
 30
0.0
 10
186.9350702622384
 20
6.882266955860523
 30
0.0
  0
SPLINE
  5
617
330
1F
100
AcDbEntity
  8
Layer 01
100
AcDbSpline
210
0.0
220
0.0
230
1.0
 70
     8
 71
     3
 72
    86
 73
    82
 74
     0
 42
0.0000000001
 43
0.0000000001
 40
0.0
 40
0.0
 40
0.0
 40
0.0
 40
0.0446752332515003
 40
0.0893504665030007
 40
0.134025699754501
 40
0.1787009330060013
 40
0.2233761662575017
 40
0.268051399509002
 40
0.3127266327605023
 40
0.3574018660120027
 40
0.402077099263503
 40
0.4467523325150033
 40
0.4914275657665037
 40
0.5361027990180041
 40
0.5807780322695044
 40
0.6254532655210047
 40
0.670128498772505
 40
0.7148037320240054
 40
0.7594789652755057
 40
0.8041541985270061
 40
0.8488294317785063
 40
0.8935046650300067
 40
0.938179898281507
 40
0.9828551315330074
 40
1.027530364784508
 40
1.072205598036008
 40
1.116880831287508
 40
1.161556064539009
 40
1.206231297790509
 40
1.250906531042009
 40
1.29558176429351
 40
1.34025699754501
 40
1.38493223079651
 40
1.429607464048011
 40
1.474282697299511
 40
1.518957930551011
 40
1.563633163802512
 40
1.608308397054012
 40
1.652983630305513
 40
1.697658863557013
 40
1.742334096808513
 40
1.787009330060014
 40
1.831684563311514
 40
1.876359796563014
 40
1.921035029814514
 40
1.965710263066015
 40
2.010385496317515
 40
2.055060729569016
 40
2.099735962820516
 40
2.144411196072016
 40
2.189086429323517
 40
2.233761662575017
 40
2.278436895826517
 40
2.323112129078018
 40
2.367787362329518
 40
2.412462595581018
 40
2.457137828832519
 40
2.501813062084019
 40
2.546488295335519
 40
2.591163528587019
 40
2.63583876183852
 40
2.680513995090021
 40
2.725189228341521
 40
2.769864461593021
 40
2.814539694844521
 40
2.859214928096022
 40
2.903890161347522
 40
2.948565394599022
 40
2.993240627850523
 40
3.037915861102023
 40
3.082591094353523
 40
3.127266327605024
 40
3.171941560856524
 40
3.216616794108024
 40
3.261292027359525
 40
3.305967260611025
 40
3.350642493862525
 40
3.395317727114026
 40
3.439992960365526
 40
3.484668193617027
 40
3.529343426868527
 40
3.529343426868527
 40
3.529343426868527
 40
3.529343426868527
 10
186.3674034350148
 20
6.744146960338881
 30
0.0
 10
186.4607531016272
 20
6.704345324861261
 30
0.0
 10
186.4907776179687
 20
6.703039911107286
 30
0.0
 10
186.528634616834
 20
6.722621117416939
 30
0.0
 10
186.5521320644056
 20
6.727842772432846
 30
0.0
 10
186.582156580747
 20
6.720010289908984
 30
0.0
 10
186.5939053045329
 20
6.70956697987717
 30
0.0
 10
186.6187081658584
 20
6.705650738615239
 30
0.0
 10
186.6213189933663
 20
6.725231944924891
 30
0.0
 10
186.6004323733027
 20
6.757867288774312
 30
0.0
 10
186.5717132707152
 20
6.77092142631408
 30
0.0
 10
186.5521320644056
 20
6.782670150099872
 30
0.0
 10
186.5717132707152
 20
6.794418873885665
 30
0.0
 10
186.6004323733027
 20
6.757867288774312
 30
0.0
 10
186.640900199676
 20
6.761783530036244
 30
0.0
 10
186.7205304386686
 20
6.744813151234544
 30
0.0
 10
186.7492495412561
 20
6.720010289908984
 30
0.0
 10
186.7818848851055
 20
6.704345324861261
 30
0.0
 10
186.7910227813833
 20
6.700429083599332
 30
0.0
 10
186.7818848851055
 20
6.646907119686281
 30
0.0
 10
186.7792740575975
 20
6.622104258360721
 30
0.0
 10
186.7949390226453
 20
6.59338515577323
 30
0.0
 10
186.8014660914152
 20
6.562055225677787
 30
0.0
 10
186.75708202378
 20
6.526809054320411
 30
0.0
 10
186.7061708873749
 20
6.503311606748829
 30
0.0
 10
186.6748409572794
 20
6.460232952867592
 30
0.0
 10
186.6559124852589
 20
6.397899979633113
 30
0.0
 10
186.6829823122812
 20
6.365412798150363
 30
0.0
 10
186.7008501038915
 20
6.343969211227462
 30
0.0
 10
186.7309157944802
 20
6.307886618392441
 30
0.0
 10
186.7448255676589
 20
6.291193149118792
 30
0.0
 10
186.7427224724862
 20
6.247450510969369
 30
0.0
 10
186.7714415750737
 20
6.201761029580179
 30
0.0
 10
186.7623036787959
 20
6.132574100619406
 30
0.0
 10
186.7596928512879
 20
6.109076653047824
 30
0.0
 10
186.7283629211925
 20
6.033362655317166
 30
0.0
 10
186.7492495412561
 20
5.947205347554695
 30
0.0
 10
186.7375008174703
 20
5.871491349824039
 30
0.0
 10
186.6852842673112
 20
5.802304420863265
 30
0.0
 10
186.6748409572794
 20
5.774890732029753
 30
0.0
 10
186.6630922334936
 20
5.750087870704192
 30
0.0
 10
186.7205304386686
 20
5.770974490767822
 30
0.0
 10
186.7401116449782
 20
5.776196145783729
 30
0.0
 10
186.7831902988595
 20
5.827107282188827
 30
0.0
 10
186.7923281951373
 20
5.850604729760409
 30
0.0
 10
186.8719584341299
 20
5.928929554999019
 30
0.0
 10
186.8993721229634
 20
5.960259485094463
 30
0.0
 10
186.9307020530589
 20
5.977229863896163
 30
0.0
 10
186.9607265694003
 20
5.990284001435931
 30
0.0
 10
186.9672536381702
 20
6.004643552729677
 30
0.0
 10
187.0103322920515
 20
6.029446414055236
 30
0.0
 10
187.0729921522423
 20
6.065997999166587
 30
0.0
 10
187.1095437373537
 20
6.071219654182496
 30
0.0
 10
187.1304303574173
 20
6.089495446738171
 30
0.0
 10
187.1552332187429
 20
6.111687480555776
 30
0.0
 10
187.1552332187429
 20
6.159662255519757
 30
0.0
 10
187.1552332187429
 20
6.218731408381878
 30
0.0
 10
187.206144355148
 20
6.257893821001183
 30
0.0
 10
187.1970064588701
 20
6.290529164850604
 30
0.0
 10
187.1552332187429
 20
6.319248267438095
 30
0.0
 10
187.1552332187429
 20
6.366243162581261
 30
0.0
 10
187.0899625310441
 20
6.427597609018171
 30
0.0
 10
187.0612434284565
 20
6.430208436526126
 30
0.0
 10
187.0103322920515
 20
6.464149194129524
 30
0.0
 10
186.9737807069401
 20
6.481119572931222
 30
0.0
 10
186.9307020530589
 20
6.483730400439176
 30
0.0
 10
186.8915396404396
 20
6.526809054320411
 30
0.0
 10
186.8902342266856
 20
6.567276880693694
 30
0.0
 10
186.8837071579157
 20
6.594690569527208
 30
0.0
 10
186.8745692616379
 20
6.63907463716242
 30
0.0
 10
186.8495935920688
 20
6.679542463535704
 30
0.0
 10
186.8249635389867
 20
6.781364736345896
 30
0.0
 10
186.7910227813833
 20
6.794418873885665
 30
0.0
 10
186.7609982650419
 20
6.802251356409524
 30
0.0
 10
186.7688307475657
 20
6.830970458997015
 30
0.0
 10
186.7753578163356
 20
6.859689561584506
 30
0.0
 10
186.8014660914152
 20
6.87013287161632
 30
0.0
 10
186.8249635389867
 20
6.862300389092459
 30
0.0
 10
186.8354068490186
 20
6.866216630354391
 30
0.0
 10
186.8178488216251
 20
6.889976171351382
 30
0.0
 10
186.8090573543567
 20
6.892906660440874
 30
0.0
 10
186.8014660914151
 20
6.915845739475946
 30
0.0
  0
SPLINE
  5
618
330
1F
100
AcDbEntity
  8
Layer 01
100
AcDbSpline
210
0.0
220
0.0
230
1.0
 70
     8
 71
     3
 72
    16
 73
    12
 74
     0
 42
0.0000000001
 43
0.0000000001
 40
0.0
 40
0.0
 40
0.0
 40
0.0
 40
0.0309482740069339
 40
0.0618965480138677
 40
0.0928448220208016
 40
0.1237930960277355
 40
0.1547413700346693
 40
0.1856896440416032
 40
0.216637918048537
 40
0.2475861920554709
 40
0.2785344660624048
 40
0.2785344660624048
 40
0.2785344660624048
 40
0.2785344660624048
 10
187.5539743703901
 20
6.438906658970827
 30
0.0
 10
187.5433435990212
 20
6.410505226019943
 30
0.0
 10
187.5364060951129
 20
6.396630218203398
 30
0.0
 10
187.5350185943312
 20
6.374430205696928
 30
0.0
 10
187.535712344722
 20
6.355005194753767
 30
0.0
 10
187.5294685912046
 20
6.323786427166542
 30
0.0
 10
187.5218373369055
 20
6.291873909188491
 30
0.0
 10
187.539874847067
 20
6.248861384957204
 30
0.0
 10
187.544037349412
 20
6.241230130658105
 30
0.0
 10
187.5606873587918
 20
6.230823874795696
 30
0.0
 10
187.5835811216891
 20
6.231517625186525
 30
0.0
 10
187.6054127119764
 20
6.213208270398386
 30
0.0
  0
POLYLINE
  5
619
330
1F
100
AcDbEntity
  8
Default
100
AcDb2dPolyline
 66
     1
 10
0.0
 20
0.0
 30
0.0
 70
     1
  0
VERTEX
  5
61A
330
619
100
AcDbEntity
  8
Default
100
AcDbVertex
100
AcDb2dVertex
 10
184.6690443347873
 20
0.1444175838379955
 30
0.0
  0
VERTEX
  5
61B
330
619
100
AcDbEntity
  8
Default
100
AcDbVertex
100
AcDb2dVertex
 10
189.0301428493503
 20
0.1444175838379955
 30
0.0
  0
VERTEX
  5
61C
330
619
100
AcDbEntity
  8
Default
100
AcDbVertex
100
AcDb2dVertex
 10
189.0301428493503
 20
3.233471186058356
 30
0.0
  0
VERTEX
  5
61D
330
619
100
AcDbEntity
  8
Default
100
AcDbVertex
100
AcDb2dVertex
 10
184.6690443347873
 20
3.233471186058356
 30
0.0
  0
SEQEND
  5
61E
330
619
100
AcDbEntity
  8
Default
  0
POLYLINE
  5
61F
330
1F
100
AcDbEntity
  8
Default
100
AcDb2dPolyline
 66
     1
 10
0.0
 20
0.0
 30
0.0
  0
VERTEX
  5
620
330
61F
100
AcDbEntity
  8
Default
100
AcDbVertex
100
AcDb2dVertex
 10
185.8863467262525
 20
1.688944384948179
 30
0.0
  0
VERTEX
  5
621
330
61F
100
AcDbEntity
  8
Default
100
AcDbVertex
100
AcDb2dVertex
 10
187.8128404578851
 20
1.688944384948176
 30
0.0
  0
SEQEND
  5
622
330
61F
100
AcDbEntity
  8
Default
  0
POLYLINE
  5
623
330
1F
100
AcDbEntity
  8
Default
100
AcDb2dPolyline
 66
     1
 10
0.0
 20
0.0
 30
0.0
  0
VERTEX
  5
624
330
623
100
AcDbEntity
  8
Default
100
AcDbVertex
100
AcDb2dVertex
 10
186.8495935920688
 20
0.7256975191318844
 30
0.0
  0
VERTEX
  5
625
330
623
100
AcDbEntity
  8
Default
100
AcDbVertex
100
AcDb2dVertex
 10
186.8495935920688
 20
2.652191250764474
 30
0.0
  0
SEQEND
  5
626
330
623
100
AcDbEntity
  8
Default
  0
POLYLINE
  5
627
330
1F
100
AcDbEntity
  8
Layer 01
100
AcDb2dPolyline
 66
     1
 10
0.0
 20
0.0
 30
0.0
  0
VERTEX
  5
628
330
627
100
AcDbEntity
  8
Layer 01
100
AcDbVertex
100
AcDb2dVertex
 10
186.8495935920688
 20
1.943528322279994
 30
0.0
  0
VERTEX
  5
629
330
627
100
AcDbEntity
  8
Layer 01
100
AcDbVertex
100
AcDb2dVertex
 10
186.8495935920688
 20
0.7326935902681679
 30
0.0
  0
SEQEND
  5
62A
330
627
100
AcDbEntity
  8
Layer 01
  0
CIRCLE
  5
62B
330
1F
100
AcDbEntity
  8
Layer 01
100
AcDbCircle
 10
186.8495935920688
 20
1.943528322279994
 30
0.0
 40
0.5062211830772358
  0
ARC
  5
62C
330
1F
100
AcDbEntity
  8
Layer 01
100
AcDbCircle
 10
186.8495935920688
 20
1.943528322279994
 30
0.0
 40
0.711754568924166
100
AcDbArc
 50
226.5890215429686
 51
227.7249193787767
  0
ARC
  5
62D
330
1F
100
AcDbEntity
  8
Layer 01
100
AcDbCircle
 10
186.8495935920688
 20
1.943528322279994
 30
0.0
 40
0.711754568924166
100
AcDbArc
 50
312.2751818893072
 51
313.4109784570313
  0
SPLINE
  5
62E
330
1F
100
AcDbEntity
  8
Layer 01
100
AcDbSpline
210
0.0
220
0.0
230
1.0
 70
     8
 71
     2
 72
     6
 73
     3
 74
     0
 42
0.0000000001
 43
0.0000000001
 40
-1.391498680572906
 40
-1.391498680572906
 40
-1.391498680572906
 40
0.0
 40
0.0
 40
0.0
 10
186.3604568361263
 20
1.426479194662047
 30
0.0
 10
186.6652600062958
 20
1.145998729609655
 30
0.0
 10
186.7859626459452
 20
0.7787378649348025
 30
0.0
  0
ARC
  5
62F
330
1F
100
AcDbEntity
  8
Layer 01
100
AcDbCircle
 10
186.8495935920688
 20
0.7996831625746452
 30
0.0
 40
0.0669895723064744
100
AcDbArc
 50
198.2199120969788
 51
341.7800879030169
  0
SPLINE
  5
630
330
1F
100
AcDbEntity
  8
Layer 01
100
AcDbSpline
210
0.0
220
0.0
230
1.0
 70
     8
 71
     2
 72
     6
 73
     3
 74
     0
 42
0.0000000001
 43
0.0000000001
 40
0.0
 40
0.0
 40
0.0
 40
1.391498680572906
 40
1.391498680572906
 40
1.391498680572906
 10
186.9132245381924
 20
0.7787378649347971
 30
0.0
 10
187.0339271778418
 20
1.145998729609655
 30
0.0
 10
187.3387303480113
 20
1.426479194662045
 30
0.0
  0
ARC
  5
631
330
1F
100
AcDbEntity
  8
Layer 01
100
AcDbCircle
 10
186.8495935920688
 20
1.943528322279994
 30
0.0
 40
0.711754568924166
100
AcDbArc
 50
313.4109784570313
 51
226.5890215429686
  0
POLYLINE
  5
632
330
1F
100
AcDbEntity
  8
Default
100
AcDb2dPolyline
 66
     1
 10
0.0
 20
0.0
 30
-24.11869900116554
 70
     1
  0
VERTEX
  5
633
330
632
100
AcDbEntity
  8
Default
100
AcDbVertex
100
AcDb2dVertex
 10
163.3848705034846
 20
-65.58572903754076
 30
-24.11869900116554
  0
VERTEX
  5
634
330
632
100
AcDbEntity
  8
Default
100
AcDbVertex
100
AcDb2dVertex
 10
251.4631088144792
 20
-65.58572903754076
 30
-24.11869900116554
  0
VERTEX
  5
635
330
632
100
AcDbEntity
  8
Default
100
AcDbVertex
100
AcDb2dVertex
 10
251.4631088144792
 20
-10.24600572138748
 30
-24.11869900116554
  0
VERTEX
  5
636
330
632
100
AcDbEntity
  8
Default
100
AcDbVertex
100
AcDb2dVertex
 10
163.3848705034846
 20
-10.24600572138748
 30
-24.11869900116554
  0
SEQEND
  5
637
330
632
100
AcDbEntity
  8
Default
  0
POLYLINE
  5
638
330
1F
100
AcDbEntity
  8
Default
100
AcDb2dPolyline
 66
     1
 10
0.0
 20
0.0
 30
0.0
 70
     1
  0
VERTEX
  5
639
330
638
100
AcDbEntity
  8
Default
100
AcDbVertex
100
AcDb2dVertex
 10
178.8970904194159
 20
13.55657119555273
 30
0.0
  0
VERTEX
  5
63A
330
638
100
AcDbEntity
  8
Default
100
AcDbVertex
100
AcDb2dVertex
 10
183.258188933979
 20
13.55657119555273
 30
0.0
  0
VERTEX
  5
63B
330
638
100
AcDbEntity
  8
Default
100
AcDbVertex
100
AcDb2dVertex
 10
183.258188933979
 20
16.6456247977731
 30
0.0
  0
VERTEX
  5
63C
330
638
100
AcDbEntity
  8
Default
100
AcDbVertex
100
AcDb2dVertex
 10
178.8970904194159
 20
16.6456247977731
 30
0.0
  0
SEQEND
  5
63D
330
638
100
AcDbEntity
  8
Default
  0
POLYLINE
  5
63E
330
1F
100
AcDbEntity
  8
Default
100
AcDb2dPolyline
 66
     1
 10
0.0
 20
0.0
 30
0.0
  0
VERTEX
  5
63F
330
63E
100
AcDbEntity
  8
Default
100
AcDbVertex
100
AcDb2dVertex
 10
180.1143928108812
 20
15.10109799666292
 30
0.0
  0
VERTEX
  5
640
330
63E
100
AcDbEntity
  8
Default
100
AcDbVertex
100
AcDb2dVertex
 10
182.0408865425138
 20
15.10109799666292
 30
0.0
  0
SEQEND
  5
641
330
63E
100
AcDbEntity
  8
Default
  0
POLYLINE
  5
642
330
1F
100
AcDbEntity
  8
Default
100
AcDb2dPolyline
 66
     1
 10
0.0
 20
0.0
 30
0.0
  0
VERTEX
  5
643
330
642
100
AcDbEntity
  8
Default
100
AcDbVertex
100
AcDb2dVertex
 10
181.0776396766975
 20
14.13785113084662
 30
0.0
  0
VERTEX
  5
644
330
642
100
AcDbEntity
  8
Default
100
AcDbVertex
100
AcDb2dVertex
 10
181.0776396766975
 20
16.06434486247921
 30
0.0
  0
SEQEND
  5
645
330
642
100
AcDbEntity
  8
Default
  0
CIRCLE
  5
646
330
1F
100
AcDbEntity
  8
Layer 01
100
AcDbCircle
 10
181.5335997301287
 20
14.7944878793911
 30
0.0
 40
0.4911050619024837
  0
POLYLINE
  5
647
330
1F
100
AcDbEntity
  8
Layer 01
100
AcDb2dPolyline
 66
     1
 10
0.0
 20
0.0
 30
0.0
 70
     1
  0
VERTEX
  5
648
330
647
100
AcDbEntity
  8
Layer 01
100
AcDbVertex
100
AcDb2dVertex
 10
181.2701407983761
 20
16.00547454814891
 30
0.0
  0
VERTEX
  5
649
330
647
100
AcDbEntity
  8
Layer 01
100
AcDbVertex
100
AcDb2dVertex
 10
180.094418386942
 20
15.77834924057528
 30
0.0
  0
VERTEX
  5
64A
330
647
100
AcDbEntity
  8
Layer 01
100
AcDbVertex
100
AcDb2dVertex
 10
180.8789758788602
 20
14.87370641826149
 30
0.0
  0
SEQEND
  5
64B
330
647
100
AcDbEntity
  8
Layer 01
  0
POLYLINE
  5
64C
330
1F
100
AcDbEntity
  8
Layer 01
100
AcDb2dPolyline
 66
     1
 10
0.0
 20
0.0
 30
0.0
 70
     1
  0
VERTEX
  5
64D
330
64C
100
AcDbEntity
  8
Layer 01
100
AcDbVertex
100
AcDb2dVertex
 10
180.3873222726786
 20
14.22134915066603
 30
0.0
  0
VERTEX
  5
64E
330
64C
100
AcDbEntity
  8
Layer 01
100
AcDbVertex
100
AcDb2dVertex
 10
180.88188553053
 20
14.22134915066603
 30
0.0
  0
VERTEX
  5
64F
330
64C
100
AcDbEntity
  8
Layer 01
100
AcDbVertex
100
AcDb2dVertex
 10
180.88188553053
 20
14.7159124085175
 30
0.0
  0
VERTEX
  5
650
330
64C
100
AcDbEntity
  8
Layer 01
100
AcDbVertex
100
AcDb2dVertex
 10
180.3873222726786
 20
14.7159124085175
 30
0.0
  0
SEQEND
  5
651
330
64C
100
AcDbEntity
  8
Layer 01
  0
POLYLINE
  5
652
330
1F
100
AcDbEntity
  8
Default
100
AcDb2dPolyline
 66
     1
 10
0.0
 20
0.0
 30
0.0
 70
     1
  0
VERTEX
  5
653
330
652
100
AcDbEntity
  8
Default
100
AcDbVertex
100
AcDb2dVertex
 10
178.8970904194159
 20
9.085853324981155
 30
0.0
  0
VERTEX
  5
654
330
652
100
AcDbEntity
  8
Default
100
AcDbVertex
100
AcDb2dVertex
 10
183.258188933979
 20
9.085853324981155
 30
0.0
  0
VERTEX
  5
655
330
652
100
AcDbEntity
  8
Default
100
AcDbVertex
100
AcDb2dVertex
 10
183.258188933979
 20
12.17490692720152
 30
0.0
  0
VERTEX
  5
656
330
652
100
AcDbEntity
  8
Default
100
AcDbVertex
100
AcDb2dVertex
 10
178.8970904194159
 20
12.17490692720152
 30
0.0
  0
SEQEND
  5
657
330
652
100
AcDbEntity
  8
Default
  0
POLYLINE
  5
658
330
1F
100
AcDbEntity
  8
Default
100
AcDb2dPolyline
 66
     1
 10
0.0
 20
0.0
 30
0.0
  0
VERTEX
  5
659
330
658
100
AcDbEntity
  8
Default
100
AcDbVertex
100
AcDb2dVertex
 10
180.1143928108812
 20
10.63038012609134
 30
0.0
  0
VERTEX
  5
65A
330
658
100
AcDbEntity
  8
Default
100
AcDbVertex
100
AcDb2dVertex
 10
182.0408865425138
 20
10.63038012609134
 30
0.0
  0
SEQEND
  5
65B
330
658
100
AcDbEntity
  8
Default
  0
POLYLINE
  5
65C
330
1F
100
AcDbEntity
  8
Default
100
AcDb2dPolyline
 66
     1
 10
0.0
 20
0.0
 30
0.0
  0
VERTEX
  5
65D
330
65C
100
AcDbEntity
  8
Default
100
AcDbVertex
100
AcDb2dVertex
 10
181.0776396766975
 20
9.667133260275044
 30
0.0
  0
VERTEX
  5
65E
330
65C
100
AcDbEntity
  8
Default
100
AcDbVertex
100
AcDb2dVertex
 10
181.0776396766975
 20
11.59362699190763
 30
0.0
  0
SEQEND
  5
65F
330
65C
100
AcDbEntity
  8
Default
  0
POLYLINE
  5
660
330
1F
100
AcDbEntity
  8
Layer 01
100
AcDb2dPolyline
 66
     1
 10
0.0
 20
0.0
 30
0.0
 70
     1
  0
VERTEX
  5
661
330
660
100
AcDbEntity
  8
Layer 01
100
AcDbVertex
100
AcDb2dVertex
 10
180.9595928213811
 20
15.73614975394092
 30
0.0
  0
VERTEX
  5
662
330
660
100
AcDbEntity
  8
Layer 01
100
AcDbVertex
100
AcDb2dVertex
 10
180.4829344890926
 20
15.6440692005078
 30
0.0
  0
VERTEX
  5
663
330
660
100
AcDbEntity
  8
Layer 01
100
AcDbVertex
100
AcDb2dVertex
 10
180.8010077537045
 20
15.27731125253695
 30
0.0
  0
SEQEND
  5
664
330
660
100
AcDbEntity
  8
Layer 01
  0
CIRCLE
  5
665
330
1F
100
AcDbEntity
  8
Layer 01
100
AcDbCircle
 10
181.5335997301287
 20
14.7944878793911
 30
0.0
 40
0.2855716760555536
  0
POLYLINE
  5
666
330
1F
100
AcDbEntity
  8
Layer 01
100
AcDb2dPolyline
 66
     1
 10
0.0
 20
0.0
 30
0.0
 70
     1
  0
VERTEX
  5
667
330
666
100
AcDbEntity
  8
Layer 01
100
AcDbVertex
100
AcDb2dVertex
 10
180.5928556585255
 20
14.42688253651296
 30
0.0
  0
VERTEX
  5
668
330
666
100
AcDbEntity
  8
Layer 01
100
AcDbVertex
100
AcDb2dVertex
 10
180.6763521446831
 20
14.42688253651296
 30
0.0
  0
VERTEX
  5
669
330
666
100
AcDbEntity
  8
Layer 01
100
AcDbVertex
100
AcDb2dVertex
 10
180.6763521446831
 20
14.51037902267057
 30
0.0
  0
VERTEX
  5
66A
330
666
100
AcDbEntity
  8
Layer 01
100
AcDbVertex
100
AcDb2dVertex
 10
180.5928556585255
 20
14.51037902267057
 30
0.0
  0
SEQEND
  5
66B
330
666
100
AcDbEntity
  8
Layer 01
  0
POLYLINE
  5
66C
330
1F
100
AcDbEntity
  8
Layer 01
100
AcDb2dPolyline
 66
     1
 10
0.0
 20
0.0
 30
0.0
 70
     1
  0
VERTEX
  5
66D
330
66C
100
AcDbEntity
  8
Layer 01
100
AcDbVertex
100
AcDb2dVertex
 10
180.4110864642335
 20
9.77467466689181
 30
0.0
  0
VERTEX
  5
66E
330
66C
100
AcDbEntity
  8
Layer 01
100
AcDbVertex
100
AcDb2dVertex
 10
181.7441928891614
 20
9.77467466689181
 30
0.0
  0
VERTEX
  5
66F
330
66C
100
AcDbEntity
  8
Layer 01
100
AcDbVertex
100
AcDb2dVertex
 10
181.7441928891614
 20
11.48608558529087
 30
0.0
  0
VERTEX
  5
670
330
66C
100
AcDbEntity
  8
Layer 01
100
AcDbVertex
100
AcDb2dVertex
 10
180.4110864642335
 20
11.48608558529087
 30
0.0
  0
SEQEND
  5
671
330
66C
100
AcDbEntity
  8
Layer 01
  0
POLYLINE
  5
672
330
1F
100
AcDbEntity
  8
Layer 01
100
AcDb2dPolyline
 66
     1
 10
0.0
 20
0.0
 30
0.0
 70
     1
  0
VERTEX
  5
673
330
672
100
AcDbEntity
  8
Layer 01
100
AcDbVertex
100
AcDb2dVertex
 10
180.507248200336
 20
10.23664682977483
 30
0.0
  0
VERTEX
  5
674
330
672
100
AcDbEntity
  8
Layer 01
100
AcDbVertex
100
AcDb2dVertex
 10
181.6480311530589
 20
10.23664682977483
 30
0.0
  0
VERTEX
  5
675
330
672
100
AcDbEntity
  8
Layer 01
100
AcDbVertex
100
AcDb2dVertex
 10
181.6480311530589
 20
11.37742978249779
 30
0.0
  0
VERTEX
  5
676
330
672
100
AcDbEntity
  8
Layer 01
100
AcDbVertex
100
AcDb2dVertex
 10
180.507248200336
 20
11.37742978249779
 30
0.0
  0
SEQEND
  5
677
330
672
100
AcDbEntity
  8
Layer 01
  0
CIRCLE
  5
678
330
1F
100
AcDbEntity
  8
Layer 01
100
AcDbCircle
 10
180.8502955040976
 20
11.05553494820549
 30
0.0
 40
0.1805088494681975
  0
POLYLINE
  5
679
330
1F
100
AcDbEntity
  8
Layer 01
100
AcDb2dPolyline
 66
     1
 10
0.0
 20
0.0
 30
0.0
 70
     1
  0
VERTEX
  5
67A
330
679
100
AcDbEntity
  8
Layer 01
100
AcDbVertex
100
AcDb2dVertex
 10
181.2388379413125
 20
10.79558336977939
 30
0.0
  0
VERTEX
  5
67B
330
679
100
AcDbEntity
  8
Layer 01
100
AcDbVertex
100
AcDb2dVertex
 10
180.8482757022638
 20
10.3657192701974
 30
0.0
  0
VERTEX
  5
67C
330
679
100
AcDbEntity
  8
Layer 01
100
AcDbVertex
100
AcDb2dVertex
 10
181.5738251625124
 20
10.3657192701974
 30
0.0
  0
VERTEX
  5
67D
330
679
100
AcDbEntity
  8
Layer 01
100
AcDbVertex
100
AcDb2dVertex
 10
181.5738251625124
 20
10.42688674267262
 30
0.0
  0
SEQEND
  5
67E
330
679
100
AcDbEntity
  8
Layer 01
  0
POLYLINE
  5
67F
330
1F
100
AcDbEntity
  8
Default
100
AcDb2dPolyline
 66
     1
 10
0.0
 20
0.0
 30
0.0
 70
     1
  0
VERTEX
  5
680
330
67F
100
AcDbEntity
  8
Default
100
AcDbVertex
100
AcDb2dVertex
 10
178.8970904194159
 20
4.615135454409575
 30
0.0
  0
VERTEX
  5
681
330
67F
100
AcDbEntity
  8
Default
100
AcDbVertex
100
AcDb2dVertex
 10
183.258188933979
 20
4.615135454409575
 30
0.0
  0
VERTEX
  5
682
330
67F
100
AcDbEntity
  8
Default
100
AcDbVertex
100
AcDb2dVertex
 10
183.258188933979
 20
7.704189056629936
 30
0.0
  0
VERTEX
  5
683
330
67F
100
AcDbEntity
  8
Default
100
AcDbVertex
100
AcDb2dVertex
 10
178.8970904194159
 20
7.704189056629936
 30
0.0
  0
SEQEND
  5
684
330
67F
100
AcDbEntity
  8
Default
  0
POLYLINE
  5
685
330
1F
100
AcDbEntity
  8
Default
100
AcDb2dPolyline
 66
     1
 10
0.0
 20
0.0
 30
0.0
  0
VERTEX
  5
686
330
685
100
AcDbEntity
  8
Default
100
AcDbVertex
100
AcDb2dVertex
 10
180.1143928108812
 20
6.159662255519759
 30
0.0
  0
VERTEX
  5
687
330
685
100
AcDbEntity
  8
Default
100
AcDbVertex
100
AcDb2dVertex
 10
182.0408865425138
 20
6.159662255519756
 30
0.0
  0
SEQEND
  5
688
330
685
100
AcDbEntity
  8
Default
  0
POLYLINE
  5
689
330
1F
100
AcDbEntity
  8
Default
100
AcDb2dPolyline
 66
     1
 10
0.0
 20
0.0
 30
0.0
  0
VERTEX
  5
68A
330
689
100
AcDbEntity
  8
Default
100
AcDbVertex
100
AcDb2dVertex
 10
181.0776396766975
 20
5.196415389703464
 30
0.0
  0
VERTEX
  5
68B
330
689
100
AcDbEntity
  8
Default
100
AcDbVertex
100
AcDb2dVertex
 10
181.0776396766975
 20
7.122909121336054
 30
0.0
  0
SEQEND
  5
68C
330
689
100
AcDbEntity
  8
Default
  0
SPLINE
  5
68D
330
1F
100
AcDbEntity
  8
Layer 01
100
AcDbSpline
210
0.0
220
0.0
230
1.0
 70
    24
 71
     1
 72
     4
 73
     2
 74
     0
 42
0.0000000001
 43
0.0000000001
 40
0.0
 40
0.0
 40
0.5089639556837823
 40
0.5089639556837823
 10
181.4832532468471
 20
5.591164417447878
 30
0.0
 10
181.0776396766975
 20
5.283720211297002
 30
0.0
  0
SPLINE
  5
68E
330
1F
100
AcDbEntity
  8
Layer 01
100
AcDbSpline
210
0.0
220
0.0
230
1.0
 70
    24
 71
     1
 72
     4
 73
     2
 74
     0
 42
0.0000000001
 43
0.0000000001
 40
0.0
 40
0.0
 40
0.2306647569740492
 40
0.2306647569740492
 10
181.2627887140794
 20
5.52332917659626
 30
0.0
 10
181.4832532468471
 20
5.591164417447878
 30
0.0
  0
SPLINE
  5
68F
330
1F
100
AcDbEntity
  8
Layer 01
100
AcDbSpline
210
0.0
220
0.0
230
1.0
 70
    24
 71
     1
 72
     4
 73
     2
 74
     0
 42
0.0000000001
 43
0.0000000001
 40
0.0
 40
0.0
 40
0.2306647569740492
 40
0.2306647569740492
 10
181.8131405562511
 20
6.159662255519756
 30
0.0
 10
181.9013849191532
 20
6.372779975397528
 30
0.0
  0
SPLINE
  5
690
330
1F
100
AcDbEntity
  8
Layer 01
100
AcDbSpline
210
0.0
220
0.0
230
1.0
 70
     8
 71
     2
 72
     6
 73
     3
 74
     0
 42
0.0000000001
 43
0.0000000001
 40
0.0
 40
0.0
 40
0.0
 40
0.2330799615414944
 40
0.2330799615414944
 40
0.2330799615414944
 10
181.2627887140794
 20
6.863566717998026
 30
0.0
 10
181.1879109124233
 20
6.960907860150849
 30
0.0
 10
181.0776396766975
 20
6.960907860150849
 30
0.0
  0
SPLINE
  5
691
330
1F
100
AcDbEntity
  8
Layer 01
100
AcDbSpline
210
0.0
220
0.0
230
1.0
 70
    24
 71
     1
 72
     4
 73
     2
 74
     0
 42
0.0000000001
 43
0.0000000001
 40
0.0
 40
0.0
 40
0.5089639556837823
 40
0.5089639556837823
 10
181.4832532468471
 20
6.695536883633184
 30
0.0
 10
181.0776396766975
 20
6.388092677482311
 30
0.0
  0
SPLINE
  5
692
330
1F
100
AcDbEntity
  8
Layer 01
100
AcDbSpline
210
0.0
220
0.0
230
1.0
 70
    24
 71
     1
 72
     4
 73
     2
 74
     0
 42
0.0000000001
 43
0.0000000001
 40
0.0
 40
0.0
 40
0.2306647569740492
 40
0.2306647569740492
 10
181.2627887140794
 20
6.627701642781569
 30
0.0
 10
181.4832532468471
 20
6.695536883633184
 30
0.0
  0
SPLINE
  5
693
330
1F
100
AcDbEntity
  8
Layer 01
100
AcDbSpline
210
0.0
220
0.0
230
1.0
 70
     8
 71
     2
 72
     6
 73
     3
 74
     0
 42
0.0000000001
 43
0.0000000001
 40
0.0
 40
0.0
 40
0.0
 40
0.2435697294960817
 40
0.2435697294960817
 40
0.2435697294960817
 10
181.2627887140794
 20
6.863566717998026
 30
0.0
 10
181.2328375934169
 20
6.725042784934392
 30
0.0
 10
181.2627887140794
 20
6.627701642781569
 30
0.0
  0
SPLINE
  5
694
330
1F
100
AcDbEntity
  8
Layer 01
100
AcDbSpline
210
0.0
220
0.0
230
1.0
 70
     8
 71
     3
 72
     8
 73
     4
 74
     0
 42
0.0000000001
 43
0.0000000001
 40
0.0
 40
0.0
 40
0.0
 40
0.0
 40
0.4142797504932109
 40
0.4142797504932109
 40
0.4142797504932109
 40
0.4142797504932109
 10
181.6702634029738
 20
6.011912156470437
 30
0.0
 10
181.5694221165455
 20
6.109427596598065
 30
0.0
 10
181.4699015644227
 20
6.178022461765056
 30
0.0
 10
181.3722578865296
 20
6.22224125213356
 30
0.0
  0
SPLINE
  5
695
330
1F
100
AcDbEntity
  8
Layer 01
100
AcDbSpline
210
0.0
220
0.0
230
1.0
 70
     8
 71
     3
 72
     8
 73
     4
 74
     0
 42
0.0000000001
 43
0.0000000001
 40
0.4142797504932109
 40
0.4142797504932109
 40
0.4142797504932109
 40
0.4142797504932109
 40
0.6723055023210508
 40
0.6723055023210508
 40
0.6723055023210508
 40
0.6723055023210508
 10
181.3722578865296
 20
6.22224125213356
 30
0.0
 10
181.311442499416
 20
6.249782030113094
 30
0.0
 10
181.2513436602659
 20
6.268217630165662
 30
0.0
 10
181.1902148747357
 20
6.278206470589273
 30
0.0
  0
SPLINE
  5
696
330
1F
100
AcDbEntity
  8
Layer 01
100
AcDbSpline
210
0.0
220
0.0
230
1.0
 70
     8
 71
     2
 72
     6
 73
     3
 74
     0
 42
0.0000000001
 43
0.0000000001
 40
0.0444733539643856
 40
0.0444733539643856
 40
0.0444733539643856
 40
0.203277365375759
 40
0.203277365375759
 40
0.203277365375759
 10
181.2027594067055
 20
6.445336786913668
 30
0.0
 10
181.1938048578817
 20
6.360979699087049
 30
0.0
 10
181.1902148747357
 20
6.278206470589272
 30
0.0
  0
SPLINE
  5
697
330
1F
100
AcDbEntity
  8
Layer 01
100
AcDbSpline
210
0.0
220
0.0
230
1.0
 70
     8
 71
     2
 72
     6
 73
     3
 74
     0
 42
0.0000000001
 43
0.0000000001
 40
0.0
 40
0.0
 40
0.0
 40
0.6818821636751013
 40
0.6818821636751013
 40
0.6818821636751013
 10
181.8131405562511
 20
6.159662255519759
 30
0.0
 10
181.5432436060333
 20
6.420657734869401
 30
0.0
 10
181.244718462804
 20
6.477140625942801
 30
0.0
  0
LINE
  5
698
330
1F
100
AcDbEntity
  8
Layer 01
100
AcDbLine
 10
181.244718462804
 20
6.477140625942801
 30
0.0
 11
181.2027594067055
 21
6.445336786913669
 31
0.0
  0
SPLINE
  5
699
330
1F
100
AcDbEntity
  8
Layer 01
100
AcDbSpline
210
0.0
220
0.0
230
1.0
 70
     8
 71
     2
 72
     6
 73
     3
 74
     0
 42
0.0000000001
 43
0.0000000001
 40
0.4134164951498865
 40
0.4134164951498865
 40
0.4134164951498865
 40
1.390568902651487
 40
1.390568902651487
 40
1.390568902651487
 10
181.1854287008666
 20
6.450997221635597
 30
0.0
 10
181.1326845334959
 20
5.970480266238337
 30
0.0
 10
181.2627887140794
 20
5.52332917659626
 30
0.0
  0
SPLINE
  5
69A
330
1F
100
AcDbEntity
  8
Layer 01
100
AcDbSpline
210
0.0
220
0.0
230
1.0
 70
    24
 71
     1
 72
     4
 73
     2
 74
     0
 42
0.0000000001
 43
0.0000000001
 40
0.0
 40
0.0
 40
0.2306647569740492
 40
0.2306647569740492
 10
181.6702634029738
 20
6.011912156470437
 30
0.0
 10
181.4702771529832
 20
5.896969866930938
 30
0.0
  0
POLYLINE
  5
69B
330
1F
100
AcDbEntity
  8
Layer 01
100
AcDb2dPolyline
 66
     1
 10
0.0
 20
0.0
 30
0.0
  0
VERTEX
  5
69C
330
69B
100
AcDbEntity
  8
Layer 01
100
AcDbVertex
100
AcDb2dVertex
 10
181.4702771529832
 20
5.896969866930938
 30
0.0
  0
VERTEX
  5
69D
330
69B
100
AcDbEntity
  8
Layer 01
100
AcDbVertex
100
AcDb2dVertex
 10
181.884206443393
 20
5.968689266542268
 30
0.0
  0
SEQEND
  5
69E
330
69B
100
AcDbEntity
  8
Layer 01
  0
POLYLINE
  5
69F
330
1F
100
AcDbEntity
  8
Layer 01
100
AcDb2dPolyline
 66
     1
 10
0.0
 20
0.0
 30
0.0
  0
VERTEX
  5
6A0
330
69F
100
AcDbEntity
  8
Layer 01
100
AcDbVertex
100
AcDb2dVertex
 10
181.9013849191532
 20
6.372779975397528
 30
0.0
  0
VERTEX
  5
6A1
330
69F
100
AcDbEntity
  8
Layer 01
100
AcDbVertex
100
AcDb2dVertex
 10
181.884206443393
 20
5.968689266542268
 30
0.0
  0
SEQEND
  5
6A2
330
69F
100
AcDbEntity
  8
Layer 01
  0
POLYLINE
  5
6A3
330
1F
100
AcDbEntity
  8
Layer 01
100
AcDb2dPolyline
 66
     1
 10
0.0
 20
0.0
 30
0.0
  0
VERTEX
  5
6A4
330
6A3
100
AcDbEntity
  8
Layer 01
100
AcDbVertex
100
AcDb2dVertex
 10
181.1854287008666
 20
6.450997221635596
 30
0.0
  0
VERTEX
  5
6A5
330
6A3
100
AcDbEntity
  8
Layer 01
100
AcDbVertex
100
AcDb2dVertex
 10
181.0776396766975
 20
6.369296032606741
 30
0.0
  0
SEQEND
  5
6A6
330
6A3
100
AcDbEntity
  8
Layer 01
  0
SPLINE
  5
6A7
330
1F
100
AcDbEntity
  8
Layer 01
100
AcDbSpline
210
0.0
220
0.0
230
1.0
 70
    24
 71
     1
 72
     4
 73
     2
 74
     0
 42
0.0000000001
 43
0.0000000001
 40
0.0
 40
0.0
 40
0.5089639556837823
 40
0.5089639556837823
 10
180.6720261065478
 20
5.591164417447882
 30
0.0
 10
181.0776396766975
 20
5.283720211297002
 30
0.0
  0
SPLINE
  5
6A8
330
1F
100
AcDbEntity
  8
Layer 01
100
AcDbSpline
210
0.0
220
0.0
230
1.0
 70
    24
 71
     1
 72
     4
 73
     2
 74
     0
 42
0.0000000001
 43
0.0000000001
 40
0.0
 40
0.0
 40
0.2306647569740492
 40
0.2306647569740492
 10
180.8924906393156
 20
5.523329176596262
 30
0.0
 10
180.6720261065478
 20
5.591164417447882
 30
0.0
  0
SPLINE
  5
6A9
330
1F
100
AcDbEntity
  8
Layer 01
100
AcDbSpline
210
0.0
220
0.0
230
1.0
 70
    24
 71
     1
 72
     4
 73
     2
 74
     0
 42
0.0000000001
 43
0.0000000001
 40
0.0
 40
0.0
 40
0.2306647569740492
 40
0.2306647569740492
 10
180.3421387971438
 20
6.159662255519763
 30
0.0
 10
180.2538944342417
 20
6.372779975397536
 30
0.0
  0
SPLINE
  5
6AA
330
1F
100
AcDbEntity
  8
Layer 01
100
AcDbSpline
210
0.0
220
0.0
230
1.0
 70
     8
 71
     2
 72
     6
 73
     3
 74
     0
 42
0.0000000001
 43
0.0000000001
 40
0.0
 40
0.0
 40
0.0
 40
0.2330799615414944
 40
0.2330799615414944
 40
0.2330799615414944
 10
180.8924906393156
 20
6.863566717998028
 30
0.0
 10
180.9673684409716
 20
6.96090786015085
 30
0.0
 10
181.0776396766975
 20
6.960907860150849
 30
0.0
  0
SPLINE
  5
6AB
330
1F
100
AcDbEntity
  8
Layer 01
100
AcDbSpline
210
0.0
220
0.0
230
1.0
 70
    24
 71
     1
 72
     4
 73
     2
 74
     0
 42
0.0000000001
 43
0.0000000001
 40
0.0
 40
0.0
 40
0.5089639556837823
 40
0.5089639556837823
 10
180.6720261065478
 20
6.695536883633188
 30
0.0
 10
181.0776396766975
 20
6.388092677482311
 30
0.0
  0
SPLINE
  5
6AC
330
1F
100
AcDbEntity
  8
Layer 01
100
AcDbSpline
210
0.0
220
0.0
230
1.0
 70
    24
 71
     1
 72
     4
 73
     2
 74
     0
 42
0.0000000001
 43
0.0000000001
 40
0.0
 40
0.0
 40
0.2306647569740492
 40
0.2306647569740492
 10
180.8924906393156
 20
6.627701642781571
 30
0.0
 10
180.6720261065478
 20
6.695536883633188
 30
0.0
  0
SPLINE
  5
6AD
330
1F
100
AcDbEntity
  8
Layer 01
100
AcDbSpline
210
0.0
220
0.0
230
1.0
 70
     8
 71
     2
 72
     6
 73
     3
 74
     0
 42
0.0000000001
 43
0.0000000001
 40
0.0
 40
0.0
 40
0.0
 40
0.2435697294960817
 40
0.2435697294960817
 40
0.2435697294960817
 10
180.8924906393156
 20
6.863566717998028
 30
0.0
 10
180.922441759978
 20
6.725042784934394
 30
0.0
 10
180.8924906393156
 20
6.627701642781571
 30
0.0
  0
SPLINE
  5
6AE
330
1F
100
AcDbEntity
  8
Layer 01
100
AcDbSpline
210
0.0
220
0.0
230
1.0
 70
     8
 71
     3
 72
     8
 73
     4
 74
     0
 42
0.0000000001
 43
0.0000000001
 40
0.0
 40
0.0
 40
0.0
 40
0.0
 40
0.4142797504932109
 40
0.4142797504932109
 40
0.4142797504932109
 40
0.4142797504932109
 10
180.4850159504211
 20
6.011912156470443
 30
0.0
 10
180.5858572368494
 20
6.10942759659807
 30
0.0
 10
180.6853777889722
 20
6.178022461765059
 30
0.0
 10
180.7830214668653
 20
6.222241252133562
 30
0.0
  0
SPLINE
  5
6AF
330
1F
100
AcDbEntity
  8
Layer 01
100
AcDbSpline
210
0.0
220
0.0
230
1.0
 70
     8
 71
     3
 72
     8
 73
     4
 74
     0
 42
0.0000000001
 43
0.0000000001
 40
0.4142797504932109
 40
0.4142797504932109
 40
0.4142797504932109
 40
0.4142797504932109
 40
0.6723055023210508
 40
0.6723055023210508
 40
0.6723055023210508
 40
0.6723055023210508
 10
180.7830214668653
 20
6.222241252133562
 30
0.0
 10
180.843836853979
 20
6.249782030113097
 30
0.0
 10
180.9039356931291
 20
6.268217630165664
 30
0.0
 10
180.9650644786592
 20
6.278206470589274
 30
0.0
  0
SPLINE
  5
6B0
330
1F
100
AcDbEntity
  8
Layer 01
100
AcDbSpline
210
0.0
220
0.0
230
1.0
 70
     8
 71
     2
 72
     6
 73
     3
 74
     0
 42
0.0000000001
 43
0.0000000001
 40
0.0444733539643856
 40
0.0444733539643856
 40
0.0444733539643856
 40
0.203277365375759
 40
0.203277365375759
 40
0.203277365375759
 10
180.9525199466894
 20
6.445336786913669
 30
0.0
 10
180.9614744955132
 20
6.36097969908705
 30
0.0
 10
180.9650644786592
 20
6.278206470589273
 30
0.0
  0
SPLINE
  5
6B1
330
1F
100
AcDbEntity
  8
Layer 01
100
AcDbSpline
210
0.0
220
0.0
230
1.0
 70
     8
 71
     2
 72
     6
 73
     3
 74
     0
 42
0.0000000001
 43
0.0000000001
 40
0.0
 40
0.0
 40
0.0
 40
0.6818821636751013
 40
0.6818821636751013
 40
0.6818821636751013
 10
180.3421387971438
 20
6.159662255519766
 30
0.0
 10
180.6120357473616
 20
6.420657734869406
 30
0.0
 10
180.9105608905909
 20
6.477140625942803
 30
0.0
  0
LINE
  5
6B2
330
1F
100
AcDbEntity
  8
Layer 01
100
AcDbLine
 10
180.9105608905909
 20
6.477140625942803
 30
0.0
 11
180.9525199466894
 21
6.44533678691367
 31
0.0
  0
SPLINE
  5
6B3
330
1F
100
AcDbEntity
  8
Layer 01
100
AcDbSpline
210
0.0
220
0.0
230
1.0
 70
     8
 71
     2
 72
     6
 73
     3
 74
     0
 42
0.0000000001
 43
0.0000000001
 40
0.4134164951498865
 40
0.4134164951498865
 40
0.4134164951498865
 40
1.390568902651487
 40
1.390568902651487
 40
1.390568902651487
 10
180.9698506525283
 20
6.450997221635598
 30
0.0
 10
181.022594819899
 20
5.970480266238338
 30
0.0
 10
180.8924906393156
 20
5.523329176596262
 30
0.0
  0
SPLINE
  5
6B4
330
1F
100
AcDbEntity
  8
Layer 01
100
AcDbSpline
210
0.0
220
0.0
230
1.0
 70
    24
 71
     1
 72
     4
 73
     2
 74
     0
 42
0.0000000001
 43
0.0000000001
 40
0.0
 40
0.0
 40
0.2306647569740492
 40
0.2306647569740492
 10
180.4850159504211
 20
6.011912156470443
 30
0.0
 10
180.6850022004117
 20
5.896969866930942
 30
0.0
  0
POLYLINE
  5
6B5
330
1F
100
AcDbEntity
  8
Layer 01
100
AcDb2dPolyline
 66
     1
 10
0.0
 20
0.0
 30
0.0
  0
VERTEX
  5
6B6
330
6B5
100
AcDbEntity
  8
Layer 01
100
AcDbVertex
100
AcDb2dVertex
 10
180.6850022004117
 20
5.896969866930942
 30
0.0
  0
VERTEX
  5
6B7
330
6B5
100
AcDbEntity
  8
Layer 01
100
AcDbVertex
100
AcDb2dVertex
 10
180.2710729100019
 20
5.968689266542276
 30
0.0
  0
SEQEND
  5
6B8
330
6B5
100
AcDbEntity
  8
Layer 01
  0
POLYLINE
  5
6B9
330
1F
100
AcDbEntity
  8
Layer 01
100
AcDb2dPolyline
 66
     1
 10
0.0
 20
0.0
 30
0.0
  0
VERTEX
  5
6BA
330
6B9
100
AcDbEntity
  8
Layer 01
100
AcDbVertex
100
AcDb2dVertex
 10
180.2538944342417
 20
6.372779975397536
 30
0.0
  0
VERTEX
  5
6BB
330
6B9
100
AcDbEntity
  8
Layer 01
100
AcDbVertex
100
AcDb2dVertex
 10
180.2710729100019
 20
5.968689266542276
 30
0.0
  0
SEQEND
  5
6BC
330
6B9
100
AcDbEntity
  8
Layer 01
  0
POLYLINE
  5
6BD
330
1F
100
AcDbEntity
  8
Layer 01
100
AcDb2dPolyline
 66
     1
 10
0.0
 20
0.0
 30
0.0
  0
VERTEX
  5
6BE
330
6BD
100
AcDbEntity
  8
Layer 01
100
AcDbVertex
100
AcDb2dVertex
 10
180.9698506525283
 20
6.450997221635597
 30
0.0
  0
VERTEX
  5
6BF
330
6BD
100
AcDbEntity
  8
Layer 01
100
AcDbVertex
100
AcDb2dVertex
 10
181.0776396766975
 20
6.369296032606741
 30
0.0
  0
SEQEND
  5
6C0
330
6BD
100
AcDbEntity
  8
Layer 01
  0
CIRCLE
  5
6C1
330
1F
100
AcDbEntity
  8
Layer 01
100
AcDbCircle
 10
181.0776396766975
 20
6.159662255519757
 30
0.0
 40
0.7573584524530732
  0
CIRCLE
  5
6C2
330
1F
100
AcDbEntity
  8
Layer 01
100
AcDbCircle
 10
181.0776396766975
 20
6.159662255519759
 30
0.0
 40
0.7423786603682418
  0
POLYLINE
  5
6C3
330
1F
100
AcDbEntity
  8
Default
100
AcDb2dPolyline
 66
     1
 10
0.0
 20
0.0
 30
0.0
 70
     1
  0
VERTEX
  5
6C4
330
6C3
100
AcDbEntity
  8
Default
100
AcDbVertex
100
AcDb2dVertex
 10
178.8970904194159
 20
0.1444175838379955
 30
0.0
  0
VERTEX
  5
6C5
330
6C3
100
AcDbEntity
  8
Default
100
AcDbVertex
100
AcDb2dVertex
 10
183.258188933979
 20
0.1444175838379955
 30
0.0
  0
VERTEX
  5
6C6
330
6C3
100
AcDbEntity
  8
Default
100
AcDbVertex
100
AcDb2dVertex
 10
183.258188933979
 20
3.233471186058356
 30
0.0
  0
VERTEX
  5
6C7
330
6C3
100
AcDbEntity
  8
Default
100
AcDbVertex
100
AcDb2dVertex
 10
178.8970904194159
 20
3.233471186058356
 30
0.0
  0
SEQEND
  5
6C8
330
6C3
100
AcDbEntity
  8
Default
  0
POLYLINE
  5
6C9
330
1F
100
AcDbEntity
  8
Default
100
AcDb2dPolyline
 66
     1
 10
0.0
 20
0.0
 30
0.0
  0
VERTEX
  5
6CA
330
6C9
100
AcDbEntity
  8
Default
100
AcDbVertex
100
AcDb2dVertex
 10
180.1143928108812
 20
1.688944384948179
 30
0.0
  0
VERTEX
  5
6CB
330
6C9
100
AcDbEntity
  8
Default
100
AcDbVertex
100
AcDb2dVertex
 10
182.0408865425138
 20
1.688944384948176
 30
0.0
  0
SEQEND
  5
6CC
330
6C9
100
AcDbEntity
  8
Default
  0
POLYLINE
  5
6CD
330
1F
100
AcDbEntity
  8
Default
100
AcDb2dPolyline
 66
     1
 10
0.0
 20
0.0
 30
0.0
  0
VERTEX
  5
6CE
330
6CD
100
AcDbEntity
  8
Default
100
AcDbVertex
100
AcDb2dVertex
 10
181.0776396766975
 20
0.7256975191318844
 30
0.0
  0
VERTEX
  5
6CF
330
6CD
100
AcDbEntity
  8
Default
100
AcDbVertex
100
AcDb2dVertex
 10
181.0776396766975
 20
2.652191250764474
 30
0.0
  0
SEQEND
  5
6D0
330
6CD
100
AcDbEntity
  8
Default
  0
POLYLINE
  5
6D1
330
1F
100
AcDbEntity
  8
Layer 01
100
AcDb2dPolyline
 66
     1
 10
0.0
 20
0.0
 30
0.0
 70
     1
  0
VERTEX
  5
6D2
330
6D1
100
AcDbEntity
  8
Layer 01
100
AcDbVertex
100
AcDb2dVertex
 10
180.4641801822448
 20
1.022457634437238
 30
0.0
  0
VERTEX
  5
6D3
330
6D1
100
AcDbEntity
  8
Layer 01
100
AcDbVertex
100
AcDb2dVertex
 10
181.7352539757883
 20
1.022457634437238
 30
0.0
  0
VERTEX
  5
6D4
330
6D1
100
AcDbEntity
  8
Layer 01
100
AcDbVertex
100
AcDb2dVertex
 10
181.7352539757883
 20
1.965363284920439
 30
0.0
  0
VERTEX
  5
6D5
330
6D1
100
AcDbEntity
  8
Layer 01
100
AcDbVertex
100
AcDb2dVertex
 10
180.4641801822448
 20
1.965363284920439
 30
0.0
  0
SEQEND
  5
6D6
330
6D1
100
AcDbEntity
  8
Layer 01
  0
POLYLINE
  5
6D7
330
1F
100
AcDbEntity
  8
Layer 01
100
AcDb2dPolyline
 66
     1
 10
0.0
 20
0.0
 30
0.0
 70
     1
  0
VERTEX
  5
6D8
330
6D7
100
AcDbEntity
  8
Layer 01
100
AcDbVertex
100
AcDb2dVertex
 10
180.4641801822448
 20
1.965363284920439
 30
0.0
  0
VERTEX
  5
6D9
330
6D7
100
AcDbEntity
  8
Layer 01
100
AcDbVertex
100
AcDb2dVertex
 10
180.8616796231348
 20
1.965363284920439
 30
0.0
  0
VERTEX
  5
6DA
330
6D7
100
AcDbEntity
  8
Layer 01
100
AcDbVertex
100
AcDb2dVertex
 10
180.8616796231348
 20
2.159490918843451
 30
0.0
  0
VERTEX
  5
6DB
330
6D7
100
AcDbEntity
  8
Layer 01
100
AcDbVertex
100
AcDb2dVertex
 10
180.4641801822448
 20
2.159490918843451
 30
0.0
  0
SEQEND
  5
6DC
330
6D7
100
AcDbEntity
  8
Layer 01
  0
POLYLINE
  5
6DD
330
1F
100
AcDbEntity
  8
Layer 01
100
AcDb2dPolyline
 66
     1
 10
0.0
 20
0.0
 30
0.0
  0
VERTEX
  5
6DE
330
6DD
100
AcDbEntity
  8
Layer 01
100
AcDbVertex
100
AcDb2dVertex
 10
181.7352539757883
 20
1.965363284920439
 30
0.0
  0
VERTEX
  5
6DF
330
6DD
100
AcDbEntity
  8
Layer 01
100
AcDbVertex
100
AcDb2dVertex
 10
180.8616796231348
 20
1.965363284920439
 30
0.0
  0
VERTEX
  5
6E0
330
6DD
100
AcDbEntity
  8
Layer 01
100
AcDbVertex
100
AcDb2dVertex
 10
180.8616796231348
 20
2.159490918843451
 30
0.0
  0
VERTEX
  5
6E1
330
6DD
100
AcDbEntity
  8
Layer 01
100
AcDbVertex
100
AcDb2dVertex
 10
180.4641801822448
 20
2.159490918843451
 30
0.0
  0
VERTEX
  5
6E2
330
6DD
100
AcDbEntity
  8
Layer 01
100
AcDbVertex
100
AcDb2dVertex
 10
180.4641801822448
 20
1.022457634437238
 30
0.0
  0
SEQEND
  5
6E3
330
6DD
100
AcDbEntity
  8
Layer 01
  0
POLYLINE
  5
6E4
330
1F
100
AcDbEntity
  8
Default
100
AcDb2dPolyline
 66
     1
 10
0.0
 20
0.0
 30
0.0
  0
VERTEX
  5
6E5
330
6E4
100
AcDbEntity
  8
Default
100
AcDbVertex
100
AcDb2dVertex
 10
180.4641801822448
 20
1.022457634437238
 30
0.0
  0
VERTEX
  5
6E6
330
6E4
100
AcDbEntity
  8
Default
100
AcDbVertex
100
AcDb2dVertex
 10
180.4641801822448
 20
1.117426258700136
 30
0.0
  0
SEQEND
  5
6E7
330
6E4
100
AcDbEntity
  8
Default
  0
POLYLINE
  5
6E8
330
1F
100
AcDbEntity
  8
Default
100
AcDb2dPolyline
 66
     1
 10
0.0
 20
0.0
 30
0.0
  0
VERTEX
  5
6E9
330
6E8
100
AcDbEntity
  8
Default
100
AcDbVertex
100
AcDb2dVertex
 10
180.1792743094561
 20
1.307363507225931
 30
0.0
  0
VERTEX
  5
6EA
330
6E8
100
AcDbEntity
  8
Default
100
AcDbVertex
100
AcDb2dVertex
 10
180.1792743094561
 20
1.402332131488828
 30
0.0
  0
SEQEND
  5
6EB
330
6E8
100
AcDbEntity
  8
Default
  0
POLYLINE
  5
6EC
330
1F
100
AcDbEntity
  8
Layer 01
100
AcDb2dPolyline
 66
     1
 10
0.0
 20
0.0
 30
0.0
 70
     1
  0
VERTEX
  5
6ED
330
6EC
100
AcDbEntity
  8
Layer 01
100
AcDbVertex
100
AcDb2dVertex
 10
180.1792743094561
 20
1.307363507225931
 30
0.0
  0
VERTEX
  5
6EE
330
6EC
100
AcDbEntity
  8
Layer 01
100
AcDbVertex
100
AcDb2dVertex
 10
180.3692115579819
 20
1.307363507225931
 30
0.0
  0
VERTEX
  5
6EF
330
6EC
100
AcDbEntity
  8
Layer 01
100
AcDbVertex
100
AcDb2dVertex
 10
180.3692115579819
 20
2.254459543106349
 30
0.0
  0
VERTEX
  5
6F0
330
6EC
100
AcDbEntity
  8
Layer 01
100
AcDbVertex
100
AcDb2dVertex
 10
180.3692115579819
 20
2.444396791632144
 30
0.0
  0
VERTEX
  5
6F1
330
6EC
100
AcDbEntity
  8
Layer 01
100
AcDbVertex
100
AcDb2dVertex
 10
180.1792743094561
 20
2.444396791632144
 30
0.0
  0
SEQEND
  5
6F2
330
6EC
100
AcDbEntity
  8
Layer 01
  0
POLYLINE
  5
6F3
330
1F
100
AcDbEntity
  8
Layer 01
100
AcDb2dPolyline
 66
     1
 10
0.0
 20
0.0
 30
0.0
 70
     1
  0
VERTEX
  5
6F4
330
6F3
100
AcDbEntity
  8
Layer 01
100
AcDbVertex
100
AcDb2dVertex
 10
180.1792743094561
 20
2.250269157709132
 30
0.0
  0
VERTEX
  5
6F5
330
6F3
100
AcDbEntity
  8
Layer 01
100
AcDbVertex
100
AcDb2dVertex
 10
180.7667109988719
 20
2.250269157709132
 30
0.0
  0
VERTEX
  5
6F6
330
6F3
100
AcDbEntity
  8
Layer 01
100
AcDbVertex
100
AcDb2dVertex
 10
180.7667109988719
 20
2.444396791632144
 30
0.0
  0
VERTEX
  5
6F7
330
6F3
100
AcDbEntity
  8
Layer 01
100
AcDbVertex
100
AcDb2dVertex
 10
180.1792743094561
 20
2.444396791632144
 30
0.0
  0
SEQEND
  5
6F8
330
6F3
100
AcDbEntity
  8
Layer 01
  0
POLYLINE
  5
6F9
330
1F
100
AcDbEntity
  8
Layer 01
100
AcDb2dPolyline
 66
     1
 10
0.0
 20
0.0
 30
0.0
  0
VERTEX
  5
6FA
330
6F9
100
AcDbEntity
  8
Layer 01
100
AcDbVertex
100
AcDb2dVertex
 10
181.6402853515254
 20
2.250269157709132
 30
0.0
  0
VERTEX
  5
6FB
330
6F9
100
AcDbEntity
  8
Layer 01
100
AcDbVertex
100
AcDb2dVertex
 10
181.6402853515254
 20
2.05614152378612
 30
0.0
  0
SEQEND
  5
6FC
330
6F9
100
AcDbEntity
  8
Layer 01
  0
POLYLINE
  5
6FD
330
1F
100
AcDbEntity
  8
Layer 01
100
AcDb2dPolyline
 66
     1
 10
0.0
 20
0.0
 30
0.0
  0
VERTEX
  5
6FE
330
6FD
100
AcDbEntity
  8
Layer 01
100
AcDbVertex
100
AcDb2dVertex
 10
181.6402853515254
 20
2.05614152378612
 30
0.0
  0
VERTEX
  5
6FF
330
6FD
100
AcDbEntity
  8
Layer 01
100
AcDbVertex
100
AcDb2dVertex
 10
180.9566482473977
 20
2.05614152378612
 30
0.0
  0
SEQEND
  5
700
330
6FD
100
AcDbEntity
  8
Layer 01
  0
POLYLINE
  5
701
330
1F
100
AcDbEntity
  8
Layer 01
100
AcDb2dPolyline
 66
     1
 10
0.0
 20
0.0
 30
0.0
  0
VERTEX
  5
702
330
701
100
AcDbEntity
  8
Layer 01
100
AcDbVertex
100
AcDb2dVertex
 10
180.9566482473977
 20
2.05614152378612
 30
0.0
  0
VERTEX
  5
703
330
701
100
AcDbEntity
  8
Layer 01
100
AcDbVertex
100
AcDb2dVertex
 10
180.9566482473977
 20
2.250269157709132
 30
0.0
  0
SEQEND
  5
704
330
701
100
AcDbEntity
  8
Layer 01
  0
POLYLINE
  5
705
330
1F
100
AcDbEntity
  8
dos
100
AcDb2dPolyline
 66
     1
 10
0.0
 20
0.0
 30
0.0
 70
     1
  0
VERTEX
  5
706
330
705
100
AcDbEntity
  8
dos
100
AcDbVertex
100
AcDb2dVertex
 10
178.8970904194159
 20
-76.02669654341173
 30
0.0
  0
VERTEX
  5
707
330
705
100
AcDbEntity
  8
dos
100
AcDbVertex
100
AcDb2dVertex
 10
183.258188933979
 20
-76.02669654341173
 30
0.0
  0
VERTEX
  5
708
330
705
100
AcDbEntity
  8
dos
100
AcDbVertex
100
AcDb2dVertex
 10
183.258188933979
 20
-72.93764294119137
 30
0.0
  0
VERTEX
  5
709
330
705
100
AcDbEntity
  8
dos
100
AcDbVertex
100
AcDb2dVertex
 10
178.8970904194159
 20
-72.93764294119137
 30
0.0
  0
SEQEND
  5
70A
330
705
100
AcDbEntity
  8
dos
  0
POLYLINE
  5
70B
330
1F
100
AcDbEntity
  8
dos
100
AcDb2dPolyline
 66
     1
 10
0.0
 20
0.0
 30
0.0
 70
     1
  0
VERTEX
  5
70C
330
70B
100
AcDbEntity
  8
dos
100
AcDbVertex
100
AcDb2dVertex
 10
173.0657242469659
 20
-78.81672352484685
 30
0.0
  0
VERTEX
  5
70D
330
70B
100
AcDbEntity
  8
dos
100
AcDbVertex
100
AcDb2dVertex
 10
189.0657242469659
 20
-78.81672352484685
 30
0.0
  0
VERTEX
  5
70E
330
70B
100
AcDbEntity
  8
dos
100
AcDbVertex
100
AcDb2dVertex
 10
189.0657242469659
 20
-69.81672352484685
 30
0.0
  0
VERTEX
  5
70F
330
70B
100
AcDbEntity
  8
dos
100
AcDbVertex
100
AcDb2dVertex
 10
173.0657242469659
 20
-69.81672352484685
 30
0.0
  0
SEQEND
  5
710
330
70B
100
AcDbEntity
  8
dos
  0
ARC
  5
711
330
1F
100
AcDbEntity
  8
dos
100
AcDbCircle
 10
179.1688185470319
 20
-71.63859848699192
 30
0.0
 40
0.4772615134628646
100
AcDbArc
 50
90.0
 51
180.0
  0
POLYLINE
  5
712
330
1F
100
AcDbEntity
  8
dos
100
AcDb2dPolyline
 66
     1
 10
0.0
 20
0.0
 30
0.0
  0
VERTEX
  5
713
330
712
100
AcDbEntity
  8
dos
100
AcDbVertex
100
AcDb2dVertex
 10
178.691557033569
 20
-71.63859848699192
 30
0.0
  0
VERTEX
  5
714
330
712
100
AcDbEntity
  8
dos
100
AcDbVertex
100
AcDb2dVertex
 10
178.691557033569
 20
-76.98068243498852
 30
0.0
  0
SEQEND
  5
715
330
712
100
AcDbEntity
  8
dos
  0
ARC
  5
716
330
1F
100
AcDbEntity
  8
dos
100
AcDbCircle
 10
179.1688185470319
 20
-76.98068243498852
 30
0.0
 40
0.4772615134628646
100
AcDbArc
 50
180.0
 51
270.0
  0
POLYLINE
  5
717
330
1F
100
AcDbEntity
  8
dos
100
AcDb2dPolyline
 66
     1
 10
0.0
 20
0.0
 30
0.0
  0
VERTEX
  5
718
330
717
100
AcDbEntity
  8
dos
100
AcDbVertex
100
AcDb2dVertex
 10
179.1688185470319
 20
-77.45794394845137
 30
0.0
  0
VERTEX
  5
719
330
717
100
AcDbEntity
  8
dos
100
AcDbVertex
100
AcDb2dVertex
 10
182.9864608063631
 20
-77.45794394845137
 30
0.0
  0
SEQEND
  5
71A
330
717
100
AcDbEntity
  8
dos
  0
ARC
  5
71B
330
1F
100
AcDbEntity
  8
dos
100
AcDbCircle
 10
182.9864608063631
 20
-76.98068243498852
 30
0.0
 40
0.4772615134628646
100
AcDbArc
 50
270.0
 51
0.0
  0
POLYLINE
  5
71C
330
1F
100
AcDbEntity
  8
dos
100
AcDb2dPolyline
 66
     1
 10
0.0
 20
0.0
 30
0.0
  0
VERTEX
  5
71D
330
71C
100
AcDbEntity
  8
dos
100
AcDbVertex
100
AcDb2dVertex
 10
183.4637223198259
 20
-76.98068243498852
 30
0.0
  0
VERTEX
  5
71E
330
71C
100
AcDbEntity
  8
dos
100
AcDbVertex
100
AcDb2dVertex
 10
183.4637223198259
 20
-72.93764294119137
 30
0.0
  0
VERTEX
  5
71F
330
71C
100
AcDbEntity
  8
dos
100
AcDbVertex
100
AcDb2dVertex
 10
183.258188933979
 20
-72.93764294119137
 30
0.0
  0
VERTEX
  5
720
330
71C
100
AcDbEntity
  8
dos
100
AcDbVertex
100
AcDb2dVertex
 10
183.258188933979
 20
-76.98068243498852
 30
0.0
  0
SEQEND
  5
721
330
71C
100
AcDbEntity
  8
dos
  0
ARC
  5
722
330
1F
100
AcDbEntity
  8
dos
100
AcDbCircle
 10
-182.9864608063631
 20
-76.98068243498852
 30
0.0
 40
0.2717281276159333
210
0.0
220
0.0
230
-1.0
100
AcDbArc
 50
180.0
 51
270.0
  0
LINE
  5
723
330
1F
100
AcDbEntity
  8
dos
100
AcDbLine
 10
182.9864608063631
 20
-77.25241056260444
 30
0.0
 11
179.1688185470319
 21
-77.25241056260444
 31
0.0
  0
ARC
  5
724
330
1F
100
AcDbEntity
  8
dos
100
AcDbCircle
 10
-179.1688185470319
 20
-76.9806824349885
 30
0.0
 40
0.271728127615944
210
0.0
220
0.0
230
-1.0
100
AcDbArc
 50
270.000000000006
 51
359.999999999997
  0
LINE
  5
725
330
1F
100
AcDbEntity
  8
dos
100
AcDbLine
 10
178.8970904194159
 20
-76.98068243498852
 30
0.0
 11
178.8970904194159
 21
-71.63859848699192
 31
0.0
  0
ARC
  5
726
330
1F
100
AcDbEntity
  8
dos
100
AcDbCircle
 10
-179.1688185470319
 20
-71.63859848699192
 30
0.0
 40
0.2717281276159298
210
0.0
220
0.0
230
-1.0
100
AcDbArc
 50
359.999999999997
 51
90.0
  0
POLYLINE
  5
727
330
1F
100
AcDbEntity
  8
dos
100
AcDb2dPolyline
 66
     1
 10
0.0
 20
0.0
 30
0.0
  0
VERTEX
  5
728
330
727
100
AcDbEntity
  8
dos
100
AcDbVertex
100
AcDb2dVertex
 10
179.1688185470319
 20
-71.36687035937598
 30
0.0
  0
VERTEX
  5
729
330
727
100
AcDbEntity
  8
dos
100
AcDbVertex
100
AcDb2dVertex
 10
181.6741603374796
 20
-71.36687035937598
 30
0.0
  0
VERTEX
  5
72A
330
727
100
AcDbEntity
  8
dos
100
AcDbVertex
100
AcDb2dVertex
 10
181.6741603374796
 20
-71.16133697352907
 30
0.0
  0
VERTEX
  5
72B
330
727
100
AcDbEntity
  8
dos
100
AcDbVertex
100
AcDb2dVertex
 10
179.1688185470319
 20
-71.16133697352907
 30
0.0
  0
SEQEND
  5
72C
330
727
100
AcDbEntity
  8
dos
  0
SPLINE
  5
72D
330
1F
100
AcDbEntity
  8
dos
100
AcDbSpline
210
0.0
220
0.0
230
1.0
 70
    12
 71
     2
 72
     6
 73
     3
 74
     0
 42
0.0000000001
 43
0.0000000001
 40
-1.947038791872817
 40
-1.947038791872817
 40
-1.947038791872817
 40
-1.197358159604777
 40
-1.197358159604777
 40
-1.197358159604777
 10
182.1514218509425
 20
-72.93764294119137
 30
0.0
 41
1.0
 10
181.6741603374796
 20
-72.93764294119136
 30
0.0
 41
0.7071067811865476
 10
181.6741603374796
 20
-72.46038142772849
 30
0.0
 41
1.0
  0
POLYLINE
  5
72E
330
1F
100
AcDbEntity
  8
dos
100
AcDb2dPolyline
 66
     1
 10
0.0
 20
0.0
 30
0.0
  0
VERTEX
  5
72F
330
72E
100
AcDbEntity
  8
dos
100
AcDbVertex
100
AcDb2dVertex
 10
181.6741603374796
 20
-72.46038142772849
 30
0.0
  0
VERTEX
  5
730
330
72E
100
AcDbEntity
  8
dos
100
AcDbVertex
100
AcDb2dVertex
 10
181.6741603374796
 20
-71.16133697352907
 30
0.0
  0
VERTEX
  5
731
330
72E
100
AcDbEntity
  8
dos
100
AcDbVertex
100
AcDb2dVertex
 10
181.8796937233265
 20
-71.3653478898512
 30
0.0
  0
VERTEX
  5
732
330
72E
100
AcDbEntity
  8
dos
100
AcDbVertex
100
AcDb2dVertex
 10
181.8796937233265
 20
-72.46038142772849
 30
0.0
  0
SEQEND
  5
733
330
72E
100
AcDbEntity
  8
dos
  0
ARC
  5
734
330
1F
100
AcDbEntity
  8
dos
100
AcDbCircle
 10
182.1514218509425
 20
-72.46038142772849
 30
0.0
 40
0.2717281276159369
100
AcDbArc
 50
180.0
 51
270.0
  0
POLYLINE
  5
735
330
1F
100
AcDbEntity
  8
dos
100
AcDb2dPolyline
 66
     1
 10
0.0
 20
0.0
 30
0.0
  0
VERTEX
  5
736
330
735
100
AcDbEntity
  8
dos
100
AcDbVertex
100
AcDb2dVertex
 10
182.1514218509425
 20
-72.73210955534444
 30
0.0
  0
VERTEX
  5
737
330
735
100
AcDbEntity
  8
dos
100
AcDbVertex
100
AcDb2dVertex
 10
183.2566551027413
 20
-72.73210955534444
 30
0.0
  0
VERTEX
  5
738
330
735
100
AcDbEntity
  8
dos
100
AcDbVertex
100
AcDb2dVertex
 10
183.4637223198259
 20
-72.93764294119137
 30
0.0
  0
VERTEX
  5
739
330
735
100
AcDbEntity
  8
dos
100
AcDbVertex
100
AcDb2dVertex
 10
182.1514218509425
 20
-72.93764294119137
 30
0.0
  0
SEQEND
  5
73A
330
735
100
AcDbEntity
  8
dos
  0
POLYLINE
  5
73B
330
1F
100
AcDbEntity
  8
dos
100
AcDb2dPolyline
 66
     1
 10
0.0
 20
0.0
 30
0.0
 70
     1
  0
VERTEX
  5
73C
330
73B
100
AcDbEntity
  8
dos
100
AcDbVertex
100
AcDb2dVertex
 10
181.8796937233265
 20
-71.3653478898512
 30
0.0
  0
VERTEX
  5
73D
330
73B
100
AcDbEntity
  8
dos
100
AcDbVertex
100
AcDb2dVertex
 10
181.8796937233265
 20
-71.65494144412392
 30
0.0
  0
VERTEX
  5
73E
330
73B
100
AcDbEntity
  8
dos
100
AcDbVertex
100
AcDb2dVertex
 10
182.9649004025412
 20
-72.73210955534444
 30
0.0
  0
VERTEX
  5
73F
330
73B
100
AcDbEntity
  8
dos
100
AcDbVertex
100
AcDb2dVertex
 10
183.2566551027413
 20
-72.73210955534444
 30
0.0
  0
SEQEND
  5
740
330
73B
100
AcDbEntity
  8
dos
  0
POLYLINE
  5
741
330
1F
100
AcDbEntity
  8
dos
100
AcDb2dPolyline
 66
     1
 10
0.0
 20
0.0
 30
0.0
 70
     1
  0
VERTEX
  5
742
330
741
100
AcDbEntity
  8
dos
100
AcDbVertex
100
AcDb2dVertex
 10
177.5092636343912
 20
-77.71233791681524
 30
0.0
  0
VERTEX
  5
743
330
741
100
AcDbEntity
  8
dos
100
AcDbVertex
100
AcDb2dVertex
 10
181.5187989400597
 20
-77.71233791681524
 30
0.0
  0
VERTEX
  5
744
330
741
100
AcDbEntity
  8
dos
100
AcDbVertex
100
AcDb2dVertex
 10
181.5187989400597
 20
-76.02669654341173
 30
0.0
  0
VERTEX
  5
745
330
741
100
AcDbEntity
  8
dos
100
AcDbVertex
100
AcDb2dVertex
 10
177.5092636343912
 20
-76.02669654341173
 30
0.0
  0
SEQEND
  5
746
330
741
100
AcDbEntity
  8
dos
  0
POLYLINE
  5
747
330
1F
100
AcDbEntity
  8
Default
100
AcDb2dPolyline
 66
     1
 10
0.0
 20
0.0
 30
0.0
 70
     1
  0
VERTEX
  5
748
330
747
100
AcDbEntity
  8
Default
100
AcDbVertex
100
AcDb2dVertex
 10
184.6690443347873
 20
-4.326300286733584
 30
0.0
  0
VERTEX
  5
749
330
747
100
AcDbEntity
  8
Default
100
AcDbVertex
100
AcDb2dVertex
 10
189.0301428493503
 20
-4.326300286733584
 30
0.0
  0
VERTEX
  5
74A
330
747
100
AcDbEntity
  8
Default
100
AcDbVertex
100
AcDb2dVertex
 10
189.0301428493503
 20
-1.237246684513224
 30
0.0
  0
VERTEX
  5
74B
330
747
100
AcDbEntity
  8
Default
100
AcDbVertex
100
AcDb2dVertex
 10
184.6690443347873
 20
-1.237246684513224
 30
0.0
  0
SEQEND
  5
74C
330
747
100
AcDbEntity
  8
Default
  0
POLYLINE
  5
74D
330
1F
100
AcDbEntity
  8
Default
100
AcDb2dPolyline
 66
     1
 10
0.0
 20
0.0
 30
0.0
 70
     1
  0
VERTEX
  5
74E
330
74D
100
AcDbEntity
  8
Default
100
AcDbVertex
100
AcDb2dVertex
 10
178.8970904194159
 20
-4.326300286733584
 30
0.0
  0
VERTEX
  5
74F
330
74D
100
AcDbEntity
  8
Default
100
AcDbVertex
100
AcDb2dVertex
 10
183.258188933979
 20
-4.326300286733584
 30
0.0
  0
VERTEX
  5
750
330
74D
100
AcDbEntity
  8
Default
100
AcDbVertex
100
AcDb2dVertex
 10
183.258188933979
 20
-1.237246684513224
 30
0.0
  0
VERTEX
  5
751
330
74D
100
AcDbEntity
  8
Default
100
AcDbVertex
100
AcDb2dVertex
 10
178.8970904194159
 20
-1.237246684513224
 30
0.0
  0
SEQEND
  5
752
330
74D
100
AcDbEntity
  8
Default
  0
POLYLINE
  5
753
330
1F
100
AcDbEntity
  8
Default
100
AcDb2dPolyline
 66
     1
 10
0.0
 20
0.0
 30
0.0
 70
     1
  0
VERTEX
  5
754
330
753
100
AcDbEntity
  8
Default
100
AcDbVertex
100
AcDb2dVertex
 10
184.6690443347873
 20
-8.797018157305164
 30
0.0
  0
VERTEX
  5
755
330
753
100
AcDbEntity
  8
Default
100
AcDbVertex
100
AcDb2dVertex
 10
189.0301428493503
 20
-8.797018157305164
 30
0.0
  0
VERTEX
  5
756
330
753
100
AcDbEntity
  8
Default
100
AcDbVertex
100
AcDb2dVertex
 10
189.0301428493503
 20
-5.707964555084803
 30
0.0
  0
VERTEX
  5
757
330
753
100
AcDbEntity
  8
Default
100
AcDbVertex
100
AcDb2dVertex
 10
184.6690443347873
 20
-5.707964555084803
 30
0.0
  0
SEQEND
  5
758
330
753
100
AcDbEntity
  8
Default
  0
POLYLINE
  5
759
330
1F
100
AcDbEntity
  8
Default
100
AcDb2dPolyline
 66
     1
 10
0.0
 20
0.0
 30
0.0
 70
     1
  0
VERTEX
  5
75A
330
759
100
AcDbEntity
  8
Default
100
AcDbVertex
100
AcDb2dVertex
 10
178.8970904194159
 20
-8.797018157305164
 30
0.0
  0
VERTEX
  5
75B
330
759
100
AcDbEntity
  8
Default
100
AcDbVertex
100
AcDb2dVertex
 10
183.258188933979
 20
-8.797018157305164
 30
0.0
  0
VERTEX
  5
75C
330
759
100
AcDbEntity
  8
Default
100
AcDbVertex
100
AcDb2dVertex
 10
183.258188933979
 20
-5.707964555084803
 30
0.0
  0
VERTEX
  5
75D
330
759
100
AcDbEntity
  8
Default
100
AcDbVertex
100
AcDb2dVertex
 10
178.8970904194159
 20
-5.707964555084803
 30
0.0
  0
SEQEND
  5
75E
330
759
100
AcDbEntity
  8
Default
  0
POLYLINE
  5
75F
330
1F
100
AcDbEntity
  8
Default
100
AcDb2dPolyline
 66
     1
 10
0.0
 20
0.0
 30
0.0
  0
VERTEX
  5
760
330
75F
100
AcDbEntity
  8
Default
100
AcDbVertex
100
AcDb2dVertex
 10
180.1143928108812
 20
-2.7817734856234
 30
0.0
  0
VERTEX
  5
761
330
75F
100
AcDbEntity
  8
Default
100
AcDbVertex
100
AcDb2dVertex
 10
182.0408865425138
 20
-2.781773485623404
 30
0.0
  0
SEQEND
  5
762
330
75F
100
AcDbEntity
  8
Default
  0
POLYLINE
  5
763
330
1F
100
AcDbEntity
  8
Default
100
AcDb2dPolyline
 66
     1
 10
0.0
 20
0.0
 30
0.0
  0
VERTEX
  5
764
330
763
100
AcDbEntity
  8
Default
100
AcDbVertex
100
AcDb2dVertex
 10
181.0776396766975
 20
-3.745020351439695
 30
0.0
  0
VERTEX
  5
765
330
763
100
AcDbEntity
  8
Default
100
AcDbVertex
100
AcDb2dVertex
 10
181.0776396766975
 20
-1.818526619807106
 30
0.0
  0
SEQEND
  5
766
330
763
100
AcDbEntity
  8
Default
  0
POLYLINE
  5
767
330
1F
100
AcDbEntity
  8
Default
100
AcDb2dPolyline
 66
     1
 10
0.0
 20
0.0
 30
0.0
  0
VERTEX
  5
768
330
767
100
AcDbEntity
  8
Default
100
AcDbVertex
100
AcDb2dVertex
 10
185.8863467262525
 20
-2.7817734856234
 30
0.0
  0
VERTEX
  5
769
330
767
100
AcDbEntity
  8
Default
100
AcDbVertex
100
AcDb2dVertex
 10
187.8128404578851
 20
-2.781773485623404
 30
0.0
  0
SEQEND
  5
76A
330
767
100
AcDbEntity
  8
Default
  0
POLYLINE
  5
76B
330
1F
100
AcDbEntity
  8
Default
100
AcDb2dPolyline
 66
     1
 10
0.0
 20
0.0
 30
0.0
  0
VERTEX
  5
76C
330
76B
100
AcDbEntity
  8
Default
100
AcDbVertex
100
AcDb2dVertex
 10
186.8495935920688
 20
-3.745020351439695
 30
0.0
  0
VERTEX
  5
76D
330
76B
100
AcDbEntity
  8
Default
100
AcDbVertex
100
AcDb2dVertex
 10
186.8495935920688
 20
-1.818526619807106
 30
0.0
  0
SEQEND
  5
76E
330
76B
100
AcDbEntity
  8
Default
  0
POLYLINE
  5
76F
330
1F
100
AcDbEntity
  8
Default
100
AcDb2dPolyline
 66
     1
 10
0.0
 20
0.0
 30
0.0
  0
VERTEX
  5
770
330
76F
100
AcDbEntity
  8
Default
100
AcDbVertex
100
AcDb2dVertex
 10
180.1143928108812
 20
-7.25249135619498
 30
0.0
  0
VERTEX
  5
771
330
76F
100
AcDbEntity
  8
Default
100
AcDbVertex
100
AcDb2dVertex
 10
182.0408865425138
 20
-7.252491356194984
 30
0.0
  0
SEQEND
  5
772
330
76F
100
AcDbEntity
  8
Default
  0
POLYLINE
  5
773
330
1F
100
AcDbEntity
  8
Default
100
AcDb2dPolyline
 66
     1
 10
0.0
 20
0.0
 30
0.0
  0
VERTEX
  5
774
330
773
100
AcDbEntity
  8
Default
100
AcDbVertex
100
AcDb2dVertex
 10
181.0776396766975
 20
-8.215738222011275
 30
0.0
  0
VERTEX
  5
775
330
773
100
AcDbEntity
  8
Default
100
AcDbVertex
100
AcDb2dVertex
 10
181.0776396766975
 20
-6.289244490378685
 30
0.0
  0
SEQEND
  5
776
330
773
100
AcDbEntity
  8
Default
  0
POLYLINE
  5
777
330
1F
100
AcDbEntity
  8
Default
100
AcDb2dPolyline
 66
     1
 10
0.0
 20
0.0
 30
0.0
  0
VERTEX
  5
778
330
777
100
AcDbEntity
  8
Default
100
AcDbVertex
100
AcDb2dVertex
 10
185.8863467262525
 20
-7.25249135619498
 30
0.0
  0
VERTEX
  5
779
330
777
100
AcDbEntity
  8
Default
100
AcDbVertex
100
AcDb2dVertex
 10
187.8128404578851
 20
-7.252491356194984
 30
0.0
  0
SEQEND
  5
77A
330
777
100
AcDbEntity
  8
Default
  0
POLYLINE
  5
77B
330
1F
100
AcDbEntity
  8
Default
100
AcDb2dPolyline
 66
     1
 10
0.0
 20
0.0
 30
0.0
  0
VERTEX
  5
77C
330
77B
100
AcDbEntity
  8
Default
100
AcDbVertex
100
AcDb2dVertex
 10
186.8495935920688
 20
-8.215738222011275
 30
0.0
  0
VERTEX
  5
77D
330
77B
100
AcDbEntity
  8
Default
100
AcDbVertex
100
AcDb2dVertex
 10
186.8495935920688
 20
-6.289244490378685
 30
0.0
  0
SEQEND
  5
77E
330
77B
100
AcDbEntity
  8
Default
  0
POLYLINE
  5
77F
330
1F
100
AcDbEntity
  8
Layer 01
100
AcDb2dPolyline
 66
     1
 10
0.0
 20
0.0
 30
0.0
 70
     1
  0
VERTEX
  5
780
330
77F
100
AcDbEntity
  8
Layer 01
100
AcDbVertex
100
AcDb2dVertex
 10
180.805150444624
 20
-1.818526619807106
 30
0.0
  0
VERTEX
  5
781
330
77F
100
AcDbEntity
  8
Layer 01
100
AcDbVertex
100
AcDb2dVertex
 10
180.805150444624
 20
-2.781773485623402
 30
0.0
  0
VERTEX
  5
782
330
77F
100
AcDbEntity
  8
Layer 01
100
AcDbVertex
100
AcDb2dVertex
 10
180.4106422214405
 20
-2.781773485623401
 30
0.0
  0
VERTEX
  5
783
330
77F
100
AcDbEntity
  8
Layer 01
100
AcDbVertex
100
AcDb2dVertex
 10
181.0776396766975
 20
-3.353938955468986
 30
0.0
  0
VERTEX
  5
784
330
77F
100
AcDbEntity
  8
Layer 01
100
AcDbVertex
100
AcDb2dVertex
 10
181.0776396766975
 20
-1.818526619807106
 30
0.0
  0
SEQEND
  5
785
330
77F
100
AcDbEntity
  8
Layer 01
  0
POLYLINE
  5
786
330
1F
100
AcDbEntity
  8
Layer 01
100
AcDb2dPolyline
 66
     1
 10
0.0
 20
0.0
 30
0.0
 70
     1
  0
VERTEX
  5
787
330
786
100
AcDbEntity
  8
Layer 01
100
AcDbVertex
100
AcDb2dVertex
 10
181.350128908771
 20
-1.818526619807106
 30
0.0
  0
VERTEX
  5
788
330
786
100
AcDbEntity
  8
Layer 01
100
AcDbVertex
100
AcDb2dVertex
 10
181.350128908771
 20
-2.781773485623402
 30
0.0
  0
VERTEX
  5
789
330
786
100
AcDbEntity
  8
Layer 01
100
AcDbVertex
100
AcDb2dVertex
 10
181.7446371319544
 20
-2.781773485623401
 30
0.0
  0
VERTEX
  5
78A
330
786
100
AcDbEntity
  8
Layer 01
100
AcDbVertex
100
AcDb2dVertex
 10
181.0776396766975
 20
-3.353938955468986
 30
0.0
  0
VERTEX
  5
78B
330
786
100
AcDbEntity
  8
Layer 01
100
AcDbVertex
100
AcDb2dVertex
 10
181.0776396766975
 20
-1.818526619807106
 30
0.0
  0
SEQEND
  5
78C
330
786
100
AcDbEntity
  8
Layer 01
  0
POLYLINE
  5
78D
330
1F
100
AcDbEntity
  8
Layer 01
100
AcDb2dPolyline
 66
     1
 10
0.0
 20
0.0
 30
0.0
 70
     1
  0
VERTEX
  5
78E
330
78D
100
AcDbEntity
  8
Layer 01
100
AcDbVertex
100
AcDb2dVertex
 10
181.0776396766975
 20
-3.460956132878223
 30
0.0
  0
VERTEX
  5
78F
330
78D
100
AcDbEntity
  8
Layer 01
100
AcDbVertex
100
AcDb2dVertex
 10
180.3680451696822
 20
-3.460956132878222
 30
0.0
  0
VERTEX
  5
790
330
78D
100
AcDbEntity
  8
Layer 01
100
AcDbVertex
100
AcDb2dVertex
 10
180.3680451696822
 20
-3.668872996656597
 30
0.0
  0
VERTEX
  5
791
330
78D
100
AcDbEntity
  8
Layer 01
100
AcDbVertex
100
AcDb2dVertex
 10
181.0776396766975
 20
-3.668872996656597
 30
0.0
  0
SEQEND
  5
792
330
78D
100
AcDbEntity
  8
Layer 01
  0
POLYLINE
  5
793
330
1F
100
AcDbEntity
  8
Layer 01
100
AcDb2dPolyline
 66
     1
 10
0.0
 20
0.0
 30
0.0
 70
     1
  0
VERTEX
  5
794
330
793
100
AcDbEntity
  8
Layer 01
100
AcDbVertex
100
AcDb2dVertex
 10
181.0776396766975
 20
-3.460956132878223
 30
0.0
  0
VERTEX
  5
795
330
793
100
AcDbEntity
  8
Layer 01
100
AcDbVertex
100
AcDb2dVertex
 10
181.7872341837127
 20
-3.460956132878222
 30
0.0
  0
VERTEX
  5
796
330
793
100
AcDbEntity
  8
Layer 01
100
AcDbVertex
100
AcDb2dVertex
 10
181.7872341837127
 20
-3.668872996656597
 30
0.0
  0
VERTEX
  5
797
330
793
100
AcDbEntity
  8
Layer 01
100
AcDbVertex
100
AcDb2dVertex
 10
181.0776396766975
 20
-3.668872996656597
 30
0.0
  0
SEQEND
  5
798
330
793
100
AcDbEntity
  8
Layer 01
  0
POLYLINE
  5
799
330
1F
100
AcDbEntity
  8
Default
100
AcDb2dPolyline
 66
     1
 10
0.0
 20
0.0
 30
0.0
  0
VERTEX
  5
79A
330
799
100
AcDbEntity
  8
Default
100
AcDbVertex
100
AcDb2dVertex
 10
186.8495935920688
 20
-3.745020351439695
 30
0.0
  0
VERTEX
  5
79B
330
799
100
AcDbEntity
  8
Default
100
AcDbVertex
100
AcDb2dVertex
 10
186.8495935920688
 20
-1.818526619807106
 30
0.0
  0
SEQEND
  5
79C
330
799
100
AcDbEntity
  8
Default
  0
POLYLINE
  5
79D
330
1F
100
AcDbEntity
  8
Default
100
AcDb2dPolyline
 66
     1
 10
0.0
 20
0.0
 30
0.0
  0
VERTEX
  5
79E
330
79D
100
AcDbEntity
  8
Default
100
AcDbVertex
100
AcDb2dVertex
 10
185.8863467262525
 20
-2.7817734856234
 30
0.0
  0
VERTEX
  5
79F
330
79D
100
AcDbEntity
  8
Default
100
AcDbVertex
100
AcDb2dVertex
 10
187.8128404578851
 20
-2.781773485623404
 30
0.0
  0
SEQEND
  5
7A0
330
79D
100
AcDbEntity
  8
Default
  0
CIRCLE
  5
7A1
330
1F
100
AcDbEntity
  8
Layer 01
100
AcDbCircle
 10
186.8495935920688
 20
-2.158420759174728
 30
0.0
 40
0.1152306855109522
  0
CIRCLE
  5
7A2
330
1F
100
AcDbEntity
  8
Layer 01
100
AcDbCircle
 10
187.4935645165164
 20
-2.48040622139854
 30
0.0
 40
0.1152306855109522
  0
CIRCLE
  5
7A3
330
1F
100
AcDbEntity
  8
Layer 01
100
AcDbCircle
 10
187.4935645165164
 20
-3.083140749848285
 30
0.0
 40
0.1152306855109522
  0
CIRCLE
  5
7A4
330
1F
100
AcDbEntity
  8
Layer 01
100
AcDbCircle
 10
186.8495935920688
 20
-3.405126212072073
 30
0.0
 40
0.1152306855109522
  0
CIRCLE
  5
7A5
330
1F
100
AcDbEntity
  8
Layer 01
100
AcDbCircle
 10
186.2056226676212
 20
-3.083140749848273
 30
0.0
 40
0.1152306855109522
  0
CIRCLE
  5
7A6
330
1F
100
AcDbEntity
  8
Layer 01
100
AcDbCircle
 10
186.2056226676212
 20
-2.480406221398528
 30
0.0
 40
0.1152306855109522
  0
CIRCLE
  5
7A7
330
1F
100
AcDbEntity
  8
Layer 01
100
AcDbCircle
 10
186.8495935920688
 20
-2.781773485623402
 30
0.0
 40
0.1152306855109522
  0
CIRCLE
  5
7A8
330
1F
100
AcDbEntity
  8
Layer 01
100
AcDbCircle
 10
187.6682446931104
 20
-3.191099036144206
 30
0.0
 40
0.1152306855109522
  0
CIRCLE
  5
7A9
330
1F
100
AcDbEntity
  8
Layer 01
100
AcDbCircle
 10
187.6682446931104
 20
-2.372447935102625
 30
0.0
 40
0.1152306855109522
  0
CIRCLE
  5
7AA
330
1F
100
AcDbEntity
  8
Layer 01
100
AcDbCircle
 10
186.8495935920688
 20
-1.963122384581819
 30
0.0
 40
0.1152306855109522
  0
CIRCLE
  5
7AB
330
1F
100
AcDbEntity
  8
Layer 01
100
AcDbCircle
 10
186.0309424910272
 20
-3.191099036144191
 30
0.0
 40
0.1152306855109522
  0
CIRCLE
  5
7AC
330
1F
100
AcDbEntity
  8
Layer 01
100
AcDbCircle
 10
186.8495935920688
 20
-3.600424586664982
 30
0.0
 40
0.1152306855109522
  0
CIRCLE
  5
7AD
330
1F
100
AcDbEntity
  8
Layer 01
100
AcDbCircle
 10
186.898418185717
 20
-2.757361188799289
 30
0.0
 40
0.1152306855109522
  0
CIRCLE
  5
7AE
330
1F
100
AcDbEntity
  8
Layer 01
100
AcDbCircle
 10
187.0244485092227
 20
-3.13979905588103
 30
0.0
 40
0.1152306855109522
  0
CIRCLE
  5
7AF
330
1F
100
AcDbEntity
  8
Layer 01
100
AcDbCircle
 10
187.2926062223083
 20
-2.84914764506089
 30
0.0
 40
0.1152306855109522
  0
CIRCLE
  5
7B0
330
1F
100
AcDbEntity
  8
Layer 01
100
AcDbCircle
 10
187.0542563673292
 20
-2.372447935102625
 30
0.0
 40
0.1152306855109522
  0
CIRCLE
  5
7B1
330
1F
100
AcDbEntity
  8
Layer 01
100
AcDbCircle
 10
186.6194475021587
 20
-2.434178744604701
 30
0.0
 40
0.1152306855109522
  0
CIRCLE
  5
7B2
330
1F
100
AcDbEntity
  8
Layer 01
100
AcDbCircle
 10
186.2056226676212
 20
-2.757361188799289
 30
0.0
 40
0.1152306855109522
  0
CIRCLE
  5
7B3
330
1F
100
AcDbEntity
  8
Layer 01
100
AcDbCircle
 10
186.5547308463908
 20
-3.02706681680138
 30
0.0
 40
0.1152306855109522
  0
CIRCLE
  5
7B4
330
1F
100
AcDbEntity
  8
Layer 01
100
AcDbCircle
 10
186.5296792377064
 20
-3.2880210739302
 30
0.0
 40
0.1152306855109522
  0
CIRCLE
  5
7B5
330
1F
100
AcDbEntity
  8
Layer 01
100
AcDbCircle
 10
186.0309424910272
 20
-2.37244793510261
 30
0.0
 40
0.1152306855109522
  0
POLYLINE
  5
7B6
330
1F
100
AcDbEntity
  8
Layer 01
100
AcDb2dPolyline
 66
     1
 10
0.0
 20
0.0
 30
0.0
 70
     1
  0
VERTEX
  5
7B7
330
7B6
100
AcDbEntity
  8
Layer 01
100
AcDbVertex
100
AcDb2dVertex
 10
180.6123074766325
 20
-6.766458691161176
 30
0.0
  0
VERTEX
  5
7B8
330
7B6
100
AcDbEntity
  8
Layer 01
100
AcDbVertex
100
AcDb2dVertex
 10
180.192928410042
 20
-7.25249135619498
 30
0.0
  0
VERTEX
  5
7B9
330
7B6
100
AcDbEntity
  8
Layer 01
100
AcDbVertex
100
AcDb2dVertex
 10
180.2707936580728
 20
-7.25249135619498
 30
0.0
  0
VERTEX
  5
7BA
330
7B6
100
AcDbEntity
  8
Layer 01
100
AcDbVertex
100
AcDb2dVertex
 10
180.6569414003787
 20
-6.804971603205157
 30
0.0
  0
SEQEND
  5
7BB
330
7B6
100
AcDbEntity
  8
Layer 01
  0
POLYLINE
  5
7BC
330
1F
100
AcDbEntity
  8
Layer 01
100
AcDb2dPolyline
 66
     1
 10
0.0
 20
0.0
 30
0.0
 70
     1
  0
VERTEX
  5
7BD
330
7BC
100
AcDbEntity
  8
Layer 01
100
AcDbVertex
100
AcDb2dVertex
 10
180.6123074766325
 20
-7.738524021228785
 30
0.0
  0
VERTEX
  5
7BE
330
7BC
100
AcDbEntity
  8
Layer 01
100
AcDbVertex
100
AcDb2dVertex
 10
180.192928410042
 20
-7.252491356194986
 30
0.0
  0
VERTEX
  5
7BF
330
7BC
100
AcDbEntity
  8
Layer 01
100
AcDbVertex
100
AcDb2dVertex
 10
180.2707936580728
 20
-7.252491356194986
 30
0.0
  0
VERTEX
  5
7C0
330
7BC
100
AcDbEntity
  8
Layer 01
100
AcDbVertex
100
AcDb2dVertex
 10
180.6569414003787
 20
-7.700011109184804
 30
0.0
  0
SEQEND
  5
7C1
330
7BC
100
AcDbEntity
  8
Layer 01
  0
POLYLINE
  5
7C2
330
1F
100
AcDbEntity
  8
Layer 01
100
AcDb2dPolyline
 66
     1
 10
0.0
 20
0.0
 30
0.0
 70
     1
  0
VERTEX
  5
7C3
330
7C2
100
AcDbEntity
  8
Layer 01
100
AcDbVertex
100
AcDb2dVertex
 10
181.5429718767624
 20
-6.766458691161167
 30
0.0
  0
VERTEX
  5
7C4
330
7C2
100
AcDbEntity
  8
Layer 01
100
AcDbVertex
100
AcDb2dVertex
 10
181.9623509433529
 20
-7.252491356194964
 30
0.0
  0
VERTEX
  5
7C5
330
7C2
100
AcDbEntity
  8
Layer 01
100
AcDbVertex
100
AcDb2dVertex
 10
181.8844856953221
 20
-7.252491356194965
 30
0.0
  0
VERTEX
  5
7C6
330
7C2
100
AcDbEntity
  8
Layer 01
100
AcDbVertex
100
AcDb2dVertex
 10
181.4983379530162
 20
-6.804971603205149
 30
0.0
  0
SEQEND
  5
7C7
330
7C2
100
AcDbEntity
  8
Layer 01
  0
POLYLINE
  5
7C8
330
1F
100
AcDbEntity
  8
Layer 01
100
AcDb2dPolyline
 66
     1
 10
0.0
 20
0.0
 30
0.0
 70
     1
  0
VERTEX
  5
7C9
330
7C8
100
AcDbEntity
  8
Layer 01
100
AcDbVertex
100
AcDb2dVertex
 10
181.5429718767624
 20
-7.738524021228776
 30
0.0
  0
VERTEX
  5
7CA
330
7C8
100
AcDbEntity
  8
Layer 01
100
AcDbVertex
100
AcDb2dVertex
 10
181.9623509433529
 20
-7.25249135619497
 30
0.0
  0
VERTEX
  5
7CB
330
7C8
100
AcDbEntity
  8
Layer 01
100
AcDbVertex
100
AcDb2dVertex
 10
181.8844856953221
 20
-7.25249135619497
 30
0.0
  0
VERTEX
  5
7CC
330
7C8
100
AcDbEntity
  8
Layer 01
100
AcDbVertex
100
AcDb2dVertex
 10
181.4983379530162
 20
-7.700011109184796
 30
0.0
  0
SEQEND
  5
7CD
330
7C8
100
AcDbEntity
  8
Layer 01
  0
ENDSEC
  0
SECTION
  2
OBJECTS
  0
DICTIONARY
  5
C
330
0
100
AcDbDictionary
281
     1
  3
ACAD_DETAILVIEWSTYLE
350
809
  3
ACAD_GROUP
350
D
  3
ACAD_LAYOUT
350
1A
  3
ACAD_MATERIAL
350
43
  3
ACAD_MLEADERSTYLE
350
5B
  3
ACAD_MLINESTYLE
350
17
  3
ACAD_PLOTSETTINGS
350
19
  3
ACAD_PLOTSTYLENAME
350
E
  3
ACAD_SCALELIST
350
47
  3
ACAD_SECTIONVIEWSTYLE
350
80A
  3
ACAD_TABLESTYLE
350
59
  3
ACAD_VISUALSTYLE
350
2A
  3
ACDB_RECOMPOSE_DATA
350
806
  3
AcDbVariableDictionary
350
7CE
  0
SUN
  5
5D
330
29
100
AcDbSun
 90
        1
290
     0
 63
     7
421
 16777215
 40
1.0
291
     1
 91
  2455826
 92
 54000000
292
     0
 70
     2
 71
   256
280
     1
  0
DICTIONARY
  5
809
102
{ACAD_REACTORS
330
C
102
}
330
C
100
AcDbDictionary
281
     1
  0
DICTIONARY
  5
D
102
{ACAD_REACTORS
330
C
102
}
330
C
100
AcDbDictionary
281
     1
  0
DICTIONARY
  5
1A
102
{ACAD_REACTORS
330
C
102
}
330
C
100
AcDbDictionary
281
     1
  3
Layout1
350
1E
  3
Layout2
350
26
  3
Model
350
22
  0
DICTIONARY
  5
43
102
{ACAD_REACTORS
330
C
102
}
330
C
100
AcDbDictionary
281
     1
  3
ByBlock
350
45
  3
ByLayer
350
44
  3
Global
350
46
  0
DICTIONARY
  5
5B
102
{ACAD_REACTORS
330
C
102
}
330
C
100
AcDbDictionary
281
     1
  3
Standard
350
5C
  0
DICTIONARY
  5
17
102
{ACAD_REACTORS
330
C
102
}
330
C
100
AcDbDictionary
281
     1
  3
Standard
350
18
  0
DICTIONARY
  5
19
102
{ACAD_REACTORS
330
C
102
}
330
C
100
AcDbDictionary
281
     1
  0
ACDBDICTIONARYWDFLT
  5
E
102
{ACAD_REACTORS
330
C
102
}
330
C
100
AcDbDictionary
281
     1
  3
Normal
350
F
100
AcDbDictionaryWithDefault
340
F
  0
DICTIONARY
  5
47
102
{ACAD_REACTORS
330
C
102
}
330
C
100
AcDbDictionary
281
     1
  3
A0
350
48
  3
A1
350
49
  3
A2
350
4A
  3
A3
350
4B
  3
A4
350
4C
  3
A5
350
4D
  3
A6
350
4E
  3
A7
350
4F
  3
A8
350
50
  3
A9
350
51
  3
B1
350
52
  3
B2
350
53
  3
B3
350
54
  3
B4
350
55
  3
B5
350
56
  3
B6
350
57
  3
B7
350
58
  0
DICTIONARY
  5
80A
102
{ACAD_REACTORS
330
C
102
}
330
C
100
AcDbDictionary
281
     1
  0
DICTIONARY
  5
59
102
{ACAD_REACTORS
330
C
102
}
330
C
100
AcDbDictionary
281
     1
  3
Standard
350
5A
  0
DICTIONARY
  5
2A
102
{ACAD_REACTORS
330
C
102
}
330
C
100
AcDbDictionary
281
     1
  3
2dWireframe
350
2F
  3
Basic
350
32
  3
Brighten
350
36
  3
ColorChange
350
3A
  3
Conceptual
350
34
  3
Dim
350
35
  3
EdgeColorOff
350
3D
  3
Facepattern
350
39
  3
Flat
350
2B
  3
FlatWithEdges
350
2C
  3
Gouraud
350
2D
  3
GouraudWithEdges
350
2E
  3
Hidden
350
31
  3
JitterOff
350
3B
  3
Linepattern
350
38
  3
OverhangOff
350
3C
  3
Realistic
350
33
  3
Shaded
350
42
  3
Shaded with edges
350
41
  3
Shades of Gray
350
3E
  3
Sketchy
350
3F
  3
Thicken
350
37
  3
Wireframe
350
30
  3
X-Ray
350
40
  0
XRECORD
  5
806
102
{ACAD_REACTORS
330
C
102
}
330
C
100
AcDbXrecord
280
     1
 90
        1
330
5A
  0
DICTIONARY
  5
7CE
102
{ACAD_REACTORS
330
C
102
}
330
C
100
AcDbDictionary
281
     1
  3
CANNOSCALE
350
7CF
  3
CMLEADERSTYLE
350
808
  3
CTABLESTYLE
350
807
  3
XCLIPFRAME
350
7D0
  0
LAYOUT
  5
1E
102
{ACAD_REACTORS
330
1A
102
}
330
1A
100
AcDbPlotSettings
  1

  2
none_device
  4

  6

 40
0.0
 41
0.0
 42
0.0
 43
0.0
 44
0.0
 45
0.0
 46
0.0
 47
0.0
 48
0.0
 49
0.0
140
0.0
141
0.0
142
1.0
143
1.0
 70
   688
 72
     0
 73
     0
 74
     5
  7

 75
    16
 76
     0
 77
     2
 78
   300
147
1.0
148
0.0
149
0.0
100
AcDbLayout
  1
Layout1
 70
     1
 71
     1
 10
0.0
 20
0.0
 11
12.0
 21
9.0
 12
0.0
 22
0.0
 32
0.0
 14
1.000000000000000E+20
 24
1.000000000000000E+20
 34
1.000000000000000E+20
 15
-1.000000000000000E+20
 25
-1.000000000000000E+20
 35
-1.000000000000000E+20
146
0.0
 13
0.0
 23
0.0
 33
0.0
 16
1.0
 26
0.0
 36
0.0
 17
0.0
 27
1.0
 37
0.0
 76
     0
330
1B
  0
LAYOUT
  5
26
102
{ACAD_REACTORS
330
1A
102
}
330
1A
100
AcDbPlotSettings
  1

  2
none_device
  4

  6

 40
0.0
 41
0.0
 42
0.0
 43
0.0
 44
0.0
 45
0.0
 46
0.0
 47
0.0
 48
0.0
 49
0.0
140
0.0
141
0.0
142
1.0
143
1.0
 70
   688
 72
     0
 73
     0
 74
     5
  7

 75
    16
 76
     0
 77
     2
 78
   300
147
1.0
148
0.0
149
0.0
100
AcDbLayout
  1
Layout2
 70
     1
 71
     2
 10
0.0
 20
0.0
 11
0.0
 21
0.0
 12
0.0
 22
0.0
 32
0.0
 14
0.0
 24
0.0
 34
0.0
 15
0.0
 25
0.0
 35
0.0
146
0.0
 13
0.0
 23
0.0
 33
0.0
 16
1.0
 26
0.0
 36
0.0
 17
0.0
 27
1.0
 37
0.0
 76
     0
330
23
  0
LAYOUT
  5
22
102
{ACAD_REACTORS
330
1A
102
}
330
1A
100
AcDbPlotSettings
  1

  2
none_device
  4
Letter_(8.50_x_11.00_Inches)
  6

 40
6.35
 41
6.35
 42
6.35000508
 43
6.35000508
 44
215.9
 45
279.4
 46
0.0
 47
0.0
 48
0.0
 49
0.0
140
0.0
141
0.0
142
1.0
143
1.0
 70
  1712
 72
     0
 73
     0
 74
     0
  7

 75
     0
 76
     0
 77
     2
 78
   300
147
1.0
148
0.0
149
0.0
100
AcDbLayout
  1
Model
 70
     1
 71
     0
 10
0.0
 20
0.0
 11
12.0
 21
9.0
 12
0.0
 22
0.0
 32
0.0
 14
163.3848705034846
 24
-78.81672352484685
 34
-24.11869900116554
 15
251.4631088144792
 25
21.11634266834468
 35
0.0
146
0.0
 13
0.0
 23
0.0
 33
0.0
 16
1.0
 26
0.0
 36
0.0
 17
0.0
 27
1.0
 37
0.0
 76
     0
330
1F
331
29
  0
MATERIAL
  5
45
102
{ACAD_REACTORS
330
43
102
}
330
43
100
AcDbMaterial
  1
ByBlock
 72
     1
 94
      127
  0
MATERIAL
  5
44
102
{ACAD_REACTORS
330
43
102
}
330
43
100
AcDbMaterial
  1
ByLayer
 72
     1
 94
      127
  0
MATERIAL
  5
46
102
{ACAD_REACTORS
330
43
102
}
330
43
100
AcDbMaterial
  1
Global
 72
     1
 94
      127
  0
MLEADERSTYLE
  5
5C
102
{ACAD_REACTORS
330
5B
102
}
102
{ACAD_XDICTIONARY
360
804
102
}
330
5B
100
AcDbMLeaderStyle
170
     2
171
     1
172
     0
 90
        2
 40
0.0
 41
0.0
173
     1
 91
-1056964608
340
14
 92
       -2
290
     1
 42
0.09
291
     1
 43
0.36
  3
Standard
341
0
 44
0.18
300

342
11
174
     1
178
     6
175
     1
176
     0
 93
-1056964608
 45
0.18
292
     0
297
     0
 46
0.18
343
0
 94
-1056964608
 47
1.0
 49
1.0
140
1.0
293
     1
141
0.0
294
     1
177
     0
142
1.0
295
     0
296
     0
143
0.125
1001
ACAD_MLEADERVER
1070
     2
  0
MLINESTYLE
  5
18
102
{ACAD_REACTORS
330
17
102
}
330
17
100
AcDbMlineStyle
  2
Standard
 70
     0
  3

 62
   256
 51
90.0
 52
90.0
 71
     2
 49
0.5
 62
   256
  6
BYLAYER
 49
-0.5
 62
   256
  6
BYLAYER
  0
ACDBPLACEHOLDER
  5
F
102
{ACAD_REACTORS
330
E
102
}
330
E
  0
SCALE
  5
48
102
{ACAD_REACTORS
330
47
102
}
330
47
100
AcDbScale
 70
     0
300
1:1
140
1.0
141
1.0
290
     1
  0
SCALE
  5
49
102
{ACAD_REACTORS
330
47
102
}
330
47
100
AcDbScale
 70
     0
300
1/128" = 1'-0"
140
0.0078125
141
12.0
290
     0
  0
SCALE
  5
4A
102
{ACAD_REACTORS
330
47
102
}
330
47
100
AcDbScale
 70
     0
300
1/64" = 1'-0"
140
0.015625
141
12.0
290
     0
  0
SCALE
  5
4B
102
{ACAD_REACTORS
330
47
102
}
330
47
100
AcDbScale
 70
     0
300
1/32" = 1'-0"
140
0.03125
141
12.0
290
     0
  0
SCALE
  5
4C
102
{ACAD_REACTORS
330
47
102
}
330
47
100
AcDbScale
 70
     0
300
1/16" = 1'-0"
140
0.0625
141
12.0
290
     0
  0
SCALE
  5
4D
102
{ACAD_REACTORS
330
47
102
}
330
47
100
AcDbScale
 70
     0
300
3/32" = 1'-0"
140
0.09375
141
12.0
290
     0
  0
SCALE
  5
4E
102
{ACAD_REACTORS
330
47
102
}
330
47
100
AcDbScale
 70
     0
300
1/8" = 1'-0"
140
0.125
141
12.0
290
     0
  0
SCALE
  5
4F
102
{ACAD_REACTORS
330
47
102
}
330
47
100
AcDbScale
 70
     0
300
3/16" = 1'-0"
140
0.1875
141
12.0
290
     0
  0
SCALE
  5
50
102
{ACAD_REACTORS
330
47
102
}
330
47
100
AcDbScale
 70
     0
300
1/4" = 1'-0"
140
0.25
141
12.0
290
     0
  0
SCALE
  5
51
102
{ACAD_REACTORS
330
47
102
}
330
47
100
AcDbScale
 70
     0
300
3/8" = 1'-0"
140
0.375
141
12.0
290
     0
  0
SCALE
  5
52
102
{ACAD_REACTORS
330
47
102
}
330
47
100
AcDbScale
 70
     0
300
1/2" = 1'-0"
140
0.5
141
12.0
290
     0
  0
SCALE
  5
53
102
{ACAD_REACTORS
330
47
102
}
330
47
100
AcDbScale
 70
     0
300
3/4" = 1'-0"
140
0.75
141
12.0
290
     0
  0
SCALE
  5
54
102
{ACAD_REACTORS
330
47
102
}
330
47
100
AcDbScale
 70
     0
300
1" = 1'-0"
140
1.0
141
12.0
290
     0
  0
SCALE
  5
55
102
{ACAD_REACTORS
330
47
102
}
330
47
100
AcDbScale
 70
     0
300
1-1/2" = 1'-0"
140
1.5
141
12.0
290
     0
  0
SCALE
  5
56
102
{ACAD_REACTORS
330
47
102
}
330
47
100
AcDbScale
 70
     0
300
3" = 1'-0"
140
3.0
141
12.0
290
     0
  0
SCALE
  5
57
102
{ACAD_REACTORS
330
47
102
}
330
47
100
AcDbScale
 70
     0
300
6" = 1'-0"
140
6.0
141
12.0
290
     0
  0
SCALE
  5
58
102
{ACAD_REACTORS
330
47
102
}
330
47
100
AcDbScale
 70
     0
300
1'-0" = 1'-0"
140
12.0
141
12.0
290
     0
  0
TABLESTYLE
  5
5A
102
{ACAD_REACTORS
330
59
102
}
102
{ACAD_XDICTIONARY
360
801
102
}
330
59
100
AcDbTableStyle
  3
Standard
 70
     0
 71
     0
 40
0.06
 41
0.06
280
     0
281
     0
  7
Standard
140
0.18
170
     2
 62
     0
 63
   257
283
     0
 90
        4
 91
        0
  1

274
    -2
284
     1
 64
     0
275
    -2
285
     1
 65
     0
276
    -2
286
     1
 66
     0
277
    -2
287
     1
 67
     0
278
    -2
288
     1
 68
     0
279
    -2
289
     1
 69
     0
  7
Standard
140
0.25
170
     5
 62
     0
 63
   257
283
     0
 90
        4
 91
        0
  1

274
    -2
284
     1
 64
     0
275
    -2
285
     1
 65
     0
276
    -2
286
     1
 66
     0
277
    -2
287
     1
 67
     0
278
    -2
288
     1
 68
     0
279
    -2
289
     1
 69
     0
  7
Standard
140
0.18
170
     5
 62
     0
 63
   257
283
     0
 90
        4
 91
        0
  1

274
    -2
284
     1
 64
     0
275
    -2
285
     1
 65
     0
276
    -2
286
     1
 66
     0
277
    -2
287
     1
 67
     0
278
    -2
288
     1
 68
     0
279
    -2
289
     1
 69
     0
  0
VISUALSTYLE
  5
2F
102
{ACAD_REACTORS
330
2A
102
}
102
{ACAD_XDICTIONARY
360
7D9
102
}
330
2A
100
AcDbVisualStyle
  2
2dWireframe
 70
     4
 71
     0
 72
     2
 73
     0
 90
        0
 40
0.6
 41
30.0
 62
     5
 63
     7
421
 16777215
 74
     1
 91
        4
 64
     7
 65
   257
 75
     1
175
     1
 42
1.0
 92
        0
 66
   257
 43
1.0
 76
     1
 77
     6
 78
     2
 67
     7
 79
     5
170
     0
171
     0
290
     0
174
     0
 93
        1
 44
0.0
173
     0
291
     0
 45
0.0
  0
VISUALSTYLE
  5
32
102
{ACAD_REACTORS
330
2A
102
}
102
{ACAD_XDICTIONARY
360
7DF
102
}
330
2A
100
AcDbVisualStyle
  2
Basic
 70
     7
 71
     1
 72
     0
 73
     1
 90
        0
 40
0.6
 41
30.0
 62
     5
 63
     7
421
 16777215
 74
     0
 91
        4
 64
     7
 65
   257
 75
     1
175
     1
 42
1.0
 92
        8
 66
     7
 43
1.0
 76
     1
 77
     6
 78
     2
 67
     7
 79
     5
170
     0
171
     0
290
     0
174
     0
 93
        1
 44
0.0
173
     0
291
     1
 45
0.0
  0
VISUALSTYLE
  5
36
102
{ACAD_REACTORS
330
2A
102
}
102
{ACAD_XDICTIONARY
360
7E7
102
}
330
2A
100
AcDbVisualStyle
  2
Brighten
 70
    12
 71
     2
 72
     2
 73
     0
 90
        0
 40
0.6
 41
30.0
 62
     5
 63
     7
421
 16777215
 74
     1
 91
        4
 64
     7
 65
   257
 75
     1
175
     1
 42
1.0
 92
        8
 66
     7
 43
1.0
 76
     1
 77
     6
 78
     2
 67
     7
 79
     5
170
     0
171
     0
290
     0
174
     0
 93
        1
 44
50.0
173
     0
291
     1
 45
0.0
  0
VISUALSTYLE
  5
3A
102
{ACAD_REACTORS
330
2A
102
}
102
{ACAD_XDICTIONARY
360
7EF
102
}
330
2A
100
AcDbVisualStyle
  2
ColorChange
 70
    16
 71
     2
 72
     2
 73
     3
 90
        0
 40
0.6
 41
30.0
 62
     5
 63
     8
421
  8421504
 74
     1
 91
        4
 64
     7
 65
   257
 75
     1
175
     1
 42
1.0
 92
        8
 66
     8
424
  8421504
 43
1.0
 76
     1
 77
     6
 78
     2
 67
     7
 79
     5
170
     0
171
     0
290
     0
174
     0
 93
        1
 44
0.0
173
     0
291
     1
 45
0.0
  0
VISUALSTYLE
  5
34
102
{ACAD_REACTORS
330
2A
102
}
102
{ACAD_XDICTIONARY
360
7E3
102
}
330
2A
100
AcDbVisualStyle
  2
Conceptual
 70
     9
 71
     3
 72
     2
 73
     0
 90
        0
 40
0.6
 41
30.0
 62
     5
 63
     7
421
 16777215
 74
     2
 91
        2
 64
     7
 65
   257
 75
     1
175
     1
 42
179.0
 92
        8
 66
     7
 43
1.0
 76
     1
 77
     6
 78
     2
 67
     7
 79
     3
170
     0
171
     0
290
     0
174
     0
 93
        1
 44
0.0
173
     0
291
     0
 45
0.0
  0
VISUALSTYLE
  5
35
102
{ACAD_REACTORS
330
2A
102
}
102
{ACAD_XDICTIONARY
360
7E5
102
}
330
2A
100
AcDbVisualStyle
  2
Dim
 70
    11
 71
     2
 72
     2
 73
     0
 90
        0
 40
0.6
 41
30.0
 62
     5
 63
     7
421
 16777215
 74
     1
 91
        4
 64
     7
 65
   257
 75
     1
175
     1
 42
1.0
 92
        8
 66
     7
 43
1.0
 76
     1
 77
     6
 78
     2
 67
     7
 79
     5
170
     0
171
     0
290
     0
174
     0
 93
        1
 44
-50.0
173
     0
291
     1
 45
0.0
  0
VISUALSTYLE
  5
3D
102
{ACAD_REACTORS
330
2A
102
}
102
{ACAD_XDICTIONARY
360
7F5
102
}
330
2A
100
AcDbVisualStyle
  2
EdgeColorOff
 70
    22
 71
     2
 72
     2
 73
     0
 90
        0
 40
0.6
 41
30.0
 62
     5
 63
     7
421
 16777215
 74
     1
 91
        4
 64
     7
 65
   257
 75
     1
175
     1
 42
1.0
 92
        8
 66
     7
 43
1.0
 76
     1
 77
     6
 78
     2
 67
     7
 79
     5
170
     0
171
     0
290
     0
174
     0
 93
        1
 44
0.0
173
     0
291
     1
 45
0.0
  0
VISUALSTYLE
  5
39
102
{ACAD_REACTORS
330
2A
102
}
102
{ACAD_XDICTIONARY
360
7ED
102
}
330
2A
100
AcDbVisualStyle
  2
Facepattern
 70
    15
 71
     2
 72
     2
 73
     0
 90
        0
 40
0.6
 41
30.0
 62
     5
 63
     7
421
 16777215
 74
     1
 91
        4
 64
     7
 65
   257
 75
     1
175
     1
 42
1.0
 92
        8
 66
     7
 43
1.0
 76
     1
 77
     6
 78
     2
 67
     7
 79
     5
170
     0
171
     0
290
     0
174
     0
 93
        1
 44
0.0
173
     0
291
     1
 45
0.0
  0
VISUALSTYLE
  5
2B
102
{ACAD_REACTORS
330
2A
102
}
102
{ACAD_XDICTIONARY
360
7D1
102
}
330
2A
100
AcDbVisualStyle
  2
Flat
 70
     0
 71
     2
 72
     1
 73
     1
 90
        2
 40
0.6
 41
30.0
 62
     5
 63
     7
421
 16777215
 74
     0
 91
        0
 64
     7
 65
   257
 75
     1
175
     1
 42
1.0
 92
        8
 66
     7
 43
1.0
 76
     1
 77
     6
 78
     2
 67
     7
 79
     5
170
     0
171
     0
290
     0
174
     0
 93
       13
 44
0.0
173
     0
291
     1
 45
0.0
  0
VISUALSTYLE
  5
2C
102
{ACAD_REACTORS
330
2A
102
}
102
{ACAD_XDICTIONARY
360
7D3
102
}
330
2A
100
AcDbVisualStyle
  2
FlatWithEdges
 70
     1
 71
     2
 72
     1
 73
     1
 90
        2
 40
0.6
 41
30.0
 62
     5
 63
     7
421
 16777215
 74
     1
 91
        0
 64
     7
 65
   257
 75
     1
175
     1
 42
1.0
 92
        0
 66
   257
 43
1.0
 76
     1
 77
     6
 78
     2
 67
     7
 79
     5
170
     0
171
     0
290
     0
174
     0
 93
       13
 44
0.0
173
     0
291
     1
 45
0.0
  0
VISUALSTYLE
  5
2D
102
{ACAD_REACTORS
330
2A
102
}
102
{ACAD_XDICTIONARY
360
7D5
102
}
330
2A
100
AcDbVisualStyle
  2
Gouraud
 70
     2
 71
     2
 72
     2
 73
     1
 90
        2
 40
0.6
 41
30.0
 62
     5
 63
     7
421
 16777215
 74
     0
 91
        0
 64
     7
 65
   257
 75
     1
175
     1
 42
1.0
 92
        0
 66
     7
 43
1.0
 76
     1
 77
     6
 78
     2
 67
     7
 79
     5
170
     0
171
     0
290
     0
174
     0
 93
       13
 44
0.0
173
     0
291
     1
 45
0.0
  0
VISUALSTYLE
  5
2E
102
{ACAD_REACTORS
330
2A
102
}
102
{ACAD_XDICTIONARY
360
7D7
102
}
330
2A
100
AcDbVisualStyle
  2
GouraudWithEdges
 70
     3
 71
     2
 72
     2
 73
     1
 90
        2
 40
0.6
 41
30.0
 62
     5
 63
     7
421
 16777215
 74
     1
 91
        0
 64
     7
 65
   257
 75
     1
175
     1
 42
1.0
 92
        0
 66
   257
 43
1.0
 76
     1
 77
     6
 78
     2
 67
     7
 79
     5
170
     0
171
     0
290
     0
174
     0
 93
       13
 44
0.0
173
     0
291
     1
 45
0.0
  0
VISUALSTYLE
  5
31
102
{ACAD_REACTORS
330
2A
102
}
102
{ACAD_XDICTIONARY
360
7DD
102
}
330
2A
100
AcDbVisualStyle
  2
Hidden
 70
     6
 71
     1
 72
     2
 73
     2
 90
        0
 40
0.6
 41
30.0
 62
     5
 63
     7
421
 16777215
 74
     2
 91
        2
 64
     7
 65
   257
 75
     2
175
     1
 42
40.0
 92
        0
 66
   257
 43
1.0
 76
     1
 77
     6
 78
     2
 67
     7
 79
     3
170
     0
171
     0
290
     0
174
     0
 93
        1
 44
0.0
173
     0
291
     0
 45
0.0
  0
VISUALSTYLE
  5
3B
102
{ACAD_REACTORS
330
2A
102
}
102
{ACAD_XDICTIONARY
360
7F1
102
}
330
2A
100
AcDbVisualStyle
  2
JitterOff
 70
    20
 71
     2
 72
     2
 73
     0
 90
        0
 40
0.6
 41
30.0
 62
     5
 63
     7
421
 16777215
 74
     1
 91
        4
 64
     7
 65
   257
 75
     1
175
     1
 42
1.0
 92
       10
 66
     7
 43
1.0
 76
     1
 77
     6
 78
     2
 67
     7
 79
     5
170
     0
171
     0
290
     0
174
     0
 93
        1
 44
0.0
173
     0
291
     1
 45
0.0
  0
VISUALSTYLE
  5
38
102
{ACAD_REACTORS
330
2A
102
}
102
{ACAD_XDICTIONARY
360
7EB
102
}
330
2A
100
AcDbVisualStyle
  2
Linepattern
 70
    14
 71
     2
 72
     2
 73
     0
 90
        0
 40
0.6
 41
30.0
 62
     5
 63
     7
421
 16777215
 74
     1
 91
        4
 64
     7
 65
   257
 75
     7
175
     7
 42
1.0
 92
        8
 66
     7
 43
1.0
 76
     1
 77
     6
 78
     2
 67
     7
 79
     5
170
     0
171
     0
290
     0
174
     0
 93
        1
 44
0.0
173
     0
291
     1
 45
0.0
  0
VISUALSTYLE
  5
3C
102
{ACAD_REACTORS
330
2A
102
}
102
{ACAD_XDICTIONARY
360
7F3
102
}
330
2A
100
AcDbVisualStyle
  2
OverhangOff
 70
    21
 71
     2
 72
     2
 73
     0
 90
        0
 40
0.6
 41
30.0
 62
     5
 63
     7
421
 16777215
 74
     1
 91
        4
 64
     7
 65
   257
 75
     1
175
     1
 42
1.0
 92
        9
 66
     7
 43
1.0
 76
     1
 77
     6
 78
     2
 67
     7
 79
     5
170
     0
171
     0
290
     0
174
     0
 93
        1
 44
0.0
173
     0
291
     1
 45
0.0
  0
VISUALSTYLE
  5
33
102
{ACAD_REACTORS
330
2A
102
}
102
{ACAD_XDICTIONARY
360
7E1
102
}
330
2A
100
AcDbVisualStyle
  2
Realistic
 70
     8
 71
     2
 72
     3
 73
     0
 90
        2
 40
0.6
 41
30.0
 62
     5
 63
     7
421
 16777215
 74
     0
 91
        0
 64
     7
 65
   257
 75
     1
175
     1
 42
1.0
 92
        8
 66
   257
 43
1.0
 76
     1
 77
     6
 78
     2
 67
     7
 79
     3
170
     0
171
     0
290
     0
174
     0
 93
       13
 44
0.0
173
     0
291
     0
 45
0.0
  0
VISUALSTYLE
  5
42
102
{ACAD_REACTORS
330
2A
102
}
102
{ACAD_XDICTIONARY
360
7FF
102
}
330
2A
100
AcDbVisualStyle
  2
Shaded
 70
    27
 71
     2
 72
     2
 73
     1
 90
        2
 40
0.6
 41
30.0
 62
     5
 63
     7
421
 16777215
 74
     0
 91
        4
 64
     7
 65
   257
 75
     1
175
     1
 42
1.0
 92
        8
 66
   257
 43
1.0
 76
     1
 77
     6
 78
     2
 67
     8
425
  7895160
 79
     3
170
     0
171
     0
290
     0
174
     0
 93
        5
 44
0.0
173
     0
291
     0
 45
0.0
  0
VISUALSTYLE
  5
41
102
{ACAD_REACTORS
330
2A
102
}
102
{ACAD_XDICTIONARY
360
7FD
102
}
330
2A
100
AcDbVisualStyle
  2
Shaded with edges
 70
    26
 71
     2
 72
     2
 73
     1
 90
        2
 40
0.6
 41
30.0
 62
     5
 63
     7
421
 16777215
 74
     1
 91
       10
 64
     7
 65
   257
 75
     2
175
     1
 42
1.0
 92
        8
 66
   257
 43
1.0
 76
     1
 77
     6
 78
     2
 67
     7
 79
     3
170
     0
171
     0
290
     0
174
     0
 93
        5
 44
0.0
173
     0
291
     0
 45
0.0
  0
VISUALSTYLE
  5
3E
102
{ACAD_REACTORS
330
2A
102
}
102
{ACAD_XDICTIONARY
360
7F7
102
}
330
2A
100
AcDbVisualStyle
  2
Shades of Gray
 70
    23
 71
     2
 72
     2
 73
     3
 90
        0
 40
0.6
 41
30.0
 62
     5
 63
     7
421
 16777215
 74
     2
 91
        2
 64
     7
 65
     7
 75
     1
175
     1
 42
40.0
 92
        8
 66
     7
 43
1.0
 76
     1
 77
     6
 78
     2
 67
     7
 79
     3
170
     0
171
     0
290
     0
174
     0
 93
        1
 44
0.0
173
     0
291
     0
 45
0.0
  0
VISUALSTYLE
  5
3F
102
{ACAD_REACTORS
330
2A
102
}
102
{ACAD_XDICTIONARY
360
7F9
102
}
330
2A
100
AcDbVisualStyle
  2
Sketchy
 70
    24
 71
     1
 72
     2
 73
     2
 90
        0
 40
0.6
 41
30.0
 62
     5
 63
     7
421
 16777215
 74
     2
 91
        2
 64
     7
 65
     7
 75
     1
175
     1
 42
40.0
 92
       11
 66
     7
 43
1.0
 76
     1
 77
     6
 78
     2
 67
     7
 79
     6
170
     0
171
     0
290
     0
174
     0
 93
        1
 44
0.0
173
     0
291
     0
 45
0.0
  0
VISUALSTYLE
  5
37
102
{ACAD_REACTORS
330
2A
102
}
102
{ACAD_XDICTIONARY
360
7E9
102
}
330
2A
100
AcDbVisualStyle
  2
Thicken
 70
    13
 71
     2
 72
     2
 73
     0
 90
        0
 40
0.6
 41
30.0
 62
     5
 63
     7
421
 16777215
 74
     1
 91
        4
 64
     7
 65
   257
 75
     1
175
     1
 42
1.0
 92
       12
 66
     7
 43
1.0
 76
     1
 77
     6
 78
     2
 67
     7
 79
     5
170
     0
171
     0
290
     0
174
     0
 93
        1
 44
0.0
173
     0
291
     1
 45
0.0
  0
VISUALSTYLE
  5
30
102
{ACAD_REACTORS
330
2A
102
}
102
{ACAD_XDICTIONARY
360
7DB
102
}
330
2A
100
AcDbVisualStyle
  2
Wireframe
 70
     5
 71
     0
 72
     2
 73
     0
 90
        0
 40
0.6
 41
30.0
 62
     5
 63
     7
421
 16777215
 74
     1
 91
        4
 64
     7
 65
   257
 75
     1
175
     1
 42
1.0
 92
        0
 66
   257
 43
1.0
 76
     1
 77
     6
 78
     2
 67
     7
 79
     3
170
     0
171
     0
290
     0
174
     0
 93
        1
 44
0.0
173
     0
291
     0
 45
0.0
  0
VISUALSTYLE
  5
40
102
{ACAD_REACTORS
330
2A
102
}
102
{ACAD_XDICTIONARY
360
7FB
102
}
330
2A
100
AcDbVisualStyle
  2
X-Ray
 70
    25
 71
     2
 72
     2
 73
     1
 90
        1
 40
0.5
 41
30.0
 62
     5
 63
     7
421
 16777215
 74
     1
 91
        0
 64
     7
 65
   257
 75
     1
175
     1
 42
1.0
 92
        8
 66
     7
 43
1.0
 76
     1
 77
     6
 78
     2
 67
     7
 79
     3
170
     0
171
     0
290
     0
174
     0
 93
       13
 44
0.0
173
     0
291
     0
 45
0.0
  0
DICTIONARYVAR
  5
7CF
102
{ACAD_REACTORS
330
7CE
102
}
330
7CE
100
DictionaryVariables
280
     0
  1
1:1
  0
DICTIONARYVAR
  5
808
102
{ACAD_REACTORS
330
7CE
102
}
330
7CE
100
DictionaryVariables
280
     0
  1
Standard
  0
DICTIONARYVAR
  5
807
102
{ACAD_REACTORS
330
7CE
102
}
330
7CE
100
DictionaryVariables
280
     0
  1
Standard
  0
DICTIONARYVAR
  5
7D0
102
{ACAD_REACTORS
330
7CE
102
}
330
7CE
100
DictionaryVariables
280
     0
  1
2
  0
DICTIONARY
  5
804
330
5C
100
AcDbDictionary
280
     1
281
     1
  3
ACAD_XREC_ROUNDTRIP
360
805
  0
DICTIONARY
  5
801
330
5A
100
AcDbDictionary
280
     1
281
     1
  3
ACAD_ROUNDTRIP_2008_TABLESTYLE_CELLSTYLEMAP
360
802
  0
DICTIONARY
  5
7D9
330
2F
100
AcDbDictionary
280
     1
281
     1
  3
ACAD_XREC_ROUNDTRIP
360
7DA
  0
DICTIONARY
  5
7DF
330
32
100
AcDbDictionary
280
     1
281
     1
  3
ACAD_XREC_ROUNDTRIP
360
7E0
  0
DICTIONARY
  5
7E7
330
36
100
AcDbDictionary
280
     1
281
     1
  3
ACAD_XREC_ROUNDTRIP
360
7E8
  0
DICTIONARY
  5
7EF
330
3A
100
AcDbDictionary
280
     1
281
     1
  3
ACAD_XREC_ROUNDTRIP
360
7F0
  0
DICTIONARY
  5
7E3
330
34
100
AcDbDictionary
280
     1
281
     1
  3
ACAD_XREC_ROUNDTRIP
360
7E4
  0
DICTIONARY
  5
7E5
330
35
100
AcDbDictionary
280
     1
281
     1
  3
ACAD_XREC_ROUNDTRIP
360
7E6
  0
DICTIONARY
  5
7F5
330
3D
100
AcDbDictionary
280
     1
281
     1
  3
ACAD_XREC_ROUNDTRIP
360
7F6
  0
DICTIONARY
  5
7ED
330
39
100
AcDbDictionary
280
     1
281
     1
  3
ACAD_XREC_ROUNDTRIP
360
7EE
  0
DICTIONARY
  5
7D1
330
2B
100
AcDbDictionary
280
     1
281
     1
  3
ACAD_XREC_ROUNDTRIP
360
7D2
  0
DICTIONARY
  5
7D3
330
2C
100
AcDbDictionary
280
     1
281
     1
  3
ACAD_XREC_ROUNDTRIP
360
7D4
  0
DICTIONARY
  5
7D5
330
2D
100
AcDbDictionary
280
     1
281
     1
  3
ACAD_XREC_ROUNDTRIP
360
7D6
  0
DICTIONARY
  5
7D7
330
2E
100
AcDbDictionary
280
     1
281
     1
  3
ACAD_XREC_ROUNDTRIP
360
7D8
  0
DICTIONARY
  5
7DD
330
31
100
AcDbDictionary
280
     1
281
     1
  3
ACAD_XREC_ROUNDTRIP
360
7DE
  0
DICTIONARY
  5
7F1
330
3B
100
AcDbDictionary
280
     1
281
     1
  3
ACAD_XREC_ROUNDTRIP
360
7F2
  0
DICTIONARY
  5
7EB
330
38
100
AcDbDictionary
280
     1
281
     1
  3
ACAD_XREC_ROUNDTRIP
360
7EC
  0
DICTIONARY
  5
7F3
330
3C
100
AcDbDictionary
280
     1
281
     1
  3
ACAD_XREC_ROUNDTRIP
360
7F4
  0
DICTIONARY
  5
7E1
330
33
100
AcDbDictionary
280
     1
281
     1
  3
ACAD_XREC_ROUNDTRIP
360
7E2
  0
DICTIONARY
  5
7FF
330
42
100
AcDbDictionary
280
     1
281
     1
  3
ACAD_XREC_ROUNDTRIP
360
800
  0
DICTIONARY
  5
7FD
330
41
100
AcDbDictionary
280
     1
281
     1
  3
ACAD_XREC_ROUNDTRIP
360
7FE
  0
DICTIONARY
  5
7F7
330
3E
100
AcDbDictionary
280
     1
281
     1
  3
ACAD_XREC_ROUNDTRIP
360
7F8
  0
DICTIONARY
  5
7F9
330
3F
100
AcDbDictionary
280
     1
281
     1
  3
ACAD_XREC_ROUNDTRIP
360
7FA
  0
DICTIONARY
  5
7E9
330
37
100
AcDbDictionary
280
     1
281
     1
  3
ACAD_XREC_ROUNDTRIP
360
7EA
  0
DICTIONARY
  5
7DB
330
30
100
AcDbDictionary
280
     1
281
     1
  3
ACAD_XREC_ROUNDTRIP
360
7DC
  0
DICTIONARY
  5
7FB
330
40
100
AcDbDictionary
280
     1
281
     1
  3
ACAD_XREC_ROUNDTRIP
360
7FC
  0
XRECORD
  5
805
102
{ACAD_REACTORS
330
804
102
}
330
804
100
AcDbXrecord
280
     1
102
ACAD_ROUNDTRIP_2010_MLEADER_STYLE
  0
CELLSTYLEMAP
  5
802
102
{ACAD_REACTORS
330
801
102
}
330
801
100
AcDbCellStyleMap
 90
        3
300
CELLSTYLE
  1
TABLEFORMAT_BEGIN
 90
        5
170
     1
 91
        0
 92
    32768
 62
   257
 93
        1
300
CONTENTFORMAT
  1
CONTENTFORMAT_BEGIN
 90
        0
 91
        0
 92
        4
 93
        0
300

 40
0.0
140
1.0
 94
        5
 62
     0
340
11
144
0.25
309
CONTENTFORMAT_END
171
     1
301
MARGIN
  1
CELLMARGIN_BEGIN
 40
0.06
 40
0.06
 40
0.06
 40
0.06
 40
0.06
 40
0.06
309
CELLMARGIN_END
 94
        6
 95
        1
302
GRIDFORMAT
  1
GRIDFORMAT_BEGIN
 90
        0
 91
        1
 62
     0
 92
       -2
340
14
 93
        0
 40
0.045
309
GRIDFORMAT_END
 95
        2
302
GRIDFORMAT
  1
GRIDFORMAT_BEGIN
 90
        0
 91
        1
 62
     0
 92
       -2
340
14
 93
        0
 40
0.045
309
GRIDFORMAT_END
 95
        4
302
GRIDFORMAT
  1
GRIDFORMAT_BEGIN
 90
        0
 91
        1
 62
     0
 92
       -2
340
14
 93
        0
 40
0.045
309
GRIDFORMAT_END
 95
        8
302
GRIDFORMAT
  1
GRIDFORMAT_BEGIN
 90
        0
 91
        1
 62
     0
 92
       -2
340
14
 93
        0
 40
0.045
309
GRIDFORMAT_END
 95
       16
302
GRIDFORMAT
  1
GRIDFORMAT_BEGIN
 90
        0
 91
        1
 62
     0
 92
       -2
340
14
 93
        0
 40
0.045
309
GRIDFORMAT_END
 95
       32
302
GRIDFORMAT
  1
GRIDFORMAT_BEGIN
 90
        0
 91
        1
 62
     0
 92
       -2
340
14
 93
        0
 40
0.045
309
GRIDFORMAT_END
309
TABLEFORMAT_END
  1
CELLSTYLE_BEGIN
 90
        1
 91
        1
300
_TITLE
309
CELLSTYLE_END
300
CELLSTYLE
  1
TABLEFORMAT_BEGIN
 90
        5
170
     1
 91
        0
 92
        0
 62
   257
 93
        1
300
CONTENTFORMAT
  1
CONTENTFORMAT_BEGIN
 90
        0
 91
        0
 92
        4
 93
        0
300

 40
0.0
140
1.0
 94
        5
 62
     0
340
11
144
0.18
309
CONTENTFORMAT_END
171
     1
301
MARGIN
  1
CELLMARGIN_BEGIN
 40
0.06
 40
0.06
 40
0.06
 40
0.06
 40
0.06
 40
0.06
309
CELLMARGIN_END
 94
        6
 95
        1
302
GRIDFORMAT
  1
GRIDFORMAT_BEGIN
 90
        0
 91
        1
 62
     0
 92
       -2
340
14
 93
        0
 40
0.045
309
GRIDFORMAT_END
 95
        2
302
GRIDFORMAT
  1
GRIDFORMAT_BEGIN
 90
        0
 91
        1
 62
     0
 92
       -2
340
14
 93
        0
 40
0.045
309
GRIDFORMAT_END
 95
        4
302
GRIDFORMAT
  1
GRIDFORMAT_BEGIN
 90
        0
 91
        1
 62
     0
 92
       -2
340
14
 93
        0
 40
0.045
309
GRIDFORMAT_END
 95
        8
302
GRIDFORMAT
  1
GRIDFORMAT_BEGIN
 90
        0
 91
        1
 62
     0
 92
       -2
340
14
 93
        0
 40
0.045
309
GRIDFORMAT_END
 95
       16
302
GRIDFORMAT
  1
GRIDFORMAT_BEGIN
 90
        0
 91
        1
 62
     0
 92
       -2
340
14
 93
        0
 40
0.045
309
GRIDFORMAT_END
 95
       32
302
GRIDFORMAT
  1
GRIDFORMAT_BEGIN
 90
        0
 91
        1
 62
     0
 92
       -2
340
14
 93
        0
 40
0.045
309
GRIDFORMAT_END
309
TABLEFORMAT_END
  1
CELLSTYLE_BEGIN
 90
        2
 91
        1
300
_HEADER
309
CELLSTYLE_END
300
CELLSTYLE
  1
TABLEFORMAT_BEGIN
 90
        5
170
     1
 91
        0
 92
        0
 62
   257
 93
        1
300
CONTENTFORMAT
  1
CONTENTFORMAT_BEGIN
 90
        0
 91
        0
 92
        4
 93
        0
300

 40
0.0
140
1.0
 94
        2
 62
     0
340
11
144
0.18
309
CONTENTFORMAT_END
171
     1
301
MARGIN
  1
CELLMARGIN_BEGIN
 40
0.06
 40
0.06
 40
0.06
 40
0.06
 40
0.06
 40
0.06
309
CELLMARGIN_END
 94
        6
 95
        1
302
GRIDFORMAT
  1
GRIDFORMAT_BEGIN
 90
        0
 91
        1
 62
     0
 92
       -2
340
14
 93
        0
 40
0.045
309
GRIDFORMAT_END
 95
        2
302
GRIDFORMAT
  1
GRIDFORMAT_BEGIN
 90
        0
 91
        1
 62
     0
 92
       -2
340
14
 93
        0
 40
0.045
309
GRIDFORMAT_END
 95
        4
302
GRIDFORMAT
  1
GRIDFORMAT_BEGIN
 90
        0
 91
        1
 62
     0
 92
       -2
340
14
 93
        0
 40
0.045
309
GRIDFORMAT_END
 95
        8
302
GRIDFORMAT
  1
GRIDFORMAT_BEGIN
 90
        0
 91
        1
 62
     0
 92
       -2
340
14
 93
        0
 40
0.045
309
GRIDFORMAT_END
 95
       16
302
GRIDFORMAT
  1
GRIDFORMAT_BEGIN
 90
        0
 91
        1
 62
     0
 92
       -2
340
14
 93
        0
 40
0.045
309
GRIDFORMAT_END
 95
       32
302
GRIDFORMAT
  1
GRIDFORMAT_BEGIN
 90
        0
 91
        1
 62
     0
 92
       -2
340
14
 93
        0
 40
0.045
309
GRIDFORMAT_END
309
TABLEFORMAT_END
  1
CELLSTYLE_BEGIN
 90
        3
 91
        2
300
_DATA
309
CELLSTYLE_END
  0
XRECORD
  5
7DA
102
{ACAD_REACTORS
330
7D9
102
}
330
7D9
100
AcDbXrecord
280
     1
102
RTVSPropertyOp0
 70
     1
102
RTVSPropertyOp1
 70
     1
102
RTVSPropertyOp2
 70
     1
102
RTVSPropertyOp3
 70
     1
102
RTVSPropertyOp4
 70
     1
102
RTVSPropertyOp5
 70
     1
102
RTVSPropertyOp6
 70
     1
102
RTVSPropertyOp7
 70
     1
102
RTVSPropertyOp8
 70
     1
102
RTVSPropertyOp9
 70
     1
102
RTVSPropertyOp10
 70
     1
102
RTVSPropertyOp11
 70
     1
102
RTVSPropertyOp12
 70
     1
102
RTVSPropertyOp13
 70
     1
102
RTVSPropertyOp14
 70
     1
102
RTVSPropertyOp15
 70
     1
102
RTVSPropertyOp16
 70
     1
102
RTVSPropertyOp17
 70
     1
102
RTVSPropertyOp18
 70
     1
102
RTVSPropertyOp19
 70
     1
102
RTVSPropertyOp20
 70
     1
102
RTVSPropertyOp21
 70
     1
102
RTVSPropertyOp22
 70
     1
102
RTVSPropertyOp23
 70
     1
102
RTVSPropertyOp24
 70
     1
102
RTVSPropertyOp25
 70
     1
102
RTVSPropertyOp26
 70
     1
102
RTVSPropertyOp27
 70
     1
102
RTVSPropertyOp28
 70
     1
102
RTVSPropertyOp29
 70
     1
102
RTVSPropertyOp30
 70
     1
102
RTVSPropertyOp31
 70
     1
102
RTVSPropertyOp32
 70
     1
102
RTVSPropertyOp33
 70
     1
102
RTVSPropertyOp34
 70
     1
102
RTVSPropertyOp35
 70
     1
102
RTVSPropertyOp36
 70
     1
102
RTVSPropertyOp37
 70
     1
102
RTVSPropertyOp38
 70
     1
102
RTVSPropertyOp39
 70
     1
102
RTVSPropertyOp40
 70
     1
102
RTVSPropertyOp41
 70
     1
102
RTVSPropertyOp42
 70
     1
102
RTVSPropertyOp43
 70
     1
102
RTVSPropertyOp44
 70
     1
102
RTVSPropertyOp45
 70
     1
102
RTVSPropertyOp46
 70
     1
102
RTVSPropertyOp47
 70
     1
102
RTVSPropertyOp48
 70
     1
102
RTVSPropertyOp49
 70
     1
102
RTVSPropertyOp50
 70
     1
102
RTVSPropertyOp51
 70
     0
102
RTVSPropertyOp52
 70
     0
102
RTVSPropertyOp53
 70
     1
102
RTVSPropertyOp54
 70
     1
102
RTVSPropertyOp55
 70
     1
102
RTVSPropertyOp56
 70
     1
102
RTVSPropertyOp57
 70
     1
102
RTVSPost2010Prop28
280
     1
102
RTVSPost2010PropOp28
 70
     1
102
RTVSPost2010Prop29
280
     1
102
RTVSPost2010PropOp29
 70
     1
102
RTVSPost2010Prop30
280
     0
102
RTVSPost2010PropOp30
 70
     1
102
RTVSPost2010Prop31
280
     0
102
RTVSPost2010PropOp31
 70
     1
102
RTVSPost2010Prop32
280
     0
102
RTVSPost2010PropOp32
 70
     1
102
RTVSPost2010Prop33
280
     0
102
RTVSPost2010PropOp33
 70
     1
102
RTVSPost2010Prop34
280
     0
102
RTVSPost2010PropOp34
 70
     1
102
RTVSPost2010Prop35
280
     0
102
RTVSPost2010PropOp35
 70
     1
102
RTVSPost2010Prop36
280
     0
102
RTVSPost2010PropOp36
 70
     1
102
RTVSPost2010Prop37
 90
       50
102
RTVSPost2010PropOp37
 70
     1
102
RTVSPost2010Prop38
140
0.0
102
RTVSPost2010PropOp38
 70
     1
102
RTVSPost2010Prop39
140
1.0
102
RTVSPost2010PropOp39
 70
     1
102
RTVSPost2010Prop40
 90
        0
102
RTVSPost2010PropOp40
 70
     1
102
RTVSPost2010Prop41ColorIndex
 90
       18
102
RTVSPost2010Prop41ColorRGB
 90
        0
102
RTVSPost2010PropOp41
 70
     1
102
RTVSPost2010Prop42
 90
       50
102
RTVSPost2010PropOp42
 70
     1
102
RTVSPost2010Prop43
 90
        3
102
RTVSPost2010PropOp43
 70
     1
102
RTVSPost2010Prop44ColorIndex
 90
        5
102
RTVSPost2010Prop44ColorRGB
 90
      255
102
RTVSPost2010PropOp44
 70
     1
102
RTVSPost2010Prop45
280
     0
102
RTVSPost2010PropOp45
 70
     1
102
RTVSPost2010Prop46
 90
       50
102
RTVSPost2010PropOp46
 70
     1
102
RTVSPost2010Prop47
 90
       50
102
RTVSPost2010PropOp47
 70
     1
102
RTVSPost2010Prop48
 90
       50
102
RTVSPost2010PropOp48
 70
     1
102
RTVSPost2010Prop49
280
     0
102
RTVSPost2010PropOp49
 70
     1
102
RTVSPost2010Prop50
 90
       50
102
RTVSPost2010PropOp50
 70
     1
102
RTVSPost2010Prop51ColorIndex
 90
      256
102
RTVSPost2010Prop51ColorRGB
 90
-16777216
102
RTVSPost2010PropOp51
 70
     0
102
RTVSPost2010Prop52
140
1.0
102
RTVSPost2010PropOp52
 70
     0
102
RTVSPost2010Prop53
 90
        2
102
RTVSPost2010PropOp53
 70
     1
102
RTVSPost2010Prop54
  1
strokes_ogs.tif
102
RTVSPost2010PropOp54
 70
     1
102
RTVSPost2010Prop55
280
     0
102
RTVSPost2010PropOp55
 70
     1
102
RTVSPost2010Prop56
140
1.0
102
RTVSPost2010PropOp56
 70
     1
102
RTVSPost2010Prop57
140
1.0
102
RTVSPost2010PropOp57
 70
     1
  0
XRECORD
  5
7E0
102
{ACAD_REACTORS
330
7DF
102
}
330
7DF
100
AcDbXrecord
280
     1
102
RTVSPropertyOp0
 70
     1
102
RTVSPropertyOp1
 70
     1
102
RTVSPropertyOp2
 70
     1
102
RTVSPropertyOp3
 70
     1
102
RTVSPropertyOp4
 70
     1
102
RTVSPropertyOp5
 70
     1
102
RTVSPropertyOp6
 70
     1
102
RTVSPropertyOp7
 70
     1
102
RTVSPropertyOp8
 70
     1
102
RTVSPropertyOp9
 70
     1
102
RTVSPropertyOp10
 70
     1
102
RTVSPropertyOp11
 70
     1
102
RTVSPropertyOp12
 70
     1
102
RTVSPropertyOp13
 70
     1
102
RTVSPropertyOp14
 70
     1
102
RTVSPropertyOp15
 70
     1
102
RTVSPropertyOp16
 70
     1
102
RTVSPropertyOp17
 70
     1
102
RTVSPropertyOp18
 70
     1
102
RTVSPropertyOp19
 70
     1
102
RTVSPropertyOp20
 70
     1
102
RTVSPropertyOp21
 70
     1
102
RTVSPropertyOp22
 70
     1
102
RTVSPropertyOp23
 70
     1
102
RTVSPropertyOp24
 70
     1
102
RTVSPropertyOp25
 70
     1
102
RTVSPropertyOp26
 70
     1
102
RTVSPropertyOp27
 70
     1
102
RTVSPropertyOp28
 70
     1
102
RTVSPropertyOp29
 70
     1
102
RTVSPropertyOp30
 70
     1
102
RTVSPropertyOp31
 70
     1
102
RTVSPropertyOp32
 70
     1
102
RTVSPropertyOp33
 70
     1
102
RTVSPropertyOp34
 70
     1
102
RTVSPropertyOp35
 70
     1
102
RTVSPropertyOp36
 70
     1
102
RTVSPropertyOp37
 70
     1
102
RTVSPropertyOp38
 70
     1
102
RTVSPropertyOp39
 70
     1
102
RTVSPropertyOp40
 70
     1
102
RTVSPropertyOp41
 70
     1
102
RTVSPropertyOp42
 70
     1
102
RTVSPropertyOp43
 70
     1
102
RTVSPropertyOp44
 70
     1
102
RTVSPropertyOp45
 70
     1
102
RTVSPropertyOp46
 70
     1
102
RTVSPropertyOp47
 70
     1
102
RTVSPropertyOp48
 70
     1
102
RTVSPropertyOp49
 70
     1
102
RTVSPropertyOp50
 70
     1
102
RTVSPropertyOp51
 70
     0
102
RTVSPropertyOp52
 70
     0
102
RTVSPropertyOp53
 70
     1
102
RTVSPropertyOp54
 70
     1
102
RTVSPropertyOp55
 70
     1
102
RTVSPropertyOp56
 70
     1
102
RTVSPropertyOp57
 70
     1
102
RTVSPost2010Prop28
280
     0
102
RTVSPost2010PropOp28
 70
     1
102
RTVSPost2010Prop29
280
     1
102
RTVSPost2010PropOp29
 70
     1
102
RTVSPost2010Prop30
280
     1
102
RTVSPost2010PropOp30
 70
     1
102
RTVSPost2010Prop31
280
     0
102
RTVSPost2010PropOp31
 70
     1
102
RTVSPost2010Prop32
280
     0
102
RTVSPost2010PropOp32
 70
     1
102
RTVSPost2010Prop33
280
     0
102
RTVSPost2010PropOp33
 70
     1
102
RTVSPost2010Prop34
280
     0
102
RTVSPost2010PropOp34
 70
     1
102
RTVSPost2010Prop35
280
     0
102
RTVSPost2010PropOp35
 70
     1
102
RTVSPost2010Prop36
280
     0
102
RTVSPost2010PropOp36
 70
     1
102
RTVSPost2010Prop37
 90
       50
102
RTVSPost2010PropOp37
 70
     1
102
RTVSPost2010Prop38
140
0.0
102
RTVSPost2010PropOp38
 70
     1
102
RTVSPost2010Prop39
140
1.0
102
RTVSPost2010PropOp39
 70
     1
102
RTVSPost2010Prop40
 90
        0
102
RTVSPost2010PropOp40
 70
     1
102
RTVSPost2010Prop41ColorIndex
 90
       18
102
RTVSPost2010Prop41ColorRGB
 90
        0
102
RTVSPost2010PropOp41
 70
     1
102
RTVSPost2010Prop42
 90
       50
102
RTVSPost2010PropOp42
 70
     1
102
RTVSPost2010Prop43
 90
        3
102
RTVSPost2010PropOp43
 70
     1
102
RTVSPost2010Prop44ColorIndex
 90
        5
102
RTVSPost2010Prop44ColorRGB
 90
      255
102
RTVSPost2010PropOp44
 70
     1
102
RTVSPost2010Prop45
280
     0
102
RTVSPost2010PropOp45
 70
     1
102
RTVSPost2010Prop46
 90
       50
102
RTVSPost2010PropOp46
 70
     1
102
RTVSPost2010Prop47
 90
       50
102
RTVSPost2010PropOp47
 70
     1
102
RTVSPost2010Prop48
 90
       50
102
RTVSPost2010PropOp48
 70
     1
102
RTVSPost2010Prop49
280
     0
102
RTVSPost2010PropOp49
 70
     1
102
RTVSPost2010Prop50
 90
       50
102
RTVSPost2010PropOp50
 70
     1
102
RTVSPost2010Prop51ColorIndex
 90
      256
102
RTVSPost2010Prop51ColorRGB
 90
-16777216
102
RTVSPost2010PropOp51
 70
     0
102
RTVSPost2010Prop52
140
1.0
102
RTVSPost2010PropOp52
 70
     0
102
RTVSPost2010Prop53
 90
        2
102
RTVSPost2010PropOp53
 70
     1
102
RTVSPost2010Prop54
  1
strokes_ogs.tif
102
RTVSPost2010PropOp54
 70
     1
102
RTVSPost2010Prop55
280
     0
102
RTVSPost2010PropOp55
 70
     1
102
RTVSPost2010Prop56
140
1.0
102
RTVSPost2010PropOp56
 70
     1
102
RTVSPost2010Prop57
140
1.0
102
RTVSPost2010PropOp57
 70
     1
  0
XRECORD
  5
7E8
102
{ACAD_REACTORS
330
7E7
102
}
330
7E7
100
AcDbXrecord
280
     1
102
RTVSPropertyOp0
 70
     1
102
RTVSPropertyOp1
 70
     1
102
RTVSPropertyOp2
 70
     1
102
RTVSPropertyOp3
 70
     1
102
RTVSPropertyOp4
 70
     1
102
RTVSPropertyOp5
 70
     1
102
RTVSPropertyOp6
 70
     1
102
RTVSPropertyOp7
 70
     1
102
RTVSPropertyOp8
 70
     1
102
RTVSPropertyOp9
 70
     1
102
RTVSPropertyOp10
 70
     1
102
RTVSPropertyOp11
 70
     1
102
RTVSPropertyOp12
 70
     1
102
RTVSPropertyOp13
 70
     1
102
RTVSPropertyOp14
 70
     1
102
RTVSPropertyOp15
 70
     1
102
RTVSPropertyOp16
 70
     1
102
RTVSPropertyOp17
 70
     1
102
RTVSPropertyOp18
 70
     1
102
RTVSPropertyOp19
 70
     1
102
RTVSPropertyOp20
 70
     1
102
RTVSPropertyOp21
 70
     1
102
RTVSPropertyOp22
 70
     1
102
RTVSPropertyOp23
 70
     1
102
RTVSPropertyOp24
 70
     1
102
RTVSPropertyOp25
 70
     1
102
RTVSPropertyOp26
 70
     1
102
RTVSPropertyOp27
 70
     1
102
RTVSPropertyOp28
 70
     1
102
RTVSPropertyOp29
 70
     1
102
RTVSPropertyOp30
 70
     1
102
RTVSPropertyOp31
 70
     1
102
RTVSPropertyOp32
 70
     1
102
RTVSPropertyOp33
 70
     1
102
RTVSPropertyOp34
 70
     1
102
RTVSPropertyOp35
 70
     1
102
RTVSPropertyOp36
 70
     1
102
RTVSPropertyOp37
 70
     1
102
RTVSPropertyOp38
 70
     1
102
RTVSPropertyOp39
 70
     1
102
RTVSPropertyOp40
 70
     1
102
RTVSPropertyOp41
 70
     1
102
RTVSPropertyOp42
 70
     1
102
RTVSPropertyOp43
 70
     1
102
RTVSPropertyOp44
 70
     1
102
RTVSPropertyOp45
 70
     1
102
RTVSPropertyOp46
 70
     1
102
RTVSPropertyOp47
 70
     1
102
RTVSPropertyOp48
 70
     1
102
RTVSPropertyOp49
 70
     1
102
RTVSPropertyOp50
 70
     1
102
RTVSPropertyOp51
 70
     0
102
RTVSPropertyOp52
 70
     0
102
RTVSPropertyOp53
 70
     1
102
RTVSPropertyOp54
 70
     1
102
RTVSPropertyOp55
 70
     1
102
RTVSPropertyOp56
 70
     1
102
RTVSPropertyOp57
 70
     1
102
RTVSPost2010Prop28
280
     0
102
RTVSPost2010PropOp28
 70
     1
102
RTVSPost2010Prop29
280
     1
102
RTVSPost2010PropOp29
 70
     1
102
RTVSPost2010Prop30
280
     1
102
RTVSPost2010PropOp30
 70
     1
102
RTVSPost2010Prop31
280
     0
102
RTVSPost2010PropOp31
 70
     1
102
RTVSPost2010Prop32
280
     0
102
RTVSPost2010PropOp32
 70
     1
102
RTVSPost2010Prop33
280
     0
102
RTVSPost2010PropOp33
 70
     1
102
RTVSPost2010Prop34
280
     0
102
RTVSPost2010PropOp34
 70
     1
102
RTVSPost2010Prop35
280
     0
102
RTVSPost2010PropOp35
 70
     1
102
RTVSPost2010Prop36
280
     0
102
RTVSPost2010PropOp36
 70
     1
102
RTVSPost2010Prop37
 90
       50
102
RTVSPost2010PropOp37
 70
     1
102
RTVSPost2010Prop38
140
0.0
102
RTVSPost2010PropOp38
 70
     1
102
RTVSPost2010Prop39
140
1.0
102
RTVSPost2010PropOp39
 70
     1
102
RTVSPost2010Prop40
 90
        0
102
RTVSPost2010PropOp40
 70
     1
102
RTVSPost2010Prop41ColorIndex
 90
       18
102
RTVSPost2010Prop41ColorRGB
 90
        0
102
RTVSPost2010PropOp41
 70
     1
102
RTVSPost2010Prop42
 90
       50
102
RTVSPost2010PropOp42
 70
     1
102
RTVSPost2010Prop43
 90
        3
102
RTVSPost2010PropOp43
 70
     1
102
RTVSPost2010Prop44ColorIndex
 90
        5
102
RTVSPost2010Prop44ColorRGB
 90
      255
102
RTVSPost2010PropOp44
 70
     1
102
RTVSPost2010Prop45
280
     0
102
RTVSPost2010PropOp45
 70
     1
102
RTVSPost2010Prop46
 90
       50
102
RTVSPost2010PropOp46
 70
     1
102
RTVSPost2010Prop47
 90
       50
102
RTVSPost2010PropOp47
 70
     1
102
RTVSPost2010Prop48
 90
       50
102
RTVSPost2010PropOp48
 70
     1
102
RTVSPost2010Prop49
280
     0
102
RTVSPost2010PropOp49
 70
     1
102
RTVSPost2010Prop50
 90
       50
102
RTVSPost2010PropOp50
 70
     1
102
RTVSPost2010Prop51ColorIndex
 90
      256
102
RTVSPost2010Prop51ColorRGB
 90
-16777216
102
RTVSPost2010PropOp51
 70
     0
102
RTVSPost2010Prop52
140
1.0
102
RTVSPost2010PropOp52
 70
     0
102
RTVSPost2010Prop53
 90
        2
102
RTVSPost2010PropOp53
 70
     1
102
RTVSPost2010Prop54
  1
strokes_ogs.tif
102
RTVSPost2010PropOp54
 70
     1
102
RTVSPost2010Prop55
280
     0
102
RTVSPost2010PropOp55
 70
     1
102
RTVSPost2010Prop56
140
1.0
102
RTVSPost2010PropOp56
 70
     1
102
RTVSPost2010Prop57
140
1.0
102
RTVSPost2010PropOp57
 70
     1
  0
XRECORD
  5
7F0
102
{ACAD_REACTORS
330
7EF
102
}
330
7EF
100
AcDbXrecord
280
     1
102
RTVSPropertyOp0
 70
     1
102
RTVSPropertyOp1
 70
     1
102
RTVSPropertyOp2
 70
     1
102
RTVSPropertyOp3
 70
     1
102
RTVSPropertyOp4
 70
     1
102
RTVSPropertyOp5
 70
     1
102
RTVSPropertyOp6
 70
     1
102
RTVSPropertyOp7
 70
     1
102
RTVSPropertyOp8
 70
     1
102
RTVSPropertyOp9
 70
     1
102
RTVSPropertyOp10
 70
     1
102
RTVSPropertyOp11
 70
     1
102
RTVSPropertyOp12
 70
     1
102
RTVSPropertyOp13
 70
     1
102
RTVSPropertyOp14
 70
     1
102
RTVSPropertyOp15
 70
     1
102
RTVSPropertyOp16
 70
     1
102
RTVSPropertyOp17
 70
     1
102
RTVSPropertyOp18
 70
     1
102
RTVSPropertyOp19
 70
     1
102
RTVSPropertyOp20
 70
     1
102
RTVSPropertyOp21
 70
     1
102
RTVSPropertyOp22
 70
     1
102
RTVSPropertyOp23
 70
     1
102
RTVSPropertyOp24
 70
     1
102
RTVSPropertyOp25
 70
     1
102
RTVSPropertyOp26
 70
     1
102
RTVSPropertyOp27
 70
     1
102
RTVSPropertyOp28
 70
     1
102
RTVSPropertyOp29
 70
     1
102
RTVSPropertyOp30
 70
     1
102
RTVSPropertyOp31
 70
     1
102
RTVSPropertyOp32
 70
     1
102
RTVSPropertyOp33
 70
     1
102
RTVSPropertyOp34
 70
     1
102
RTVSPropertyOp35
 70
     1
102
RTVSPropertyOp36
 70
     1
102
RTVSPropertyOp37
 70
     1
102
RTVSPropertyOp38
 70
     1
102
RTVSPropertyOp39
 70
     1
102
RTVSPropertyOp40
 70
     1
102
RTVSPropertyOp41
 70
     1
102
RTVSPropertyOp42
 70
     1
102
RTVSPropertyOp43
 70
     1
102
RTVSPropertyOp44
 70
     1
102
RTVSPropertyOp45
 70
     1
102
RTVSPropertyOp46
 70
     1
102
RTVSPropertyOp47
 70
     1
102
RTVSPropertyOp48
 70
     1
102
RTVSPropertyOp49
 70
     1
102
RTVSPropertyOp50
 70
     1
102
RTVSPropertyOp51
 70
     0
102
RTVSPropertyOp52
 70
     0
102
RTVSPropertyOp53
 70
     1
102
RTVSPropertyOp54
 70
     1
102
RTVSPropertyOp55
 70
     1
102
RTVSPropertyOp56
 70
     1
102
RTVSPropertyOp57
 70
     1
102
RTVSPost2010Prop28
280
     0
102
RTVSPost2010PropOp28
 70
     1
102
RTVSPost2010Prop29
280
     1
102
RTVSPost2010PropOp29
 70
     1
102
RTVSPost2010Prop30
280
     1
102
RTVSPost2010PropOp30
 70
     1
102
RTVSPost2010Prop31
280
     0
102
RTVSPost2010PropOp31
 70
     1
102
RTVSPost2010Prop32
280
     0
102
RTVSPost2010PropOp32
 70
     1
102
RTVSPost2010Prop33
280
     0
102
RTVSPost2010PropOp33
 70
     1
102
RTVSPost2010Prop34
280
     0
102
RTVSPost2010PropOp34
 70
     1
102
RTVSPost2010Prop35
280
     0
102
RTVSPost2010PropOp35
 70
     1
102
RTVSPost2010Prop36
280
     0
102
RTVSPost2010PropOp36
 70
     1
102
RTVSPost2010Prop37
 90
       50
102
RTVSPost2010PropOp37
 70
     1
102
RTVSPost2010Prop38
140
0.0
102
RTVSPost2010PropOp38
 70
     1
102
RTVSPost2010Prop39
140
1.0
102
RTVSPost2010PropOp39
 70
     1
102
RTVSPost2010Prop40
 90
        0
102
RTVSPost2010PropOp40
 70
     1
102
RTVSPost2010Prop41ColorIndex
 90
       18
102
RTVSPost2010Prop41ColorRGB
 90
        0
102
RTVSPost2010PropOp41
 70
     1
102
RTVSPost2010Prop42
 90
       50
102
RTVSPost2010PropOp42
 70
     1
102
RTVSPost2010Prop43
 90
        3
102
RTVSPost2010PropOp43
 70
     1
102
RTVSPost2010Prop44ColorIndex
 90
        5
102
RTVSPost2010Prop44ColorRGB
 90
      255
102
RTVSPost2010PropOp44
 70
     1
102
RTVSPost2010Prop45
280
     0
102
RTVSPost2010PropOp45
 70
     1
102
RTVSPost2010Prop46
 90
       50
102
RTVSPost2010PropOp46
 70
     1
102
RTVSPost2010Prop47
 90
       50
102
RTVSPost2010PropOp47
 70
     1
102
RTVSPost2010Prop48
 90
       50
102
RTVSPost2010PropOp48
 70
     1
102
RTVSPost2010Prop49
280
     0
102
RTVSPost2010PropOp49
 70
     1
102
RTVSPost2010Prop50
 90
       50
102
RTVSPost2010PropOp50
 70
     1
102
RTVSPost2010Prop51ColorIndex
 90
      256
102
RTVSPost2010Prop51ColorRGB
 90
-16777216
102
RTVSPost2010PropOp51
 70
     0
102
RTVSPost2010Prop52
140
1.0
102
RTVSPost2010PropOp52
 70
     0
102
RTVSPost2010Prop53
 90
        2
102
RTVSPost2010PropOp53
 70
     1
102
RTVSPost2010Prop54
  1
strokes_ogs.tif
102
RTVSPost2010PropOp54
 70
     1
102
RTVSPost2010Prop55
280
     0
102
RTVSPost2010PropOp55
 70
     1
102
RTVSPost2010Prop56
140
1.0
102
RTVSPost2010PropOp56
 70
     1
102
RTVSPost2010Prop57
140
1.0
102
RTVSPost2010PropOp57
 70
     1
  0
XRECORD
  5
7E4
102
{ACAD_REACTORS
330
7E3
102
}
330
7E3
100
AcDbXrecord
280
     1
102
RTVSPropertyOp0
 70
     1
102
RTVSPropertyOp1
 70
     1
102
RTVSPropertyOp2
 70
     1
102
RTVSPropertyOp3
 70
     1
102
RTVSPropertyOp4
 70
     1
102
RTVSPropertyOp5
 70
     1
102
RTVSPropertyOp6
 70
     1
102
RTVSPropertyOp7
 70
     1
102
RTVSPropertyOp8
 70
     1
102
RTVSPropertyOp9
 70
     1
102
RTVSPropertyOp10
 70
     1
102
RTVSPropertyOp11
 70
     1
102
RTVSPropertyOp12
 70
     1
102
RTVSPropertyOp13
 70
     1
102
RTVSPropertyOp14
 70
     1
102
RTVSPropertyOp15
 70
     1
102
RTVSPropertyOp16
 70
     1
102
RTVSPropertyOp17
 70
     1
102
RTVSPropertyOp18
 70
     1
102
RTVSPropertyOp19
 70
     1
102
RTVSPropertyOp20
 70
     1
102
RTVSPropertyOp21
 70
     1
102
RTVSPropertyOp22
 70
     1
102
RTVSPropertyOp23
 70
     1
102
RTVSPropertyOp24
 70
     1
102
RTVSPropertyOp25
 70
     1
102
RTVSPropertyOp26
 70
     1
102
RTVSPropertyOp27
 70
     1
102
RTVSPropertyOp28
 70
     1
102
RTVSPropertyOp29
 70
     1
102
RTVSPropertyOp30
 70
     1
102
RTVSPropertyOp31
 70
     1
102
RTVSPropertyOp32
 70
     1
102
RTVSPropertyOp33
 70
     1
102
RTVSPropertyOp34
 70
     1
102
RTVSPropertyOp35
 70
     1
102
RTVSPropertyOp36
 70
     1
102
RTVSPropertyOp37
 70
     1
102
RTVSPropertyOp38
 70
     1
102
RTVSPropertyOp39
 70
     1
102
RTVSPropertyOp40
 70
     1
102
RTVSPropertyOp41
 70
     1
102
RTVSPropertyOp42
 70
     1
102
RTVSPropertyOp43
 70
     1
102
RTVSPropertyOp44
 70
     1
102
RTVSPropertyOp45
 70
     1
102
RTVSPropertyOp46
 70
     1
102
RTVSPropertyOp47
 70
     1
102
RTVSPropertyOp48
 70
     1
102
RTVSPropertyOp49
 70
     1
102
RTVSPropertyOp50
 70
     1
102
RTVSPropertyOp51
 70
     0
102
RTVSPropertyOp52
 70
     0
102
RTVSPropertyOp53
 70
     1
102
RTVSPropertyOp54
 70
     1
102
RTVSPropertyOp55
 70
     1
102
RTVSPropertyOp56
 70
     1
102
RTVSPropertyOp57
 70
     1
102
RTVSPost2010Prop28
280
     0
102
RTVSPost2010PropOp28
 70
     1
102
RTVSPost2010Prop29
280
     1
102
RTVSPost2010PropOp29
 70
     1
102
RTVSPost2010Prop30
280
     1
102
RTVSPost2010PropOp30
 70
     1
102
RTVSPost2010Prop31
280
     0
102
RTVSPost2010PropOp31
 70
     1
102
RTVSPost2010Prop32
280
     0
102
RTVSPost2010PropOp32
 70
     1
102
RTVSPost2010Prop33
280
     0
102
RTVSPost2010PropOp33
 70
     1
102
RTVSPost2010Prop34
280
     0
102
RTVSPost2010PropOp34
 70
     1
102
RTVSPost2010Prop35
280
     0
102
RTVSPost2010PropOp35
 70
     1
102
RTVSPost2010Prop36
280
     0
102
RTVSPost2010PropOp36
 70
     1
102
RTVSPost2010Prop37
 90
       50
102
RTVSPost2010PropOp37
 70
     1
102
RTVSPost2010Prop38
140
0.0
102
RTVSPost2010PropOp38
 70
     1
102
RTVSPost2010Prop39
140
1.0
102
RTVSPost2010PropOp39
 70
     1
102
RTVSPost2010Prop40
 90
        0
102
RTVSPost2010PropOp40
 70
     1
102
RTVSPost2010Prop41ColorIndex
 90
       18
102
RTVSPost2010Prop41ColorRGB
 90
        0
102
RTVSPost2010PropOp41
 70
     1
102
RTVSPost2010Prop42
 90
       50
102
RTVSPost2010PropOp42
 70
     1
102
RTVSPost2010Prop43
 90
        3
102
RTVSPost2010PropOp43
 70
     1
102
RTVSPost2010Prop44ColorIndex
 90
        5
102
RTVSPost2010Prop44ColorRGB
 90
      255
102
RTVSPost2010PropOp44
 70
     1
102
RTVSPost2010Prop45
280
     0
102
RTVSPost2010PropOp45
 70
     1
102
RTVSPost2010Prop46
 90
       50
102
RTVSPost2010PropOp46
 70
     1
102
RTVSPost2010Prop47
 90
       50
102
RTVSPost2010PropOp47
 70
     1
102
RTVSPost2010Prop48
 90
       50
102
RTVSPost2010PropOp48
 70
     1
102
RTVSPost2010Prop49
280
     0
102
RTVSPost2010PropOp49
 70
     1
102
RTVSPost2010Prop50
 90
       50
102
RTVSPost2010PropOp50
 70
     1
102
RTVSPost2010Prop51ColorIndex
 90
      256
102
RTVSPost2010Prop51ColorRGB
 90
-16777216
102
RTVSPost2010PropOp51
 70
     0
102
RTVSPost2010Prop52
140
1.0
102
RTVSPost2010PropOp52
 70
     0
102
RTVSPost2010Prop53
 90
        2
102
RTVSPost2010PropOp53
 70
     1
102
RTVSPost2010Prop54
  1
strokes_ogs.tif
102
RTVSPost2010PropOp54
 70
     1
102
RTVSPost2010Prop55
280
     0
102
RTVSPost2010PropOp55
 70
     1
102
RTVSPost2010Prop56
140
1.0
102
RTVSPost2010PropOp56
 70
     1
102
RTVSPost2010Prop57
140
1.0
102
RTVSPost2010PropOp57
 70
     1
  0
XRECORD
  5
7E6
102
{ACAD_REACTORS
330
7E5
102
}
330
7E5
100
AcDbXrecord
280
     1
102
RTVSPropertyOp0
 70
     1
102
RTVSPropertyOp1
 70
     1
102
RTVSPropertyOp2
 70
     1
102
RTVSPropertyOp3
 70
     1
102
RTVSPropertyOp4
 70
     1
102
RTVSPropertyOp5
 70
     1
102
RTVSPropertyOp6
 70
     1
102
RTVSPropertyOp7
 70
     1
102
RTVSPropertyOp8
 70
     1
102
RTVSPropertyOp9
 70
     1
102
RTVSPropertyOp10
 70
     1
102
RTVSPropertyOp11
 70
     1
102
RTVSPropertyOp12
 70
     1
102
RTVSPropertyOp13
 70
     1
102
RTVSPropertyOp14
 70
     1
102
RTVSPropertyOp15
 70
     1
102
RTVSPropertyOp16
 70
     1
102
RTVSPropertyOp17
 70
     1
102
RTVSPropertyOp18
 70
     1
102
RTVSPropertyOp19
 70
     1
102
RTVSPropertyOp20
 70
     1
102
RTVSPropertyOp21
 70
     1
102
RTVSPropertyOp22
 70
     1
102
RTVSPropertyOp23
 70
     1
102
RTVSPropertyOp24
 70
     1
102
RTVSPropertyOp25
 70
     1
102
RTVSPropertyOp26
 70
     1
102
RTVSPropertyOp27
 70
     1
102
RTVSPropertyOp28
 70
     1
102
RTVSPropertyOp29
 70
     1
102
RTVSPropertyOp30
 70
     1
102
RTVSPropertyOp31
 70
     1
102
RTVSPropertyOp32
 70
     1
102
RTVSPropertyOp33
 70
     1
102
RTVSPropertyOp34
 70
     1
102
RTVSPropertyOp35
 70
     1
102
RTVSPropertyOp36
 70
     1
102
RTVSPropertyOp37
 70
     1
102
RTVSPropertyOp38
 70
     1
102
RTVSPropertyOp39
 70
     1
102
RTVSPropertyOp40
 70
     1
102
RTVSPropertyOp41
 70
     1
102
RTVSPropertyOp42
 70
     1
102
RTVSPropertyOp43
 70
     1
102
RTVSPropertyOp44
 70
     1
102
RTVSPropertyOp45
 70
     1
102
RTVSPropertyOp46
 70
     1
102
RTVSPropertyOp47
 70
     1
102
RTVSPropertyOp48
 70
     1
102
RTVSPropertyOp49
 70
     1
102
RTVSPropertyOp50
 70
     1
102
RTVSPropertyOp51
 70
     0
102
RTVSPropertyOp52
 70
     0
102
RTVSPropertyOp53
 70
     1
102
RTVSPropertyOp54
 70
     1
102
RTVSPropertyOp55
 70
     1
102
RTVSPropertyOp56
 70
     1
102
RTVSPropertyOp57
 70
     1
102
RTVSPost2010Prop28
280
     0
102
RTVSPost2010PropOp28
 70
     1
102
RTVSPost2010Prop29
280
     1
102
RTVSPost2010PropOp29
 70
     1
102
RTVSPost2010Prop30
280
     1
102
RTVSPost2010PropOp30
 70
     1
102
RTVSPost2010Prop31
280
     0
102
RTVSPost2010PropOp31
 70
     1
102
RTVSPost2010Prop32
280
     0
102
RTVSPost2010PropOp32
 70
     1
102
RTVSPost2010Prop33
280
     0
102
RTVSPost2010PropOp33
 70
     1
102
RTVSPost2010Prop34
280
     0
102
RTVSPost2010PropOp34
 70
     1
102
RTVSPost2010Prop35
280
     0
102
RTVSPost2010PropOp35
 70
     1
102
RTVSPost2010Prop36
280
     0
102
RTVSPost2010PropOp36
 70
     1
102
RTVSPost2010Prop37
 90
       50
102
RTVSPost2010PropOp37
 70
     1
102
RTVSPost2010Prop38
140
0.0
102
RTVSPost2010PropOp38
 70
     1
102
RTVSPost2010Prop39
140
1.0
102
RTVSPost2010PropOp39
 70
     1
102
RTVSPost2010Prop40
 90
        0
102
RTVSPost2010PropOp40
 70
     1
102
RTVSPost2010Prop41ColorIndex
 90
       18
102
RTVSPost2010Prop41ColorRGB
 90
        0
102
RTVSPost2010PropOp41
 70
     1
102
RTVSPost2010Prop42
 90
       50
102
RTVSPost2010PropOp42
 70
     1
102
RTVSPost2010Prop43
 90
        3
102
RTVSPost2010PropOp43
 70
     1
102
RTVSPost2010Prop44ColorIndex
 90
        5
102
RTVSPost2010Prop44ColorRGB
 90
      255
102
RTVSPost2010PropOp44
 70
     1
102
RTVSPost2010Prop45
280
     0
102
RTVSPost2010PropOp45
 70
     1
102
RTVSPost2010Prop46
 90
       50
102
RTVSPost2010PropOp46
 70
     1
102
RTVSPost2010Prop47
 90
       50
102
RTVSPost2010PropOp47
 70
     1
102
RTVSPost2010Prop48
 90
       50
102
RTVSPost2010PropOp48
 70
     1
102
RTVSPost2010Prop49
280
     0
102
RTVSPost2010PropOp49
 70
     1
102
RTVSPost2010Prop50
 90
       50
102
RTVSPost2010PropOp50
 70
     1
102
RTVSPost2010Prop51ColorIndex
 90
      256
102
RTVSPost2010Prop51ColorRGB
 90
-16777216
102
RTVSPost2010PropOp51
 70
     0
102
RTVSPost2010Prop52
140
1.0
102
RTVSPost2010PropOp52
 70
     0
102
RTVSPost2010Prop53
 90
        2
102
RTVSPost2010PropOp53
 70
     1
102
RTVSPost2010Prop54
  1
strokes_ogs.tif
102
RTVSPost2010PropOp54
 70
     1
102
RTVSPost2010Prop55
280
     0
102
RTVSPost2010PropOp55
 70
     1
102
RTVSPost2010Prop56
140
1.0
102
RTVSPost2010PropOp56
 70
     1
102
RTVSPost2010Prop57
140
1.0
102
RTVSPost2010PropOp57
 70
     1
  0
XRECORD
  5
7F6
102
{ACAD_REACTORS
330
7F5
102
}
330
7F5
100
AcDbXrecord
280
     1
102
RTVSPropertyOp0
 70
     0
102
RTVSPropertyOp1
 70
     0
102
RTVSPropertyOp2
 70
     0
102
RTVSPropertyOp3
 70
     0
102
RTVSPropertyOp4
 70
     0
102
RTVSPropertyOp5
 70
     0
102
RTVSPropertyOp6
 70
     0
102
RTVSPropertyOp7
 70
     0
102
RTVSPropertyOp8
 70
     0
102
RTVSPropertyOp9
 70
     0
102
RTVSPropertyOp10
 70
     0
102
RTVSPropertyOp11
 70
     0
102
RTVSPropertyOp12
 70
     0
102
RTVSPropertyOp13
 70
     0
102
RTVSPropertyOp14
 70
     2
102
RTVSPropertyOp15
 70
     0
102
RTVSPropertyOp16
 70
     0
102
RTVSPropertyOp17
 70
     0
102
RTVSPropertyOp18
 70
     0
102
RTVSPropertyOp19
 70
     0
102
RTVSPropertyOp20
 70
     0
102
RTVSPropertyOp21
 70
     0
102
RTVSPropertyOp22
 70
     0
102
RTVSPropertyOp23
 70
     0
102
RTVSPropertyOp24
 70
     0
102
RTVSPropertyOp25
 70
     0
102
RTVSPropertyOp26
 70
     0
102
RTVSPropertyOp27
 70
     0
102
RTVSPropertyOp28
 70
     0
102
RTVSPropertyOp29
 70
     0
102
RTVSPropertyOp30
 70
     0
102
RTVSPropertyOp31
 70
     0
102
RTVSPropertyOp32
 70
     0
102
RTVSPropertyOp33
 70
     0
102
RTVSPropertyOp34
 70
     0
102
RTVSPropertyOp35
 70
     0
102
RTVSPropertyOp36
 70
     0
102
RTVSPropertyOp37
 70
     0
102
RTVSPropertyOp38
 70
     0
102
RTVSPropertyOp39
 70
     0
102
RTVSPropertyOp40
 70
     0
102
RTVSPropertyOp41
 70
     0
102
RTVSPropertyOp42
 70
     0
102
RTVSPropertyOp43
 70
     0
102
RTVSPropertyOp44
 70
     0
102
RTVSPropertyOp45
 70
     0
102
RTVSPropertyOp46
 70
     0
102
RTVSPropertyOp47
 70
     0
102
RTVSPropertyOp48
 70
     0
102
RTVSPropertyOp49
 70
     0
102
RTVSPropertyOp50
 70
     0
102
RTVSPropertyOp51
 70
     0
102
RTVSPropertyOp52
 70
     0
102
RTVSPropertyOp53
 70
     0
102
RTVSPropertyOp54
 70
     0
102
RTVSPropertyOp55
 70
     0
102
RTVSPropertyOp56
 70
     0
102
RTVSPropertyOp57
 70
     0
102
RTVSPost2010Prop28
280
     0
102
RTVSPost2010PropOp28
 70
     0
102
RTVSPost2010Prop29
280
     1
102
RTVSPost2010PropOp29
 70
     0
102
RTVSPost2010Prop30
280
     1
102
RTVSPost2010PropOp30
 70
     0
102
RTVSPost2010Prop31
280
     0
102
RTVSPost2010PropOp31
 70
     0
102
RTVSPost2010Prop32
280
     0
102
RTVSPost2010PropOp32
 70
     0
102
RTVSPost2010Prop33
280
     0
102
RTVSPost2010PropOp33
 70
     0
102
RTVSPost2010Prop34
280
     0
102
RTVSPost2010PropOp34
 70
     0
102
RTVSPost2010Prop35
280
     0
102
RTVSPost2010PropOp35
 70
     0
102
RTVSPost2010Prop36
280
     0
102
RTVSPost2010PropOp36
 70
     0
102
RTVSPost2010Prop37
 90
       50
102
RTVSPost2010PropOp37
 70
     0
102
RTVSPost2010Prop38
140
0.0
102
RTVSPost2010PropOp38
 70
     0
102
RTVSPost2010Prop39
140
1.0
102
RTVSPost2010PropOp39
 70
     0
102
RTVSPost2010Prop40
 90
        0
102
RTVSPost2010PropOp40
 70
     0
102
RTVSPost2010Prop41ColorIndex
 90
       18
102
RTVSPost2010Prop41ColorRGB
 90
        0
102
RTVSPost2010PropOp41
 70
     0
102
RTVSPost2010Prop42
 90
       50
102
RTVSPost2010PropOp42
 70
     0
102
RTVSPost2010Prop43
 90
        3
102
RTVSPost2010PropOp43
 70
     0
102
RTVSPost2010Prop44ColorIndex
 90
        5
102
RTVSPost2010Prop44ColorRGB
 90
      255
102
RTVSPost2010PropOp44
 70
     0
102
RTVSPost2010Prop45
280
     0
102
RTVSPost2010PropOp45
 70
     0
102
RTVSPost2010Prop46
 90
       50
102
RTVSPost2010PropOp46
 70
     0
102
RTVSPost2010Prop47
 90
       50
102
RTVSPost2010PropOp47
 70
     0
102
RTVSPost2010Prop48
 90
       50
102
RTVSPost2010PropOp48
 70
     0
102
RTVSPost2010Prop49
280
     0
102
RTVSPost2010PropOp49
 70
     0
102
RTVSPost2010Prop50
 90
       50
102
RTVSPost2010PropOp50
 70
     0
102
RTVSPost2010Prop51ColorIndex
 90
      256
102
RTVSPost2010Prop51ColorRGB
 90
-16777216
102
RTVSPost2010PropOp51
 70
     0
102
RTVSPost2010Prop52
140
1.0
102
RTVSPost2010PropOp52
 70
     0
102
RTVSPost2010Prop53
 90
        2
102
RTVSPost2010PropOp53
 70
     0
102
RTVSPost2010Prop54
  1
strokes_ogs.tif
102
RTVSPost2010PropOp54
 70
     0
102
RTVSPost2010Prop55
280
     0
102
RTVSPost2010PropOp55
 70
     0
102
RTVSPost2010Prop56
140
1.0
102
RTVSPost2010PropOp56
 70
     0
102
RTVSPost2010Prop57
140
1.0
102
RTVSPost2010PropOp57
 70
     0
  0
XRECORD
  5
7EE
102
{ACAD_REACTORS
330
7ED
102
}
330
7ED
100
AcDbXrecord
280
     1
102
RTVSPropertyOp0
 70
     1
102
RTVSPropertyOp1
 70
     1
102
RTVSPropertyOp2
 70
     1
102
RTVSPropertyOp3
 70
     1
102
RTVSPropertyOp4
 70
     1
102
RTVSPropertyOp5
 70
     1
102
RTVSPropertyOp6
 70
     1
102
RTVSPropertyOp7
 70
     1
102
RTVSPropertyOp8
 70
     1
102
RTVSPropertyOp9
 70
     1
102
RTVSPropertyOp10
 70
     1
102
RTVSPropertyOp11
 70
     1
102
RTVSPropertyOp12
 70
     1
102
RTVSPropertyOp13
 70
     1
102
RTVSPropertyOp14
 70
     1
102
RTVSPropertyOp15
 70
     1
102
RTVSPropertyOp16
 70
     1
102
RTVSPropertyOp17
 70
     1
102
RTVSPropertyOp18
 70
     1
102
RTVSPropertyOp19
 70
     1
102
RTVSPropertyOp20
 70
     1
102
RTVSPropertyOp21
 70
     1
102
RTVSPropertyOp22
 70
     1
102
RTVSPropertyOp23
 70
     1
102
RTVSPropertyOp24
 70
     1
102
RTVSPropertyOp25
 70
     1
102
RTVSPropertyOp26
 70
     1
102
RTVSPropertyOp27
 70
     1
102
RTVSPropertyOp28
 70
     1
102
RTVSPropertyOp29
 70
     1
102
RTVSPropertyOp30
 70
     1
102
RTVSPropertyOp31
 70
     1
102
RTVSPropertyOp32
 70
     1
102
RTVSPropertyOp33
 70
     1
102
RTVSPropertyOp34
 70
     1
102
RTVSPropertyOp35
 70
     1
102
RTVSPropertyOp36
 70
     1
102
RTVSPropertyOp37
 70
     1
102
RTVSPropertyOp38
 70
     1
102
RTVSPropertyOp39
 70
     1
102
RTVSPropertyOp40
 70
     1
102
RTVSPropertyOp41
 70
     1
102
RTVSPropertyOp42
 70
     1
102
RTVSPropertyOp43
 70
     1
102
RTVSPropertyOp44
 70
     1
102
RTVSPropertyOp45
 70
     1
102
RTVSPropertyOp46
 70
     1
102
RTVSPropertyOp47
 70
     1
102
RTVSPropertyOp48
 70
     1
102
RTVSPropertyOp49
 70
     1
102
RTVSPropertyOp50
 70
     1
102
RTVSPropertyOp51
 70
     0
102
RTVSPropertyOp52
 70
     0
102
RTVSPropertyOp53
 70
     1
102
RTVSPropertyOp54
 70
     1
102
RTVSPropertyOp55
 70
     1
102
RTVSPropertyOp56
 70
     1
102
RTVSPropertyOp57
 70
     1
102
RTVSPost2010Prop28
280
     0
102
RTVSPost2010PropOp28
 70
     1
102
RTVSPost2010Prop29
280
     1
102
RTVSPost2010PropOp29
 70
     1
102
RTVSPost2010Prop30
280
     1
102
RTVSPost2010PropOp30
 70
     1
102
RTVSPost2010Prop31
280
     0
102
RTVSPost2010PropOp31
 70
     1
102
RTVSPost2010Prop32
280
     0
102
RTVSPost2010PropOp32
 70
     1
102
RTVSPost2010Prop33
280
     0
102
RTVSPost2010PropOp33
 70
     1
102
RTVSPost2010Prop34
280
     0
102
RTVSPost2010PropOp34
 70
     1
102
RTVSPost2010Prop35
280
     0
102
RTVSPost2010PropOp35
 70
     1
102
RTVSPost2010Prop36
280
     0
102
RTVSPost2010PropOp36
 70
     1
102
RTVSPost2010Prop37
 90
       50
102
RTVSPost2010PropOp37
 70
     1
102
RTVSPost2010Prop38
140
0.0
102
RTVSPost2010PropOp38
 70
     1
102
RTVSPost2010Prop39
140
1.0
102
RTVSPost2010PropOp39
 70
     1
102
RTVSPost2010Prop40
 90
        0
102
RTVSPost2010PropOp40
 70
     1
102
RTVSPost2010Prop41ColorIndex
 90
       18
102
RTVSPost2010Prop41ColorRGB
 90
        0
102
RTVSPost2010PropOp41
 70
     1
102
RTVSPost2010Prop42
 90
       50
102
RTVSPost2010PropOp42
 70
     1
102
RTVSPost2010Prop43
 90
        3
102
RTVSPost2010PropOp43
 70
     1
102
RTVSPost2010Prop44ColorIndex
 90
        5
102
RTVSPost2010Prop44ColorRGB
 90
      255
102
RTVSPost2010PropOp44
 70
     1
102
RTVSPost2010Prop45
280
     0
102
RTVSPost2010PropOp45
 70
     1
102
RTVSPost2010Prop46
 90
       50
102
RTVSPost2010PropOp46
 70
     1
102
RTVSPost2010Prop47
 90
       50
102
RTVSPost2010PropOp47
 70
     1
102
RTVSPost2010Prop48
 90
       50
102
RTVSPost2010PropOp48
 70
     1
102
RTVSPost2010Prop49
280
     0
102
RTVSPost2010PropOp49
 70
     1
102
RTVSPost2010Prop50
 90
       50
102
RTVSPost2010PropOp50
 70
     1
102
RTVSPost2010Prop51ColorIndex
 90
      256
102
RTVSPost2010Prop51ColorRGB
 90
-16777216
102
RTVSPost2010PropOp51
 70
     0
102
RTVSPost2010Prop52
140
1.0
102
RTVSPost2010PropOp52
 70
     0
102
RTVSPost2010Prop53
 90
        2
102
RTVSPost2010PropOp53
 70
     1
102
RTVSPost2010Prop54
  1
strokes_ogs.tif
102
RTVSPost2010PropOp54
 70
     1
102
RTVSPost2010Prop55
280
     0
102
RTVSPost2010PropOp55
 70
     1
102
RTVSPost2010Prop56
140
1.0
102
RTVSPost2010PropOp56
 70
     1
102
RTVSPost2010Prop57
140
1.0
102
RTVSPost2010PropOp57
 70
     1
  0
XRECORD
  5
7D2
102
{ACAD_REACTORS
330
7D1
102
}
330
7D1
100
AcDbXrecord
280
     1
102
RTVSPropertyOp0
 70
     1
102
RTVSPropertyOp1
 70
     1
102
RTVSPropertyOp2
 70
     1
102
RTVSPropertyOp3
 70
     1
102
RTVSPropertyOp4
 70
     1
102
RTVSPropertyOp5
 70
     1
102
RTVSPropertyOp6
 70
     1
102
RTVSPropertyOp7
 70
     1
102
RTVSPropertyOp8
 70
     1
102
RTVSPropertyOp9
 70
     1
102
RTVSPropertyOp10
 70
     1
102
RTVSPropertyOp11
 70
     1
102
RTVSPropertyOp12
 70
     1
102
RTVSPropertyOp13
 70
     1
102
RTVSPropertyOp14
 70
     1
102
RTVSPropertyOp15
 70
     1
102
RTVSPropertyOp16
 70
     1
102
RTVSPropertyOp17
 70
     1
102
RTVSPropertyOp18
 70
     1
102
RTVSPropertyOp19
 70
     1
102
RTVSPropertyOp20
 70
     1
102
RTVSPropertyOp21
 70
     1
102
RTVSPropertyOp22
 70
     1
102
RTVSPropertyOp23
 70
     1
102
RTVSPropertyOp24
 70
     1
102
RTVSPropertyOp25
 70
     1
102
RTVSPropertyOp26
 70
     1
102
RTVSPropertyOp27
 70
     1
102
RTVSPropertyOp28
 70
     1
102
RTVSPropertyOp29
 70
     1
102
RTVSPropertyOp30
 70
     1
102
RTVSPropertyOp31
 70
     1
102
RTVSPropertyOp32
 70
     1
102
RTVSPropertyOp33
 70
     1
102
RTVSPropertyOp34
 70
     1
102
RTVSPropertyOp35
 70
     1
102
RTVSPropertyOp36
 70
     1
102
RTVSPropertyOp37
 70
     1
102
RTVSPropertyOp38
 70
     1
102
RTVSPropertyOp39
 70
     1
102
RTVSPropertyOp40
 70
     1
102
RTVSPropertyOp41
 70
     1
102
RTVSPropertyOp42
 70
     1
102
RTVSPropertyOp43
 70
     1
102
RTVSPropertyOp44
 70
     1
102
RTVSPropertyOp45
 70
     1
102
RTVSPropertyOp46
 70
     1
102
RTVSPropertyOp47
 70
     1
102
RTVSPropertyOp48
 70
     1
102
RTVSPropertyOp49
 70
     1
102
RTVSPropertyOp50
 70
     1
102
RTVSPropertyOp51
 70
     0
102
RTVSPropertyOp52
 70
     0
102
RTVSPropertyOp53
 70
     1
102
RTVSPropertyOp54
 70
     1
102
RTVSPropertyOp55
 70
     1
102
RTVSPropertyOp56
 70
     1
102
RTVSPropertyOp57
 70
     1
102
RTVSPost2010Prop28
280
     0
102
RTVSPost2010PropOp28
 70
     1
102
RTVSPost2010Prop29
280
     1
102
RTVSPost2010PropOp29
 70
     1
102
RTVSPost2010Prop30
280
     1
102
RTVSPost2010PropOp30
 70
     1
102
RTVSPost2010Prop31
280
     0
102
RTVSPost2010PropOp31
 70
     1
102
RTVSPost2010Prop32
280
     0
102
RTVSPost2010PropOp32
 70
     1
102
RTVSPost2010Prop33
280
     0
102
RTVSPost2010PropOp33
 70
     1
102
RTVSPost2010Prop34
280
     0
102
RTVSPost2010PropOp34
 70
     1
102
RTVSPost2010Prop35
280
     0
102
RTVSPost2010PropOp35
 70
     1
102
RTVSPost2010Prop36
280
     0
102
RTVSPost2010PropOp36
 70
     1
102
RTVSPost2010Prop37
 90
       50
102
RTVSPost2010PropOp37
 70
     1
102
RTVSPost2010Prop38
140
0.0
102
RTVSPost2010PropOp38
 70
     1
102
RTVSPost2010Prop39
140
1.0
102
RTVSPost2010PropOp39
 70
     1
102
RTVSPost2010Prop40
 90
        0
102
RTVSPost2010PropOp40
 70
     1
102
RTVSPost2010Prop41ColorIndex
 90
       18
102
RTVSPost2010Prop41ColorRGB
 90
        0
102
RTVSPost2010PropOp41
 70
     1
102
RTVSPost2010Prop42
 90
       50
102
RTVSPost2010PropOp42
 70
     1
102
RTVSPost2010Prop43
 90
        3
102
RTVSPost2010PropOp43
 70
     1
102
RTVSPost2010Prop44ColorIndex
 90
        5
102
RTVSPost2010Prop44ColorRGB
 90
      255
102
RTVSPost2010PropOp44
 70
     1
102
RTVSPost2010Prop45
280
     0
102
RTVSPost2010PropOp45
 70
     1
102
RTVSPost2010Prop46
 90
       50
102
RTVSPost2010PropOp46
 70
     1
102
RTVSPost2010Prop47
 90
       50
102
RTVSPost2010PropOp47
 70
     1
102
RTVSPost2010Prop48
 90
       50
102
RTVSPost2010PropOp48
 70
     1
102
RTVSPost2010Prop49
280
     0
102
RTVSPost2010PropOp49
 70
     1
102
RTVSPost2010Prop50
 90
       50
102
RTVSPost2010PropOp50
 70
     1
102
RTVSPost2010Prop51ColorIndex
 90
      256
102
RTVSPost2010Prop51ColorRGB
 90
-16777216
102
RTVSPost2010PropOp51
 70
     0
102
RTVSPost2010Prop52
140
1.0
102
RTVSPost2010PropOp52
 70
     0
102
RTVSPost2010Prop53
 90
        2
102
RTVSPost2010PropOp53
 70
     1
102
RTVSPost2010Prop54
  1
strokes_ogs.tif
102
RTVSPost2010PropOp54
 70
     1
102
RTVSPost2010Prop55
280
     0
102
RTVSPost2010PropOp55
 70
     1
102
RTVSPost2010Prop56
140
1.0
102
RTVSPost2010PropOp56
 70
     1
102
RTVSPost2010Prop57
140
1.0
102
RTVSPost2010PropOp57
 70
     1
  0
XRECORD
  5
7D4
102
{ACAD_REACTORS
330
7D3
102
}
330
7D3
100
AcDbXrecord
280
     1
102
RTVSPropertyOp0
 70
     1
102
RTVSPropertyOp1
 70
     1
102
RTVSPropertyOp2
 70
     1
102
RTVSPropertyOp3
 70
     1
102
RTVSPropertyOp4
 70
     1
102
RTVSPropertyOp5
 70
     1
102
RTVSPropertyOp6
 70
     1
102
RTVSPropertyOp7
 70
     1
102
RTVSPropertyOp8
 70
     1
102
RTVSPropertyOp9
 70
     1
102
RTVSPropertyOp10
 70
     1
102
RTVSPropertyOp11
 70
     1
102
RTVSPropertyOp12
 70
     1
102
RTVSPropertyOp13
 70
     1
102
RTVSPropertyOp14
 70
     1
102
RTVSPropertyOp15
 70
     1
102
RTVSPropertyOp16
 70
     1
102
RTVSPropertyOp17
 70
     1
102
RTVSPropertyOp18
 70
     1
102
RTVSPropertyOp19
 70
     1
102
RTVSPropertyOp20
 70
     1
102
RTVSPropertyOp21
 70
     1
102
RTVSPropertyOp22
 70
     1
102
RTVSPropertyOp23
 70
     1
102
RTVSPropertyOp24
 70
     1
102
RTVSPropertyOp25
 70
     1
102
RTVSPropertyOp26
 70
     1
102
RTVSPropertyOp27
 70
     1
102
RTVSPropertyOp28
 70
     1
102
RTVSPropertyOp29
 70
     1
102
RTVSPropertyOp30
 70
     1
102
RTVSPropertyOp31
 70
     1
102
RTVSPropertyOp32
 70
     1
102
RTVSPropertyOp33
 70
     1
102
RTVSPropertyOp34
 70
     1
102
RTVSPropertyOp35
 70
     1
102
RTVSPropertyOp36
 70
     1
102
RTVSPropertyOp37
 70
     1
102
RTVSPropertyOp38
 70
     1
102
RTVSPropertyOp39
 70
     1
102
RTVSPropertyOp40
 70
     1
102
RTVSPropertyOp41
 70
     1
102
RTVSPropertyOp42
 70
     1
102
RTVSPropertyOp43
 70
     1
102
RTVSPropertyOp44
 70
     1
102
RTVSPropertyOp45
 70
     1
102
RTVSPropertyOp46
 70
     1
102
RTVSPropertyOp47
 70
     1
102
RTVSPropertyOp48
 70
     1
102
RTVSPropertyOp49
 70
     1
102
RTVSPropertyOp50
 70
     1
102
RTVSPropertyOp51
 70
     0
102
RTVSPropertyOp52
 70
     0
102
RTVSPropertyOp53
 70
     1
102
RTVSPropertyOp54
 70
     1
102
RTVSPropertyOp55
 70
     1
102
RTVSPropertyOp56
 70
     1
102
RTVSPropertyOp57
 70
     1
102
RTVSPost2010Prop28
280
     0
102
RTVSPost2010PropOp28
 70
     1
102
RTVSPost2010Prop29
280
     1
102
RTVSPost2010PropOp29
 70
     1
102
RTVSPost2010Prop30
280
     1
102
RTVSPost2010PropOp30
 70
     1
102
RTVSPost2010Prop31
280
     0
102
RTVSPost2010PropOp31
 70
     1
102
RTVSPost2010Prop32
280
     0
102
RTVSPost2010PropOp32
 70
     1
102
RTVSPost2010Prop33
280
     0
102
RTVSPost2010PropOp33
 70
     1
102
RTVSPost2010Prop34
280
     0
102
RTVSPost2010PropOp34
 70
     1
102
RTVSPost2010Prop35
280
     0
102
RTVSPost2010PropOp35
 70
     1
102
RTVSPost2010Prop36
280
     0
102
RTVSPost2010PropOp36
 70
     1
102
RTVSPost2010Prop37
 90
       50
102
RTVSPost2010PropOp37
 70
     1
102
RTVSPost2010Prop38
140
0.0
102
RTVSPost2010PropOp38
 70
     1
102
RTVSPost2010Prop39
140
1.0
102
RTVSPost2010PropOp39
 70
     1
102
RTVSPost2010Prop40
 90
        0
102
RTVSPost2010PropOp40
 70
     1
102
RTVSPost2010Prop41ColorIndex
 90
       18
102
RTVSPost2010Prop41ColorRGB
 90
        0
102
RTVSPost2010PropOp41
 70
     1
102
RTVSPost2010Prop42
 90
       50
102
RTVSPost2010PropOp42
 70
     1
102
RTVSPost2010Prop43
 90
        3
102
RTVSPost2010PropOp43
 70
     1
102
RTVSPost2010Prop44ColorIndex
 90
        5
102
RTVSPost2010Prop44ColorRGB
 90
      255
102
RTVSPost2010PropOp44
 70
     1
102
RTVSPost2010Prop45
280
     0
102
RTVSPost2010PropOp45
 70
     1
102
RTVSPost2010Prop46
 90
       50
102
RTVSPost2010PropOp46
 70
     1
102
RTVSPost2010Prop47
 90
       50
102
RTVSPost2010PropOp47
 70
     1
102
RTVSPost2010Prop48
 90
       50
102
RTVSPost2010PropOp48
 70
     1
102
RTVSPost2010Prop49
280
     0
102
RTVSPost2010PropOp49
 70
     1
102
RTVSPost2010Prop50
 90
       50
102
RTVSPost2010PropOp50
 70
     1
102
RTVSPost2010Prop51ColorIndex
 90
      256
102
RTVSPost2010Prop51ColorRGB
 90
-16777216
102
RTVSPost2010PropOp51
 70
     0
102
RTVSPost2010Prop52
140
1.0
102
RTVSPost2010PropOp52
 70
     0
102
RTVSPost2010Prop53
 90
        2
102
RTVSPost2010PropOp53
 70
     1
102
RTVSPost2010Prop54
  1
strokes_ogs.tif
102
RTVSPost2010PropOp54
 70
     1
102
RTVSPost2010Prop55
280
     0
102
RTVSPost2010PropOp55
 70
     1
102
RTVSPost2010Prop56
140
1.0
102
RTVSPost2010PropOp56
 70
     1
102
RTVSPost2010Prop57
140
1.0
102
RTVSPost2010PropOp57
 70
     1
  0
XRECORD
  5
7D6
102
{ACAD_REACTORS
330
7D5
102
}
330
7D5
100
AcDbXrecord
280
     1
102
RTVSPropertyOp0
 70
     1
102
RTVSPropertyOp1
 70
     1
102
RTVSPropertyOp2
 70
     1
102
RTVSPropertyOp3
 70
     1
102
RTVSPropertyOp4
 70
     1
102
RTVSPropertyOp5
 70
     1
102
RTVSPropertyOp6
 70
     1
102
RTVSPropertyOp7
 70
     1
102
RTVSPropertyOp8
 70
     1
102
RTVSPropertyOp9
 70
     1
102
RTVSPropertyOp10
 70
     1
102
RTVSPropertyOp11
 70
     1
102
RTVSPropertyOp12
 70
     1
102
RTVSPropertyOp13
 70
     1
102
RTVSPropertyOp14
 70
     1
102
RTVSPropertyOp15
 70
     1
102
RTVSPropertyOp16
 70
     1
102
RTVSPropertyOp17
 70
     1
102
RTVSPropertyOp18
 70
     1
102
RTVSPropertyOp19
 70
     1
102
RTVSPropertyOp20
 70
     1
102
RTVSPropertyOp21
 70
     1
102
RTVSPropertyOp22
 70
     1
102
RTVSPropertyOp23
 70
     1
102
RTVSPropertyOp24
 70
     1
102
RTVSPropertyOp25
 70
     1
102
RTVSPropertyOp26
 70
     1
102
RTVSPropertyOp27
 70
     1
102
RTVSPropertyOp28
 70
     1
102
RTVSPropertyOp29
 70
     1
102
RTVSPropertyOp30
 70
     1
102
RTVSPropertyOp31
 70
     1
102
RTVSPropertyOp32
 70
     1
102
RTVSPropertyOp33
 70
     1
102
RTVSPropertyOp34
 70
     1
102
RTVSPropertyOp35
 70
     1
102
RTVSPropertyOp36
 70
     1
102
RTVSPropertyOp37
 70
     1
102
RTVSPropertyOp38
 70
     1
102
RTVSPropertyOp39
 70
     1
102
RTVSPropertyOp40
 70
     1
102
RTVSPropertyOp41
 70
     1
102
RTVSPropertyOp42
 70
     1
102
RTVSPropertyOp43
 70
     1
102
RTVSPropertyOp44
 70
     1
102
RTVSPropertyOp45
 70
     1
102
RTVSPropertyOp46
 70
     1
102
RTVSPropertyOp47
 70
     1
102
RTVSPropertyOp48
 70
     1
102
RTVSPropertyOp49
 70
     1
102
RTVSPropertyOp50
 70
     1
102
RTVSPropertyOp51
 70
     0
102
RTVSPropertyOp52
 70
     0
102
RTVSPropertyOp53
 70
     1
102
RTVSPropertyOp54
 70
     1
102
RTVSPropertyOp55
 70
     1
102
RTVSPropertyOp56
 70
     1
102
RTVSPropertyOp57
 70
     1
102
RTVSPost2010Prop28
280
     0
102
RTVSPost2010PropOp28
 70
     1
102
RTVSPost2010Prop29
280
     1
102
RTVSPost2010PropOp29
 70
     1
102
RTVSPost2010Prop30
280
     1
102
RTVSPost2010PropOp30
 70
     1
102
RTVSPost2010Prop31
280
     0
102
RTVSPost2010PropOp31
 70
     1
102
RTVSPost2010Prop32
280
     0
102
RTVSPost2010PropOp32
 70
     1
102
RTVSPost2010Prop33
280
     0
102
RTVSPost2010PropOp33
 70
     1
102
RTVSPost2010Prop34
280
     0
102
RTVSPost2010PropOp34
 70
     1
102
RTVSPost2010Prop35
280
     0
102
RTVSPost2010PropOp35
 70
     1
102
RTVSPost2010Prop36
280
     0
102
RTVSPost2010PropOp36
 70
     1
102
RTVSPost2010Prop37
 90
       50
102
RTVSPost2010PropOp37
 70
     1
102
RTVSPost2010Prop38
140
0.0
102
RTVSPost2010PropOp38
 70
     1
102
RTVSPost2010Prop39
140
1.0
102
RTVSPost2010PropOp39
 70
     1
102
RTVSPost2010Prop40
 90
        0
102
RTVSPost2010PropOp40
 70
     1
102
RTVSPost2010Prop41ColorIndex
 90
       18
102
RTVSPost2010Prop41ColorRGB
 90
        0
102
RTVSPost2010PropOp41
 70
     1
102
RTVSPost2010Prop42
 90
       50
102
RTVSPost2010PropOp42
 70
     1
102
RTVSPost2010Prop43
 90
        3
102
RTVSPost2010PropOp43
 70
     1
102
RTVSPost2010Prop44ColorIndex
 90
        5
102
RTVSPost2010Prop44ColorRGB
 90
      255
102
RTVSPost2010PropOp44
 70
     1
102
RTVSPost2010Prop45
280
     0
102
RTVSPost2010PropOp45
 70
     1
102
RTVSPost2010Prop46
 90
       50
102
RTVSPost2010PropOp46
 70
     1
102
RTVSPost2010Prop47
 90
       50
102
RTVSPost2010PropOp47
 70
     1
102
RTVSPost2010Prop48
 90
       50
102
RTVSPost2010PropOp48
 70
     1
102
RTVSPost2010Prop49
280
     0
102
RTVSPost2010PropOp49
 70
     1
102
RTVSPost2010Prop50
 90
       50
102
RTVSPost2010PropOp50
 70
     1
102
RTVSPost2010Prop51ColorIndex
 90
      256
102
RTVSPost2010Prop51ColorRGB
 90
-16777216
102
RTVSPost2010PropOp51
 70
     0
102
RTVSPost2010Prop52
140
1.0
102
RTVSPost2010PropOp52
 70
     0
102
RTVSPost2010Prop53
 90
        2
102
RTVSPost2010PropOp53
 70
     1
102
RTVSPost2010Prop54
  1
strokes_ogs.tif
102
RTVSPost2010PropOp54
 70
     1
102
RTVSPost2010Prop55
280
     0
102
RTVSPost2010PropOp55
 70
     1
102
RTVSPost2010Prop56
140
1.0
102
RTVSPost2010PropOp56
 70
     1
102
RTVSPost2010Prop57
140
1.0
102
RTVSPost2010PropOp57
 70
     1
  0
XRECORD
  5
7D8
102
{ACAD_REACTORS
330
7D7
102
}
330
7D7
100
AcDbXrecord
280
     1
102
RTVSPropertyOp0
 70
     1
102
RTVSPropertyOp1
 70
     1
102
RTVSPropertyOp2
 70
     1
102
RTVSPropertyOp3
 70
     1
102
RTVSPropertyOp4
 70
     1
102
RTVSPropertyOp5
 70
     1
102
RTVSPropertyOp6
 70
     1
102
RTVSPropertyOp7
 70
     1
102
RTVSPropertyOp8
 70
     1
102
RTVSPropertyOp9
 70
     1
102
RTVSPropertyOp10
 70
     1
102
RTVSPropertyOp11
 70
     1
102
RTVSPropertyOp12
 70
     1
102
RTVSPropertyOp13
 70
     1
102
RTVSPropertyOp14
 70
     1
102
RTVSPropertyOp15
 70
     1
102
RTVSPropertyOp16
 70
     1
102
RTVSPropertyOp17
 70
     1
102
RTVSPropertyOp18
 70
     1
102
RTVSPropertyOp19
 70
     1
102
RTVSPropertyOp20
 70
     1
102
RTVSPropertyOp21
 70
     1
102
RTVSPropertyOp22
 70
     1
102
RTVSPropertyOp23
 70
     1
102
RTVSPropertyOp24
 70
     1
102
RTVSPropertyOp25
 70
     1
102
RTVSPropertyOp26
 70
     1
102
RTVSPropertyOp27
 70
     1
102
RTVSPropertyOp28
 70
     1
102
RTVSPropertyOp29
 70
     1
102
RTVSPropertyOp30
 70
     1
102
RTVSPropertyOp31
 70
     1
102
RTVSPropertyOp32
 70
     1
102
RTVSPropertyOp33
 70
     1
102
RTVSPropertyOp34
 70
     1
102
RTVSPropertyOp35
 70
     1
102
RTVSPropertyOp36
 70
     1
102
RTVSPropertyOp37
 70
     1
102
RTVSPropertyOp38
 70
     1
102
RTVSPropertyOp39
 70
     1
102
RTVSPropertyOp40
 70
     1
102
RTVSPropertyOp41
 70
     1
102
RTVSPropertyOp42
 70
     1
102
RTVSPropertyOp43
 70
     1
102
RTVSPropertyOp44
 70
     1
102
RTVSPropertyOp45
 70
     1
102
RTVSPropertyOp46
 70
     1
102
RTVSPropertyOp47
 70
     1
102
RTVSPropertyOp48
 70
     1
102
RTVSPropertyOp49
 70
     1
102
RTVSPropertyOp50
 70
     1
102
RTVSPropertyOp51
 70
     0
102
RTVSPropertyOp52
 70
     0
102
RTVSPropertyOp53
 70
     1
102
RTVSPropertyOp54
 70
     1
102
RTVSPropertyOp55
 70
     1
102
RTVSPropertyOp56
 70
     1
102
RTVSPropertyOp57
 70
     1
102
RTVSPost2010Prop28
280
     0
102
RTVSPost2010PropOp28
 70
     1
102
RTVSPost2010Prop29
280
     1
102
RTVSPost2010PropOp29
 70
     1
102
RTVSPost2010Prop30
280
     1
102
RTVSPost2010PropOp30
 70
     1
102
RTVSPost2010Prop31
280
     0
102
RTVSPost2010PropOp31
 70
     1
102
RTVSPost2010Prop32
280
     0
102
RTVSPost2010PropOp32
 70
     1
102
RTVSPost2010Prop33
280
     0
102
RTVSPost2010PropOp33
 70
     1
102
RTVSPost2010Prop34
280
     0
102
RTVSPost2010PropOp34
 70
     1
102
RTVSPost2010Prop35
280
     0
102
RTVSPost2010PropOp35
 70
     1
102
RTVSPost2010Prop36
280
     0
102
RTVSPost2010PropOp36
 70
     1
102
RTVSPost2010Prop37
 90
       50
102
RTVSPost2010PropOp37
 70
     1
102
RTVSPost2010Prop38
140
0.0
102
RTVSPost2010PropOp38
 70
     1
102
RTVSPost2010Prop39
140
1.0
102
RTVSPost2010PropOp39
 70
     1
102
RTVSPost2010Prop40
 90
        0
102
RTVSPost2010PropOp40
 70
     1
102
RTVSPost2010Prop41ColorIndex
 90
       18
102
RTVSPost2010Prop41ColorRGB
 90
        0
102
RTVSPost2010PropOp41
 70
     1
102
RTVSPost2010Prop42
 90
       50
102
RTVSPost2010PropOp42
 70
     1
102
RTVSPost2010Prop43
 90
        3
102
RTVSPost2010PropOp43
 70
     1
102
RTVSPost2010Prop44ColorIndex
 90
        5
102
RTVSPost2010Prop44ColorRGB
 90
      255
102
RTVSPost2010PropOp44
 70
     1
102
RTVSPost2010Prop45
280
     0
102
RTVSPost2010PropOp45
 70
     1
102
RTVSPost2010Prop46
 90
       50
102
RTVSPost2010PropOp46
 70
     1
102
RTVSPost2010Prop47
 90
       50
102
RTVSPost2010PropOp47
 70
     1
102
RTVSPost2010Prop48
 90
       50
102
RTVSPost2010PropOp48
 70
     1
102
RTVSPost2010Prop49
280
     0
102
RTVSPost2010PropOp49
 70
     1
102
RTVSPost2010Prop50
 90
       50
102
RTVSPost2010PropOp50
 70
     1
102
RTVSPost2010Prop51ColorIndex
 90
      256
102
RTVSPost2010Prop51ColorRGB
 90
-16777216
102
RTVSPost2010PropOp51
 70
     0
102
RTVSPost2010Prop52
140
1.0
102
RTVSPost2010PropOp52
 70
     0
102
RTVSPost2010Prop53
 90
        2
102
RTVSPost2010PropOp53
 70
     1
102
RTVSPost2010Prop54
  1
strokes_ogs.tif
102
RTVSPost2010PropOp54
 70
     1
102
RTVSPost2010Prop55
280
     0
102
RTVSPost2010PropOp55
 70
     1
102
RTVSPost2010Prop56
140
1.0
102
RTVSPost2010PropOp56
 70
     1
102
RTVSPost2010Prop57
140
1.0
102
RTVSPost2010PropOp57
 70
     1
  0
XRECORD
  5
7DE
102
{ACAD_REACTORS
330
7DD
102
}
330
7DD
100
AcDbXrecord
280
     1
102
RTVSPropertyOp0
 70
     1
102
RTVSPropertyOp1
 70
     1
102
RTVSPropertyOp2
 70
     1
102
RTVSPropertyOp3
 70
     1
102
RTVSPropertyOp4
 70
     1
102
RTVSPropertyOp5
 70
     1
102
RTVSPropertyOp6
 70
     1
102
RTVSPropertyOp7
 70
     1
102
RTVSPropertyOp8
 70
     1
102
RTVSPropertyOp9
 70
     1
102
RTVSPropertyOp10
 70
     1
102
RTVSPropertyOp11
 70
     1
102
RTVSPropertyOp12
 70
     1
102
RTVSPropertyOp13
 70
     1
102
RTVSPropertyOp14
 70
     1
102
RTVSPropertyOp15
 70
     1
102
RTVSPropertyOp16
 70
     1
102
RTVSPropertyOp17
 70
     1
102
RTVSPropertyOp18
 70
     1
102
RTVSPropertyOp19
 70
     1
102
RTVSPropertyOp20
 70
     1
102
RTVSPropertyOp21
 70
     1
102
RTVSPropertyOp22
 70
     1
102
RTVSPropertyOp23
 70
     1
102
RTVSPropertyOp24
 70
     1
102
RTVSPropertyOp25
 70
     1
102
RTVSPropertyOp26
 70
     1
102
RTVSPropertyOp27
 70
     1
102
RTVSPropertyOp28
 70
     1
102
RTVSPropertyOp29
 70
     1
102
RTVSPropertyOp30
 70
     1
102
RTVSPropertyOp31
 70
     1
102
RTVSPropertyOp32
 70
     1
102
RTVSPropertyOp33
 70
     1
102
RTVSPropertyOp34
 70
     1
102
RTVSPropertyOp35
 70
     1
102
RTVSPropertyOp36
 70
     1
102
RTVSPropertyOp37
 70
     1
102
RTVSPropertyOp38
 70
     1
102
RTVSPropertyOp39
 70
     1
102
RTVSPropertyOp40
 70
     1
102
RTVSPropertyOp41
 70
     1
102
RTVSPropertyOp42
 70
     1
102
RTVSPropertyOp43
 70
     1
102
RTVSPropertyOp44
 70
     1
102
RTVSPropertyOp45
 70
     1
102
RTVSPropertyOp46
 70
     1
102
RTVSPropertyOp47
 70
     1
102
RTVSPropertyOp48
 70
     1
102
RTVSPropertyOp49
 70
     1
102
RTVSPropertyOp50
 70
     1
102
RTVSPropertyOp51
 70
     0
102
RTVSPropertyOp52
 70
     0
102
RTVSPropertyOp53
 70
     1
102
RTVSPropertyOp54
 70
     1
102
RTVSPropertyOp55
 70
     1
102
RTVSPropertyOp56
 70
     1
102
RTVSPropertyOp57
 70
     1
102
RTVSPost2010Prop28
280
     0
102
RTVSPost2010PropOp28
 70
     1
102
RTVSPost2010Prop29
280
     1
102
RTVSPost2010PropOp29
 70
     1
102
RTVSPost2010Prop30
280
     1
102
RTVSPost2010PropOp30
 70
     1
102
RTVSPost2010Prop31
280
     0
102
RTVSPost2010PropOp31
 70
     1
102
RTVSPost2010Prop32
280
     0
102
RTVSPost2010PropOp32
 70
     1
102
RTVSPost2010Prop33
280
     0
102
RTVSPost2010PropOp33
 70
     1
102
RTVSPost2010Prop34
280
     0
102
RTVSPost2010PropOp34
 70
     1
102
RTVSPost2010Prop35
280
     0
102
RTVSPost2010PropOp35
 70
     1
102
RTVSPost2010Prop36
280
     0
102
RTVSPost2010PropOp36
 70
     1
102
RTVSPost2010Prop37
 90
       50
102
RTVSPost2010PropOp37
 70
     1
102
RTVSPost2010Prop38
140
0.0
102
RTVSPost2010PropOp38
 70
     1
102
RTVSPost2010Prop39
140
1.0
102
RTVSPost2010PropOp39
 70
     1
102
RTVSPost2010Prop40
 90
        0
102
RTVSPost2010PropOp40
 70
     1
102
RTVSPost2010Prop41ColorIndex
 90
       18
102
RTVSPost2010Prop41ColorRGB
 90
        0
102
RTVSPost2010PropOp41
 70
     1
102
RTVSPost2010Prop42
 90
       50
102
RTVSPost2010PropOp42
 70
     1
102
RTVSPost2010Prop43
 90
        3
102
RTVSPost2010PropOp43
 70
     1
102
RTVSPost2010Prop44ColorIndex
 90
        5
102
RTVSPost2010Prop44ColorRGB
 90
      255
102
RTVSPost2010PropOp44
 70
     1
102
RTVSPost2010Prop45
280
     0
102
RTVSPost2010PropOp45
 70
     1
102
RTVSPost2010Prop46
 90
       50
102
RTVSPost2010PropOp46
 70
     1
102
RTVSPost2010Prop47
 90
       50
102
RTVSPost2010PropOp47
 70
     1
102
RTVSPost2010Prop48
 90
       50
102
RTVSPost2010PropOp48
 70
     1
102
RTVSPost2010Prop49
280
     0
102
RTVSPost2010PropOp49
 70
     1
102
RTVSPost2010Prop50
 90
       50
102
RTVSPost2010PropOp50
 70
     1
102
RTVSPost2010Prop51ColorIndex
 90
      256
102
RTVSPost2010Prop51ColorRGB
 90
-16777216
102
RTVSPost2010PropOp51
 70
     0
102
RTVSPost2010Prop52
140
1.0
102
RTVSPost2010PropOp52
 70
     0
102
RTVSPost2010Prop53
 90
        2
102
RTVSPost2010PropOp53
 70
     1
102
RTVSPost2010Prop54
  1
strokes_ogs.tif
102
RTVSPost2010PropOp54
 70
     1
102
RTVSPost2010Prop55
280
     0
102
RTVSPost2010PropOp55
 70
     1
102
RTVSPost2010Prop56
140
1.0
102
RTVSPost2010PropOp56
 70
     1
102
RTVSPost2010Prop57
140
1.0
102
RTVSPost2010PropOp57
 70
     1
  0
XRECORD
  5
7F2
102
{ACAD_REACTORS
330
7F1
102
}
330
7F1
100
AcDbXrecord
280
     1
102
RTVSPropertyOp0
 70
     0
102
RTVSPropertyOp1
 70
     0
102
RTVSPropertyOp2
 70
     0
102
RTVSPropertyOp3
 70
     0
102
RTVSPropertyOp4
 70
     0
102
RTVSPropertyOp5
 70
     0
102
RTVSPropertyOp6
 70
     0
102
RTVSPropertyOp7
 70
     0
102
RTVSPropertyOp8
 70
     0
102
RTVSPropertyOp9
 70
     0
102
RTVSPropertyOp10
 70
     0
102
RTVSPropertyOp11
 70
     0
102
RTVSPropertyOp12
 70
     0
102
RTVSPropertyOp13
 70
     0
102
RTVSPropertyOp14
 70
     2
102
RTVSPropertyOp15
 70
     0
102
RTVSPropertyOp16
 70
     0
102
RTVSPropertyOp17
 70
     0
102
RTVSPropertyOp18
 70
     0
102
RTVSPropertyOp19
 70
     0
102
RTVSPropertyOp20
 70
     0
102
RTVSPropertyOp21
 70
     0
102
RTVSPropertyOp22
 70
     0
102
RTVSPropertyOp23
 70
     0
102
RTVSPropertyOp24
 70
     0
102
RTVSPropertyOp25
 70
     0
102
RTVSPropertyOp26
 70
     0
102
RTVSPropertyOp27
 70
     0
102
RTVSPropertyOp28
 70
     0
102
RTVSPropertyOp29
 70
     0
102
RTVSPropertyOp30
 70
     0
102
RTVSPropertyOp31
 70
     0
102
RTVSPropertyOp32
 70
     0
102
RTVSPropertyOp33
 70
     0
102
RTVSPropertyOp34
 70
     0
102
RTVSPropertyOp35
 70
     0
102
RTVSPropertyOp36
 70
     0
102
RTVSPropertyOp37
 70
     0
102
RTVSPropertyOp38
 70
     0
102
RTVSPropertyOp39
 70
     0
102
RTVSPropertyOp40
 70
     0
102
RTVSPropertyOp41
 70
     0
102
RTVSPropertyOp42
 70
     0
102
RTVSPropertyOp43
 70
     0
102
RTVSPropertyOp44
 70
     0
102
RTVSPropertyOp45
 70
     0
102
RTVSPropertyOp46
 70
     0
102
RTVSPropertyOp47
 70
     0
102
RTVSPropertyOp48
 70
     0
102
RTVSPropertyOp49
 70
     0
102
RTVSPropertyOp50
 70
     0
102
RTVSPropertyOp51
 70
     0
102
RTVSPropertyOp52
 70
     0
102
RTVSPropertyOp53
 70
     0
102
RTVSPropertyOp54
 70
     0
102
RTVSPropertyOp55
 70
     0
102
RTVSPropertyOp56
 70
     0
102
RTVSPropertyOp57
 70
     0
102
RTVSPost2010Prop28
280
     0
102
RTVSPost2010PropOp28
 70
     0
102
RTVSPost2010Prop29
280
     1
102
RTVSPost2010PropOp29
 70
     0
102
RTVSPost2010Prop30
280
     1
102
RTVSPost2010PropOp30
 70
     0
102
RTVSPost2010Prop31
280
     0
102
RTVSPost2010PropOp31
 70
     0
102
RTVSPost2010Prop32
280
     0
102
RTVSPost2010PropOp32
 70
     0
102
RTVSPost2010Prop33
280
     0
102
RTVSPost2010PropOp33
 70
     0
102
RTVSPost2010Prop34
280
     0
102
RTVSPost2010PropOp34
 70
     0
102
RTVSPost2010Prop35
280
     0
102
RTVSPost2010PropOp35
 70
     0
102
RTVSPost2010Prop36
280
     0
102
RTVSPost2010PropOp36
 70
     0
102
RTVSPost2010Prop37
 90
       50
102
RTVSPost2010PropOp37
 70
     0
102
RTVSPost2010Prop38
140
0.0
102
RTVSPost2010PropOp38
 70
     0
102
RTVSPost2010Prop39
140
1.0
102
RTVSPost2010PropOp39
 70
     0
102
RTVSPost2010Prop40
 90
        0
102
RTVSPost2010PropOp40
 70
     0
102
RTVSPost2010Prop41ColorIndex
 90
       18
102
RTVSPost2010Prop41ColorRGB
 90
        0
102
RTVSPost2010PropOp41
 70
     0
102
RTVSPost2010Prop42
 90
       50
102
RTVSPost2010PropOp42
 70
     0
102
RTVSPost2010Prop43
 90
        3
102
RTVSPost2010PropOp43
 70
     0
102
RTVSPost2010Prop44ColorIndex
 90
        5
102
RTVSPost2010Prop44ColorRGB
 90
      255
102
RTVSPost2010PropOp44
 70
     0
102
RTVSPost2010Prop45
280
     0
102
RTVSPost2010PropOp45
 70
     0
102
RTVSPost2010Prop46
 90
       50
102
RTVSPost2010PropOp46
 70
     0
102
RTVSPost2010Prop47
 90
       50
102
RTVSPost2010PropOp47
 70
     0
102
RTVSPost2010Prop48
 90
       50
102
RTVSPost2010PropOp48
 70
     0
102
RTVSPost2010Prop49
280
     0
102
RTVSPost2010PropOp49
 70
     0
102
RTVSPost2010Prop50
 90
       50
102
RTVSPost2010PropOp50
 70
     0
102
RTVSPost2010Prop51ColorIndex
 90
      256
102
RTVSPost2010Prop51ColorRGB
 90
-16777216
102
RTVSPost2010PropOp51
 70
     0
102
RTVSPost2010Prop52
140
1.0
102
RTVSPost2010PropOp52
 70
     0
102
RTVSPost2010Prop53
 90
        2
102
RTVSPost2010PropOp53
 70
     0
102
RTVSPost2010Prop54
  1
strokes_ogs.tif
102
RTVSPost2010PropOp54
 70
     0
102
RTVSPost2010Prop55
280
     0
102
RTVSPost2010PropOp55
 70
     0
102
RTVSPost2010Prop56
140
1.0
102
RTVSPost2010PropOp56
 70
     0
102
RTVSPost2010Prop57
140
1.0
102
RTVSPost2010PropOp57
 70
     0
  0
XRECORD
  5
7EC
102
{ACAD_REACTORS
330
7EB
102
}
330
7EB
100
AcDbXrecord
280
     1
102
RTVSPropertyOp0
 70
     1
102
RTVSPropertyOp1
 70
     1
102
RTVSPropertyOp2
 70
     1
102
RTVSPropertyOp3
 70
     1
102
RTVSPropertyOp4
 70
     1
102
RTVSPropertyOp5
 70
     1
102
RTVSPropertyOp6
 70
     1
102
RTVSPropertyOp7
 70
     1
102
RTVSPropertyOp8
 70
     1
102
RTVSPropertyOp9
 70
     1
102
RTVSPropertyOp10
 70
     1
102
RTVSPropertyOp11
 70
     1
102
RTVSPropertyOp12
 70
     1
102
RTVSPropertyOp13
 70
     1
102
RTVSPropertyOp14
 70
     1
102
RTVSPropertyOp15
 70
     1
102
RTVSPropertyOp16
 70
     1
102
RTVSPropertyOp17
 70
     1
102
RTVSPropertyOp18
 70
     1
102
RTVSPropertyOp19
 70
     1
102
RTVSPropertyOp20
 70
     1
102
RTVSPropertyOp21
 70
     1
102
RTVSPropertyOp22
 70
     1
102
RTVSPropertyOp23
 70
     1
102
RTVSPropertyOp24
 70
     1
102
RTVSPropertyOp25
 70
     1
102
RTVSPropertyOp26
 70
     1
102
RTVSPropertyOp27
 70
     1
102
RTVSPropertyOp28
 70
     1
102
RTVSPropertyOp29
 70
     1
102
RTVSPropertyOp30
 70
     1
102
RTVSPropertyOp31
 70
     1
102
RTVSPropertyOp32
 70
     1
102
RTVSPropertyOp33
 70
     1
102
RTVSPropertyOp34
 70
     1
102
RTVSPropertyOp35
 70
     1
102
RTVSPropertyOp36
 70
     1
102
RTVSPropertyOp37
 70
     1
102
RTVSPropertyOp38
 70
     1
102
RTVSPropertyOp39
 70
     1
102
RTVSPropertyOp40
 70
     1
102
RTVSPropertyOp41
 70
     1
102
RTVSPropertyOp42
 70
     1
102
RTVSPropertyOp43
 70
     1
102
RTVSPropertyOp44
 70
     1
102
RTVSPropertyOp45
 70
     1
102
RTVSPropertyOp46
 70
     1
102
RTVSPropertyOp47
 70
     1
102
RTVSPropertyOp48
 70
     1
102
RTVSPropertyOp49
 70
     1
102
RTVSPropertyOp50
 70
     1
102
RTVSPropertyOp51
 70
     0
102
RTVSPropertyOp52
 70
     0
102
RTVSPropertyOp53
 70
     1
102
RTVSPropertyOp54
 70
     1
102
RTVSPropertyOp55
 70
     1
102
RTVSPropertyOp56
 70
     1
102
RTVSPropertyOp57
 70
     1
102
RTVSPost2010Prop28
280
     0
102
RTVSPost2010PropOp28
 70
     1
102
RTVSPost2010Prop29
280
     1
102
RTVSPost2010PropOp29
 70
     1
102
RTVSPost2010Prop30
280
     1
102
RTVSPost2010PropOp30
 70
     1
102
RTVSPost2010Prop31
280
     0
102
RTVSPost2010PropOp31
 70
     1
102
RTVSPost2010Prop32
280
     0
102
RTVSPost2010PropOp32
 70
     1
102
RTVSPost2010Prop33
280
     0
102
RTVSPost2010PropOp33
 70
     1
102
RTVSPost2010Prop34
280
     0
102
RTVSPost2010PropOp34
 70
     1
102
RTVSPost2010Prop35
280
     0
102
RTVSPost2010PropOp35
 70
     1
102
RTVSPost2010Prop36
280
     0
102
RTVSPost2010PropOp36
 70
     1
102
RTVSPost2010Prop37
 90
       50
102
RTVSPost2010PropOp37
 70
     1
102
RTVSPost2010Prop38
140
0.0
102
RTVSPost2010PropOp38
 70
     1
102
RTVSPost2010Prop39
140
1.0
102
RTVSPost2010PropOp39
 70
     1
102
RTVSPost2010Prop40
 90
        0
102
RTVSPost2010PropOp40
 70
     1
102
RTVSPost2010Prop41ColorIndex
 90
       18
102
RTVSPost2010Prop41ColorRGB
 90
        0
102
RTVSPost2010PropOp41
 70
     1
102
RTVSPost2010Prop42
 90
       50
102
RTVSPost2010PropOp42
 70
     1
102
RTVSPost2010Prop43
 90
        3
102
RTVSPost2010PropOp43
 70
     1
102
RTVSPost2010Prop44ColorIndex
 90
        5
102
RTVSPost2010Prop44ColorRGB
 90
      255
102
RTVSPost2010PropOp44
 70
     1
102
RTVSPost2010Prop45
280
     0
102
RTVSPost2010PropOp45
 70
     1
102
RTVSPost2010Prop46
 90
       50
102
RTVSPost2010PropOp46
 70
     1
102
RTVSPost2010Prop47
 90
       50
102
RTVSPost2010PropOp47
 70
     1
102
RTVSPost2010Prop48
 90
       50
102
RTVSPost2010PropOp48
 70
     1
102
RTVSPost2010Prop49
280
     0
102
RTVSPost2010PropOp49
 70
     1
102
RTVSPost2010Prop50
 90
       50
102
RTVSPost2010PropOp50
 70
     1
102
RTVSPost2010Prop51ColorIndex
 90
      256
102
RTVSPost2010Prop51ColorRGB
 90
-16777216
102
RTVSPost2010PropOp51
 70
     0
102
RTVSPost2010Prop52
140
1.0
102
RTVSPost2010PropOp52
 70
     0
102
RTVSPost2010Prop53
 90
        2
102
RTVSPost2010PropOp53
 70
     1
102
RTVSPost2010Prop54
  1
strokes_ogs.tif
102
RTVSPost2010PropOp54
 70
     1
102
RTVSPost2010Prop55
280
     0
102
RTVSPost2010PropOp55
 70
     1
102
RTVSPost2010Prop56
140
1.0
102
RTVSPost2010PropOp56
 70
     1
102
RTVSPost2010Prop57
140
1.0
102
RTVSPost2010PropOp57
 70
     1
  0
XRECORD
  5
7F4
102
{ACAD_REACTORS
330
7F3
102
}
330
7F3
100
AcDbXrecord
280
     1
102
RTVSPropertyOp0
 70
     0
102
RTVSPropertyOp1
 70
     0
102
RTVSPropertyOp2
 70
     0
102
RTVSPropertyOp3
 70
     0
102
RTVSPropertyOp4
 70
     0
102
RTVSPropertyOp5
 70
     0
102
RTVSPropertyOp6
 70
     0
102
RTVSPropertyOp7
 70
     0
102
RTVSPropertyOp8
 70
     0
102
RTVSPropertyOp9
 70
     0
102
RTVSPropertyOp10
 70
     0
102
RTVSPropertyOp11
 70
     0
102
RTVSPropertyOp12
 70
     0
102
RTVSPropertyOp13
 70
     0
102
RTVSPropertyOp14
 70
     2
102
RTVSPropertyOp15
 70
     0
102
RTVSPropertyOp16
 70
     0
102
RTVSPropertyOp17
 70
     0
102
RTVSPropertyOp18
 70
     0
102
RTVSPropertyOp19
 70
     0
102
RTVSPropertyOp20
 70
     0
102
RTVSPropertyOp21
 70
     0
102
RTVSPropertyOp22
 70
     0
102
RTVSPropertyOp23
 70
     0
102
RTVSPropertyOp24
 70
     0
102
RTVSPropertyOp25
 70
     0
102
RTVSPropertyOp26
 70
     0
102
RTVSPropertyOp27
 70
     0
102
RTVSPropertyOp28
 70
     0
102
RTVSPropertyOp29
 70
     0
102
RTVSPropertyOp30
 70
     0
102
RTVSPropertyOp31
 70
     0
102
RTVSPropertyOp32
 70
     0
102
RTVSPropertyOp33
 70
     0
102
RTVSPropertyOp34
 70
     0
102
RTVSPropertyOp35
 70
     0
102
RTVSPropertyOp36
 70
     0
102
RTVSPropertyOp37
 70
     0
102
RTVSPropertyOp38
 70
     0
102
RTVSPropertyOp39
 70
     0
102
RTVSPropertyOp40
 70
     0
102
RTVSPropertyOp41
 70
     0
102
RTVSPropertyOp42
 70
     0
102
RTVSPropertyOp43
 70
     0
102
RTVSPropertyOp44
 70
     0
102
RTVSPropertyOp45
 70
     0
102
RTVSPropertyOp46
 70
     0
102
RTVSPropertyOp47
 70
     0
102
RTVSPropertyOp48
 70
     0
102
RTVSPropertyOp49
 70
     0
102
RTVSPropertyOp50
 70
     0
102
RTVSPropertyOp51
 70
     0
102
RTVSPropertyOp52
 70
     0
102
RTVSPropertyOp53
 70
     0
102
RTVSPropertyOp54
 70
     0
102
RTVSPropertyOp55
 70
     0
102
RTVSPropertyOp56
 70
     0
102
RTVSPropertyOp57
 70
     0
102
RTVSPost2010Prop28
280
     0
102
RTVSPost2010PropOp28
 70
     0
102
RTVSPost2010Prop29
280
     1
102
RTVSPost2010PropOp29
 70
     0
102
RTVSPost2010Prop30
280
     1
102
RTVSPost2010PropOp30
 70
     0
102
RTVSPost2010Prop31
280
     0
102
RTVSPost2010PropOp31
 70
     0
102
RTVSPost2010Prop32
280
     0
102
RTVSPost2010PropOp32
 70
     0
102
RTVSPost2010Prop33
280
     0
102
RTVSPost2010PropOp33
 70
     0
102
RTVSPost2010Prop34
280
     0
102
RTVSPost2010PropOp34
 70
     0
102
RTVSPost2010Prop35
280
     0
102
RTVSPost2010PropOp35
 70
     0
102
RTVSPost2010Prop36
280
     0
102
RTVSPost2010PropOp36
 70
     0
102
RTVSPost2010Prop37
 90
       50
102
RTVSPost2010PropOp37
 70
     0
102
RTVSPost2010Prop38
140
0.0
102
RTVSPost2010PropOp38
 70
     0
102
RTVSPost2010Prop39
140
1.0
102
RTVSPost2010PropOp39
 70
     0
102
RTVSPost2010Prop40
 90
        0
102
RTVSPost2010PropOp40
 70
     0
102
RTVSPost2010Prop41ColorIndex
 90
       18
102
RTVSPost2010Prop41ColorRGB
 90
        0
102
RTVSPost2010PropOp41
 70
     0
102
RTVSPost2010Prop42
 90
       50
102
RTVSPost2010PropOp42
 70
     0
102
RTVSPost2010Prop43
 90
        3
102
RTVSPost2010PropOp43
 70
     0
102
RTVSPost2010Prop44ColorIndex
 90
        5
102
RTVSPost2010Prop44ColorRGB
 90
      255
102
RTVSPost2010PropOp44
 70
     0
102
RTVSPost2010Prop45
280
     0
102
RTVSPost2010PropOp45
 70
     0
102
RTVSPost2010Prop46
 90
       50
102
RTVSPost2010PropOp46
 70
     0
102
RTVSPost2010Prop47
 90
       50
102
RTVSPost2010PropOp47
 70
     0
102
RTVSPost2010Prop48
 90
       50
102
RTVSPost2010PropOp48
 70
     0
102
RTVSPost2010Prop49
280
     0
102
RTVSPost2010PropOp49
 70
     0
102
RTVSPost2010Prop50
 90
       50
102
RTVSPost2010PropOp50
 70
     0
102
RTVSPost2010Prop51ColorIndex
 90
      256
102
RTVSPost2010Prop51ColorRGB
 90
-16777216
102
RTVSPost2010PropOp51
 70
     0
102
RTVSPost2010Prop52
140
1.0
102
RTVSPost2010PropOp52
 70
     0
102
RTVSPost2010Prop53
 90
        2
102
RTVSPost2010PropOp53
 70
     0
102
RTVSPost2010Prop54
  1
strokes_ogs.tif
102
RTVSPost2010PropOp54
 70
     0
102
RTVSPost2010Prop55
280
     0
102
RTVSPost2010PropOp55
 70
     0
102
RTVSPost2010Prop56
140
1.0
102
RTVSPost2010PropOp56
 70
     0
102
RTVSPost2010Prop57
140
1.0
102
RTVSPost2010PropOp57
 70
     0
  0
XRECORD
  5
7E2
102
{ACAD_REACTORS
330
7E1
102
}
330
7E1
100
AcDbXrecord
280
     1
102
RTVSPropertyOp0
 70
     1
102
RTVSPropertyOp1
 70
     1
102
RTVSPropertyOp2
 70
     1
102
RTVSPropertyOp3
 70
     1
102
RTVSPropertyOp4
 70
     1
102
RTVSPropertyOp5
 70
     1
102
RTVSPropertyOp6
 70
     1
102
RTVSPropertyOp7
 70
     1
102
RTVSPropertyOp8
 70
     1
102
RTVSPropertyOp9
 70
     1
102
RTVSPropertyOp10
 70
     1
102
RTVSPropertyOp11
 70
     1
102
RTVSPropertyOp12
 70
     1
102
RTVSPropertyOp13
 70
     1
102
RTVSPropertyOp14
 70
     1
102
RTVSPropertyOp15
 70
     1
102
RTVSPropertyOp16
 70
     1
102
RTVSPropertyOp17
 70
     1
102
RTVSPropertyOp18
 70
     1
102
RTVSPropertyOp19
 70
     1
102
RTVSPropertyOp20
 70
     1
102
RTVSPropertyOp21
 70
     1
102
RTVSPropertyOp22
 70
     1
102
RTVSPropertyOp23
 70
     1
102
RTVSPropertyOp24
 70
     1
102
RTVSPropertyOp25
 70
     1
102
RTVSPropertyOp26
 70
     1
102
RTVSPropertyOp27
 70
     1
102
RTVSPropertyOp28
 70
     1
102
RTVSPropertyOp29
 70
     1
102
RTVSPropertyOp30
 70
     1
102
RTVSPropertyOp31
 70
     1
102
RTVSPropertyOp32
 70
     1
102
RTVSPropertyOp33
 70
     1
102
RTVSPropertyOp34
 70
     1
102
RTVSPropertyOp35
 70
     1
102
RTVSPropertyOp36
 70
     1
102
RTVSPropertyOp37
 70
     1
102
RTVSPropertyOp38
 70
     1
102
RTVSPropertyOp39
 70
     1
102
RTVSPropertyOp40
 70
     1
102
RTVSPropertyOp41
 70
     1
102
RTVSPropertyOp42
 70
     1
102
RTVSPropertyOp43
 70
     1
102
RTVSPropertyOp44
 70
     1
102
RTVSPropertyOp45
 70
     1
102
RTVSPropertyOp46
 70
     1
102
RTVSPropertyOp47
 70
     1
102
RTVSPropertyOp48
 70
     1
102
RTVSPropertyOp49
 70
     1
102
RTVSPropertyOp50
 70
     1
102
RTVSPropertyOp51
 70
     0
102
RTVSPropertyOp52
 70
     0
102
RTVSPropertyOp53
 70
     1
102
RTVSPropertyOp54
 70
     1
102
RTVSPropertyOp55
 70
     1
102
RTVSPropertyOp56
 70
     1
102
RTVSPropertyOp57
 70
     1
102
RTVSPost2010Prop28
280
     0
102
RTVSPost2010PropOp28
 70
     1
102
RTVSPost2010Prop29
280
     1
102
RTVSPost2010PropOp29
 70
     1
102
RTVSPost2010Prop30
280
     1
102
RTVSPost2010PropOp30
 70
     1
102
RTVSPost2010Prop31
280
     0
102
RTVSPost2010PropOp31
 70
     1
102
RTVSPost2010Prop32
280
     0
102
RTVSPost2010PropOp32
 70
     1
102
RTVSPost2010Prop33
280
     0
102
RTVSPost2010PropOp33
 70
     1
102
RTVSPost2010Prop34
280
     0
102
RTVSPost2010PropOp34
 70
     1
102
RTVSPost2010Prop35
280
     0
102
RTVSPost2010PropOp35
 70
     1
102
RTVSPost2010Prop36
280
     0
102
RTVSPost2010PropOp36
 70
     1
102
RTVSPost2010Prop37
 90
       50
102
RTVSPost2010PropOp37
 70
     1
102
RTVSPost2010Prop38
140
0.0
102
RTVSPost2010PropOp38
 70
     1
102
RTVSPost2010Prop39
140
1.0
102
RTVSPost2010PropOp39
 70
     1
102
RTVSPost2010Prop40
 90
        0
102
RTVSPost2010PropOp40
 70
     1
102
RTVSPost2010Prop41ColorIndex
 90
       18
102
RTVSPost2010Prop41ColorRGB
 90
        0
102
RTVSPost2010PropOp41
 70
     1
102
RTVSPost2010Prop42
 90
       50
102
RTVSPost2010PropOp42
 70
     1
102
RTVSPost2010Prop43
 90
        3
102
RTVSPost2010PropOp43
 70
     1
102
RTVSPost2010Prop44ColorIndex
 90
        5
102
RTVSPost2010Prop44ColorRGB
 90
      255
102
RTVSPost2010PropOp44
 70
     1
102
RTVSPost2010Prop45
280
     0
102
RTVSPost2010PropOp45
 70
     1
102
RTVSPost2010Prop46
 90
       50
102
RTVSPost2010PropOp46
 70
     1
102
RTVSPost2010Prop47
 90
       50
102
RTVSPost2010PropOp47
 70
     1
102
RTVSPost2010Prop48
 90
       50
102
RTVSPost2010PropOp48
 70
     1
102
RTVSPost2010Prop49
280
     0
102
RTVSPost2010PropOp49
 70
     1
102
RTVSPost2010Prop50
 90
       50
102
RTVSPost2010PropOp50
 70
     1
102
RTVSPost2010Prop51ColorIndex
 90
      256
102
RTVSPost2010Prop51ColorRGB
 90
-16777216
102
RTVSPost2010PropOp51
 70
     0
102
RTVSPost2010Prop52
140
1.0
102
RTVSPost2010PropOp52
 70
     0
102
RTVSPost2010Prop53
 90
        2
102
RTVSPost2010PropOp53
 70
     1
102
RTVSPost2010Prop54
  1
strokes_ogs.tif
102
RTVSPost2010PropOp54
 70
     1
102
RTVSPost2010Prop55
280
     0
102
RTVSPost2010PropOp55
 70
     1
102
RTVSPost2010Prop56
140
1.0
102
RTVSPost2010PropOp56
 70
     1
102
RTVSPost2010Prop57
140
1.0
102
RTVSPost2010PropOp57
 70
     1
  0
XRECORD
  5
800
102
{ACAD_REACTORS
330
7FF
102
}
330
7FF
100
AcDbXrecord
280
     1
102
RTVSPropertyOp0
 70
     1
102
RTVSPropertyOp1
 70
     1
102
RTVSPropertyOp2
 70
     1
102
RTVSPropertyOp3
 70
     1
102
RTVSPropertyOp4
 70
     1
102
RTVSPropertyOp5
 70
     1
102
RTVSPropertyOp6
 70
     1
102
RTVSPropertyOp7
 70
     1
102
RTVSPropertyOp8
 70
     1
102
RTVSPropertyOp9
 70
     1
102
RTVSPropertyOp10
 70
     1
102
RTVSPropertyOp11
 70
     1
102
RTVSPropertyOp12
 70
     1
102
RTVSPropertyOp13
 70
     1
102
RTVSPropertyOp14
 70
     1
102
RTVSPropertyOp15
 70
     1
102
RTVSPropertyOp16
 70
     1
102
RTVSPropertyOp17
 70
     1
102
RTVSPropertyOp18
 70
     1
102
RTVSPropertyOp19
 70
     1
102
RTVSPropertyOp20
 70
     1
102
RTVSPropertyOp21
 70
     1
102
RTVSPropertyOp22
 70
     1
102
RTVSPropertyOp23
 70
     1
102
RTVSPropertyOp24
 70
     1
102
RTVSPropertyOp25
 70
     1
102
RTVSPropertyOp26
 70
     1
102
RTVSPropertyOp27
 70
     1
102
RTVSPropertyOp28
 70
     1
102
RTVSPropertyOp29
 70
     1
102
RTVSPropertyOp30
 70
     1
102
RTVSPropertyOp31
 70
     1
102
RTVSPropertyOp32
 70
     1
102
RTVSPropertyOp33
 70
     1
102
RTVSPropertyOp34
 70
     1
102
RTVSPropertyOp35
 70
     1
102
RTVSPropertyOp36
 70
     1
102
RTVSPropertyOp37
 70
     1
102
RTVSPropertyOp38
 70
     1
102
RTVSPropertyOp39
 70
     1
102
RTVSPropertyOp40
 70
     1
102
RTVSPropertyOp41
 70
     1
102
RTVSPropertyOp42
 70
     1
102
RTVSPropertyOp43
 70
     1
102
RTVSPropertyOp44
 70
     1
102
RTVSPropertyOp45
 70
     1
102
RTVSPropertyOp46
 70
     1
102
RTVSPropertyOp47
 70
     1
102
RTVSPropertyOp48
 70
     1
102
RTVSPropertyOp49
 70
     1
102
RTVSPropertyOp50
 70
     1
102
RTVSPropertyOp51
 70
     0
102
RTVSPropertyOp52
 70
     0
102
RTVSPropertyOp53
 70
     1
102
RTVSPropertyOp54
 70
     1
102
RTVSPropertyOp55
 70
     1
102
RTVSPropertyOp56
 70
     1
102
RTVSPropertyOp57
 70
     1
102
RTVSPost2010Prop28
280
     0
102
RTVSPost2010PropOp28
 70
     1
102
RTVSPost2010Prop29
280
     1
102
RTVSPost2010PropOp29
 70
     1
102
RTVSPost2010Prop30
280
     1
102
RTVSPost2010PropOp30
 70
     1
102
RTVSPost2010Prop31
280
     0
102
RTVSPost2010PropOp31
 70
     1
102
RTVSPost2010Prop32
280
     0
102
RTVSPost2010PropOp32
 70
     1
102
RTVSPost2010Prop33
280
     0
102
RTVSPost2010PropOp33
 70
     1
102
RTVSPost2010Prop34
280
     0
102
RTVSPost2010PropOp34
 70
     1
102
RTVSPost2010Prop35
280
     0
102
RTVSPost2010PropOp35
 70
     1
102
RTVSPost2010Prop36
280
     0
102
RTVSPost2010PropOp36
 70
     1
102
RTVSPost2010Prop37
 90
       50
102
RTVSPost2010PropOp37
 70
     1
102
RTVSPost2010Prop38
140
0.0
102
RTVSPost2010PropOp38
 70
     1
102
RTVSPost2010Prop39
140
1.0
102
RTVSPost2010PropOp39
 70
     1
102
RTVSPost2010Prop40
 90
        0
102
RTVSPost2010PropOp40
 70
     1
102
RTVSPost2010Prop41ColorIndex
 90
       18
102
RTVSPost2010Prop41ColorRGB
 90
        0
102
RTVSPost2010PropOp41
 70
     1
102
RTVSPost2010Prop42
 90
       50
102
RTVSPost2010PropOp42
 70
     1
102
RTVSPost2010Prop43
 90
        3
102
RTVSPost2010PropOp43
 70
     1
102
RTVSPost2010Prop44ColorIndex
 90
        5
102
RTVSPost2010Prop44ColorRGB
 90
      255
102
RTVSPost2010PropOp44
 70
     1
102
RTVSPost2010Prop45
280
     0
102
RTVSPost2010PropOp45
 70
     1
102
RTVSPost2010Prop46
 90
       50
102
RTVSPost2010PropOp46
 70
     1
102
RTVSPost2010Prop47
 90
       50
102
RTVSPost2010PropOp47
 70
     1
102
RTVSPost2010Prop48
 90
       50
102
RTVSPost2010PropOp48
 70
     1
102
RTVSPost2010Prop49
280
     0
102
RTVSPost2010PropOp49
 70
     1
102
RTVSPost2010Prop50
 90
       50
102
RTVSPost2010PropOp50
 70
     1
102
RTVSPost2010Prop51ColorIndex
 90
      256
102
RTVSPost2010Prop51ColorRGB
 90
-16777216
102
RTVSPost2010PropOp51
 70
     0
102
RTVSPost2010Prop52
140
1.0
102
RTVSPost2010PropOp52
 70
     0
102
RTVSPost2010Prop53
 90
        2
102
RTVSPost2010PropOp53
 70
     1
102
RTVSPost2010Prop54
  1
strokes_ogs.tif
102
RTVSPost2010PropOp54
 70
     1
102
RTVSPost2010Prop55
280
     0
102
RTVSPost2010PropOp55
 70
     1
102
RTVSPost2010Prop56
140
1.0
102
RTVSPost2010PropOp56
 70
     1
102
RTVSPost2010Prop57
140
1.0
102
RTVSPost2010PropOp57
 70
     1
  0
XRECORD
  5
7FE
102
{ACAD_REACTORS
330
7FD
102
}
330
7FD
100
AcDbXrecord
280
     1
102
RTVSPropertyOp0
 70
     1
102
RTVSPropertyOp1
 70
     1
102
RTVSPropertyOp2
 70
     1
102
RTVSPropertyOp3
 70
     1
102
RTVSPropertyOp4
 70
     1
102
RTVSPropertyOp5
 70
     1
102
RTVSPropertyOp6
 70
     1
102
RTVSPropertyOp7
 70
     1
102
RTVSPropertyOp8
 70
     1
102
RTVSPropertyOp9
 70
     1
102
RTVSPropertyOp10
 70
     1
102
RTVSPropertyOp11
 70
     1
102
RTVSPropertyOp12
 70
     1
102
RTVSPropertyOp13
 70
     1
102
RTVSPropertyOp14
 70
     1
102
RTVSPropertyOp15
 70
     1
102
RTVSPropertyOp16
 70
     1
102
RTVSPropertyOp17
 70
     1
102
RTVSPropertyOp18
 70
     1
102
RTVSPropertyOp19
 70
     1
102
RTVSPropertyOp20
 70
     1
102
RTVSPropertyOp21
 70
     1
102
RTVSPropertyOp22
 70
     1
102
RTVSPropertyOp23
 70
     1
102
RTVSPropertyOp24
 70
     1
102
RTVSPropertyOp25
 70
     1
102
RTVSPropertyOp26
 70
     1
102
RTVSPropertyOp27
 70
     1
102
RTVSPropertyOp28
 70
     1
102
RTVSPropertyOp29
 70
     1
102
RTVSPropertyOp30
 70
     1
102
RTVSPropertyOp31
 70
     1
102
RTVSPropertyOp32
 70
     1
102
RTVSPropertyOp33
 70
     1
102
RTVSPropertyOp34
 70
     1
102
RTVSPropertyOp35
 70
     1
102
RTVSPropertyOp36
 70
     1
102
RTVSPropertyOp37
 70
     1
102
RTVSPropertyOp38
 70
     1
102
RTVSPropertyOp39
 70
     1
102
RTVSPropertyOp40
 70
     1
102
RTVSPropertyOp41
 70
     1
102
RTVSPropertyOp42
 70
     1
102
RTVSPropertyOp43
 70
     1
102
RTVSPropertyOp44
 70
     1
102
RTVSPropertyOp45
 70
     1
102
RTVSPropertyOp46
 70
     1
102
RTVSPropertyOp47
 70
     1
102
RTVSPropertyOp48
 70
     1
102
RTVSPropertyOp49
 70
     1
102
RTVSPropertyOp50
 70
     1
102
RTVSPropertyOp51
 70
     0
102
RTVSPropertyOp52
 70
     0
102
RTVSPropertyOp53
 70
     1
102
RTVSPropertyOp54
 70
     1
102
RTVSPropertyOp55
 70
     1
102
RTVSPropertyOp56
 70
     1
102
RTVSPropertyOp57
 70
     1
102
RTVSPost2010Prop28
280
     0
102
RTVSPost2010PropOp28
 70
     1
102
RTVSPost2010Prop29
280
     1
102
RTVSPost2010PropOp29
 70
     1
102
RTVSPost2010Prop30
280
     1
102
RTVSPost2010PropOp30
 70
     1
102
RTVSPost2010Prop31
280
     0
102
RTVSPost2010PropOp31
 70
     1
102
RTVSPost2010Prop32
280
     0
102
RTVSPost2010PropOp32
 70
     1
102
RTVSPost2010Prop33
280
     0
102
RTVSPost2010PropOp33
 70
     1
102
RTVSPost2010Prop34
280
     0
102
RTVSPost2010PropOp34
 70
     1
102
RTVSPost2010Prop35
280
     0
102
RTVSPost2010PropOp35
 70
     1
102
RTVSPost2010Prop36
280
     0
102
RTVSPost2010PropOp36
 70
     1
102
RTVSPost2010Prop37
 90
       50
102
RTVSPost2010PropOp37
 70
     1
102
RTVSPost2010Prop38
140
0.0
102
RTVSPost2010PropOp38
 70
     1
102
RTVSPost2010Prop39
140
1.0
102
RTVSPost2010PropOp39
 70
     1
102
RTVSPost2010Prop40
 90
        0
102
RTVSPost2010PropOp40
 70
     1
102
RTVSPost2010Prop41ColorIndex
 90
       18
102
RTVSPost2010Prop41ColorRGB
 90
        0
102
RTVSPost2010PropOp41
 70
     1
102
RTVSPost2010Prop42
 90
       50
102
RTVSPost2010PropOp42
 70
     1
102
RTVSPost2010Prop43
 90
        3
102
RTVSPost2010PropOp43
 70
     1
102
RTVSPost2010Prop44ColorIndex
 90
        5
102
RTVSPost2010Prop44ColorRGB
 90
      255
102
RTVSPost2010PropOp44
 70
     1
102
RTVSPost2010Prop45
280
     0
102
RTVSPost2010PropOp45
 70
     1
102
RTVSPost2010Prop46
 90
       50
102
RTVSPost2010PropOp46
 70
     1
102
RTVSPost2010Prop47
 90
       50
102
RTVSPost2010PropOp47
 70
     1
102
RTVSPost2010Prop48
 90
       50
102
RTVSPost2010PropOp48
 70
     1
102
RTVSPost2010Prop49
280
     0
102
RTVSPost2010PropOp49
 70
     1
102
RTVSPost2010Prop50
 90
       50
102
RTVSPost2010PropOp50
 70
     1
102
RTVSPost2010Prop51ColorIndex
 90
      256
102
RTVSPost2010Prop51ColorRGB
 90
-16777216
102
RTVSPost2010PropOp51
 70
     0
102
RTVSPost2010Prop52
140
1.0
102
RTVSPost2010PropOp52
 70
     0
102
RTVSPost2010Prop53
 90
        2
102
RTVSPost2010PropOp53
 70
     1
102
RTVSPost2010Prop54
  1
strokes_ogs.tif
102
RTVSPost2010PropOp54
 70
     1
102
RTVSPost2010Prop55
280
     0
102
RTVSPost2010PropOp55
 70
     1
102
RTVSPost2010Prop56
140
1.0
102
RTVSPost2010PropOp56
 70
     1
102
RTVSPost2010Prop57
140
1.0
102
RTVSPost2010PropOp57
 70
     1
  0
XRECORD
  5
7F8
102
{ACAD_REACTORS
330
7F7
102
}
330
7F7
100
AcDbXrecord
280
     1
102
RTVSPropertyOp0
 70
     1
102
RTVSPropertyOp1
 70
     1
102
RTVSPropertyOp2
 70
     1
102
RTVSPropertyOp3
 70
     1
102
RTVSPropertyOp4
 70
     1
102
RTVSPropertyOp5
 70
     1
102
RTVSPropertyOp6
 70
     1
102
RTVSPropertyOp7
 70
     1
102
RTVSPropertyOp8
 70
     1
102
RTVSPropertyOp9
 70
     1
102
RTVSPropertyOp10
 70
     1
102
RTVSPropertyOp11
 70
     1
102
RTVSPropertyOp12
 70
     1
102
RTVSPropertyOp13
 70
     1
102
RTVSPropertyOp14
 70
     1
102
RTVSPropertyOp15
 70
     1
102
RTVSPropertyOp16
 70
     1
102
RTVSPropertyOp17
 70
     1
102
RTVSPropertyOp18
 70
     1
102
RTVSPropertyOp19
 70
     1
102
RTVSPropertyOp20
 70
     1
102
RTVSPropertyOp21
 70
     1
102
RTVSPropertyOp22
 70
     1
102
RTVSPropertyOp23
 70
     1
102
RTVSPropertyOp24
 70
     1
102
RTVSPropertyOp25
 70
     1
102
RTVSPropertyOp26
 70
     1
102
RTVSPropertyOp27
 70
     1
102
RTVSPropertyOp28
 70
     1
102
RTVSPropertyOp29
 70
     1
102
RTVSPropertyOp30
 70
     1
102
RTVSPropertyOp31
 70
     1
102
RTVSPropertyOp32
 70
     1
102
RTVSPropertyOp33
 70
     1
102
RTVSPropertyOp34
 70
     1
102
RTVSPropertyOp35
 70
     1
102
RTVSPropertyOp36
 70
     1
102
RTVSPropertyOp37
 70
     1
102
RTVSPropertyOp38
 70
     1
102
RTVSPropertyOp39
 70
     1
102
RTVSPropertyOp40
 70
     1
102
RTVSPropertyOp41
 70
     1
102
RTVSPropertyOp42
 70
     1
102
RTVSPropertyOp43
 70
     1
102
RTVSPropertyOp44
 70
     1
102
RTVSPropertyOp45
 70
     1
102
RTVSPropertyOp46
 70
     1
102
RTVSPropertyOp47
 70
     1
102
RTVSPropertyOp48
 70
     1
102
RTVSPropertyOp49
 70
     1
102
RTVSPropertyOp50
 70
     1
102
RTVSPropertyOp51
 70
     0
102
RTVSPropertyOp52
 70
     0
102
RTVSPropertyOp53
 70
     1
102
RTVSPropertyOp54
 70
     1
102
RTVSPropertyOp55
 70
     1
102
RTVSPropertyOp56
 70
     1
102
RTVSPropertyOp57
 70
     1
102
RTVSPost2010Prop28
280
     0
102
RTVSPost2010PropOp28
 70
     1
102
RTVSPost2010Prop29
280
     1
102
RTVSPost2010PropOp29
 70
     1
102
RTVSPost2010Prop30
280
     1
102
RTVSPost2010PropOp30
 70
     1
102
RTVSPost2010Prop31
280
     0
102
RTVSPost2010PropOp31
 70
     1
102
RTVSPost2010Prop32
280
     0
102
RTVSPost2010PropOp32
 70
     1
102
RTVSPost2010Prop33
280
     0
102
RTVSPost2010PropOp33
 70
     1
102
RTVSPost2010Prop34
280
     0
102
RTVSPost2010PropOp34
 70
     1
102
RTVSPost2010Prop35
280
     0
102
RTVSPost2010PropOp35
 70
     1
102
RTVSPost2010Prop36
280
     0
102
RTVSPost2010PropOp36
 70
     1
102
RTVSPost2010Prop37
 90
       50
102
RTVSPost2010PropOp37
 70
     1
102
RTVSPost2010Prop38
140
0.0
102
RTVSPost2010PropOp38
 70
     1
102
RTVSPost2010Prop39
140
1.0
102
RTVSPost2010PropOp39
 70
     1
102
RTVSPost2010Prop40
 90
        0
102
RTVSPost2010PropOp40
 70
     1
102
RTVSPost2010Prop41ColorIndex
 90
       18
102
RTVSPost2010Prop41ColorRGB
 90
        0
102
RTVSPost2010PropOp41
 70
     1
102
RTVSPost2010Prop42
 90
       50
102
RTVSPost2010PropOp42
 70
     1
102
RTVSPost2010Prop43
 90
        3
102
RTVSPost2010PropOp43
 70
     1
102
RTVSPost2010Prop44ColorIndex
 90
        5
102
RTVSPost2010Prop44ColorRGB
 90
      255
102
RTVSPost2010PropOp44
 70
     1
102
RTVSPost2010Prop45
280
     0
102
RTVSPost2010PropOp45
 70
     1
102
RTVSPost2010Prop46
 90
       50
102
RTVSPost2010PropOp46
 70
     1
102
RTVSPost2010Prop47
 90
       50
102
RTVSPost2010PropOp47
 70
     1
102
RTVSPost2010Prop48
 90
       50
102
RTVSPost2010PropOp48
 70
     1
102
RTVSPost2010Prop49
280
     0
102
RTVSPost2010PropOp49
 70
     1
102
RTVSPost2010Prop50
 90
       50
102
RTVSPost2010PropOp50
 70
     1
102
RTVSPost2010Prop51ColorIndex
 90
      256
102
RTVSPost2010Prop51ColorRGB
 90
-16777216
102
RTVSPost2010PropOp51
 70
     0
102
RTVSPost2010Prop52
140
1.0
102
RTVSPost2010PropOp52
 70
     0
102
RTVSPost2010Prop53
 90
        2
102
RTVSPost2010PropOp53
 70
     1
102
RTVSPost2010Prop54
  1
strokes_ogs.tif
102
RTVSPost2010PropOp54
 70
     1
102
RTVSPost2010Prop55
280
     0
102
RTVSPost2010PropOp55
 70
     1
102
RTVSPost2010Prop56
140
1.0
102
RTVSPost2010PropOp56
 70
     1
102
RTVSPost2010Prop57
140
1.0
102
RTVSPost2010PropOp57
 70
     1
  0
XRECORD
  5
7FA
102
{ACAD_REACTORS
330
7F9
102
}
330
7F9
100
AcDbXrecord
280
     1
102
RTVSPropertyOp0
 70
     1
102
RTVSPropertyOp1
 70
     1
102
RTVSPropertyOp2
 70
     1
102
RTVSPropertyOp3
 70
     1
102
RTVSPropertyOp4
 70
     1
102
RTVSPropertyOp5
 70
     1
102
RTVSPropertyOp6
 70
     1
102
RTVSPropertyOp7
 70
     1
102
RTVSPropertyOp8
 70
     1
102
RTVSPropertyOp9
 70
     1
102
RTVSPropertyOp10
 70
     1
102
RTVSPropertyOp11
 70
     1
102
RTVSPropertyOp12
 70
     1
102
RTVSPropertyOp13
 70
     1
102
RTVSPropertyOp14
 70
     1
102
RTVSPropertyOp15
 70
     1
102
RTVSPropertyOp16
 70
     1
102
RTVSPropertyOp17
 70
     1
102
RTVSPropertyOp18
 70
     1
102
RTVSPropertyOp19
 70
     1
102
RTVSPropertyOp20
 70
     1
102
RTVSPropertyOp21
 70
     1
102
RTVSPropertyOp22
 70
     1
102
RTVSPropertyOp23
 70
     1
102
RTVSPropertyOp24
 70
     1
102
RTVSPropertyOp25
 70
     1
102
RTVSPropertyOp26
 70
     1
102
RTVSPropertyOp27
 70
     1
102
RTVSPropertyOp28
 70
     1
102
RTVSPropertyOp29
 70
     1
102
RTVSPropertyOp30
 70
     1
102
RTVSPropertyOp31
 70
     1
102
RTVSPropertyOp32
 70
     1
102
RTVSPropertyOp33
 70
     1
102
RTVSPropertyOp34
 70
     1
102
RTVSPropertyOp35
 70
     1
102
RTVSPropertyOp36
 70
     1
102
RTVSPropertyOp37
 70
     1
102
RTVSPropertyOp38
 70
     1
102
RTVSPropertyOp39
 70
     1
102
RTVSPropertyOp40
 70
     1
102
RTVSPropertyOp41
 70
     1
102
RTVSPropertyOp42
 70
     1
102
RTVSPropertyOp43
 70
     1
102
RTVSPropertyOp44
 70
     1
102
RTVSPropertyOp45
 70
     1
102
RTVSPropertyOp46
 70
     1
102
RTVSPropertyOp47
 70
     1
102
RTVSPropertyOp48
 70
     1
102
RTVSPropertyOp49
 70
     1
102
RTVSPropertyOp50
 70
     1
102
RTVSPropertyOp51
 70
     0
102
RTVSPropertyOp52
 70
     0
102
RTVSPropertyOp53
 70
     1
102
RTVSPropertyOp54
 70
     1
102
RTVSPropertyOp55
 70
     1
102
RTVSPropertyOp56
 70
     1
102
RTVSPropertyOp57
 70
     1
102
RTVSPost2010Prop28
280
     0
102
RTVSPost2010PropOp28
 70
     1
102
RTVSPost2010Prop29
280
     1
102
RTVSPost2010PropOp29
 70
     1
102
RTVSPost2010Prop30
280
     1
102
RTVSPost2010PropOp30
 70
     1
102
RTVSPost2010Prop31
280
     0
102
RTVSPost2010PropOp31
 70
     1
102
RTVSPost2010Prop32
280
     0
102
RTVSPost2010PropOp32
 70
     1
102
RTVSPost2010Prop33
280
     0
102
RTVSPost2010PropOp33
 70
     1
102
RTVSPost2010Prop34
280
     0
102
RTVSPost2010PropOp34
 70
     1
102
RTVSPost2010Prop35
280
     0
102
RTVSPost2010PropOp35
 70
     1
102
RTVSPost2010Prop36
280
     0
102
RTVSPost2010PropOp36
 70
     1
102
RTVSPost2010Prop37
 90
       50
102
RTVSPost2010PropOp37
 70
     1
102
RTVSPost2010Prop38
140
0.0
102
RTVSPost2010PropOp38
 70
     1
102
RTVSPost2010Prop39
140
1.0
102
RTVSPost2010PropOp39
 70
     1
102
RTVSPost2010Prop40
 90
        0
102
RTVSPost2010PropOp40
 70
     1
102
RTVSPost2010Prop41ColorIndex
 90
       18
102
RTVSPost2010Prop41ColorRGB
 90
        0
102
RTVSPost2010PropOp41
 70
     1
102
RTVSPost2010Prop42
 90
       50
102
RTVSPost2010PropOp42
 70
     1
102
RTVSPost2010Prop43
 90
        3
102
RTVSPost2010PropOp43
 70
     1
102
RTVSPost2010Prop44ColorIndex
 90
        5
102
RTVSPost2010Prop44ColorRGB
 90
      255
102
RTVSPost2010PropOp44
 70
     1
102
RTVSPost2010Prop45
280
     0
102
RTVSPost2010PropOp45
 70
     1
102
RTVSPost2010Prop46
 90
       50
102
RTVSPost2010PropOp46
 70
     1
102
RTVSPost2010Prop47
 90
       50
102
RTVSPost2010PropOp47
 70
     1
102
RTVSPost2010Prop48
 90
       50
102
RTVSPost2010PropOp48
 70
     1
102
RTVSPost2010Prop49
280
     0
102
RTVSPost2010PropOp49
 70
     1
102
RTVSPost2010Prop50
 90
       50
102
RTVSPost2010PropOp50
 70
     1
102
RTVSPost2010Prop51ColorIndex
 90
      256
102
RTVSPost2010Prop51ColorRGB
 90
-16777216
102
RTVSPost2010PropOp51
 70
     0
102
RTVSPost2010Prop52
140
1.0
102
RTVSPost2010PropOp52
 70
     0
102
RTVSPost2010Prop53
 90
        2
102
RTVSPost2010PropOp53
 70
     1
102
RTVSPost2010Prop54
  1
strokes_ogs.tif
102
RTVSPost2010PropOp54
 70
     1
102
RTVSPost2010Prop55
280
     0
102
RTVSPost2010PropOp55
 70
     1
102
RTVSPost2010Prop56
140
1.0
102
RTVSPost2010PropOp56
 70
     1
102
RTVSPost2010Prop57
140
1.0
102
RTVSPost2010PropOp57
 70
     1
  0
XRECORD
  5
7EA
102
{ACAD_REACTORS
330
7E9
102
}
330
7E9
100
AcDbXrecord
280
     1
102
RTVSPropertyOp0
 70
     1
102
RTVSPropertyOp1
 70
     1
102
RTVSPropertyOp2
 70
     1
102
RTVSPropertyOp3
 70
     1
102
RTVSPropertyOp4
 70
     1
102
RTVSPropertyOp5
 70
     1
102
RTVSPropertyOp6
 70
     1
102
RTVSPropertyOp7
 70
     1
102
RTVSPropertyOp8
 70
     1
102
RTVSPropertyOp9
 70
     1
102
RTVSPropertyOp10
 70
     1
102
RTVSPropertyOp11
 70
     1
102
RTVSPropertyOp12
 70
     1
102
RTVSPropertyOp13
 70
     1
102
RTVSPropertyOp14
 70
     1
102
RTVSPropertyOp15
 70
     1
102
RTVSPropertyOp16
 70
     1
102
RTVSPropertyOp17
 70
     1
102
RTVSPropertyOp18
 70
     1
102
RTVSPropertyOp19
 70
     1
102
RTVSPropertyOp20
 70
     1
102
RTVSPropertyOp21
 70
     1
102
RTVSPropertyOp22
 70
     1
102
RTVSPropertyOp23
 70
     1
102
RTVSPropertyOp24
 70
     1
102
RTVSPropertyOp25
 70
     1
102
RTVSPropertyOp26
 70
     1
102
RTVSPropertyOp27
 70
     1
102
RTVSPropertyOp28
 70
     1
102
RTVSPropertyOp29
 70
     1
102
RTVSPropertyOp30
 70
     1
102
RTVSPropertyOp31
 70
     1
102
RTVSPropertyOp32
 70
     1
102
RTVSPropertyOp33
 70
     1
102
RTVSPropertyOp34
 70
     1
102
RTVSPropertyOp35
 70
     1
102
RTVSPropertyOp36
 70
     1
102
RTVSPropertyOp37
 70
     1
102
RTVSPropertyOp38
 70
     1
102
RTVSPropertyOp39
 70
     1
102
RTVSPropertyOp40
 70
     1
102
RTVSPropertyOp41
 70
     1
102
RTVSPropertyOp42
 70
     1
102
RTVSPropertyOp43
 70
     1
102
RTVSPropertyOp44
 70
     1
102
RTVSPropertyOp45
 70
     1
102
RTVSPropertyOp46
 70
     1
102
RTVSPropertyOp47
 70
     1
102
RTVSPropertyOp48
 70
     1
102
RTVSPropertyOp49
 70
     1
102
RTVSPropertyOp50
 70
     1
102
RTVSPropertyOp51
 70
     0
102
RTVSPropertyOp52
 70
     0
102
RTVSPropertyOp53
 70
     1
102
RTVSPropertyOp54
 70
     1
102
RTVSPropertyOp55
 70
     1
102
RTVSPropertyOp56
 70
     1
102
RTVSPropertyOp57
 70
     1
102
RTVSPost2010Prop28
280
     0
102
RTVSPost2010PropOp28
 70
     1
102
RTVSPost2010Prop29
280
     1
102
RTVSPost2010PropOp29
 70
     1
102
RTVSPost2010Prop30
280
     1
102
RTVSPost2010PropOp30
 70
     1
102
RTVSPost2010Prop31
280
     0
102
RTVSPost2010PropOp31
 70
     1
102
RTVSPost2010Prop32
280
     0
102
RTVSPost2010PropOp32
 70
     1
102
RTVSPost2010Prop33
280
     0
102
RTVSPost2010PropOp33
 70
     1
102
RTVSPost2010Prop34
280
     0
102
RTVSPost2010PropOp34
 70
     1
102
RTVSPost2010Prop35
280
     0
102
RTVSPost2010PropOp35
 70
     1
102
RTVSPost2010Prop36
280
     0
102
RTVSPost2010PropOp36
 70
     1
102
RTVSPost2010Prop37
 90
       50
102
RTVSPost2010PropOp37
 70
     1
102
RTVSPost2010Prop38
140
0.0
102
RTVSPost2010PropOp38
 70
     1
102
RTVSPost2010Prop39
140
1.0
102
RTVSPost2010PropOp39
 70
     1
102
RTVSPost2010Prop40
 90
        0
102
RTVSPost2010PropOp40
 70
     1
102
RTVSPost2010Prop41ColorIndex
 90
       18
102
RTVSPost2010Prop41ColorRGB
 90
        0
102
RTVSPost2010PropOp41
 70
     1
102
RTVSPost2010Prop42
 90
       50
102
RTVSPost2010PropOp42
 70
     1
102
RTVSPost2010Prop43
 90
        3
102
RTVSPost2010PropOp43
 70
     1
102
RTVSPost2010Prop44ColorIndex
 90
        5
102
RTVSPost2010Prop44ColorRGB
 90
      255
102
RTVSPost2010PropOp44
 70
     1
102
RTVSPost2010Prop45
280
     0
102
RTVSPost2010PropOp45
 70
     1
102
RTVSPost2010Prop46
 90
       50
102
RTVSPost2010PropOp46
 70
     1
102
RTVSPost2010Prop47
 90
       50
102
RTVSPost2010PropOp47
 70
     1
102
RTVSPost2010Prop48
 90
       50
102
RTVSPost2010PropOp48
 70
     1
102
RTVSPost2010Prop49
280
     0
102
RTVSPost2010PropOp49
 70
     1
102
RTVSPost2010Prop50
 90
       50
102
RTVSPost2010PropOp50
 70
     1
102
RTVSPost2010Prop51ColorIndex
 90
      256
102
RTVSPost2010Prop51ColorRGB
 90
-16777216
102
RTVSPost2010PropOp51
 70
     0
102
RTVSPost2010Prop52
140
1.0
102
RTVSPost2010PropOp52
 70
     0
102
RTVSPost2010Prop53
 90
        2
102
RTVSPost2010PropOp53
 70
     1
102
RTVSPost2010Prop54
  1
strokes_ogs.tif
102
RTVSPost2010PropOp54
 70
     1
102
RTVSPost2010Prop55
280
     0
102
RTVSPost2010PropOp55
 70
     1
102
RTVSPost2010Prop56
140
1.0
102
RTVSPost2010PropOp56
 70
     1
102
RTVSPost2010Prop57
140
1.0
102
RTVSPost2010PropOp57
 70
     1
  0
XRECORD
  5
7DC
102
{ACAD_REACTORS
330
7DB
102
}
330
7DB
100
AcDbXrecord
280
     1
102
RTVSPropertyOp0
 70
     1
102
RTVSPropertyOp1
 70
     1
102
RTVSPropertyOp2
 70
     1
102
RTVSPropertyOp3
 70
     1
102
RTVSPropertyOp4
 70
     1
102
RTVSPropertyOp5
 70
     1
102
RTVSPropertyOp6
 70
     1
102
RTVSPropertyOp7
 70
     1
102
RTVSPropertyOp8
 70
     1
102
RTVSPropertyOp9
 70
     1
102
RTVSPropertyOp10
 70
     1
102
RTVSPropertyOp11
 70
     1
102
RTVSPropertyOp12
 70
     1
102
RTVSPropertyOp13
 70
     1
102
RTVSPropertyOp14
 70
     1
102
RTVSPropertyOp15
 70
     1
102
RTVSPropertyOp16
 70
     1
102
RTVSPropertyOp17
 70
     1
102
RTVSPropertyOp18
 70
     1
102
RTVSPropertyOp19
 70
     1
102
RTVSPropertyOp20
 70
     1
102
RTVSPropertyOp21
 70
     1
102
RTVSPropertyOp22
 70
     1
102
RTVSPropertyOp23
 70
     1
102
RTVSPropertyOp24
 70
     1
102
RTVSPropertyOp25
 70
     1
102
RTVSPropertyOp26
 70
     1
102
RTVSPropertyOp27
 70
     1
102
RTVSPropertyOp28
 70
     1
102
RTVSPropertyOp29
 70
     1
102
RTVSPropertyOp30
 70
     1
102
RTVSPropertyOp31
 70
     1
102
RTVSPropertyOp32
 70
     1
102
RTVSPropertyOp33
 70
     1
102
RTVSPropertyOp34
 70
     1
102
RTVSPropertyOp35
 70
     1
102
RTVSPropertyOp36
 70
     1
102
RTVSPropertyOp37
 70
     1
102
RTVSPropertyOp38
 70
     1
102
RTVSPropertyOp39
 70
     1
102
RTVSPropertyOp40
 70
     1
102
RTVSPropertyOp41
 70
     1
102
RTVSPropertyOp42
 70
     1
102
RTVSPropertyOp43
 70
     1
102
RTVSPropertyOp44
 70
     1
102
RTVSPropertyOp45
 70
     1
102
RTVSPropertyOp46
 70
     1
102
RTVSPropertyOp47
 70
     1
102
RTVSPropertyOp48
 70
     1
102
RTVSPropertyOp49
 70
     1
102
RTVSPropertyOp50
 70
     1
102
RTVSPropertyOp51
 70
     0
102
RTVSPropertyOp52
 70
     0
102
RTVSPropertyOp53
 70
     1
102
RTVSPropertyOp54
 70
     1
102
RTVSPropertyOp55
 70
     1
102
RTVSPropertyOp56
 70
     1
102
RTVSPropertyOp57
 70
     1
102
RTVSPost2010Prop28
280
     0
102
RTVSPost2010PropOp28
 70
     1
102
RTVSPost2010Prop29
280
     1
102
RTVSPost2010PropOp29
 70
     1
102
RTVSPost2010Prop30
280
     1
102
RTVSPost2010PropOp30
 70
     1
102
RTVSPost2010Prop31
280
     0
102
RTVSPost2010PropOp31
 70
     1
102
RTVSPost2010Prop32
280
     0
102
RTVSPost2010PropOp32
 70
     1
102
RTVSPost2010Prop33
280
     0
102
RTVSPost2010PropOp33
 70
     1
102
RTVSPost2010Prop34
280
     0
102
RTVSPost2010PropOp34
 70
     1
102
RTVSPost2010Prop35
280
     0
102
RTVSPost2010PropOp35
 70
     1
102
RTVSPost2010Prop36
280
     0
102
RTVSPost2010PropOp36
 70
     1
102
RTVSPost2010Prop37
 90
       50
102
RTVSPost2010PropOp37
 70
     1
102
RTVSPost2010Prop38
140
0.0
102
RTVSPost2010PropOp38
 70
     1
102
RTVSPost2010Prop39
140
1.0
102
RTVSPost2010PropOp39
 70
     1
102
RTVSPost2010Prop40
 90
        0
102
RTVSPost2010PropOp40
 70
     1
102
RTVSPost2010Prop41ColorIndex
 90
       18
102
RTVSPost2010Prop41ColorRGB
 90
        0
102
RTVSPost2010PropOp41
 70
     1
102
RTVSPost2010Prop42
 90
       50
102
RTVSPost2010PropOp42
 70
     1
102
RTVSPost2010Prop43
 90
        3
102
RTVSPost2010PropOp43
 70
     1
102
RTVSPost2010Prop44ColorIndex
 90
        5
102
RTVSPost2010Prop44ColorRGB
 90
      255
102
RTVSPost2010PropOp44
 70
     1
102
RTVSPost2010Prop45
280
     0
102
RTVSPost2010PropOp45
 70
     1
102
RTVSPost2010Prop46
 90
       50
102
RTVSPost2010PropOp46
 70
     1
102
RTVSPost2010Prop47
 90
       50
102
RTVSPost2010PropOp47
 70
     1
102
RTVSPost2010Prop48
 90
       50
102
RTVSPost2010PropOp48
 70
     1
102
RTVSPost2010Prop49
280
     0
102
RTVSPost2010PropOp49
 70
     1
102
RTVSPost2010Prop50
 90
       50
102
RTVSPost2010PropOp50
 70
     1
102
RTVSPost2010Prop51ColorIndex
 90
      256
102
RTVSPost2010Prop51ColorRGB
 90
-16777216
102
RTVSPost2010PropOp51
 70
     0
102
RTVSPost2010Prop52
140
1.0
102
RTVSPost2010PropOp52
 70
     0
102
RTVSPost2010Prop53
 90
        2
102
RTVSPost2010PropOp53
 70
     1
102
RTVSPost2010Prop54
  1
strokes_ogs.tif
102
RTVSPost2010PropOp54
 70
     1
102
RTVSPost2010Prop55
280
     0
102
RTVSPost2010PropOp55
 70
     1
102
RTVSPost2010Prop56
140
1.0
102
RTVSPost2010PropOp56
 70
     1
102
RTVSPost2010Prop57
140
1.0
102
RTVSPost2010PropOp57
 70
     1
  0
XRECORD
  5
7FC
102
{ACAD_REACTORS
330
7FB
102
}
330
7FB
100
AcDbXrecord
280
     1
102
RTVSPropertyOp0
 70
     1
102
RTVSPropertyOp1
 70
     1
102
RTVSPropertyOp2
 70
     1
102
RTVSPropertyOp3
 70
     1
102
RTVSPropertyOp4
 70
     1
102
RTVSPropertyOp5
 70
     1
102
RTVSPropertyOp6
 70
     1
102
RTVSPropertyOp7
 70
     1
102
RTVSPropertyOp8
 70
     1
102
RTVSPropertyOp9
 70
     1
102
RTVSPropertyOp10
 70
     1
102
RTVSPropertyOp11
 70
     1
102
RTVSPropertyOp12
 70
     1
102
RTVSPropertyOp13
 70
     1
102
RTVSPropertyOp14
 70
     1
102
RTVSPropertyOp15
 70
     1
102
RTVSPropertyOp16
 70
     1
102
RTVSPropertyOp17
 70
     1
102
RTVSPropertyOp18
 70
     1
102
RTVSPropertyOp19
 70
     1
102
RTVSPropertyOp20
 70
     1
102
RTVSPropertyOp21
 70
     1
102
RTVSPropertyOp22
 70
     1
102
RTVSPropertyOp23
 70
     1
102
RTVSPropertyOp24
 70
     1
102
RTVSPropertyOp25
 70
     1
102
RTVSPropertyOp26
 70
     1
102
RTVSPropertyOp27
 70
     1
102
RTVSPropertyOp28
 70
     1
102
RTVSPropertyOp29
 70
     1
102
RTVSPropertyOp30
 70
     1
102
RTVSPropertyOp31
 70
     1
102
RTVSPropertyOp32
 70
     1
102
RTVSPropertyOp33
 70
     1
102
RTVSPropertyOp34
 70
     1
102
RTVSPropertyOp35
 70
     1
102
RTVSPropertyOp36
 70
     1
102
RTVSPropertyOp37
 70
     1
102
RTVSPropertyOp38
 70
     1
102
RTVSPropertyOp39
 70
     1
102
RTVSPropertyOp40
 70
     1
102
RTVSPropertyOp41
 70
     1
102
RTVSPropertyOp42
 70
     1
102
RTVSPropertyOp43
 70
     1
102
RTVSPropertyOp44
 70
     1
102
RTVSPropertyOp45
 70
     1
102
RTVSPropertyOp46
 70
     1
102
RTVSPropertyOp47
 70
     1
102
RTVSPropertyOp48
 70
     1
102
RTVSPropertyOp49
 70
     1
102
RTVSPropertyOp50
 70
     1
102
RTVSPropertyOp51
 70
     0
102
RTVSPropertyOp52
 70
     0
102
RTVSPropertyOp53
 70
     1
102
RTVSPropertyOp54
 70
     1
102
RTVSPropertyOp55
 70
     1
102
RTVSPropertyOp56
 70
     1
102
RTVSPropertyOp57
 70
     1
102
RTVSPost2010Prop28
280
     0
102
RTVSPost2010PropOp28
 70
     1
102
RTVSPost2010Prop29
280
     1
102
RTVSPost2010PropOp29
 70
     1
102
RTVSPost2010Prop30
280
     1
102
RTVSPost2010PropOp30
 70
     1
102
RTVSPost2010Prop31
280
     0
102
RTVSPost2010PropOp31
 70
     1
102
RTVSPost2010Prop32
280
     0
102
RTVSPost2010PropOp32
 70
     1
102
RTVSPost2010Prop33
280
     0
102
RTVSPost2010PropOp33
 70
     1
102
RTVSPost2010Prop34
280
     0
102
RTVSPost2010PropOp34
 70
     1
102
RTVSPost2010Prop35
280
     0
102
RTVSPost2010PropOp35
 70
     1
102
RTVSPost2010Prop36
280
     0
102
RTVSPost2010PropOp36
 70
     1
102
RTVSPost2010Prop37
 90
       50
102
RTVSPost2010PropOp37
 70
     1
102
RTVSPost2010Prop38
140
0.0
102
RTVSPost2010PropOp38
 70
     1
102
RTVSPost2010Prop39
140
1.0
102
RTVSPost2010PropOp39
 70
     1
102
RTVSPost2010Prop40
 90
        0
102
RTVSPost2010PropOp40
 70
     1
102
RTVSPost2010Prop41ColorIndex
 90
       18
102
RTVSPost2010Prop41ColorRGB
 90
        0
102
RTVSPost2010PropOp41
 70
     1
102
RTVSPost2010Prop42
 90
       50
102
RTVSPost2010PropOp42
 70
     1
102
RTVSPost2010Prop43
 90
        3
102
RTVSPost2010PropOp43
 70
     1
102
RTVSPost2010Prop44ColorIndex
 90
        5
102
RTVSPost2010Prop44ColorRGB
 90
      255
102
RTVSPost2010PropOp44
 70
     1
102
RTVSPost2010Prop45
280
     0
102
RTVSPost2010PropOp45
 70
     1
102
RTVSPost2010Prop46
 90
       50
102
RTVSPost2010PropOp46
 70
     1
102
RTVSPost2010Prop47
 90
       50
102
RTVSPost2010PropOp47
 70
     1
102
RTVSPost2010Prop48
 90
       50
102
RTVSPost2010PropOp48
 70
     1
102
RTVSPost2010Prop49
280
     0
102
RTVSPost2010PropOp49
 70
     1
102
RTVSPost2010Prop50
 90
       50
102
RTVSPost2010PropOp50
 70
     1
102
RTVSPost2010Prop51ColorIndex
 90
      256
102
RTVSPost2010Prop51ColorRGB
 90
-16777216
102
RTVSPost2010PropOp51
 70
     0
102
RTVSPost2010Prop52
140
1.0
102
RTVSPost2010PropOp52
 70
     0
102
RTVSPost2010Prop53
 90
        2
102
RTVSPost2010PropOp53
 70
     1
102
RTVSPost2010Prop54
  1
strokes_ogs.tif
102
RTVSPost2010PropOp54
 70
     1
102
RTVSPost2010Prop55
280
     0
102
RTVSPost2010PropOp55
 70
     1
102
RTVSPost2010Prop56
140
1.0
102
RTVSPost2010PropOp56
 70
     1
102
RTVSPost2010Prop57
140
1.0
102
RTVSPost2010PropOp57
 70
     1
  0
ENDSEC
  0
EOF
