ISO-10303-21;
HEADER;
FILE_DESCRIPTION(('ViewDefinition [CoordinationView_V2.0]','RevitIdentifiers [VersionGUID: ba04d60c-5066-4842-a4fe-009b3f9ebaa4, NumberOfSaves: 0]','CoordinateReference [CoordinateBase: Coordenadas compartidas]'),'2;1');
FILE_NAME('0001','2026-03-20T19:40:26-04:00',(''),(''),'ODA SDAI 23.12','Autodesk Revit 24.0.5.432 (ESP) - IFC 24.0.5.432','');
FILE_SCHEMA(('IFC2X3'));
ENDSEC;

DATA;
#1=IFCORGANIZATION($,'Autodesk Revit 2024 (ESP)',$,$,$);
#2=IFCAPPLICATION(#1,'2024','Autodesk Revit 2024 (ESP)','Revit');
#3=IFCCARTESIANPOINT((0.,0.,0.));
#4=IFCCARTESIANPOINT((0.,0.));
#5=IFCDIRECTION((1.,0.,0.));
#6=IFCDIRECTION((-1.,0.,0.));
#7=IFCDIRECTION((0.,1.,0.));
#8=IFCDIRECTION((0.,-1.,0.));
#9=IFCDIRECTION((0.,0.,1.));
#10=IFCDIRECTION((0.,0.,-1.));
#11=IFCDIRECTION((1.,0.));
#12=IFCDIRECTION((-1.,0.));
#13=IFCDIRECTION((0.,1.));
#14=IFCDIRECTION((0.,-1.));
#15=IFCPERSON($,'','n.humananteschatz',$,$,$,$,$);
#16=IFCORGANIZATION($,'','',$,$);
#17=IFCPERSONANDORGANIZATION(#15,#16,$);
#18=IFCOWNERHISTORY(#17,#2,$,.NOCHANGE.,$,$,$,1774046423);
#19=IFCSIUNIT(*,.LENGTHUNIT.,$,.METRE.);
#20=IFCSIUNIT(*,.AREAUNIT.,$,.SQUARE_METRE.);
#21=IFCSIUNIT(*,.VOLUMEUNIT.,$,.CUBIC_METRE.);
#22=IFCSIUNIT(*,.PLANEANGLEUNIT.,$,.RADIAN.);
#23=IFCDIMENSIONALEXPONENTS(0,0,0,0,0,0,0);
#24=IFCMEASUREWITHUNIT(IFCRATIOMEASURE(0.017453292519943278),#22);
#25=IFCCONVERSIONBASEDUNIT(#23,.PLANEANGLEUNIT.,'DEGREE',#24);
#26=IFCSIUNIT(*,.MASSUNIT.,.KILO.,.GRAM.);
#27=IFCDERIVEDUNITELEMENT(#26,1);
#28=IFCDERIVEDUNITELEMENT(#19,-3);
#29=IFCDERIVEDUNIT((#27,#28),.MASSDENSITYUNIT.,$);
#30=IFCDERIVEDUNIT((#27,#28),.IONCONCENTRATIONUNIT.,$);
#31=IFCDERIVEDUNITELEMENT(#19,4);
#32=IFCDERIVEDUNIT((#31),.MOMENTOFINERTIAUNIT.,$);
#33=IFCSIUNIT(*,.TIMEUNIT.,$,.SECOND.);
#34=IFCSIUNIT(*,.FREQUENCYUNIT.,$,.HERTZ.);
#35=IFCSIUNIT(*,.THERMODYNAMICTEMPERATUREUNIT.,$,.KELVIN.);
#36=IFCSIUNIT(*,.THERMODYNAMICTEMPERATUREUNIT.,$,.DEGREE_CELSIUS.);
#37=IFCDERIVEDUNITELEMENT(#35,-1);
#38=IFCDERIVEDUNITELEMENT(#33,-3);
#39=IFCDERIVEDUNIT((#27,#37,#38),.THERMALTRANSMITTANCEUNIT.,$);
#40=IFCDERIVEDUNITELEMENT(#19,1);
#41=IFCDERIVEDUNIT((#27,#37,#38,#40),.THERMALCONDUCTANCEUNIT.,$);
#42=IFCSIUNIT(*,.LENGTHUNIT.,.DECI.,.METRE.);
#43=IFCDERIVEDUNITELEMENT(#19,3);
#44=IFCDERIVEDUNITELEMENT(#33,-1);
#45=IFCDERIVEDUNIT((#43,#44),.VOLUMETRICFLOWRATEUNIT.,$);
#46=IFCDERIVEDUNIT((#27,#44),.MASSFLOWRATEUNIT.,$);
#47=IFCDERIVEDUNIT((#44),.ROTATIONALFREQUENCYUNIT.,$);
#48=IFCSIUNIT(*,.ELECTRICCURRENTUNIT.,$,.AMPERE.);
#49=IFCSIUNIT(*,.ELECTRICVOLTAGEUNIT.,$,.VOLT.);
#50=IFCSIUNIT(*,.POWERUNIT.,$,.WATT.);
#51=IFCSIUNIT(*,.FORCEUNIT.,.KILO.,.NEWTON.);
#52=IFCSIUNIT(*,.ILLUMINANCEUNIT.,$,.LUX.);
#53=IFCSIUNIT(*,.LUMINOUSFLUXUNIT.,$,.LUMEN.);
#54=IFCSIUNIT(*,.LUMINOUSINTENSITYUNIT.,$,.CANDELA.);
#55=IFCDERIVEDUNITELEMENT(#26,-1);
#56=IFCDERIVEDUNITELEMENT(#19,-2);
#57=IFCDERIVEDUNITELEMENT(#33,3);
#58=IFCDERIVEDUNITELEMENT(#53,1);
#59=IFCDERIVEDUNIT((#55,#56,#57,#58),.USERDEFINED.,'Luminous Efficacy');
#60=IFCDERIVEDUNITELEMENT(#48,-2);
#61=IFCDERIVEDUNIT((#27,#38,#43,#60),.USERDEFINED.,'Electrical Resistivity');
#62=IFCDERIVEDUNITELEMENT(#19,2);
#63=IFCDERIVEDUNIT((#27,#38,#62),.SOUNDPOWERUNIT.,$);
#64=IFCDERIVEDUNITELEMENT(#19,-1);
#65=IFCDERIVEDUNITELEMENT(#33,-2);
#66=IFCDERIVEDUNIT((#27,#64,#65),.SOUNDPRESSUREUNIT.,$);
#67=IFCDERIVEDUNIT((#40,#44),.LINEARVELOCITYUNIT.,$);
#68=IFCSIUNIT(*,.PRESSUREUNIT.,$,.PASCAL.);
#69=IFCDERIVEDUNIT((#27,#56,#65),.USERDEFINED.,'Friction Loss');
#70=IFCDERIVEDUNIT((#27,#65),.LINEARFORCEUNIT.,$);
#71=IFCDERIVEDUNIT((#27,#64,#65),.PLANARFORCEUNIT.,$);
#72=IFCDERIVEDUNIT((#37,#62,#65),.SPECIFICHEATCAPACITYUNIT.,$);
#73=IFCDERIVEDUNIT((#62,#65),.HEATINGVALUEUNIT.,$);
#74=IFCDERIVEDUNITELEMENT(#33,1);
#75=IFCDERIVEDUNIT((#64,#74),.VAPORPERMEABILITYUNIT.,$);
#76=IFCDERIVEDUNIT((#27,#44,#64),.DYNAMICVISCOSITYUNIT.,$);
#77=IFCDERIVEDUNIT((#37),.THERMALEXPANSIONCOEFFICIENTUNIT.,$);
#78=IFCDERIVEDUNIT((#27,#64,#65),.MODULUSOFELASTICITYUNIT.,$);
#79=IFCDERIVEDUNIT((#43,#55),.ISOTHERMALMOISTURECAPACITYUNIT.,$);
#80=IFCDERIVEDUNIT((#44,#62),.MOISTUREDIFFUSIVITYUNIT.,$);
#81=IFCUNITASSIGNMENT((#19,#20,#21,#25,#26,#29,#30,#32,#33,#34,#36,#39,#41,#45,#46,#47,#48,#49,#50,#51,#52,#53,#54,#59,#61,#63,#66,#67,#68,#69,#70,#71,#72,#73,#75,#76,#77,#78,#79,#80));
#82=IFCAXIS2PLACEMENT3D(#3,$,$);
#83=IFCDIRECTION((6.1230317691118863E-17,1.));
#84=IFCGEOMETRICREPRESENTATIONCONTEXT($,'Model',3,1.0000000000000001E-05,#82,#83);
#85=IFCGEOMETRICREPRESENTATIONSUBCONTEXT('Axis','Model',*,*,*,*,#84,$,.GRAPH_VIEW.,$);
#86=IFCGEOMETRICREPRESENTATIONSUBCONTEXT('Body','Model',*,*,*,*,#84,$,.MODEL_VIEW.,$);
#87=IFCGEOMETRICREPRESENTATIONSUBCONTEXT('Box','Model',*,*,*,*,#84,$,.MODEL_VIEW.,$);
#88=IFCGEOMETRICREPRESENTATIONSUBCONTEXT('FootPrint','Model',*,*,*,*,#84,$,.MODEL_VIEW.,$);
#89=IFCPROJECT('1yEA2ucM51Fekp5MlI1G8R',#18,'0001',$,$,'Nombre de proyecto','Estado de proyecto',(#84),#81);
#90=IFCCLASSIFICATION('https://www.csiresources.org/standards/uniformat','1998',$,'Uniformat');
#91=IFCAXIS2PLACEMENT3D(#3,$,$);
#92=IFCLOCALPLACEMENT(#103,#91);
#93=IFCPOSTALADDRESS($,$,$,$,('Introduzca direcci\X\F3n aqu\X\ED'),$,'Madrid','Community','of Madrid','Spain');
#94=IFCBUILDING('1yEA2ucM51Fekp5MlI1G8Q',#18,'',$,$,#92,$,'',.ELEMENT.,$,$,#93);
#95=IFCAXIS2PLACEMENT3D(#3,$,$);
#96=IFCLOCALPLACEMENT(#92,#95);
#97=IFCBUILDINGSTOREY('29TFpHBYXAnw12nix37b4C',#18,'Nivel 1',$,'Nivel:Nivel 1',#96,$,'Nivel 1',.ELEMENT.,0.);
#98=IFCCARTESIANPOINT((0.,0.,3.));
#99=IFCAXIS2PLACEMENT3D(#98,$,$);
#100=IFCLOCALPLACEMENT(#92,#99);
#101=IFCBUILDINGSTOREY('29TFpHBYXAnw12nix37bGc',#18,'Nivel 2',$,'Nivel:Nivel 1',#100,$,'Nivel 2',.ELEMENT.,2.9999999999999996);
#102=IFCAXIS2PLACEMENT3D(#3,$,$);
#103=IFCLOCALPLACEMENT($,#102);
#104=IFCSITE('1yEA2ucM51Fekp5MlI1G8P',#18,'Default',$,$,#103,$,$,.ELEMENT.,(40,25,13,9643),(-3,-42,-20,-772056),0.,$,$);
#105=IFCCARTESIANPOINT((-9.1968475280582034,6.9854962782535805,0.));
#106=IFCAXIS2PLACEMENT3D(#105,#9,#8);
#107=IFCLOCALPLACEMENT(#96,#106);
#108=IFCCARTESIANPOINT((10.370000000000001,0.));
#109=IFCPOLYLINE((#4,#108));
#110=IFCSHAPEREPRESENTATION(#85,'Axis','Curve2D',(#109));
#111=IFCCARTESIANPOINT((5.1850000000000005,1.4918621893400541E-16));
#112=IFCAXIS2PLACEMENT2D(#111,#12);
#113=IFCRECTANGLEPROFILEDEF(.AREA.,$,#112,10.370000000000001,0.10000000000000109);
#114=IFCAXIS2PLACEMENT3D(#3,$,$);
#115=IFCEXTRUDEDAREASOLID(#113,#114,#9,2.9999999999999996);
#116=IFCCOLOURRGB($,0.97647058823529409,0.97647058823529409,0.97647058823529409);
#117=IFCSURFACESTYLERENDERING(#116,0.,$,$,$,$,IFCNORMALISEDRATIOMEASURE(0.5),IFCSPECULAREXPONENT(128.),.NOTDEFINED.);
#118=IFCSURFACESTYLE('Enlucido - Blanco',.BOTH.,(#117));
#119=IFCPRESENTATIONSTYLEASSIGNMENT((#118));
#120=IFCSTYLEDITEM(#115,(#119),$);
#121=IFCSHAPEREPRESENTATION(#86,'Body','SweptSolid',(#115));
#122=IFCPRODUCTDEFINITIONSHAPE($,$,(#110,#121));
#123=IFCWALLSTANDARDCASE('2w1DOCK6P8GgJ_09i$dC59',#18,'Muro b\X\E1sico:Partici\X\F3n con capa de yeso:162797',$,'Muro b\X\E1sico:Partici\X\F3n con capa de yeso',#107,#122,'162797');
#124=IFCMATERIAL('Enlucido - Blanco');
#125=IFCPRESENTATIONSTYLEASSIGNMENT((#118));
#126=IFCSTYLEDITEM($,(#125),$);
#127=IFCSTYLEDREPRESENTATION(#84,'Style','Material',(#126));
#128=IFCMATERIALDEFINITIONREPRESENTATION($,$,(#127),#124);
#129=IFCMATERIAL('Ladrillo de cer\X\E1mica hueco doble');
#130=IFCCOLOURRGB($,0.80000000000000004,0.5725490196078431,0.43529411764705883);
#131=IFCSURFACESTYLERENDERING(#130,0.,$,$,$,$,IFCNORMALISEDRATIOMEASURE(0.5),IFCSPECULAREXPONENT(128.),.NOTDEFINED.);
#132=IFCSURFACESTYLE('Ladrillo de cer\X\E1mica hueco doble',.BOTH.,(#131));
#133=IFCPRESENTATIONSTYLEASSIGNMENT((#132));
#134=IFCSTYLEDITEM($,(#133),$);
#135=IFCSTYLEDREPRESENTATION(#84,'Style','Material',(#134));
#136=IFCMATERIALDEFINITIONREPRESENTATION($,$,(#135),#129);
#137=IFCMATERIALLAYER(#124,0.014999999999999999,$);
#138=IFCMATERIALLAYER(#129,0.070000000000000007,$);
#139=IFCMATERIALLAYER(#124,0.014999999999999999,$);
#140=IFCMATERIALLAYERSET((#137,#138,#139),'Muro b\X\E1sico:Partici\X\F3n con capa de yeso');
#141=IFCMATERIALLAYERSETUSAGE(#140,.AXIS2.,.NEGATIVE.,0.050000000000000031);
#142=IFCWALLTYPE('0t2nGKfbH1VhHNoqEzOo50',#18,'Muro b\X\E1sico:Partici\X\F3n con capa de yeso',$,$,(#154),$,'80736',$,.STANDARD.);
#143=IFCPROPERTYSINGLEVALUE('Reference',$,IFCIDENTIFIER('Partici\X\F3n con capa de yeso'),$);
#144=IFCPROPERTYSET('36SLNF71y$XK$H9ehssMei',#18,'Pset_QuantityTakeOff',$,(#143));
#145=IFCPROPERTYSINGLEVALUE('Reference',$,IFCLABEL('Partici\X\F3n con capa de yeso'),$);
#146=IFCPROPERTYSET('2Emj8_ejEMvrmNyOqHo5bY',#18,'Pset_ReinforcementBarPitchOfWall',$,(#145));
#147=IFCPROPERTYSINGLEVALUE('IsExternal',$,IFCBOOLEAN(.F.),$);
#148=IFCPROPERTYSINGLEVALUE('ExtendToStructure',$,IFCBOOLEAN(.F.),$);
#149=IFCPROPERTYSINGLEVALUE('LoadBearing',$,IFCBOOLEAN(.F.),$);
#150=IFCPROPERTYSET('0GI1gwXQUIt1NE6SSwq0Lw',#18,'Pset_WallCommon',$,(#143,#147,#148,#149));
#151=IFCRELDEFINESBYPROPERTIES('0oEdF6Gsym3_3tNpGgX8aU',#18,$,$,(#123),#144);
#152=IFCRELDEFINESBYPROPERTIES('3vAyZaNt1LrMGiZbh3Fak8',#18,$,$,(#123),#146);
#153=IFCRELDEFINESBYPROPERTIES('2vQ97wOOF1LamHutbo2WIg',#18,$,$,(#123),#150);
#154=IFCPROPERTYSET('2ULf4mOr9I59l7d6Iw1aGA',#18,'Pset_WallCommon',$,(#147));
#155=IFCCARTESIANPOINT((-9.1468475280582222,-3.3345037217464206,0.));
#156=IFCAXIS2PLACEMENT3D(#155,$,$);
#157=IFCLOCALPLACEMENT(#96,#156);
#158=IFCCARTESIANPOINT((15.07,0.));
#159=IFCPOLYLINE((#4,#158));
#160=IFCSHAPEREPRESENTATION(#85,'Axis','Curve2D',(#159));
#161=IFCCARTESIANPOINT((7.5350000000000001,3.4694469519536142E-17));
#162=IFCAXIS2PLACEMENT2D(#161,#12);
#163=IFCRECTANGLEPROFILEDEF(.AREA.,$,#162,15.07,0.10000000000000001);
#164=IFCAXIS2PLACEMENT3D(#3,$,$);
#165=IFCEXTRUDEDAREASOLID(#163,#164,#9,2.9999999999999996);
#166=IFCSTYLEDITEM(#165,(#119),$);
#167=IFCSHAPEREPRESENTATION(#86,'Body','SweptSolid',(#165));
#168=IFCPRODUCTDEFINITIONSHAPE($,$,(#160,#167));
#169=IFCWALLSTANDARDCASE('2w1DOCK6P8GgJ_09i$dCQs',#18,'Muro b\X\E1sico:Partici\X\F3n con capa de yeso:162834',$,'Muro b\X\E1sico:Partici\X\F3n con capa de yeso',#157,#168,'162834');
#170=IFCPROPERTYSET('2tAyb2320vyTbNuvDcnakn',#18,'Pset_QuantityTakeOff',$,(#143));
#171=IFCPROPERTYSINGLEVALUE('Reference',$,IFCLABEL('Partici\X\F3n con capa de yeso'),$);
#172=IFCPROPERTYSET('3nPxJ5bhslBbMc_cm16Ld0',#18,'Pset_ReinforcementBarPitchOfWall',$,(#171));
#173=IFCPROPERTYSET('28UY4RuxwIeahqt023aKnk',#18,'Pset_WallCommon',$,(#143,#147,#148,#149));
#174=IFCRELDEFINESBYPROPERTIES('2aBtVBW72DpZybOfcvPKxo',#18,$,$,(#169),#170);
#175=IFCRELDEFINESBYPROPERTIES('3PTpr$M$mk9AsdIqYpLTUG',#18,$,$,(#169),#172);
#176=IFCRELDEFINESBYPROPERTIES('0fH3rpnRijiMo$4yCkCrcS',#18,$,$,(#169),#173);
#177=IFCCARTESIANPOINT((5.8731524719417809,-3.2845037217464692,0.));
#178=IFCAXIS2PLACEMENT3D(#177,#9,#7);
#179=IFCLOCALPLACEMENT(#96,#178);
#180=IFCCARTESIANPOINT((10.270000000000048,0.));
#181=IFCPOLYLINE((#4,#180));
#182=IFCSHAPEREPRESENTATION(#85,'Axis','Curve2D',(#181));
#183=IFCCARTESIANPOINT((5.1350000000000238,5.5511151231257827E-17));
#184=IFCAXIS2PLACEMENT2D(#183,#12);
#185=IFCRECTANGLEPROFILEDEF(.AREA.,$,#184,10.270000000000048,0.10000000000000109);
#186=IFCAXIS2PLACEMENT3D(#3,$,$);
#187=IFCEXTRUDEDAREASOLID(#185,#186,#9,2.9999999999999996);
#188=IFCSTYLEDITEM(#187,(#119),$);
#189=IFCSHAPEREPRESENTATION(#86,'Body','SweptSolid',(#187));
#190=IFCPRODUCTDEFINITIONSHAPE($,$,(#182,#189));
#191=IFCWALLSTANDARDCASE('2w1DOCK6P8GgJ_09i$dCQN',#18,'Muro b\X\E1sico:Partici\X\F3n con capa de yeso:162867',$,'Muro b\X\E1sico:Partici\X\F3n con capa de yeso',#179,#190,'162867');
#192=IFCPROPERTYSET('16UPVmAxSefUNOmglTmLm$',#18,'Pset_QuantityTakeOff',$,(#143));
#193=IFCPROPERTYSINGLEVALUE('Reference',$,IFCLABEL('Partici\X\F3n con capa de yeso'),$);
#194=IFCPROPERTYSET('0io5KTebLxk_CqTtCamctx',#18,'Pset_ReinforcementBarPitchOfWall',$,(#193));
#195=IFCPROPERTYSET('1zTepgVMbqUus7W2fAB4OR',#18,'Pset_WallCommon',$,(#143,#147,#148,#149));
#196=IFCRELDEFINESBYPROPERTIES('14J2TRZZCZIuPn0BcxakPX',#18,$,$,(#191),#192);
#197=IFCRELDEFINESBYPROPERTIES('2fpJ7vgbf8ii8vq9eB1EzF',#18,$,$,(#191),#194);
#198=IFCRELDEFINESBYPROPERTIES('2CduOa_NYApqnbZjHWUKkD',#18,$,$,(#191),#195);
#199=IFCCARTESIANPOINT((5.823152471941798,6.9354962782535781,0.));
#200=IFCAXIS2PLACEMENT3D(#199,#9,#6);
#201=IFCLOCALPLACEMENT(#96,#200);
#202=IFCCARTESIANPOINT((14.970000000000001,0.));
#203=IFCPOLYLINE((#4,#202));
#204=IFCSHAPEREPRESENTATION(#85,'Axis','Curve2D',(#203));
#205=IFCCARTESIANPOINT((7.4850000000000003,-3.4694469519536142E-18));
#206=IFCAXIS2PLACEMENT2D(#205,#12);
#207=IFCRECTANGLEPROFILEDEF(.AREA.,$,#206,14.970000000000001,0.10000000000000109);
#208=IFCAXIS2PLACEMENT3D(#3,$,$);
#209=IFCEXTRUDEDAREASOLID(#207,#208,#9,2.9999999999999996);
#210=IFCSTYLEDITEM(#209,(#119),$);
#211=IFCSHAPEREPRESENTATION(#86,'Body','SweptSolid',(#209));
#212=IFCPRODUCTDEFINITIONSHAPE($,$,(#204,#211));
#213=IFCWALLSTANDARDCASE('2w1DOCK6P8GgJ_09i$dCR6',#18,'Muro b\X\E1sico:Partici\X\F3n con capa de yeso:162914',$,'Muro b\X\E1sico:Partici\X\F3n con capa de yeso',#201,#212,'162914');
#214=IFCPROPERTYSET('1WTOnL_7Qo0ZGOEgA1aXbi',#18,'Pset_QuantityTakeOff',$,(#143));
#215=IFCPROPERTYSINGLEVALUE('Reference',$,IFCLABEL('Partici\X\F3n con capa de yeso'),$);
#216=IFCPROPERTYSET('2afhXmtspntM$BYi$FKG5m',#18,'Pset_ReinforcementBarPitchOfWall',$,(#215));
#217=IFCPROPERTYSET('2_e_sZaBV69kfsDLNdO8W2',#18,'Pset_WallCommon',$,(#143,#147,#148,#149));
#218=IFCRELDEFINESBYPROPERTIES('1dXGknYDU0Kz1NAB5ij$mG',#18,$,$,(#213),#214);
#219=IFCRELDEFINESBYPROPERTIES('1sFZqZw97XwkDFk_bgfxOQ',#18,$,$,(#213),#216);
#220=IFCRELDEFINESBYPROPERTIES('26KuBCzDzJnD7jgbbXqnk5',#18,$,$,(#213),#217);
#221=IFCCARTESIANPOINT((0.,-0.0099999999999966782,0.));
#222=IFCCARTESIANPOINT((-0.075000000000000011,-0.0099999999999966782,0.));
#223=IFCCARTESIANPOINT((-0.075000000000000011,0.,0.));
#224=IFCPOLYLOOP((#3,#221,#222,#223));
#225=IFCFACEOUTERBOUND(#224,.T.);
#226=IFCFACE((#225));
#227=IFCCARTESIANPOINT((0.,0.,2.0999999999999832));
#228=IFCCARTESIANPOINT((0.,-0.0099999999999966782,2.0999999999999832));
#229=IFCPOLYLOOP((#221,#3,#227,#228));
#230=IFCFACEOUTERBOUND(#229,.T.);
#231=IFCFACE((#230));
#232=IFCCARTESIANPOINT((0.79999999999999949,-0.0099999999999966782,2.0999999999999832));
#233=IFCCARTESIANPOINT((0.79999999999999949,-0.0099999999999966782,0.));
#234=IFCCARTESIANPOINT((0.87499999999999956,-0.0099999999999966782,0.));
#235=IFCCARTESIANPOINT((0.87499999999999944,-0.0099999999999966782,2.1749999999999834));
#236=IFCCARTESIANPOINT((-0.075000000000000011,-0.0099999999999966782,2.1749999999999834));
#237=IFCPOLYLOOP((#222,#221,#228,#232,#233,#234,#235,#236));
#238=IFCFACEOUTERBOUND(#237,.T.);
#239=IFCFACE((#238));
#240=IFCCARTESIANPOINT((-0.075000000000000011,0.,2.1749999999999834));
#241=IFCPOLYLOOP((#223,#222,#236,#240));
#242=IFCFACEOUTERBOUND(#241,.T.);
#243=IFCFACE((#242));
#244=IFCCARTESIANPOINT((0.87499999999999956,0.,2.1749999999999834));
#245=IFCCARTESIANPOINT((0.87499999999999956,0.,0.));
#246=IFCCARTESIANPOINT((0.79999999999999949,0.,0.));
#247=IFCCARTESIANPOINT((0.79999999999999949,0.,2.0999999999999832));
#248=IFCPOLYLOOP((#3,#223,#240,#244,#245,#246,#247,#227));
#249=IFCFACEOUTERBOUND(#248,.T.);
#250=IFCFACE((#249));
#251=IFCPOLYLOOP((#228,#227,#247,#232));
#252=IFCFACEOUTERBOUND(#251,.T.);
#253=IFCFACE((#252));
#254=IFCPOLYLOOP((#240,#236,#235,#244));
#255=IFCFACEOUTERBOUND(#254,.T.);
#256=IFCFACE((#255));
#257=IFCPOLYLOOP((#246,#245,#234,#233));
#258=IFCFACEOUTERBOUND(#257,.T.);
#259=IFCFACE((#258));
#260=IFCPOLYLOOP((#232,#247,#246,#233));
#261=IFCFACEOUTERBOUND(#260,.T.);
#262=IFCFACE((#261));
#263=IFCPOLYLOOP((#244,#235,#234,#245));
#264=IFCFACEOUTERBOUND(#263,.T.);
#265=IFCFACE((#264));
#266=IFCCARTESIANPOINT((0.86999999999999966,0.099999999999999936,0.));
#267=IFCCARTESIANPOINT((0.79999999999999916,0.099999999999999936,0.));
#268=IFCCARTESIANPOINT((0.79999999999999916,0.11000000000001343,0.));
#269=IFCCARTESIANPOINT((0.86999999999999966,0.11000000000001343,0.));
#270=IFCPOLYLOOP((#266,#267,#268,#269));
#271=IFCFACEOUTERBOUND(#270,.T.);
#272=IFCFACE((#271));
#273=IFCCARTESIANPOINT((0.86999999999999988,0.099999999999999936,2.1699999999999835));
#274=IFCCARTESIANPOINT((-0.070000000000000326,0.099999999999999936,2.1699999999999835));
#275=IFCCARTESIANPOINT((-0.070000000000000062,0.099999999999999936,0.));
#276=IFCCARTESIANPOINT((0.,0.099999999999999936,0.));
#277=IFCCARTESIANPOINT((0.,0.099999999999999936,2.0999999999999828));
#278=IFCCARTESIANPOINT((0.79999999999999927,0.099999999999999936,2.0999999999999832));
#279=IFCPOLYLOOP((#267,#266,#273,#274,#275,#276,#277,#278));
#280=IFCFACEOUTERBOUND(#279,.T.);
#281=IFCFACE((#280));
#282=IFCCARTESIANPOINT((0.79999999999999927,0.11000000000001343,2.0999999999999832));
#283=IFCPOLYLOOP((#268,#267,#278,#282));
#284=IFCFACEOUTERBOUND(#283,.T.);
#285=IFCFACE((#284));
#286=IFCCARTESIANPOINT((0.,0.11000000000001343,2.0999999999999832));
#287=IFCCARTESIANPOINT((0.,0.11000000000001343,0.));
#288=IFCCARTESIANPOINT((-0.070000000000000326,0.11000000000001343,0.));
#289=IFCCARTESIANPOINT((-0.070000000000000326,0.11000000000001343,2.1699999999999835));
#290=IFCCARTESIANPOINT((0.86999999999999955,0.11000000000001343,2.1699999999999835));
#291=IFCPOLYLOOP((#269,#268,#282,#286,#287,#288,#289,#290));
#292=IFCFACEOUTERBOUND(#291,.T.);
#293=IFCFACE((#292));
#294=IFCPOLYLOOP((#266,#269,#290,#273));
#295=IFCFACEOUTERBOUND(#294,.T.);
#296=IFCFACE((#295));
#297=IFCPOLYLOOP((#282,#278,#277,#286));
#298=IFCFACEOUTERBOUND(#297,.T.);
#299=IFCFACE((#298));
#300=IFCPOLYLOOP((#273,#290,#289,#274));
#301=IFCFACEOUTERBOUND(#300,.T.);
#302=IFCFACE((#301));
#303=IFCPOLYLOOP((#275,#288,#287,#276));
#304=IFCFACEOUTERBOUND(#303,.T.);
#305=IFCFACE((#304));
#306=IFCPOLYLOOP((#286,#277,#276,#287));
#307=IFCFACEOUTERBOUND(#306,.T.);
#308=IFCFACE((#307));
#309=IFCPOLYLOOP((#274,#289,#288,#275));
#310=IFCFACEOUTERBOUND(#309,.T.);
#311=IFCFACE((#310));
#312=IFCCARTESIANPOINT((0.79999999999999916,0.,0.));
#313=IFCCARTESIANPOINT((0.76499999999999946,0.,0.));
#314=IFCCARTESIANPOINT((0.76499999999999979,0.064999999999992453,0.));
#315=IFCCARTESIANPOINT((0.77499999999999969,0.064999999999992411,0.));
#316=IFCCARTESIANPOINT((0.7749999999999998,0.10000000000000758,0.));
#317=IFCCARTESIANPOINT((0.79999999999999949,0.10000000000000751,0.));
#318=IFCPOLYLOOP((#312,#313,#314,#315,#316,#317));
#319=IFCFACEOUTERBOUND(#318,.T.);
#320=IFCFACE((#319));
#321=IFCCARTESIANPOINT((0.79999999999999927,0.,2.100000000000056));
#322=IFCCARTESIANPOINT((0.,0.,2.1000000000000565));
#323=IFCCARTESIANPOINT((0.035000000000000281,0.,0.));
#324=IFCCARTESIANPOINT((0.035000000000000302,0.,2.0650000000000568));
#325=IFCCARTESIANPOINT((0.76499999999999946,0.,2.0650000000000563));
#326=IFCPOLYLOOP((#313,#312,#321,#322,#3,#323,#324,#325));
#327=IFCFACEOUTERBOUND(#326,.T.);
#328=IFCFACE((#327));
#329=IFCCARTESIANPOINT((0.76499999999999968,0.064999999999992453,2.0650000000000563));
#330=IFCPOLYLOOP((#314,#313,#325,#329));
#331=IFCFACEOUTERBOUND(#330,.T.);
#332=IFCFACE((#331));
#333=IFCCARTESIANPOINT((0.035000000000000572,0.064999999999994923,2.0650000000000568));
#334=IFCCARTESIANPOINT((0.035000000000000434,0.064999999999994923,0.));
#335=IFCCARTESIANPOINT((0.025000000000001001,0.064999999999994854,0.));
#336=IFCCARTESIANPOINT((0.025000000000000949,0.064999999999994854,2.0750000000000566));
#337=IFCCARTESIANPOINT((0.77499999999999947,0.064999999999992411,2.0750000000000561));
#338=IFCPOLYLOOP((#315,#314,#329,#333,#334,#335,#336,#337));
#339=IFCFACEOUTERBOUND(#338,.T.);
#340=IFCFACE((#339));
#341=IFCCARTESIANPOINT((0.77499999999999969,0.10000000000000758,2.0750000000000561));
#342=IFCPOLYLOOP((#316,#315,#337,#341));
#343=IFCFACEOUTERBOUND(#342,.T.);
#344=IFCFACE((#343));
#345=IFCCARTESIANPOINT((0.025000000000001084,0.10000000000000987,2.0750000000000566));
#346=IFCCARTESIANPOINT((0.025000000000001084,0.10000000000000989,0.));
#347=IFCCARTESIANPOINT((0.,0.10000000000001012,0.));
#348=IFCCARTESIANPOINT((0.,0.10000000000001012,2.100000000000056));
#349=IFCCARTESIANPOINT((0.79999999999999938,0.10000000000000751,2.100000000000056));
#350=IFCPOLYLOOP((#317,#316,#341,#345,#346,#347,#348,#349));
#351=IFCFACEOUTERBOUND(#350,.T.);
#352=IFCFACE((#351));
#353=IFCPOLYLOOP((#312,#317,#349,#321));
#354=IFCFACEOUTERBOUND(#353,.T.);
#355=IFCFACE((#354));
#356=IFCPOLYLOOP((#329,#325,#324,#333));
#357=IFCFACEOUTERBOUND(#356,.T.);
#358=IFCFACE((#357));
#359=IFCPOLYLOOP((#341,#337,#336,#345));
#360=IFCFACEOUTERBOUND(#359,.T.);
#361=IFCFACE((#360));
#362=IFCPOLYLOOP((#321,#349,#348,#322));
#363=IFCFACEOUTERBOUND(#362,.T.);
#364=IFCFACE((#363));
#365=IFCPOLYLOOP((#3,#347,#346,#335,#334,#323));
#366=IFCFACEOUTERBOUND(#365,.T.);
#367=IFCFACE((#366));
#368=IFCPOLYLOOP((#333,#324,#323,#334));
#369=IFCFACEOUTERBOUND(#368,.T.);
#370=IFCFACE((#369));
#371=IFCPOLYLOOP((#345,#336,#335,#346));
#372=IFCFACEOUTERBOUND(#371,.T.);
#373=IFCFACE((#372));
#374=IFCPOLYLOOP((#322,#348,#347,#3));
#375=IFCFACEOUTERBOUND(#374,.T.);
#376=IFCFACE((#375));
#377=IFCCARTESIANPOINT((0.024999999999979022,0.099999999999996828,2.0999999999999819));
#378=IFCCARTESIANPOINT((0.024999999999979022,0.065000000000003028,2.0999999999999819));
#379=IFCCARTESIANPOINT((0.77499999999998748,0.065000000000003028,2.0999999999999819));
#380=IFCCARTESIANPOINT((0.77499999999998748,0.10000000000000001,2.0999999999999819));
#381=IFCCARTESIANPOINT((0.7849999999999876,0.10000000000000001,2.0999999999999819));
#382=IFCCARTESIANPOINT((0.7849999999999876,0.10999999999999685,2.0999999999999819));
#383=IFCCARTESIANPOINT((0.014999999999978994,0.10999999999999685,2.0999999999999819));
#384=IFCCARTESIANPOINT((0.014999999999978994,0.099999999999996828,2.0999999999999819));
#385=IFCPOLYLOOP((#377,#378,#379,#380,#381,#382,#383,#384));
#386=IFCFACEOUTERBOUND(#385,.T.);
#387=IFCFACE((#386));
#388=IFCCARTESIANPOINT((0.024999999999979022,0.099999999999996828,0.));
#389=IFCCARTESIANPOINT((0.014999999999978994,0.099999999999996828,0.));
#390=IFCCARTESIANPOINT((0.014999999999978994,0.10999999999999685,0.));
#391=IFCCARTESIANPOINT((0.7849999999999876,0.10999999999999685,0.));
#392=IFCCARTESIANPOINT((0.7849999999999876,0.10000000000000001,0.));
#393=IFCCARTESIANPOINT((0.77499999999998748,0.10000000000000001,0.));
#394=IFCCARTESIANPOINT((0.77499999999998748,0.065000000000003028,0.));
#395=IFCCARTESIANPOINT((0.024999999999979022,0.065000000000003028,0.));
#396=IFCPOLYLOOP((#388,#389,#390,#391,#392,#393,#394,#395));
#397=IFCFACEOUTERBOUND(#396,.T.);
#398=IFCFACE((#397));
#399=IFCPOLYLOOP((#378,#377,#388,#395));
#400=IFCFACEOUTERBOUND(#399,.T.);
#401=IFCFACE((#400));
#402=IFCPOLYLOOP((#379,#378,#395,#394));
#403=IFCFACEOUTERBOUND(#402,.T.);
#404=IFCFACE((#403));
#405=IFCPOLYLOOP((#380,#379,#394,#393));
#406=IFCFACEOUTERBOUND(#405,.T.);
#407=IFCFACE((#406));
#408=IFCPOLYLOOP((#381,#380,#393,#392));
#409=IFCFACEOUTERBOUND(#408,.T.);
#410=IFCFACE((#409));
#411=IFCPOLYLOOP((#382,#381,#392,#391));
#412=IFCFACEOUTERBOUND(#411,.T.);
#413=IFCFACE((#412));
#414=IFCPOLYLOOP((#383,#382,#391,#390));
#415=IFCFACEOUTERBOUND(#414,.T.);
#416=IFCFACE((#415));
#417=IFCPOLYLOOP((#384,#383,#390,#389));
#418=IFCFACEOUTERBOUND(#417,.T.);
#419=IFCFACE((#418));
#420=IFCPOLYLOOP((#377,#384,#389,#388));
#421=IFCFACEOUTERBOUND(#420,.T.);
#422=IFCFACE((#421));
#423=IFCCARTESIANPOINT((0.059999999999993732,0.11000000000000332,1.049999999999998));
#424=IFCCARTESIANPOINT((0.060340538006315697,0.11000000000000332,1.0481625048218324));
#425=IFCCARTESIANPOINT((0.061350555411906586,0.11000000000000332,1.0463875833381266));
#426=IFCCARTESIANPOINT((0.062995657285401435,0.11000000000000332,1.0447356783712245));
#427=IFCCARTESIANPOINT((0.065219821655580559,0.11000000000000332,1.0432630435635324));
#428=IFCCARTESIANPOINT((0.067947307272408594,0.11000000000000332,1.0420198277271957));
#429=IFCCARTESIANPOINT((0.071085232884462973,0.11000000000000332,1.0410483670864474));
#430=IFCCARTESIANPOINT((0.074526740198552016,0.11000000000000332,1.0403817435682701));
#431=IFCCARTESIANPOINT((0.078154632810727639,0.11000000000000332,1.0400426582370479));
#432=IFCCARTESIANPOINT((0.081845367189259763,0.11000000000000332,1.0400426582370479));
#433=IFCCARTESIANPOINT((0.085473259801435345,0.11000000000000332,1.0403817435682701));
#434=IFCCARTESIANPOINT((0.088914767115524443,0.11000000000000332,1.0410483670864477));
#435=IFCCARTESIANPOINT((0.092052692727578808,0.11000000000000332,1.0420198277271959));
#436=IFCCARTESIANPOINT((0.094780178344406871,0.11000000000000332,1.0432630435635328));
#437=IFCCARTESIANPOINT((0.097004342714585939,0.11000000000000332,1.0447356783712247));
#438=IFCCARTESIANPOINT((0.098649444588080767,0.11000000000000332,1.0463875833381266));
#439=IFCCARTESIANPOINT((0.099659461993671719,0.11000000000000332,1.0481625048218326));
#440=IFCCARTESIANPOINT((0.099999999999993719,0.11000000000000332,1.0499999999999983));
#441=IFCCARTESIANPOINT((0.099659461993671719,0.11000000000000332,1.0518374951781642));
#442=IFCCARTESIANPOINT((0.098649444588080837,0.11000000000000332,1.0536124166618699));
#443=IFCCARTESIANPOINT((0.097004342714585967,0.11000000000000332,1.0552643216287718));
#444=IFCCARTESIANPOINT((0.094780178344406857,0.11000000000000332,1.0567369564364639));
#445=IFCCARTESIANPOINT((0.09205269272757878,0.11000000000000332,1.0579801722728006));
#446=IFCCARTESIANPOINT((0.088914767115524429,0.11000000000000332,1.0589516329135489));
#447=IFCCARTESIANPOINT((0.085473259801435345,0.11000000000000332,1.0596182564317262));
#448=IFCCARTESIANPOINT((0.081845367189259707,0.11000000000000332,1.0599573417629484));
#449=IFCCARTESIANPOINT((0.078154632810727639,0.11000000000000332,1.0599573417629484));
#450=IFCCARTESIANPOINT((0.07452674019855203,0.11000000000000332,1.0596182564317262));
#451=IFCCARTESIANPOINT((0.071085232884462932,0.11000000000000332,1.0589516329135487));
#452=IFCCARTESIANPOINT((0.067947307272408566,0.11000000000000332,1.0579801722728006));
#453=IFCCARTESIANPOINT((0.065219821655580518,0.11000000000000332,1.0567369564364637));
#454=IFCCARTESIANPOINT((0.062995657285401477,0.11000000000000332,1.0552643216287716));
#455=IFCCARTESIANPOINT((0.061350555411906552,0.11000000000000332,1.0536124166618694));
#456=IFCCARTESIANPOINT((0.060340538006315683,0.11000000000000332,1.0518374951781637));
#457=IFCCARTESIANPOINT((0.059999999999993732,0.17000000000000329,1.0499999999999983));
#458=IFCCARTESIANPOINT((0.06034053800631569,0.16965946199368137,1.0481625048218324));
#459=IFCCARTESIANPOINT((0.061350555411906607,0.16864944458809045,1.0463875833381266));
#460=IFCCARTESIANPOINT((0.062995657285401366,0.16700434271459566,1.0447356783712245));
#461=IFCCARTESIANPOINT((0.065219821655580518,0.16478017834441649,1.0432630435635326));
#462=IFCCARTESIANPOINT((0.06794730727240865,0.16205269272758838,1.0420198277271957));
#463=IFCCARTESIANPOINT((0.071085232884462973,0.15891476711553409,1.0410483670864474));
#464=IFCCARTESIANPOINT((0.074526740198552072,0.15547325980144502,1.0403817435682701));
#465=IFCCARTESIANPOINT((0.078154632810727639,0.15184536718926941,1.0400426582370479));
#466=IFCCARTESIANPOINT((0.081845367189259735,0.14815463281073729,1.0400426582370479));
#467=IFCCARTESIANPOINT((0.085473259801435345,0.14452674019856168,1.0403817435682701));
#468=IFCCARTESIANPOINT((0.088914767115524443,0.14108523288447258,1.0410483670864477));
#469=IFCCARTESIANPOINT((0.092052692727578878,0.13794730727241822,1.0420198277271957));
#470=IFCCARTESIANPOINT((0.094780178344406898,0.13521982165559016,1.0432630435635328));
#471=IFCCARTESIANPOINT((0.097004342714585939,0.13299565728541113,1.0447356783712247));
#472=IFCCARTESIANPOINT((0.098649444588080726,0.13135055541191631,1.0463875833381266));
#473=IFCCARTESIANPOINT((0.099659461993671705,0.13034053800632528,1.0481625048218326));
#474=IFCCARTESIANPOINT((0.099999999999993719,0.13000000000000328,1.0499999999999985));
#475=IFCCARTESIANPOINT((0.059999999999993732,0.1393001943709293,1.0499999999999983));
#476=IFCCARTESIANPOINT((0.062096734811660385,0.13850216893453673,1.0455426158008232));
#477=IFCCARTESIANPOINT((0.099659461993671705,0.13034053800632525,1.0518374951781642));
#478=IFCCARTESIANPOINT((0.098649444588080851,0.13135055541191615,1.0536124166618699));
#479=IFCCARTESIANPOINT((0.097004342714586009,0.13299565728541105,1.055264321628772));
#480=IFCCARTESIANPOINT((0.094780178344406912,0.13521982165559016,1.0567369564364637));
#481=IFCCARTESIANPOINT((0.09205269272757878,0.13794730727241813,1.0579801722728006));
#482=IFCCARTESIANPOINT((0.088914767115524429,0.14108523288447253,1.0589516329135489));
#483=IFCCARTESIANPOINT((0.085473259801435358,0.14452674019856168,1.0596182564317262));
#484=IFCCARTESIANPOINT((0.081845367189259707,0.14815463281073729,1.0599573417629484));
#485=IFCCARTESIANPOINT((0.078154632810727639,0.15184536718926933,1.0599573417629486));
#486=IFCCARTESIANPOINT((0.074526740198552016,0.15547325980144491,1.0596182564317265));
#487=IFCCARTESIANPOINT((0.071085232884462973,0.15891476711553401,1.0589516329135489));
#488=IFCCARTESIANPOINT((0.06794730727240858,0.16205269272758838,1.0579801722728004));
#489=IFCCARTESIANPOINT((0.065219821655580629,0.16478017834441641,1.0567369564364641));
#490=IFCCARTESIANPOINT((0.062995657285401366,0.1670043427145956,1.0552643216287714));
#491=IFCCARTESIANPOINT((0.061350555411906565,0.16864944458809036,1.0536124166618694));
#492=IFCCARTESIANPOINT((0.06034053800631578,0.16965946199368132,1.0518374951781637));
#493=IFCCARTESIANPOINT((0.059999999999993732,0.13455091079259041,1.0499999999999983));
#494=IFCCARTESIANPOINT((0.062096734145669706,0.13850217137625603,1.0544573835304278));
#495=IFCCARTESIANPOINT((0.2199999999999937,0.17000000000000329,1.0499999999999985));
#496=IFCCARTESIANPOINT((0.2199999999999937,0.16965946199368137,1.0518374951781642));
#497=IFCCARTESIANPOINT((0.2199999999999937,0.16864944458809039,1.0536124166618701));
#498=IFCCARTESIANPOINT((0.2199999999999937,0.1670043427145956,1.055264321628772));
#499=IFCCARTESIANPOINT((0.2199999999999937,0.16478017834441649,1.0567369564364641));
#500=IFCCARTESIANPOINT((0.2199999999999937,0.16205269272758849,1.0579801722728011));
#501=IFCCARTESIANPOINT((0.21999999999999367,0.15891476711553404,1.0589516329135491));
#502=IFCCARTESIANPOINT((0.21999999999999367,0.155473259801445,1.0596182564317269));
#503=IFCCARTESIANPOINT((0.21999999999999367,0.15184536718926933,1.0599573417629489));
#504=IFCCARTESIANPOINT((0.21999999999999367,0.14815463281073726,1.0599573417629489));
#505=IFCCARTESIANPOINT((0.21999999999999367,0.14452674019856165,1.0596182564317269));
#506=IFCCARTESIANPOINT((0.21999999999999367,0.14108523288447253,1.0589516329135493));
#507=IFCCARTESIANPOINT((0.2199999999999937,0.13794730727241819,1.0579801722728011));
#508=IFCCARTESIANPOINT((0.2199999999999937,0.13521982165559007,1.0567369564364644));
#509=IFCCARTESIANPOINT((0.2199999999999937,0.13299565728541102,1.0552643216287723));
#510=IFCCARTESIANPOINT((0.2199999999999937,0.13135055541191618,1.0536124166618703));
#511=IFCCARTESIANPOINT((0.2199999999999937,0.13034053800632522,1.0518374951781644));
#512=IFCCARTESIANPOINT((0.2199999999999937,0.13000000000000331,1.0499999999999985));
#513=IFCCARTESIANPOINT((0.2199999999999937,0.13034053800632528,1.048162504821833));
#514=IFCCARTESIANPOINT((0.2199999999999937,0.13135055541191615,1.0463875833381273));
#515=IFCCARTESIANPOINT((0.2199999999999937,0.13299565728541105,1.0447356783712252));
#516=IFCCARTESIANPOINT((0.2199999999999937,0.13521982165559016,1.0432630435635331));
#517=IFCCARTESIANPOINT((0.2199999999999937,0.13794730727241825,1.0420198277271961));
#518=IFCCARTESIANPOINT((0.21999999999999376,0.14108523288447258,1.0410483670864481));
#519=IFCCARTESIANPOINT((0.21999999999999376,0.14452674019856168,1.0403817435682705));
#520=IFCCARTESIANPOINT((0.21999999999999376,0.14815463281073729,1.0400426582370483));
#521=IFCCARTESIANPOINT((0.21999999999999376,0.15184536718926939,1.0400426582370483));
#522=IFCCARTESIANPOINT((0.21999999999999376,0.155473259801445,1.0403817435682705));
#523=IFCCARTESIANPOINT((0.21999999999999376,0.15891476711553409,1.0410483670864479));
#524=IFCCARTESIANPOINT((0.2199999999999937,0.16205269272758843,1.0420198277271959));
#525=IFCCARTESIANPOINT((0.2199999999999937,0.16478017834441655,1.0432630435635331));
#526=IFCCARTESIANPOINT((0.2199999999999937,0.1670043427145956,1.0447356783712249));
#527=IFCCARTESIANPOINT((0.2199999999999937,0.16864944458809034,1.0463875833381269));
#528=IFCCARTESIANPOINT((0.2199999999999937,0.16965946199368134,1.0481625048218326));
#529=IFCCARTESIANPOINT((0.16026514136797498,0.17000000000000329,1.0499999999999985));
#530=IFCCARTESIANPOINT((0.14149783261361157,0.16790326550401502,1.0455426161178074));
#531=IFCCARTESIANPOINT((0.14397365393794084,0.16102923159562352,1.041657997086876));
#532=IFCCARTESIANPOINT((0.14726337015769264,0.15431627649149543,1.0402356546910567));
#533=IFCCARTESIANPOINT((0.1468321517819631,0.17000000000000329,1.0499999999999985));
#534=IFCCARTESIANPOINT((0.14149782863066274,0.16790326584388446,1.0544573835409143));
#535=IFCCARTESIANPOINT((0.14397365368363968,0.16102923177656217,1.0583420028533144));
#536=IFCCARTESIANPOINT((0.14726337018288049,0.15431627659770747,1.0597643452972021));
#537=IFCPOLYLOOP((#428,#429,#430,#431,#432,#433,#434,#435,#436,#437,#438,#439,#440,#441,#442,#443,#444,#445,#446,#447,#448,#449,#450,#451,#452,#453,#454,#455,#456,#423,#424,#425,#426,#427));
#538=IFCFACEOUTERBOUND(#537,.T.);
#539=IFCFACE((#538));
#540=IFCPOLYLOOP((#476,#424,#475));
#541=IFCFACEOUTERBOUND(#540,.T.);
#542=IFCFACE((#541));
#543=IFCPOLYLOOP((#476,#458,#459));
#544=IFCFACEOUTERBOUND(#543,.T.);
#545=IFCFACE((#544));
#546=IFCPOLYLOOP((#476,#426,#425));
#547=IFCFACEOUTERBOUND(#546,.T.);
#548=IFCFACE((#547));
#549=IFCPOLYLOOP((#430,#429,#463,#464));
#550=IFCFACEOUTERBOUND(#549,.T.);
#551=IFCFACE((#550));
#552=IFCPOLYLOOP((#428,#427,#462));
#553=IFCFACEOUTERBOUND(#552,.T.);
#554=IFCFACE((#553));
#555=IFCPOLYLOOP((#428,#462,#463,#429));
#556=IFCFACEOUTERBOUND(#555,.T.);
#557=IFCFACE((#556));
#558=IFCPOLYLOOP((#462,#427,#476));
#559=IFCFACEOUTERBOUND(#558,.T.);
#560=IFCFACE((#559));
#561=IFCPOLYLOOP((#430,#464,#465,#431));
#562=IFCFACEOUTERBOUND(#561,.T.);
#563=IFCFACE((#562));
#564=IFCPOLYLOOP((#475,#457,#458));
#565=IFCFACEOUTERBOUND(#564,.T.);
#566=IFCFACE((#565));
#567=IFCPOLYLOOP((#424,#423,#493,#475));
#568=IFCFACEOUTERBOUND(#567,.T.);
#569=IFCFACE((#568));
#570=IFCPOLYLOOP((#424,#476,#425));
#571=IFCFACEOUTERBOUND(#570,.T.);
#572=IFCFACE((#571));
#573=IFCPOLYLOOP((#476,#475,#458));
#574=IFCFACEOUTERBOUND(#573,.T.);
#575=IFCFACE((#574));
#576=IFCPOLYLOOP((#461,#476,#460));
#577=IFCFACEOUTERBOUND(#576,.T.);
#578=IFCFACE((#577));
#579=IFCPOLYLOOP((#462,#476,#461));
#580=IFCFACEOUTERBOUND(#579,.T.);
#581=IFCFACE((#580));
#582=IFCPOLYLOOP((#465,#466,#432,#431));
#583=IFCFACEOUTERBOUND(#582,.T.);
#584=IFCFACE((#583));
#585=IFCPOLYLOOP((#434,#433,#467,#468));
#586=IFCFACEOUTERBOUND(#585,.T.);
#587=IFCFACE((#586));
#588=IFCPOLYLOOP((#433,#432,#466,#467));
#589=IFCFACEOUTERBOUND(#588,.T.);
#590=IFCFACE((#589));
#591=IFCPOLYLOOP((#435,#434,#468,#469));
#592=IFCFACEOUTERBOUND(#591,.T.);
#593=IFCFACE((#592));
#594=IFCPOLYLOOP((#473,#439,#438,#472));
#595=IFCFACEOUTERBOUND(#594,.T.);
#596=IFCFACE((#595));
#597=IFCPOLYLOOP((#437,#436,#470,#471));
#598=IFCFACEOUTERBOUND(#597,.T.);
#599=IFCFACE((#598));
#600=IFCPOLYLOOP((#438,#437,#471,#472));
#601=IFCFACEOUTERBOUND(#600,.T.);
#602=IFCFACE((#601));
#603=IFCPOLYLOOP((#470,#436,#435,#469));
#604=IFCFACEOUTERBOUND(#603,.T.);
#605=IFCFACE((#604));
#606=IFCPOLYLOOP((#440,#439,#473,#474));
#607=IFCFACEOUTERBOUND(#606,.T.);
#608=IFCFACE((#607));
#609=IFCPOLYLOOP((#427,#426,#476));
#610=IFCFACEOUTERBOUND(#609,.T.);
#611=IFCFACE((#610));
#612=IFCPOLYLOOP((#460,#476,#459));
#613=IFCFACEOUTERBOUND(#612,.T.);
#614=IFCFACE((#613));
#615=IFCPOLYLOOP((#477,#478,#442,#441));
#616=IFCFACEOUTERBOUND(#615,.T.);
#617=IFCFACE((#616));
#618=IFCPOLYLOOP((#442,#478,#479,#443));
#619=IFCFACEOUTERBOUND(#618,.T.);
#620=IFCFACE((#619));
#621=IFCPOLYLOOP((#474,#477,#441,#440));
#622=IFCFACEOUTERBOUND(#621,.T.);
#623=IFCFACE((#622));
#624=IFCPOLYLOOP((#447,#446,#482,#483));
#625=IFCFACEOUTERBOUND(#624,.T.);
#626=IFCFACE((#625));
#627=IFCPOLYLOOP((#446,#445,#481,#482));
#628=IFCFACEOUTERBOUND(#627,.T.);
#629=IFCFACE((#628));
#630=IFCPOLYLOOP((#480,#481,#445,#444));
#631=IFCFACEOUTERBOUND(#630,.T.);
#632=IFCFACE((#631));
#633=IFCPOLYLOOP((#443,#479,#480,#444));
#634=IFCFACEOUTERBOUND(#633,.T.);
#635=IFCFACE((#634));
#636=IFCPOLYLOOP((#483,#484,#448,#447));
#637=IFCFACEOUTERBOUND(#636,.T.);
#638=IFCFACE((#637));
#639=IFCPOLYLOOP((#493,#423,#456));
#640=IFCFACEOUTERBOUND(#639,.T.);
#641=IFCFACE((#640));
#642=IFCPOLYLOOP((#492,#457,#475,#493));
#643=IFCFACEOUTERBOUND(#642,.T.);
#644=IFCFACE((#643));
#645=IFCPOLYLOOP((#493,#494,#492));
#646=IFCFACEOUTERBOUND(#645,.T.);
#647=IFCFACE((#646));
#648=IFCPOLYLOOP((#494,#490,#491));
#649=IFCFACEOUTERBOUND(#648,.T.);
#650=IFCFACE((#649));
#651=IFCPOLYLOOP((#484,#485,#449,#448));
#652=IFCFACEOUTERBOUND(#651,.T.);
#653=IFCFACE((#652));
#654=IFCPOLYLOOP((#451,#450,#486,#487));
#655=IFCFACEOUTERBOUND(#654,.T.);
#656=IFCFACE((#655));
#657=IFCPOLYLOOP((#450,#449,#485,#486));
#658=IFCFACEOUTERBOUND(#657,.T.);
#659=IFCFACE((#658));
#660=IFCPOLYLOOP((#452,#451,#487,#488));
#661=IFCFACEOUTERBOUND(#660,.T.);
#662=IFCFACE((#661));
#663=IFCPOLYLOOP((#494,#491,#492));
#664=IFCFACEOUTERBOUND(#663,.T.);
#665=IFCFACE((#664));
#666=IFCPOLYLOOP((#494,#454,#453));
#667=IFCFACEOUTERBOUND(#666,.T.);
#668=IFCFACE((#667));
#669=IFCPOLYLOOP((#494,#493,#456));
#670=IFCFACEOUTERBOUND(#669,.T.);
#671=IFCFACE((#670));
#672=IFCPOLYLOOP((#488,#453,#452));
#673=IFCFACEOUTERBOUND(#672,.T.);
#674=IFCFACE((#673));
#675=IFCPOLYLOOP((#494,#455,#454));
#676=IFCFACEOUTERBOUND(#675,.T.);
#677=IFCFACE((#676));
#678=IFCPOLYLOOP((#489,#490,#494));
#679=IFCFACEOUTERBOUND(#678,.T.);
#680=IFCFACE((#679));
#681=IFCPOLYLOOP((#488,#489,#494));
#682=IFCFACEOUTERBOUND(#681,.T.);
#683=IFCFACE((#682));
#684=IFCPOLYLOOP((#488,#494,#453));
#685=IFCFACEOUTERBOUND(#684,.T.);
#686=IFCFACE((#685));
#687=IFCPOLYLOOP((#456,#455,#494));
#688=IFCFACEOUTERBOUND(#687,.T.);
#689=IFCFACE((#688));
#690=IFCPOLYLOOP((#501,#502,#503,#504,#505,#506,#507,#508,#509,#510,#511,#512,#513,#514,#515,#516,#517,#518,#519,#520,#521,#522,#523,#524,#525,#526,#527,#528,#495,#496,#497,#498,#499,#500));
#691=IFCFACEOUTERBOUND(#690,.T.);
#692=IFCFACE((#691));
#693=IFCPOLYLOOP((#530,#459,#458));
#694=IFCFACEOUTERBOUND(#693,.T.);
#695=IFCFACE((#694));
#696=IFCPOLYLOOP((#530,#460,#459));
#697=IFCFACEOUTERBOUND(#696,.T.);
#698=IFCFACE((#697));
#699=IFCPOLYLOOP((#527,#526,#530));
#700=IFCFACEOUTERBOUND(#699,.T.);
#701=IFCFACE((#700));
#702=IFCPOLYLOOP((#531,#461,#530));
#703=IFCFACEOUTERBOUND(#702,.T.);
#704=IFCFACE((#703));
#705=IFCPOLYLOOP((#531,#532,#463));
#706=IFCFACEOUTERBOUND(#705,.T.);
#707=IFCFACE((#706));
#708=IFCPOLYLOOP((#462,#531,#463));
#709=IFCFACEOUTERBOUND(#708,.T.);
#710=IFCFACE((#709));
#711=IFCPOLYLOOP((#462,#461,#531));
#712=IFCFACEOUTERBOUND(#711,.T.);
#713=IFCFACE((#712));
#714=IFCPOLYLOOP((#465,#464,#532));
#715=IFCFACEOUTERBOUND(#714,.T.);
#716=IFCFACE((#715));
#717=IFCPOLYLOOP((#523,#522,#532));
#718=IFCFACEOUTERBOUND(#717,.T.);
#719=IFCFACE((#718));
#720=IFCPOLYLOOP((#528,#529,#495));
#721=IFCFACEOUTERBOUND(#720,.T.);
#722=IFCFACE((#721));
#723=IFCPOLYLOOP((#458,#457,#533,#529));
#724=IFCFACEOUTERBOUND(#723,.T.);
#725=IFCFACE((#724));
#726=IFCPOLYLOOP((#530,#529,#528));
#727=IFCFACEOUTERBOUND(#726,.T.);
#728=IFCFACE((#727));
#729=IFCPOLYLOOP((#530,#528,#527));
#730=IFCFACEOUTERBOUND(#729,.T.);
#731=IFCFACE((#730));
#732=IFCPOLYLOOP((#530,#525,#531));
#733=IFCFACEOUTERBOUND(#732,.T.);
#734=IFCFACE((#733));
#735=IFCPOLYLOOP((#530,#526,#525));
#736=IFCFACEOUTERBOUND(#735,.T.);
#737=IFCFACE((#736));
#738=IFCPOLYLOOP((#524,#523,#531));
#739=IFCFACEOUTERBOUND(#738,.T.);
#740=IFCFACE((#739));
#741=IFCPOLYLOOP((#523,#532,#531));
#742=IFCFACEOUTERBOUND(#741,.T.);
#743=IFCFACE((#742));
#744=IFCPOLYLOOP((#521,#532,#522));
#745=IFCFACEOUTERBOUND(#744,.T.);
#746=IFCFACE((#745));
#747=IFCPOLYLOOP((#466,#532,#520));
#748=IFCFACEOUTERBOUND(#747,.T.);
#749=IFCFACE((#748));
#750=IFCPOLYLOOP((#520,#519,#467,#466));
#751=IFCFACEOUTERBOUND(#750,.T.);
#752=IFCFACE((#751));
#753=IFCPOLYLOOP((#466,#465,#532));
#754=IFCFACEOUTERBOUND(#753,.T.);
#755=IFCFACE((#754));
#756=IFCPOLYLOOP((#518,#517,#469,#468));
#757=IFCFACEOUTERBOUND(#756,.T.);
#758=IFCFACE((#757));
#759=IFCPOLYLOOP((#525,#524,#531));
#760=IFCFACEOUTERBOUND(#759,.T.);
#761=IFCFACE((#760));
#762=IFCPOLYLOOP((#519,#518,#468,#467));
#763=IFCFACEOUTERBOUND(#762,.T.);
#764=IFCFACE((#763));
#765=IFCPOLYLOOP((#516,#515,#471,#470));
#766=IFCFACEOUTERBOUND(#765,.T.);
#767=IFCFACE((#766));
#768=IFCPOLYLOOP((#460,#530,#461));
#769=IFCFACEOUTERBOUND(#768,.T.);
#770=IFCFACE((#769));
#771=IFCPOLYLOOP((#529,#530,#458));
#772=IFCFACEOUTERBOUND(#771,.T.);
#773=IFCFACE((#772));
#774=IFCPOLYLOOP((#513,#512,#474,#473));
#775=IFCFACEOUTERBOUND(#774,.T.);
#776=IFCFACE((#775));
#777=IFCPOLYLOOP((#514,#513,#473,#472));
#778=IFCFACEOUTERBOUND(#777,.T.);
#779=IFCFACE((#778));
#780=IFCPOLYLOOP((#532,#464,#463));
#781=IFCFACEOUTERBOUND(#780,.T.);
#782=IFCFACE((#781));
#783=IFCPOLYLOOP((#515,#514,#472,#471));
#784=IFCFACEOUTERBOUND(#783,.T.);
#785=IFCFACE((#784));
#786=IFCPOLYLOOP((#517,#516,#470,#469));
#787=IFCFACEOUTERBOUND(#786,.T.);
#788=IFCFACE((#787));
#789=IFCPOLYLOOP((#532,#521,#520));
#790=IFCFACEOUTERBOUND(#789,.T.);
#791=IFCFACE((#790));
#792=IFCPOLYLOOP((#509,#479,#478,#510));
#793=IFCFACEOUTERBOUND(#792,.T.);
#794=IFCFACE((#793));
#795=IFCPOLYLOOP((#533,#457,#492));
#796=IFCFACEOUTERBOUND(#795,.T.);
#797=IFCFACE((#796));
#798=IFCPOLYLOOP((#496,#495,#529,#533));
#799=IFCFACEOUTERBOUND(#798,.T.);
#800=IFCFACE((#799));
#801=IFCPOLYLOOP((#511,#477,#474,#512));
#802=IFCFACEOUTERBOUND(#801,.T.);
#803=IFCFACE((#802));
#804=IFCPOLYLOOP((#477,#511,#510,#478));
#805=IFCFACEOUTERBOUND(#804,.T.);
#806=IFCFACE((#805));
#807=IFCPOLYLOOP((#492,#491,#534));
#808=IFCFACEOUTERBOUND(#807,.T.);
#809=IFCFACE((#808));
#810=IFCPOLYLOOP((#504,#484,#483,#505));
#811=IFCFACEOUTERBOUND(#810,.T.);
#812=IFCFACE((#811));
#813=IFCPOLYLOOP((#487,#486,#536));
#814=IFCFACEOUTERBOUND(#813,.T.);
#815=IFCFACE((#814));
#816=IFCPOLYLOOP((#489,#488,#535));
#817=IFCFACEOUTERBOUND(#816,.T.);
#818=IFCFACE((#817));
#819=IFCPOLYLOOP((#500,#535,#501));
#820=IFCFACEOUTERBOUND(#819,.T.);
#821=IFCFACE((#820));
#822=IFCPOLYLOOP((#506,#482,#481,#507));
#823=IFCFACEOUTERBOUND(#822,.T.);
#824=IFCFACE((#823));
#825=IFCPOLYLOOP((#507,#481,#480,#508));
#826=IFCFACEOUTERBOUND(#825,.T.);
#827=IFCFACE((#826));
#828=IFCPOLYLOOP((#482,#506,#505,#483));
#829=IFCFACEOUTERBOUND(#828,.T.);
#830=IFCFACE((#829));
#831=IFCPOLYLOOP((#502,#536,#503));
#832=IFCFACEOUTERBOUND(#831,.T.);
#833=IFCFACE((#832));
#834=IFCPOLYLOOP((#508,#480,#479,#509));
#835=IFCFACEOUTERBOUND(#834,.T.);
#836=IFCFACE((#835));
#837=IFCPOLYLOOP((#484,#504,#536));
#838=IFCFACEOUTERBOUND(#837,.T.);
#839=IFCFACE((#838));
#840=IFCPOLYLOOP((#536,#535,#487));
#841=IFCFACEOUTERBOUND(#840,.T.);
#842=IFCFACE((#841));
#843=IFCPOLYLOOP((#485,#536,#486));
#844=IFCFACEOUTERBOUND(#843,.T.);
#845=IFCFACE((#844));
#846=IFCPOLYLOOP((#487,#535,#488));
#847=IFCFACEOUTERBOUND(#846,.T.);
#848=IFCFACE((#847));
#849=IFCPOLYLOOP((#533,#492,#534));
#850=IFCFACEOUTERBOUND(#849,.T.);
#851=IFCFACE((#850));
#852=IFCPOLYLOOP((#498,#497,#534));
#853=IFCFACEOUTERBOUND(#852,.T.);
#854=IFCFACE((#853));
#855=IFCPOLYLOOP((#534,#491,#490));
#856=IFCFACEOUTERBOUND(#855,.T.);
#857=IFCFACE((#856));
#858=IFCPOLYLOOP((#534,#489,#535));
#859=IFCFACEOUTERBOUND(#858,.T.);
#860=IFCFACE((#859));
#861=IFCPOLYLOOP((#534,#497,#496));
#862=IFCFACEOUTERBOUND(#861,.T.);
#863=IFCFACE((#862));
#864=IFCPOLYLOOP((#536,#504,#503));
#865=IFCFACEOUTERBOUND(#864,.T.);
#866=IFCFACE((#865));
#867=IFCPOLYLOOP((#535,#536,#501));
#868=IFCFACEOUTERBOUND(#867,.T.);
#869=IFCFACE((#868));
#870=IFCPOLYLOOP((#536,#502,#501));
#871=IFCFACEOUTERBOUND(#870,.T.);
#872=IFCFACE((#871));
#873=IFCPOLYLOOP((#499,#534,#535));
#874=IFCFACEOUTERBOUND(#873,.T.);
#875=IFCFACE((#874));
#876=IFCPOLYLOOP((#534,#490,#489));
#877=IFCFACEOUTERBOUND(#876,.T.);
#878=IFCFACE((#877));
#879=IFCPOLYLOOP((#535,#500,#499));
#880=IFCFACEOUTERBOUND(#879,.T.);
#881=IFCFACE((#880));
#882=IFCPOLYLOOP((#499,#498,#534));
#883=IFCFACEOUTERBOUND(#882,.T.);
#884=IFCFACE((#883));
#885=IFCPOLYLOOP((#496,#533,#534));
#886=IFCFACEOUTERBOUND(#885,.T.);
#887=IFCFACE((#886));
#888=IFCPOLYLOOP((#485,#484,#536));
#889=IFCFACEOUTERBOUND(#888,.T.);
#890=IFCFACE((#889));
#891=IFCCARTESIANPOINT((0.21999999999999581,0.007986893534439243,1.0499999999999985));
#892=IFCCARTESIANPOINT((0.21999999999999581,0.0083018911902870227,1.0481625048218328));
#893=IFCCARTESIANPOINT((0.21999999999999584,0.0092361572904586485,1.0463875833381269));
#894=IFCCARTESIANPOINT((0.21999999999999584,0.010757876523441592,1.0447356783712249));
#895=IFCCARTESIANPOINT((0.21999999999999584,0.012815228565857501,1.0432630435635328));
#896=IFCCARTESIANPOINT((0.21999999999999587,0.015338152761423866,1.0420198277271957));
#897=IFCCARTESIANPOINT((0.21999999999999587,0.018240733952574625,1.0410483670864474));
#898=IFCCARTESIANPOINT((0.21999999999999587,0.021424128218107564,1.0403817435682696));
#899=IFCCARTESIANPOINT((0.21999999999999587,0.02477992888437057,1.0400426582370472));
#900=IFCCARTESIANPOINT((0.21999999999999587,0.028193858184513334,1.0400426582370472));
#901=IFCCARTESIANPOINT((0.21999999999999587,0.031549658850776374,1.0403817435682692));
#902=IFCCARTESIANPOINT((0.21999999999999587,0.034733053116309386,1.0410483670864463));
#903=IFCCARTESIANPOINT((0.21999999999999587,0.037635634307460281,1.0420198277271948));
#904=IFCCARTESIANPOINT((0.21999999999999584,0.040158558503026659,1.0432630435635315));
#905=IFCCARTESIANPOINT((0.21999999999999584,0.042215910545442804,1.0447356783712234));
#906=IFCCARTESIANPOINT((0.21999999999999584,0.043737629778425935,1.0463875833381253));
#907=IFCCARTESIANPOINT((0.21999999999999581,0.044671895878597739,1.048162504821831));
#908=IFCCARTESIANPOINT((0.21999999999999581,0.044986893534445724,1.0499999999999969));
#909=IFCCARTESIANPOINT((0.21999999999999581,0.044671895878597968,1.0518374951781624));
#910=IFCCARTESIANPOINT((0.21999999999999581,0.043737629778426247,1.0536124166618686));
#911=IFCCARTESIANPOINT((0.21999999999999581,0.042215910545443339,1.0552643216287705));
#912=IFCCARTESIANPOINT((0.21999999999999581,0.040158558503027353,1.0567369564364626));
#913=IFCCARTESIANPOINT((0.21999999999999581,0.037635634307461106,1.0579801722727997));
#914=IFCCARTESIANPOINT((0.21999999999999581,0.034733053116310336,1.058951632913548));
#915=IFCCARTESIANPOINT((0.21999999999999581,0.031549658850777332,1.0596182564317256));
#916=IFCCARTESIANPOINT((0.21999999999999581,0.028193858184514337,1.0599573417629478));
#917=IFCCARTESIANPOINT((0.21999999999999581,0.024779928884371583,1.059957341762948));
#918=IFCCARTESIANPOINT((0.21999999999999581,0.021424128218108546,1.059618256431726));
#919=IFCCARTESIANPOINT((0.21999999999999581,0.018240733952575507,1.0589516329135489));
#920=IFCCARTESIANPOINT((0.21999999999999581,0.015338152761424643,1.0579801722728006));
#921=IFCCARTESIANPOINT((0.21999999999999581,0.012815228565858263,1.0567369564364639));
#922=IFCCARTESIANPOINT((0.21999999999999581,0.010757876523442183,1.0552643216287718));
#923=IFCCARTESIANPOINT((0.21999999999999581,0.0092361572904590301,1.0536124166618699));
#924=IFCCARTESIANPOINT((0.21999999999999581,0.0083018911902872257,1.0518374951781642));
#925=IFCCARTESIANPOINT((0.061499999999989521,0.0079868935344392517,1.0499999999999983));
#926=IFCCARTESIANPOINT((0.06181499765583736,0.0083018911902871077,1.0481625048218322));
#927=IFCCARTESIANPOINT((0.062749263756008991,0.0092361572904588272,1.0463875833381262));
#928=IFCCARTESIANPOINT((0.064270982988991934,0.010757876523441633,1.0447356783712245));
#929=IFCCARTESIANPOINT((0.066328335031407837,0.01281522856585756,1.0432630435635324));
#930=IFCCARTESIANPOINT((0.068851259226974174,0.015338152761423925,1.0420198277271953));
#931=IFCCARTESIANPOINT((0.071753840418124867,0.018240733952574605,1.041048367086447));
#932=IFCCARTESIANPOINT((0.074937234683657858,0.021424128218107543,1.0403817435682692));
#933=IFCCARTESIANPOINT((0.078293035349920895,0.02477992888437058,1.040042658237047));
#934=IFCCARTESIANPOINT((0.081706964650063649,0.028193858184513341,1.0400426582370468));
#935=IFCCARTESIANPOINT((0.085062765316326699,0.031549658850776367,1.040381743568269));
#936=IFCCARTESIANPOINT((0.088246159581859676,0.034733053116309351,1.0410483670864461));
#937=IFCCARTESIANPOINT((0.091148740773010578,0.037635634307460274,1.0420198277271944));
#938=IFCCARTESIANPOINT((0.093671664968577012,0.040158558503026714,1.0432630435635311));
#939=IFCCARTESIANPOINT((0.095729017010993109,0.042215910545442839,1.0447356783712232));
#940=IFCCARTESIANPOINT((0.097250736243976246,0.043737629778425893,1.0463875833381251));
#941=IFCCARTESIANPOINT((0.098185002344148037,0.044671895878597732,1.0481625048218308));
#942=IFCCARTESIANPOINT((0.098499999999996035,0.044986893534445731,1.0499999999999965));
#943=IFCCARTESIANPOINT((0.1574788355352395,0.007986893534439243,1.0499999999999985));
#944=IFCCARTESIANPOINT((0.14316416575309227,0.01172357502957066,1.0439736534931794));
#945=IFCCARTESIANPOINT((0.14587691970092048,0.016747898620002245,1.0414978286096368));
#946=IFCCARTESIANPOINT((0.14914651747832958,0.023087527509601278,1.0401702689976247));
#947=IFCCARTESIANPOINT((0.15085348233465312,0.029396130340754612,1.0401244213498313));
#948=IFCCARTESIANPOINT((0.13328303535673536,0.0088978688426155552,1.0469006605293611));
#949=IFCCARTESIANPOINT((0.09818500234414819,0.044671895878597892,1.0518374951781622));
#950=IFCCARTESIANPOINT((0.097250736243976524,0.043737629778426212,1.0536124166618681));
#951=IFCCARTESIANPOINT((0.095729017010993595,0.042215910545443332,1.05526432162877));
#952=IFCCARTESIANPOINT((0.093671664968577623,0.040158558503027381,1.0567369564364621));
#953=IFCCARTESIANPOINT((0.091148740773011327,0.037635634307461051,1.0579801722727993));
#954=IFCCARTESIANPOINT((0.088246159581860578,0.034733053116310302,1.0589516329135475));
#955=IFCCARTESIANPOINT((0.085062765316327588,0.031549658850777353,1.0596182564317254));
#956=IFCCARTESIANPOINT((0.081706964650064579,0.028193858184514333,1.0599573417629475));
#957=IFCCARTESIANPOINT((0.078293035349921852,0.024779928884371569,1.0599573417629478));
#958=IFCCARTESIANPOINT((0.074937234683658802,0.02142412821810856,1.0596182564317256));
#959=IFCCARTESIANPOINT((0.071753840418125797,0.018240733952575566,1.0589516329135482));
#960=IFCCARTESIANPOINT((0.068851259226974978,0.015338152761424749,1.0579801722727999));
#961=IFCCARTESIANPOINT((0.066328335031408475,0.012815228565858127,1.0567369564364633));
#962=IFCCARTESIANPOINT((0.064270982988992489,0.010757876523442048,1.0552643216287712));
#963=IFCCARTESIANPOINT((0.062749263756009255,0.0092361572904590544,1.0536124166618694));
#964=IFCCARTESIANPOINT((0.061814997655837464,0.008301891190287276,1.0518374951781637));
#965=IFCCARTESIANPOINT((0.14553282140933835,0.0079868935344392517,1.0499999999999983));
#966=IFCCARTESIANPOINT((0.14316416753212954,0.011723574819920257,1.0560263463567505));
#967=IFCCARTESIANPOINT((0.14587692022740056,0.016747898501948619,1.0585021713508473));
#968=IFCCARTESIANPOINT((0.14914651769458098,0.023087527421856657,1.0598297309935043));
#969=IFCCARTESIANPOINT((0.15085348224210712,0.029396130188343857,1.0598755786632821));
#970=IFCCARTESIANPOINT((0.15129532881947394,0.0089492067178868068,1.0531832074513678));
#971=IFCCARTESIANPOINT((0.061499999999989521,0.065000000000008162,1.049999999999998));
#972=IFCCARTESIANPOINT((0.061814997655837423,0.065000000000008162,1.0518374951781635));
#973=IFCCARTESIANPOINT((0.06274926375600938,0.065000000000008162,1.0536124166618699));
#974=IFCCARTESIANPOINT((0.064270982988992448,0.065000000000008162,1.0552643216287714));
#975=IFCCARTESIANPOINT((0.066328335031408503,0.065000000000008162,1.0567369564364635));
#976=IFCCARTESIANPOINT((0.068851259226974881,0.065000000000008162,1.0579801722728002));
#977=IFCCARTESIANPOINT((0.071753840418125783,0.065000000000008162,1.0589516329135482));
#978=IFCCARTESIANPOINT((0.074937234683658815,0.065000000000008162,1.0596182564317256));
#979=IFCCARTESIANPOINT((0.078293035349921811,0.065000000000008162,1.0599573417629478));
#980=IFCCARTESIANPOINT((0.081706964650064579,0.065000000000008162,1.0599573417629475));
#981=IFCCARTESIANPOINT((0.085062765316327602,0.065000000000008162,1.0596182564317251));
#982=IFCCARTESIANPOINT((0.088246159581860578,0.065000000000008162,1.0589516329135475));
#983=IFCCARTESIANPOINT((0.091148740773011272,0.065000000000008162,1.0579801722727991));
#984=IFCCARTESIANPOINT((0.093671664968577609,0.065000000000008162,1.0567369564364621));
#985=IFCCARTESIANPOINT((0.095729017010993664,0.065000000000008162,1.05526432162877));
#986=IFCCARTESIANPOINT((0.097250736243976496,0.065000000000008162,1.0536124166618681));
#987=IFCCARTESIANPOINT((0.098185002344148148,0.065000000000008162,1.0518374951781622));
#988=IFCCARTESIANPOINT((0.098499999999996021,0.065000000000008162,1.0499999999999963));
#989=IFCCARTESIANPOINT((0.098185002344148037,0.065000000000008162,1.0481625048218306));
#990=IFCCARTESIANPOINT((0.09725073624397626,0.065000000000008162,1.0463875833381251));
#991=IFCCARTESIANPOINT((0.095729017010993081,0.065000000000008162,1.0447356783712229));
#992=IFCCARTESIANPOINT((0.093671664968576984,0.065000000000008162,1.0432630435635311));
#993=IFCCARTESIANPOINT((0.091148740773010606,0.065000000000008162,1.0420198277271944));
#994=IFCCARTESIANPOINT((0.08824615958185969,0.065000000000008162,1.0410483670864461));
#995=IFCCARTESIANPOINT((0.085062765316326686,0.065000000000008162,1.0403817435682687));
#996=IFCCARTESIANPOINT((0.081706964650063649,0.065000000000008162,1.0400426582370468));
#997=IFCCARTESIANPOINT((0.078293035349920895,0.065000000000008162,1.040042658237047));
#998=IFCCARTESIANPOINT((0.074937234683657858,0.065000000000008162,1.0403817435682692));
#999=IFCCARTESIANPOINT((0.071753840418124909,0.065000000000008162,1.041048367086447));
#1000=IFCCARTESIANPOINT((0.068851259226974187,0.065000000000008162,1.0420198277271953));
#1001=IFCCARTESIANPOINT((0.066328335031407934,0.065000000000008162,1.0432630435635324));
#1002=IFCCARTESIANPOINT((0.064270982988991865,0.065000000000008162,1.0447356783712245));
#1003=IFCCARTESIANPOINT((0.062749263756009033,0.065000000000008162,1.0463875833381266));
#1004=IFCCARTESIANPOINT((0.061814997655837277,0.065000000000008162,1.0481625048218324));
#1005=IFCCARTESIANPOINT((0.061499999999989528,0.036768711300675515,1.049999999999998));
#1006=IFCCARTESIANPOINT((0.063439479683192232,0.037878939157885309,1.0455426158199173));
#1007=IFCCARTESIANPOINT((0.061499999999989521,0.042091893994749933,1.0499999999999978));
#1008=IFCCARTESIANPOINT((0.063439479102669866,0.037878938266323707,1.0544573835498914));
#1009=IFCPOLYLOOP((#897,#898,#899,#900,#901,#902,#903,#904,#905,#906,#907,#908,#909,#910,#911,#912,#913,#914,#915,#916,#917,#918,#919,#920,#921,#922,#923,#924,#891,#892,#893,#894,#895,#896));
#1010=IFCFACEOUTERBOUND(#1009,.T.);
#1011=IFCFACE((#1010));
#1012=IFCPOLYLOOP((#944,#893,#948));
#1013=IFCFACEOUTERBOUND(#1012,.T.);
#1014=IFCFACE((#1013));
#1015=IFCPOLYLOOP((#927,#948,#926));
#1016=IFCFACEOUTERBOUND(#1015,.T.);
#1017=IFCFACE((#1016));
#1018=IFCPOLYLOOP((#944,#895,#894));
#1019=IFCFACEOUTERBOUND(#1018,.T.);
#1020=IFCFACE((#1019));
#1021=IFCPOLYLOOP((#892,#948,#893));
#1022=IFCFACEOUTERBOUND(#1021,.T.);
#1023=IFCFACE((#1022));
#1024=IFCPOLYLOOP((#945,#946,#897));
#1025=IFCFACEOUTERBOUND(#1024,.T.);
#1026=IFCFACE((#1025));
#1027=IFCPOLYLOOP((#945,#895,#944));
#1028=IFCFACEOUTERBOUND(#1027,.T.);
#1029=IFCFACE((#1028));
#1030=IFCPOLYLOOP((#897,#896,#945));
#1031=IFCFACEOUTERBOUND(#1030,.T.);
#1032=IFCFACE((#1031));
#1033=IFCPOLYLOOP((#928,#948,#927));
#1034=IFCFACEOUTERBOUND(#1033,.T.);
#1035=IFCFACE((#1034));
#1036=IFCPOLYLOOP((#898,#946,#899));
#1037=IFCFACEOUTERBOUND(#1036,.T.);
#1038=IFCFACE((#1037));
#1039=IFCPOLYLOOP((#943,#892,#891));
#1040=IFCFACEOUTERBOUND(#1039,.T.);
#1041=IFCFACE((#1040));
#1042=IFCPOLYLOOP((#926,#943,#965,#925));
#1043=IFCFACEOUTERBOUND(#1042,.T.);
#1044=IFCFACE((#1043));
#1045=IFCPOLYLOOP((#945,#896,#895));
#1046=IFCFACEOUTERBOUND(#1045,.T.);
#1047=IFCFACE((#1046));
#1048=IFCPOLYLOOP((#948,#943,#926));
#1049=IFCFACEOUTERBOUND(#1048,.T.);
#1050=IFCFACE((#1049));
#1051=IFCPOLYLOOP((#900,#947,#901));
#1052=IFCFACEOUTERBOUND(#1051,.T.);
#1053=IFCFACE((#1052));
#1054=IFCPOLYLOOP((#945,#944,#930));
#1055=IFCFACEOUTERBOUND(#1054,.T.);
#1056=IFCFACE((#1055));
#1057=IFCPOLYLOOP((#948,#928,#944));
#1058=IFCFACEOUTERBOUND(#1057,.T.);
#1059=IFCFACE((#1058));
#1060=IFCPOLYLOOP((#930,#944,#929));
#1061=IFCFACEOUTERBOUND(#1060,.T.);
#1062=IFCFACE((#1061));
#1063=IFCPOLYLOOP((#892,#943,#948));
#1064=IFCFACEOUTERBOUND(#1063,.T.);
#1065=IFCFACE((#1064));
#1066=IFCPOLYLOOP((#945,#931,#932));
#1067=IFCFACEOUTERBOUND(#1066,.T.);
#1068=IFCFACE((#1067));
#1069=IFCPOLYLOOP((#946,#945,#932));
#1070=IFCFACEOUTERBOUND(#1069,.T.);
#1071=IFCFACE((#1070));
#1072=IFCPOLYLOOP((#946,#933,#934));
#1073=IFCFACEOUTERBOUND(#1072,.T.);
#1074=IFCFACE((#1073));
#1075=IFCPOLYLOOP((#936,#902,#947));
#1076=IFCFACEOUTERBOUND(#1075,.T.);
#1077=IFCFACE((#1076));
#1078=IFCPOLYLOOP((#901,#947,#902));
#1079=IFCFACEOUTERBOUND(#1078,.T.);
#1080=IFCFACE((#1079));
#1081=IFCPOLYLOOP((#903,#902,#936,#937));
#1082=IFCFACEOUTERBOUND(#1081,.T.);
#1083=IFCFACE((#1082));
#1084=IFCPOLYLOOP((#941,#907,#906,#940));
#1085=IFCFACEOUTERBOUND(#1084,.T.);
#1086=IFCFACE((#1085));
#1087=IFCPOLYLOOP((#905,#904,#938,#939));
#1088=IFCFACEOUTERBOUND(#1087,.T.);
#1089=IFCFACE((#1088));
#1090=IFCPOLYLOOP((#906,#905,#939,#940));
#1091=IFCFACEOUTERBOUND(#1090,.T.);
#1092=IFCFACE((#1091));
#1093=IFCPOLYLOOP((#938,#904,#903,#937));
#1094=IFCFACEOUTERBOUND(#1093,.T.);
#1095=IFCFACE((#1094));
#1096=IFCPOLYLOOP((#908,#907,#941,#942));
#1097=IFCFACEOUTERBOUND(#1096,.T.);
#1098=IFCFACE((#1097));
#1099=IFCPOLYLOOP((#947,#900,#899));
#1100=IFCFACEOUTERBOUND(#1099,.T.);
#1101=IFCFACE((#1100));
#1102=IFCPOLYLOOP((#932,#933,#946));
#1103=IFCFACEOUTERBOUND(#1102,.T.);
#1104=IFCFACE((#1103));
#1105=IFCPOLYLOOP((#947,#934,#935));
#1106=IFCFACEOUTERBOUND(#1105,.T.);
#1107=IFCFACE((#1106));
#1108=IFCPOLYLOOP((#930,#931,#945));
#1109=IFCFACEOUTERBOUND(#1108,.T.);
#1110=IFCFACE((#1109));
#1111=IFCPOLYLOOP((#936,#947,#935));
#1112=IFCFACEOUTERBOUND(#1111,.T.);
#1113=IFCFACE((#1112));
#1114=IFCPOLYLOOP((#893,#944,#894));
#1115=IFCFACEOUTERBOUND(#1114,.T.);
#1116=IFCFACE((#1115));
#1117=IFCPOLYLOOP((#929,#944,#928));
#1118=IFCFACEOUTERBOUND(#1117,.T.);
#1119=IFCFACE((#1118));
#1120=IFCPOLYLOOP((#946,#898,#897));
#1121=IFCFACEOUTERBOUND(#1120,.T.);
#1122=IFCFACE((#1121));
#1123=IFCPOLYLOOP((#934,#947,#946));
#1124=IFCFACEOUTERBOUND(#1123,.T.);
#1125=IFCFACE((#1124));
#1126=IFCPOLYLOOP((#946,#947,#899));
#1127=IFCFACEOUTERBOUND(#1126,.T.);
#1128=IFCFACE((#1127));
#1129=IFCPOLYLOOP((#910,#909,#949,#950));
#1130=IFCFACEOUTERBOUND(#1129,.T.);
#1131=IFCFACE((#1130));
#1132=IFCPOLYLOOP((#923,#970,#924));
#1133=IFCFACEOUTERBOUND(#1132,.T.);
#1134=IFCFACE((#1133));
#1135=IFCPOLYLOOP((#950,#951,#911,#910));
#1136=IFCFACEOUTERBOUND(#1135,.T.);
#1137=IFCFACE((#1136));
#1138=IFCPOLYLOOP((#942,#949,#909,#908));
#1139=IFCFACEOUTERBOUND(#1138,.T.);
#1140=IFCFACE((#1139));
#1141=IFCPOLYLOOP((#914,#969,#915));
#1142=IFCFACEOUTERBOUND(#1141,.T.);
#1143=IFCFACE((#1142));
#1144=IFCPOLYLOOP((#913,#912,#952,#953));
#1145=IFCFACEOUTERBOUND(#1144,.T.);
#1146=IFCFACE((#1145));
#1147=IFCPOLYLOOP((#914,#913,#953,#954));
#1148=IFCFACEOUTERBOUND(#1147,.T.);
#1149=IFCFACE((#1148));
#1150=IFCPOLYLOOP((#951,#952,#912,#911));
#1151=IFCFACEOUTERBOUND(#1150,.T.);
#1152=IFCFACE((#1151));
#1153=IFCPOLYLOOP((#916,#915,#969));
#1154=IFCFACEOUTERBOUND(#1153,.T.);
#1155=IFCFACE((#1154));
#1156=IFCPOLYLOOP((#924,#965,#943,#891));
#1157=IFCFACEOUTERBOUND(#1156,.T.);
#1158=IFCFACE((#1157));
#1159=IFCPOLYLOOP((#965,#964,#925));
#1160=IFCFACEOUTERBOUND(#1159,.T.);
#1161=IFCFACE((#1160));
#1162=IFCPOLYLOOP((#963,#970,#962));
#1163=IFCFACEOUTERBOUND(#1162,.T.);
#1164=IFCFACE((#1163));
#1165=IFCPOLYLOOP((#966,#961,#962));
#1166=IFCFACEOUTERBOUND(#1165,.T.);
#1167=IFCFACE((#1166));
#1168=IFCPOLYLOOP((#966,#967,#960));
#1169=IFCFACEOUTERBOUND(#1168,.T.);
#1170=IFCFACE((#1169));
#1171=IFCPOLYLOOP((#967,#968,#958));
#1172=IFCFACEOUTERBOUND(#1171,.T.);
#1173=IFCFACE((#1172));
#1174=IFCPOLYLOOP((#954,#969,#914));
#1175=IFCFACEOUTERBOUND(#1174,.T.);
#1176=IFCFACE((#1175));
#1177=IFCPOLYLOOP((#969,#955,#956));
#1178=IFCFACEOUTERBOUND(#1177,.T.);
#1179=IFCFACE((#1178));
#1180=IFCPOLYLOOP((#918,#968,#919));
#1181=IFCFACEOUTERBOUND(#1180,.T.);
#1182=IFCFACE((#1181));
#1183=IFCPOLYLOOP((#920,#967,#921));
#1184=IFCFACEOUTERBOUND(#1183,.T.);
#1185=IFCFACE((#1184));
#1186=IFCPOLYLOOP((#954,#955,#969));
#1187=IFCFACEOUTERBOUND(#1186,.T.);
#1188=IFCFACE((#1187));
#1189=IFCPOLYLOOP((#917,#969,#968));
#1190=IFCFACEOUTERBOUND(#1189,.T.);
#1191=IFCFACE((#1190));
#1192=IFCPOLYLOOP((#968,#967,#919));
#1193=IFCFACEOUTERBOUND(#1192,.T.);
#1194=IFCFACE((#1193));
#1195=IFCPOLYLOOP((#968,#918,#917));
#1196=IFCFACEOUTERBOUND(#1195,.T.);
#1197=IFCFACE((#1196));
#1198=IFCPOLYLOOP((#967,#920,#919));
#1199=IFCFACEOUTERBOUND(#1198,.T.);
#1200=IFCFACE((#1199));
#1201=IFCPOLYLOOP((#970,#963,#964));
#1202=IFCFACEOUTERBOUND(#1201,.T.);
#1203=IFCFACE((#1202));
#1204=IFCPOLYLOOP((#970,#922,#966));
#1205=IFCFACEOUTERBOUND(#1204,.T.);
#1206=IFCFACE((#1205));
#1207=IFCPOLYLOOP((#970,#965,#924));
#1208=IFCFACEOUTERBOUND(#1207,.T.);
#1209=IFCFACE((#1208));
#1210=IFCPOLYLOOP((#921,#967,#966));
#1211=IFCFACEOUTERBOUND(#1210,.T.);
#1212=IFCFACE((#1211));
#1213=IFCPOLYLOOP((#917,#916,#969));
#1214=IFCFACEOUTERBOUND(#1213,.T.);
#1215=IFCFACE((#1214));
#1216=IFCPOLYLOOP((#968,#957,#958));
#1217=IFCFACEOUTERBOUND(#1216,.T.);
#1218=IFCFACE((#1217));
#1219=IFCPOLYLOOP((#958,#959,#967));
#1220=IFCFACEOUTERBOUND(#1219,.T.);
#1221=IFCFACE((#1220));
#1222=IFCPOLYLOOP((#968,#956,#957));
#1223=IFCFACEOUTERBOUND(#1222,.T.);
#1224=IFCFACE((#1223));
#1225=IFCPOLYLOOP((#964,#965,#970));
#1226=IFCFACEOUTERBOUND(#1225,.T.);
#1227=IFCFACE((#1226));
#1228=IFCPOLYLOOP((#966,#922,#921));
#1229=IFCFACEOUTERBOUND(#1228,.T.);
#1230=IFCFACE((#1229));
#1231=IFCPOLYLOOP((#966,#962,#970));
#1232=IFCFACEOUTERBOUND(#1231,.T.);
#1233=IFCFACE((#1232));
#1234=IFCPOLYLOOP((#961,#966,#960));
#1235=IFCFACEOUTERBOUND(#1234,.T.);
#1236=IFCFACE((#1235));
#1237=IFCPOLYLOOP((#960,#967,#959));
#1238=IFCFACEOUTERBOUND(#1237,.T.);
#1239=IFCFACE((#1238));
#1240=IFCPOLYLOOP((#923,#922,#970));
#1241=IFCFACEOUTERBOUND(#1240,.T.);
#1242=IFCFACE((#1241));
#1243=IFCPOLYLOOP((#956,#968,#969));
#1244=IFCFACEOUTERBOUND(#1243,.T.);
#1245=IFCFACE((#1244));
#1246=IFCPOLYLOOP((#978,#979,#980,#981,#982,#983,#984,#985,#986,#987,#988,#989,#990,#991,#992,#993,#994,#995,#996,#997,#998,#999,#1000,#1001,#1002,#1003,#1004,#971,#972,#973,#974,#975,#976,#977));
#1247=IFCFACEOUTERBOUND(#1246,.T.);
#1248=IFCFACE((#1247));
#1249=IFCPOLYLOOP((#1006,#927,#926));
#1250=IFCFACEOUTERBOUND(#1249,.T.);
#1251=IFCFACE((#1250));
#1252=IFCPOLYLOOP((#1006,#928,#927));
#1253=IFCFACEOUTERBOUND(#1252,.T.);
#1254=IFCFACE((#1253));
#1255=IFCPOLYLOOP((#1006,#1005,#1004));
#1256=IFCFACEOUTERBOUND(#1255,.T.);
#1257=IFCFACE((#1256));
#1258=IFCPOLYLOOP((#1001,#930,#1006));
#1259=IFCFACEOUTERBOUND(#1258,.T.);
#1260=IFCFACE((#1259));
#1261=IFCPOLYLOOP((#999,#998,#932,#931));
#1262=IFCFACEOUTERBOUND(#1261,.T.);
#1263=IFCFACE((#1262));
#1264=IFCPOLYLOOP((#930,#1000,#999,#931));
#1265=IFCFACEOUTERBOUND(#1264,.T.);
#1266=IFCFACE((#1265));
#1267=IFCPOLYLOOP((#929,#1006,#930));
#1268=IFCFACEOUTERBOUND(#1267,.T.);
#1269=IFCFACE((#1268));
#1270=IFCPOLYLOOP((#933,#932,#998,#997));
#1271=IFCFACEOUTERBOUND(#1270,.T.);
#1272=IFCFACE((#1271));
#1273=IFCPOLYLOOP((#1004,#1005,#1007,#971));
#1274=IFCFACEOUTERBOUND(#1273,.T.);
#1275=IFCFACE((#1274));
#1276=IFCPOLYLOOP((#926,#925,#1005));
#1277=IFCFACEOUTERBOUND(#1276,.T.);
#1278=IFCFACE((#1277));
#1279=IFCPOLYLOOP((#1003,#1002,#1006));
#1280=IFCFACEOUTERBOUND(#1279,.T.);
#1281=IFCFACE((#1280));
#1282=IFCPOLYLOOP((#1006,#1004,#1003));
#1283=IFCFACEOUTERBOUND(#1282,.T.);
#1284=IFCFACE((#1283));
#1285=IFCPOLYLOOP((#1000,#930,#1001));
#1286=IFCFACEOUTERBOUND(#1285,.T.);
#1287=IFCFACE((#1286));
#1288=IFCPOLYLOOP((#1006,#1002,#1001));
#1289=IFCFACEOUTERBOUND(#1288,.T.);
#1290=IFCFACE((#1289));
#1291=IFCPOLYLOOP((#997,#996,#934,#933));
#1292=IFCFACEOUTERBOUND(#1291,.T.);
#1293=IFCFACE((#1292));
#1294=IFCPOLYLOOP((#996,#995,#935,#934));
#1295=IFCFACEOUTERBOUND(#1294,.T.);
#1296=IFCFACE((#1295));
#1297=IFCPOLYLOOP((#994,#993,#937,#936));
#1298=IFCFACEOUTERBOUND(#1297,.T.);
#1299=IFCFACE((#1298));
#1300=IFCPOLYLOOP((#995,#994,#936,#935));
#1301=IFCFACEOUTERBOUND(#1300,.T.);
#1302=IFCFACE((#1301));
#1303=IFCPOLYLOOP((#992,#991,#939,#938));
#1304=IFCFACEOUTERBOUND(#1303,.T.);
#1305=IFCFACE((#1304));
#1306=IFCPOLYLOOP((#928,#1006,#929));
#1307=IFCFACEOUTERBOUND(#1306,.T.);
#1308=IFCFACE((#1307));
#1309=IFCPOLYLOOP((#1005,#1006,#926));
#1310=IFCFACEOUTERBOUND(#1309,.T.);
#1311=IFCFACE((#1310));
#1312=IFCPOLYLOOP((#989,#988,#942,#941));
#1313=IFCFACEOUTERBOUND(#1312,.T.);
#1314=IFCFACE((#1313));
#1315=IFCPOLYLOOP((#990,#989,#941,#940));
#1316=IFCFACEOUTERBOUND(#1315,.T.);
#1317=IFCFACE((#1316));
#1318=IFCPOLYLOOP((#991,#990,#940,#939));
#1319=IFCFACEOUTERBOUND(#1318,.T.);
#1320=IFCFACE((#1319));
#1321=IFCPOLYLOOP((#993,#992,#938,#937));
#1322=IFCFACEOUTERBOUND(#1321,.T.);
#1323=IFCFACE((#1322));
#1324=IFCPOLYLOOP((#985,#951,#950,#986));
#1325=IFCFACEOUTERBOUND(#1324,.T.);
#1326=IFCFACE((#1325));
#1327=IFCPOLYLOOP((#964,#1007,#1005,#925));
#1328=IFCFACEOUTERBOUND(#1327,.T.);
#1329=IFCFACE((#1328));
#1330=IFCPOLYLOOP((#972,#971,#1007));
#1331=IFCFACEOUTERBOUND(#1330,.T.);
#1332=IFCFACE((#1331));
#1333=IFCPOLYLOOP((#987,#949,#942,#988));
#1334=IFCFACEOUTERBOUND(#1333,.T.);
#1335=IFCFACE((#1334));
#1336=IFCPOLYLOOP((#949,#987,#986,#950));
#1337=IFCFACEOUTERBOUND(#1336,.T.);
#1338=IFCFACE((#1337));
#1339=IFCPOLYLOOP((#964,#963,#1008));
#1340=IFCFACEOUTERBOUND(#1339,.T.);
#1341=IFCFACE((#1340));
#1342=IFCPOLYLOOP((#980,#956,#955,#981));
#1343=IFCFACEOUTERBOUND(#1342,.T.);
#1344=IFCFACE((#1343));
#1345=IFCPOLYLOOP((#982,#954,#953,#983));
#1346=IFCFACEOUTERBOUND(#1345,.T.);
#1347=IFCFACE((#1346));
#1348=IFCPOLYLOOP((#983,#953,#952,#984));
#1349=IFCFACEOUTERBOUND(#1348,.T.);
#1350=IFCFACE((#1349));
#1351=IFCPOLYLOOP((#954,#982,#981,#955));
#1352=IFCFACEOUTERBOUND(#1351,.T.);
#1353=IFCFACE((#1352));
#1354=IFCPOLYLOOP((#984,#952,#951,#985));
#1355=IFCFACEOUTERBOUND(#1354,.T.);
#1356=IFCFACE((#1355));
#1357=IFCPOLYLOOP((#980,#979,#957,#956));
#1358=IFCFACEOUTERBOUND(#1357,.T.);
#1359=IFCFACE((#1358));
#1360=IFCPOLYLOOP((#959,#958,#978,#977));
#1361=IFCFACEOUTERBOUND(#1360,.T.);
#1362=IFCFACE((#1361));
#1363=IFCPOLYLOOP((#957,#979,#978,#958));
#1364=IFCFACEOUTERBOUND(#1363,.T.);
#1365=IFCFACE((#1364));
#1366=IFCPOLYLOOP((#959,#977,#976,#960));
#1367=IFCFACEOUTERBOUND(#1366,.T.);
#1368=IFCFACE((#1367));
#1369=IFCPOLYLOOP((#1007,#964,#1008));
#1370=IFCFACEOUTERBOUND(#1369,.T.);
#1371=IFCFACE((#1370));
#1372=IFCPOLYLOOP((#974,#973,#1008));
#1373=IFCFACEOUTERBOUND(#1372,.T.);
#1374=IFCFACE((#1373));
#1375=IFCPOLYLOOP((#961,#1008,#962));
#1376=IFCFACEOUTERBOUND(#1375,.T.);
#1377=IFCFACE((#1376));
#1378=IFCPOLYLOOP((#961,#960,#1008));
#1379=IFCFACEOUTERBOUND(#1378,.T.);
#1380=IFCFACE((#1379));
#1381=IFCPOLYLOOP((#1008,#973,#972));
#1382=IFCFACEOUTERBOUND(#1381,.T.);
#1383=IFCFACE((#1382));
#1384=IFCPOLYLOOP((#976,#975,#960));
#1385=IFCFACEOUTERBOUND(#1384,.T.);
#1386=IFCFACE((#1385));
#1387=IFCPOLYLOOP((#960,#975,#1008));
#1388=IFCFACEOUTERBOUND(#1387,.T.);
#1389=IFCFACE((#1388));
#1390=IFCPOLYLOOP((#1008,#963,#962));
#1391=IFCFACEOUTERBOUND(#1390,.T.);
#1392=IFCFACE((#1391));
#1393=IFCPOLYLOOP((#975,#974,#1008));
#1394=IFCFACEOUTERBOUND(#1393,.T.);
#1395=IFCFACE((#1394));
#1396=IFCPOLYLOOP((#972,#1007,#1008));
#1397=IFCFACEOUTERBOUND(#1396,.T.);
#1398=IFCFACE((#1397));
#1399=IFCCARTESIANPOINT((0.080000000000001723,0.14048960387765294,1.002093089662341));
#1400=IFCCARTESIANPOINT((0.083882285676539547,0.14048960387765294,1.0015819770566772));
#1401=IFCCARTESIANPOINT((0.087500000000001729,0.14048960387765294,1.0000834707191077));
#1402=IFCCARTESIANPOINT((0.090606601717799953,0.14048960387765294,0.99769969138013936));
#1403=IFCCARTESIANPOINT((0.092990381056768337,0.14048960387765294,0.99459308966234117));
#1404=IFCCARTESIANPOINT((0.094488887394337792,0.14048960387765294,0.99097537533887903));
#1405=IFCCARTESIANPOINT((0.095000000000001791,0.14048960387765294,0.98709308966234133));
#1406=IFCCARTESIANPOINT((0.094488887394337834,0.14048960387765294,0.98321080398580341));
#1407=IFCCARTESIANPOINT((0.092990381056768406,0.14048960387765294,0.97959308966234127));
#1408=IFCCARTESIANPOINT((0.09060660171780005,0.14048960387765294,0.97648648794454307));
#1409=IFCCARTESIANPOINT((0.087500000000001868,0.14048960387765294,0.97410270860557469));
#1410=IFCCARTESIANPOINT((0.083882285676539686,0.14048960387765294,0.97260420226800515));
#1411=IFCCARTESIANPOINT((0.080000000000001778,0.14048960387765294,0.9720930896623412));
#1412=IFCCARTESIANPOINT((0.076117714323463967,0.14048960387765294,0.97260420226800515));
#1413=IFCCARTESIANPOINT((0.072500000000001785,0.14048960387765294,0.97410270860557446));
#1414=IFCCARTESIANPOINT((0.069393398282203575,0.14048960387765294,0.97648648794454296));
#1415=IFCCARTESIANPOINT((0.067009618943235205,0.14048960387765294,0.97959308966234104));
#1416=IFCCARTESIANPOINT((0.06551111260566575,0.14048960387765294,0.98321080398580329));
#1417=IFCCARTESIANPOINT((0.065000000000001765,0.14048960387765294,0.98709308966234111));
#1418=IFCCARTESIANPOINT((0.065511112605665736,0.14048960387765294,0.99097537533887892));
#1419=IFCCARTESIANPOINT((0.067009618943235177,0.14048960387765294,0.99459308966234106));
#1420=IFCCARTESIANPOINT((0.069393398282203533,0.14048960387765294,0.99769969138013936));
#1421=IFCCARTESIANPOINT((0.072500000000001744,0.14048960387765294,1.0000834707191077));
#1422=IFCCARTESIANPOINT((0.076117714323463925,0.14048960387765294,1.0015819770566772));
#1423=IFCCARTESIANPOINT((0.080000000000001792,0.14048960387765294,0.99209308966234122));
#1424=IFCCARTESIANPOINT((0.078705904774489202,0.14048960387765294,0.99192271879378657));
#1425=IFCCARTESIANPOINT((0.07750000000000179,0.14048960387765294,0.99142321668126343));
#1426=IFCCARTESIANPOINT((0.076464466094069039,0.14048960387765294,0.99062862356827386));
#1427=IFCCARTESIANPOINT((0.075669872981079592,0.14048960387765294,0.98959308966234116));
#1428=IFCCARTESIANPOINT((0.075170370868556435,0.14048960387765294,0.98838718488785371));
#1429=IFCCARTESIANPOINT((0.07500000000000176,0.14048960387765294,0.98709308966234111));
#1430=IFCCARTESIANPOINT((0.075170370868556421,0.14048960387765294,0.98579899443682861));
#1431=IFCCARTESIANPOINT((0.075669872981079564,0.14048960387765294,0.98459308966234116));
#1432=IFCCARTESIANPOINT((0.076464466094069011,0.14048960387765294,0.98355755575640846));
#1433=IFCCARTESIANPOINT((0.077500000000001734,0.14048960387765294,0.98276296264341889));
#1434=IFCCARTESIANPOINT((0.078705904774489133,0.14048960387765294,0.98226346053089586));
#1435=IFCCARTESIANPOINT((0.080000000000001778,0.14048960387765294,0.9820930896623411));
#1436=IFCCARTESIANPOINT((0.081294095225514396,0.14048960387765294,0.98226346053089575));
#1437=IFCCARTESIANPOINT((0.08250000000000178,0.14048960387765294,0.98276296264341889));
#1438=IFCCARTESIANPOINT((0.083535533905934517,0.14048960387765294,0.98355755575640846));
#1439=IFCCARTESIANPOINT((0.084330127018923964,0.14048960387765294,0.98459308966234116));
#1440=IFCCARTESIANPOINT((0.084829629131447135,0.14048960387765294,0.98579899443682861));
#1441=IFCCARTESIANPOINT((0.085000000000001796,0.14048960387765294,0.98709308966234111));
#1442=IFCCARTESIANPOINT((0.084829629131447135,0.14048960387765294,0.98838718488785371));
#1443=IFCCARTESIANPOINT((0.084330127018923992,0.14048960387765294,0.98959308966234116));
#1444=IFCCARTESIANPOINT((0.083535533905934531,0.14048960387765294,0.99062862356827386));
#1445=IFCCARTESIANPOINT((0.08250000000000178,0.14048960387765294,0.99142321668126343));
#1446=IFCCARTESIANPOINT((0.081294095225514396,0.14048960387765294,0.99192271879378657));
#1447=IFCCARTESIANPOINT((0.08000000000000175,0.046486893534440972,1.002093089662341));
#1448=IFCCARTESIANPOINT((0.076117714323463925,0.046486893534440972,1.0015819770566772));
#1449=IFCCARTESIANPOINT((0.072500000000001744,0.046486893534440972,1.0000834707191077));
#1450=IFCCARTESIANPOINT((0.069393398282203533,0.046486893534440972,0.99769969138013936));
#1451=IFCCARTESIANPOINT((0.067009618943235177,0.046486893534440972,0.99459308966234106));
#1452=IFCCARTESIANPOINT((0.065511112605665736,0.046486893534440972,0.99097537533887892));
#1453=IFCCARTESIANPOINT((0.065000000000001765,0.046486893534440972,0.98709308966234111));
#1454=IFCCARTESIANPOINT((0.06551111260566575,0.046486893534440972,0.98321080398580329));
#1455=IFCCARTESIANPOINT((0.067009618943235205,0.046486893534440972,0.97959308966234104));
#1456=IFCCARTESIANPOINT((0.069393398282203575,0.046486893534440972,0.97648648794454296));
#1457=IFCCARTESIANPOINT((0.072500000000001785,0.046486893534440972,0.97410270860557446));
#1458=IFCCARTESIANPOINT((0.076117714323463967,0.046486893534440972,0.97260420226800515));
#1459=IFCCARTESIANPOINT((0.080000000000001861,0.046486893534440972,0.9720930896623412));
#1460=IFCCARTESIANPOINT((0.083882285676539686,0.046486893534440972,0.97260420226800515));
#1461=IFCCARTESIANPOINT((0.087500000000001868,0.046486893534440972,0.97410270860557469));
#1462=IFCCARTESIANPOINT((0.09060660171780005,0.046486893534440972,0.97648648794454307));
#1463=IFCCARTESIANPOINT((0.092990381056768406,0.046486893534440972,0.97959308966234127));
#1464=IFCCARTESIANPOINT((0.094488887394337834,0.046486893534440972,0.98321080398580341));
#1465=IFCCARTESIANPOINT((0.095000000000001791,0.046486893534440972,0.98709308966234133));
#1466=IFCCARTESIANPOINT((0.094488887394337792,0.046486893534440972,0.99097537533887903));
#1467=IFCCARTESIANPOINT((0.092990381056768337,0.046486893534440972,0.99459308966234117));
#1468=IFCCARTESIANPOINT((0.090606601717799953,0.046486893534440972,0.99769969138013936));
#1469=IFCCARTESIANPOINT((0.087500000000001729,0.046486893534440972,1.0000834707191077));
#1470=IFCCARTESIANPOINT((0.083882285676539547,0.046486893534440972,1.0015819770566772));
#1471=IFCCARTESIANPOINT((0.080000000000001792,0.046486893534440972,0.99209308966234122));
#1472=IFCCARTESIANPOINT((0.081294095225514396,0.046486893534440972,0.99192271879378657));
#1473=IFCCARTESIANPOINT((0.08250000000000178,0.046486893534440972,0.99142321668126343));
#1474=IFCCARTESIANPOINT((0.083535533905934531,0.046486893534440972,0.99062862356827386));
#1475=IFCCARTESIANPOINT((0.084330127018923992,0.046486893534440972,0.98959308966234116));
#1476=IFCCARTESIANPOINT((0.084829629131447135,0.046486893534440972,0.98838718488785371));
#1477=IFCCARTESIANPOINT((0.085000000000001796,0.046486893534440972,0.98709308966234111));
#1478=IFCCARTESIANPOINT((0.084829629131447135,0.046486893534440972,0.98579899443682861));
#1479=IFCCARTESIANPOINT((0.084330127018923964,0.046486893534440972,0.98459308966234116));
#1480=IFCCARTESIANPOINT((0.083535533905934517,0.046486893534440972,0.98355755575640846));
#1481=IFCCARTESIANPOINT((0.08250000000000178,0.046486893534440972,0.98276296264341889));
#1482=IFCCARTESIANPOINT((0.081294095225514396,0.046486893534440972,0.98226346053089575));
#1483=IFCCARTESIANPOINT((0.08000000000000175,0.046486893534440972,0.9820930896623411));
#1484=IFCCARTESIANPOINT((0.078705904774489133,0.046486893534440972,0.98226346053089586));
#1485=IFCCARTESIANPOINT((0.077500000000001734,0.046486893534440972,0.98276296264341889));
#1486=IFCCARTESIANPOINT((0.076464466094069011,0.046486893534440972,0.98355755575640846));
#1487=IFCCARTESIANPOINT((0.075669872981079564,0.046486893534440972,0.98459308966234116));
#1488=IFCCARTESIANPOINT((0.075170370868556421,0.046486893534440972,0.98579899443682861));
#1489=IFCCARTESIANPOINT((0.07500000000000176,0.046486893534440972,0.98709308966234111));
#1490=IFCCARTESIANPOINT((0.075170370868556435,0.046486893534440972,0.98838718488785371));
#1491=IFCCARTESIANPOINT((0.075669872981079592,0.046486893534440972,0.98959308966234116));
#1492=IFCCARTESIANPOINT((0.076464466094069039,0.046486893534440972,0.99062862356827386));
#1493=IFCCARTESIANPOINT((0.07750000000000179,0.046486893534440972,0.99142321668126343));
#1494=IFCCARTESIANPOINT((0.078705904774489202,0.046486893534440972,0.99192271879378657));
#1495=IFCPOLYLOOP((#1439,#1440,#1407));
#1496=IFCFACEOUTERBOUND(#1495,.T.);
#1497=IFCFACE((#1496));
#1498=IFCPOLYLOOP((#1408,#1439,#1407));
#1499=IFCFACEOUTERBOUND(#1498,.T.);
#1500=IFCFACE((#1499));
#1501=IFCPOLYLOOP((#1439,#1408,#1438));
#1502=IFCFACEOUTERBOUND(#1501,.T.);
#1503=IFCFACE((#1502));
#1504=IFCPOLYLOOP((#1440,#1406,#1407));
#1505=IFCFACEOUTERBOUND(#1504,.T.);
#1506=IFCFACE((#1505));
#1507=IFCPOLYLOOP((#1406,#1440,#1441));
#1508=IFCFACEOUTERBOUND(#1507,.T.);
#1509=IFCFACE((#1508));
#1510=IFCPOLYLOOP((#1406,#1441,#1405));
#1511=IFCFACEOUTERBOUND(#1510,.T.);
#1512=IFCFACE((#1511));
#1513=IFCPOLYLOOP((#1442,#1405,#1441));
#1514=IFCFACEOUTERBOUND(#1513,.T.);
#1515=IFCFACE((#1514));
#1516=IFCPOLYLOOP((#1405,#1442,#1404));
#1517=IFCFACEOUTERBOUND(#1516,.T.);
#1518=IFCFACE((#1517));
#1519=IFCPOLYLOOP((#1442,#1443,#1404));
#1520=IFCFACEOUTERBOUND(#1519,.T.);
#1521=IFCFACE((#1520));
#1522=IFCPOLYLOOP((#1403,#1404,#1443));
#1523=IFCFACEOUTERBOUND(#1522,.T.);
#1524=IFCFACE((#1523));
#1525=IFCPOLYLOOP((#1444,#1403,#1443));
#1526=IFCFACEOUTERBOUND(#1525,.T.);
#1527=IFCFACE((#1526));
#1528=IFCPOLYLOOP((#1403,#1444,#1402));
#1529=IFCFACEOUTERBOUND(#1528,.T.);
#1530=IFCFACE((#1529));
#1531=IFCPOLYLOOP((#1445,#1402,#1444));
#1532=IFCFACEOUTERBOUND(#1531,.T.);
#1533=IFCFACE((#1532));
#1534=IFCPOLYLOOP((#1401,#1402,#1445));
#1535=IFCFACEOUTERBOUND(#1534,.T.);
#1536=IFCFACE((#1535));
#1537=IFCPOLYLOOP((#1446,#1401,#1445));
#1538=IFCFACEOUTERBOUND(#1537,.T.);
#1539=IFCFACE((#1538));
#1540=IFCPOLYLOOP((#1400,#1401,#1446));
#1541=IFCFACEOUTERBOUND(#1540,.T.);
#1542=IFCFACE((#1541));
#1543=IFCPOLYLOOP((#1400,#1446,#1423));
#1544=IFCFACEOUTERBOUND(#1543,.T.);
#1545=IFCFACE((#1544));
#1546=IFCPOLYLOOP((#1400,#1423,#1399));
#1547=IFCFACEOUTERBOUND(#1546,.T.);
#1548=IFCFACE((#1547));
#1549=IFCPOLYLOOP((#1399,#1423,#1424));
#1550=IFCFACEOUTERBOUND(#1549,.T.);
#1551=IFCFACE((#1550));
#1552=IFCPOLYLOOP((#1399,#1424,#1422));
#1553=IFCFACEOUTERBOUND(#1552,.T.);
#1554=IFCFACE((#1553));
#1555=IFCPOLYLOOP((#1422,#1424,#1425));
#1556=IFCFACEOUTERBOUND(#1555,.T.);
#1557=IFCFACE((#1556));
#1558=IFCPOLYLOOP((#1422,#1425,#1421));
#1559=IFCFACEOUTERBOUND(#1558,.T.);
#1560=IFCFACE((#1559));
#1561=IFCPOLYLOOP((#1420,#1421,#1425));
#1562=IFCFACEOUTERBOUND(#1561,.T.);
#1563=IFCFACE((#1562));
#1564=IFCPOLYLOOP((#1420,#1425,#1426));
#1565=IFCFACEOUTERBOUND(#1564,.T.);
#1566=IFCFACE((#1565));
#1567=IFCPOLYLOOP((#1426,#1419,#1420));
#1568=IFCFACEOUTERBOUND(#1567,.T.);
#1569=IFCFACE((#1568));
#1570=IFCPOLYLOOP((#1426,#1427,#1419));
#1571=IFCFACEOUTERBOUND(#1570,.T.);
#1572=IFCFACE((#1571));
#1573=IFCPOLYLOOP((#1418,#1419,#1427));
#1574=IFCFACEOUTERBOUND(#1573,.T.);
#1575=IFCFACE((#1574));
#1576=IFCPOLYLOOP((#1428,#1418,#1427));
#1577=IFCFACEOUTERBOUND(#1576,.T.);
#1578=IFCFACE((#1577));
#1579=IFCPOLYLOOP((#1428,#1417,#1418));
#1580=IFCFACEOUTERBOUND(#1579,.T.);
#1581=IFCFACE((#1580));
#1582=IFCPOLYLOOP((#1417,#1428,#1429));
#1583=IFCFACEOUTERBOUND(#1582,.T.);
#1584=IFCFACE((#1583));
#1585=IFCPOLYLOOP((#1429,#1416,#1417));
#1586=IFCFACEOUTERBOUND(#1585,.T.);
#1587=IFCFACE((#1586));
#1588=IFCPOLYLOOP((#1430,#1416,#1429));
#1589=IFCFACEOUTERBOUND(#1588,.T.);
#1590=IFCFACE((#1589));
#1591=IFCPOLYLOOP((#1416,#1430,#1415));
#1592=IFCFACEOUTERBOUND(#1591,.T.);
#1593=IFCFACE((#1592));
#1594=IFCPOLYLOOP((#1431,#1415,#1430));
#1595=IFCFACEOUTERBOUND(#1594,.T.);
#1596=IFCFACE((#1595));
#1597=IFCPOLYLOOP((#1414,#1415,#1431));
#1598=IFCFACEOUTERBOUND(#1597,.T.);
#1599=IFCFACE((#1598));
#1600=IFCPOLYLOOP((#1414,#1431,#1432));
#1601=IFCFACEOUTERBOUND(#1600,.T.);
#1602=IFCFACE((#1601));
#1603=IFCPOLYLOOP((#1414,#1432,#1413));
#1604=IFCFACEOUTERBOUND(#1603,.T.);
#1605=IFCFACE((#1604));
#1606=IFCPOLYLOOP((#1413,#1432,#1433));
#1607=IFCFACEOUTERBOUND(#1606,.T.);
#1608=IFCFACE((#1607));
#1609=IFCPOLYLOOP((#1413,#1433,#1412));
#1610=IFCFACEOUTERBOUND(#1609,.T.);
#1611=IFCFACE((#1610));
#1612=IFCPOLYLOOP((#1434,#1412,#1433));
#1613=IFCFACEOUTERBOUND(#1612,.T.);
#1614=IFCFACE((#1613));
#1615=IFCPOLYLOOP((#1411,#1412,#1434));
#1616=IFCFACEOUTERBOUND(#1615,.T.);
#1617=IFCFACE((#1616));
#1618=IFCPOLYLOOP((#1434,#1435,#1411));
#1619=IFCFACEOUTERBOUND(#1618,.T.);
#1620=IFCFACE((#1619));
#1621=IFCPOLYLOOP((#1435,#1410,#1411));
#1622=IFCFACEOUTERBOUND(#1621,.T.);
#1623=IFCFACE((#1622));
#1624=IFCPOLYLOOP((#1410,#1435,#1436));
#1625=IFCFACEOUTERBOUND(#1624,.T.);
#1626=IFCFACE((#1625));
#1627=IFCPOLYLOOP((#1410,#1436,#1409));
#1628=IFCFACEOUTERBOUND(#1627,.T.);
#1629=IFCFACE((#1628));
#1630=IFCPOLYLOOP((#1436,#1437,#1409));
#1631=IFCFACEOUTERBOUND(#1630,.T.);
#1632=IFCFACE((#1631));
#1633=IFCPOLYLOOP((#1438,#1409,#1437));
#1634=IFCFACEOUTERBOUND(#1633,.T.);
#1635=IFCFACE((#1634));
#1636=IFCPOLYLOOP((#1408,#1409,#1438));
#1637=IFCFACEOUTERBOUND(#1636,.T.);
#1638=IFCFACE((#1637));
#1639=IFCPOLYLOOP((#1487,#1488,#1455));
#1640=IFCFACEOUTERBOUND(#1639,.T.);
#1641=IFCFACE((#1640));
#1642=IFCPOLYLOOP((#1456,#1487,#1455));
#1643=IFCFACEOUTERBOUND(#1642,.T.);
#1644=IFCFACE((#1643));
#1645=IFCPOLYLOOP((#1487,#1456,#1486));
#1646=IFCFACEOUTERBOUND(#1645,.T.);
#1647=IFCFACE((#1646));
#1648=IFCPOLYLOOP((#1488,#1454,#1455));
#1649=IFCFACEOUTERBOUND(#1648,.T.);
#1650=IFCFACE((#1649));
#1651=IFCPOLYLOOP((#1454,#1488,#1489));
#1652=IFCFACEOUTERBOUND(#1651,.T.);
#1653=IFCFACE((#1652));
#1654=IFCPOLYLOOP((#1454,#1489,#1453));
#1655=IFCFACEOUTERBOUND(#1654,.T.);
#1656=IFCFACE((#1655));
#1657=IFCPOLYLOOP((#1490,#1453,#1489));
#1658=IFCFACEOUTERBOUND(#1657,.T.);
#1659=IFCFACE((#1658));
#1660=IFCPOLYLOOP((#1453,#1490,#1452));
#1661=IFCFACEOUTERBOUND(#1660,.T.);
#1662=IFCFACE((#1661));
#1663=IFCPOLYLOOP((#1490,#1491,#1452));
#1664=IFCFACEOUTERBOUND(#1663,.T.);
#1665=IFCFACE((#1664));
#1666=IFCPOLYLOOP((#1451,#1452,#1491));
#1667=IFCFACEOUTERBOUND(#1666,.T.);
#1668=IFCFACE((#1667));
#1669=IFCPOLYLOOP((#1492,#1451,#1491));
#1670=IFCFACEOUTERBOUND(#1669,.T.);
#1671=IFCFACE((#1670));
#1672=IFCPOLYLOOP((#1451,#1492,#1450));
#1673=IFCFACEOUTERBOUND(#1672,.T.);
#1674=IFCFACE((#1673));
#1675=IFCPOLYLOOP((#1493,#1450,#1492));
#1676=IFCFACEOUTERBOUND(#1675,.T.);
#1677=IFCFACE((#1676));
#1678=IFCPOLYLOOP((#1449,#1450,#1493));
#1679=IFCFACEOUTERBOUND(#1678,.T.);
#1680=IFCFACE((#1679));
#1681=IFCPOLYLOOP((#1494,#1449,#1493));
#1682=IFCFACEOUTERBOUND(#1681,.T.);
#1683=IFCFACE((#1682));
#1684=IFCPOLYLOOP((#1448,#1449,#1494));
#1685=IFCFACEOUTERBOUND(#1684,.T.);
#1686=IFCFACE((#1685));
#1687=IFCPOLYLOOP((#1448,#1494,#1471));
#1688=IFCFACEOUTERBOUND(#1687,.T.);
#1689=IFCFACE((#1688));
#1690=IFCPOLYLOOP((#1448,#1471,#1447));
#1691=IFCFACEOUTERBOUND(#1690,.T.);
#1692=IFCFACE((#1691));
#1693=IFCPOLYLOOP((#1447,#1471,#1472));
#1694=IFCFACEOUTERBOUND(#1693,.T.);
#1695=IFCFACE((#1694));
#1696=IFCPOLYLOOP((#1447,#1472,#1470));
#1697=IFCFACEOUTERBOUND(#1696,.T.);
#1698=IFCFACE((#1697));
#1699=IFCPOLYLOOP((#1470,#1472,#1473));
#1700=IFCFACEOUTERBOUND(#1699,.T.);
#1701=IFCFACE((#1700));
#1702=IFCPOLYLOOP((#1470,#1473,#1469));
#1703=IFCFACEOUTERBOUND(#1702,.T.);
#1704=IFCFACE((#1703));
#1705=IFCPOLYLOOP((#1468,#1469,#1473));
#1706=IFCFACEOUTERBOUND(#1705,.T.);
#1707=IFCFACE((#1706));
#1708=IFCPOLYLOOP((#1468,#1473,#1474));
#1709=IFCFACEOUTERBOUND(#1708,.T.);
#1710=IFCFACE((#1709));
#1711=IFCPOLYLOOP((#1474,#1467,#1468));
#1712=IFCFACEOUTERBOUND(#1711,.T.);
#1713=IFCFACE((#1712));
#1714=IFCPOLYLOOP((#1474,#1475,#1467));
#1715=IFCFACEOUTERBOUND(#1714,.T.);
#1716=IFCFACE((#1715));
#1717=IFCPOLYLOOP((#1466,#1467,#1475));
#1718=IFCFACEOUTERBOUND(#1717,.T.);
#1719=IFCFACE((#1718));
#1720=IFCPOLYLOOP((#1476,#1466,#1475));
#1721=IFCFACEOUTERBOUND(#1720,.T.);
#1722=IFCFACE((#1721));
#1723=IFCPOLYLOOP((#1476,#1465,#1466));
#1724=IFCFACEOUTERBOUND(#1723,.T.);
#1725=IFCFACE((#1724));
#1726=IFCPOLYLOOP((#1465,#1476,#1477));
#1727=IFCFACEOUTERBOUND(#1726,.T.);
#1728=IFCFACE((#1727));
#1729=IFCPOLYLOOP((#1477,#1464,#1465));
#1730=IFCFACEOUTERBOUND(#1729,.T.);
#1731=IFCFACE((#1730));
#1732=IFCPOLYLOOP((#1478,#1464,#1477));
#1733=IFCFACEOUTERBOUND(#1732,.T.);
#1734=IFCFACE((#1733));
#1735=IFCPOLYLOOP((#1464,#1478,#1463));
#1736=IFCFACEOUTERBOUND(#1735,.T.);
#1737=IFCFACE((#1736));
#1738=IFCPOLYLOOP((#1479,#1463,#1478));
#1739=IFCFACEOUTERBOUND(#1738,.T.);
#1740=IFCFACE((#1739));
#1741=IFCPOLYLOOP((#1462,#1463,#1479));
#1742=IFCFACEOUTERBOUND(#1741,.T.);
#1743=IFCFACE((#1742));
#1744=IFCPOLYLOOP((#1462,#1479,#1480));
#1745=IFCFACEOUTERBOUND(#1744,.T.);
#1746=IFCFACE((#1745));
#1747=IFCPOLYLOOP((#1462,#1480,#1461));
#1748=IFCFACEOUTERBOUND(#1747,.T.);
#1749=IFCFACE((#1748));
#1750=IFCPOLYLOOP((#1461,#1480,#1481));
#1751=IFCFACEOUTERBOUND(#1750,.T.);
#1752=IFCFACE((#1751));
#1753=IFCPOLYLOOP((#1461,#1481,#1460));
#1754=IFCFACEOUTERBOUND(#1753,.T.);
#1755=IFCFACE((#1754));
#1756=IFCPOLYLOOP((#1482,#1460,#1481));
#1757=IFCFACEOUTERBOUND(#1756,.T.);
#1758=IFCFACE((#1757));
#1759=IFCPOLYLOOP((#1459,#1460,#1482));
#1760=IFCFACEOUTERBOUND(#1759,.T.);
#1761=IFCFACE((#1760));
#1762=IFCPOLYLOOP((#1482,#1483,#1459));
#1763=IFCFACEOUTERBOUND(#1762,.T.);
#1764=IFCFACE((#1763));
#1765=IFCPOLYLOOP((#1483,#1458,#1459));
#1766=IFCFACEOUTERBOUND(#1765,.T.);
#1767=IFCFACE((#1766));
#1768=IFCPOLYLOOP((#1458,#1483,#1484));
#1769=IFCFACEOUTERBOUND(#1768,.T.);
#1770=IFCFACE((#1769));
#1771=IFCPOLYLOOP((#1458,#1484,#1457));
#1772=IFCFACEOUTERBOUND(#1771,.T.);
#1773=IFCFACE((#1772));
#1774=IFCPOLYLOOP((#1484,#1485,#1457));
#1775=IFCFACEOUTERBOUND(#1774,.T.);
#1776=IFCFACE((#1775));
#1777=IFCPOLYLOOP((#1486,#1457,#1485));
#1778=IFCFACEOUTERBOUND(#1777,.T.);
#1779=IFCFACE((#1778));
#1780=IFCPOLYLOOP((#1456,#1457,#1486));
#1781=IFCFACEOUTERBOUND(#1780,.T.);
#1782=IFCFACE((#1781));
#1783=IFCPOLYLOOP((#1400,#1470,#1469,#1401));
#1784=IFCFACEOUTERBOUND(#1783,.T.);
#1785=IFCFACE((#1784));
#1786=IFCPOLYLOOP((#1468,#1402,#1401,#1469));
#1787=IFCFACEOUTERBOUND(#1786,.T.);
#1788=IFCFACE((#1787));
#1789=IFCPOLYLOOP((#1403,#1467,#1466,#1404));
#1790=IFCFACEOUTERBOUND(#1789,.T.);
#1791=IFCFACE((#1790));
#1792=IFCPOLYLOOP((#1468,#1467,#1403,#1402));
#1793=IFCFACEOUTERBOUND(#1792,.T.);
#1794=IFCFACE((#1793));
#1795=IFCPOLYLOOP((#1404,#1466,#1465,#1405));
#1796=IFCFACEOUTERBOUND(#1795,.T.);
#1797=IFCFACE((#1796));
#1798=IFCPOLYLOOP((#1470,#1400,#1399,#1447));
#1799=IFCFACEOUTERBOUND(#1798,.T.);
#1800=IFCFACE((#1799));
#1801=IFCPOLYLOOP((#1406,#1464,#1463,#1407));
#1802=IFCFACEOUTERBOUND(#1801,.T.);
#1803=IFCFACE((#1802));
#1804=IFCPOLYLOOP((#1462,#1408,#1407,#1463));
#1805=IFCFACEOUTERBOUND(#1804,.T.);
#1806=IFCFACE((#1805));
#1807=IFCPOLYLOOP((#1409,#1461,#1460,#1410));
#1808=IFCFACEOUTERBOUND(#1807,.T.);
#1809=IFCFACE((#1808));
#1810=IFCPOLYLOOP((#1462,#1461,#1409,#1408));
#1811=IFCFACEOUTERBOUND(#1810,.T.);
#1812=IFCFACE((#1811));
#1813=IFCPOLYLOOP((#1410,#1460,#1459,#1411));
#1814=IFCFACEOUTERBOUND(#1813,.T.);
#1815=IFCFACE((#1814));
#1816=IFCPOLYLOOP((#1464,#1406,#1405,#1465));
#1817=IFCFACEOUTERBOUND(#1816,.T.);
#1818=IFCFACE((#1817));
#1819=IFCPOLYLOOP((#1459,#1458,#1412,#1411));
#1820=IFCFACEOUTERBOUND(#1819,.T.);
#1821=IFCFACE((#1820));
#1822=IFCPOLYLOOP((#1415,#1455,#1454,#1416));
#1823=IFCFACEOUTERBOUND(#1822,.T.);
#1824=IFCFACE((#1823));
#1825=IFCPOLYLOOP((#1456,#1455,#1415,#1414));
#1826=IFCFACEOUTERBOUND(#1825,.T.);
#1827=IFCFACE((#1826));
#1828=IFCPOLYLOOP((#1416,#1454,#1453,#1417));
#1829=IFCFACEOUTERBOUND(#1828,.T.);
#1830=IFCFACE((#1829));
#1831=IFCPOLYLOOP((#1412,#1458,#1457,#1413));
#1832=IFCFACEOUTERBOUND(#1831,.T.);
#1833=IFCFACE((#1832));
#1834=IFCPOLYLOOP((#1457,#1456,#1414,#1413));
#1835=IFCFACEOUTERBOUND(#1834,.T.);
#1836=IFCFACE((#1835));
#1837=IFCPOLYLOOP((#1418,#1452,#1451,#1419));
#1838=IFCFACEOUTERBOUND(#1837,.T.);
#1839=IFCFACE((#1838));
#1840=IFCPOLYLOOP((#1450,#1420,#1419,#1451));
#1841=IFCFACEOUTERBOUND(#1840,.T.);
#1842=IFCFACE((#1841));
#1843=IFCPOLYLOOP((#1421,#1449,#1448,#1422));
#1844=IFCFACEOUTERBOUND(#1843,.T.);
#1845=IFCFACE((#1844));
#1846=IFCPOLYLOOP((#1450,#1449,#1421,#1420));
#1847=IFCFACEOUTERBOUND(#1846,.T.);
#1848=IFCFACE((#1847));
#1849=IFCPOLYLOOP((#1422,#1448,#1447,#1399));
#1850=IFCFACEOUTERBOUND(#1849,.T.);
#1851=IFCFACE((#1850));
#1852=IFCPOLYLOOP((#1452,#1418,#1417,#1453));
#1853=IFCFACEOUTERBOUND(#1852,.T.);
#1854=IFCFACE((#1853));
#1855=IFCPOLYLOOP((#1423,#1471,#1494,#1424));
#1856=IFCFACEOUTERBOUND(#1855,.T.);
#1857=IFCFACE((#1856));
#1858=IFCPOLYLOOP((#1424,#1494,#1493,#1425));
#1859=IFCFACEOUTERBOUND(#1858,.T.);
#1860=IFCFACE((#1859));
#1861=IFCPOLYLOOP((#1427,#1426,#1492,#1491));
#1862=IFCFACEOUTERBOUND(#1861,.T.);
#1863=IFCFACE((#1862));
#1864=IFCPOLYLOOP((#1492,#1426,#1425,#1493));
#1865=IFCFACEOUTERBOUND(#1864,.T.);
#1866=IFCFACE((#1865));
#1867=IFCPOLYLOOP((#1428,#1427,#1491,#1490));
#1868=IFCFACEOUTERBOUND(#1867,.T.);
#1869=IFCFACE((#1868));
#1870=IFCPOLYLOOP((#1428,#1490,#1489,#1429));
#1871=IFCFACEOUTERBOUND(#1870,.T.);
#1872=IFCFACE((#1871));
#1873=IFCPOLYLOOP((#1430,#1488,#1487,#1431));
#1874=IFCFACEOUTERBOUND(#1873,.T.);
#1875=IFCFACE((#1874));
#1876=IFCPOLYLOOP((#1431,#1487,#1486,#1432));
#1877=IFCFACEOUTERBOUND(#1876,.T.);
#1878=IFCFACE((#1877));
#1879=IFCPOLYLOOP((#1433,#1485,#1484,#1434));
#1880=IFCFACEOUTERBOUND(#1879,.T.);
#1881=IFCFACE((#1880));
#1882=IFCPOLYLOOP((#1486,#1485,#1433,#1432));
#1883=IFCFACEOUTERBOUND(#1882,.T.);
#1884=IFCFACE((#1883));
#1885=IFCPOLYLOOP((#1435,#1434,#1484,#1483));
#1886=IFCFACEOUTERBOUND(#1885,.T.);
#1887=IFCFACE((#1886));
#1888=IFCPOLYLOOP((#1429,#1489,#1488,#1430));
#1889=IFCFACEOUTERBOUND(#1888,.T.);
#1890=IFCFACE((#1889));
#1891=IFCPOLYLOOP((#1435,#1483,#1482,#1436));
#1892=IFCFACEOUTERBOUND(#1891,.T.);
#1893=IFCFACE((#1892));
#1894=IFCPOLYLOOP((#1436,#1482,#1481,#1437));
#1895=IFCFACEOUTERBOUND(#1894,.T.);
#1896=IFCFACE((#1895));
#1897=IFCPOLYLOOP((#1439,#1438,#1480,#1479));
#1898=IFCFACEOUTERBOUND(#1897,.T.);
#1899=IFCFACE((#1898));
#1900=IFCPOLYLOOP((#1480,#1438,#1437,#1481));
#1901=IFCFACEOUTERBOUND(#1900,.T.);
#1902=IFCFACE((#1901));
#1903=IFCPOLYLOOP((#1440,#1439,#1479,#1478));
#1904=IFCFACEOUTERBOUND(#1903,.T.);
#1905=IFCFACE((#1904));
#1906=IFCPOLYLOOP((#1440,#1478,#1477,#1441));
#1907=IFCFACEOUTERBOUND(#1906,.T.);
#1908=IFCFACE((#1907));
#1909=IFCPOLYLOOP((#1442,#1441,#1477,#1476));
#1910=IFCFACEOUTERBOUND(#1909,.T.);
#1911=IFCFACE((#1910));
#1912=IFCPOLYLOOP((#1442,#1476,#1475,#1443));
#1913=IFCFACEOUTERBOUND(#1912,.T.);
#1914=IFCFACE((#1913));
#1915=IFCPOLYLOOP((#1445,#1444,#1474,#1473));
#1916=IFCFACEOUTERBOUND(#1915,.T.);
#1917=IFCFACE((#1916));
#1918=IFCPOLYLOOP((#1475,#1474,#1444,#1443));
#1919=IFCFACEOUTERBOUND(#1918,.T.);
#1920=IFCFACE((#1919));
#1921=IFCPOLYLOOP((#1446,#1445,#1473,#1472));
#1922=IFCFACEOUTERBOUND(#1921,.T.);
#1923=IFCFACE((#1922));
#1924=IFCPOLYLOOP((#1423,#1446,#1472,#1471));
#1925=IFCFACEOUTERBOUND(#1924,.T.);
#1926=IFCFACE((#1925));
#1927=IFCCLOSEDSHELL((#226,#231,#239,#243,#250,#253,#256,#259,#262,#265));
#1928=IFCFACETEDBREP(#1927);
#1929=IFCCOLOURRGB($,0.74509803921568629,0.50588235294117645,0.30588235294117649);
#1930=IFCSURFACESTYLERENDERING(#1929,0.,$,$,$,$,IFCNORMALISEDRATIOMEASURE(0.5),IFCSPECULAREXPONENT(128.),.NOTDEFINED.);
#1931=IFCSURFACESTYLE('Madera - Casta\X\F1o',.BOTH.,(#1930));
#1932=IFCPRESENTATIONSTYLEASSIGNMENT((#1931));
#1933=IFCSTYLEDITEM(#1928,(#1932),$);
#1934=IFCCLOSEDSHELL((#272,#281,#285,#293,#296,#299,#302,#305,#308,#311));
#1935=IFCFACETEDBREP(#1934);
#1936=IFCSTYLEDITEM(#1935,(#1932),$);
#1937=IFCCLOSEDSHELL((#320,#328,#332,#340,#344,#352,#355,#358,#361,#364,#367,#370,#373,#376));
#1938=IFCFACETEDBREP(#1937);
#1939=IFCSTYLEDITEM(#1938,(#1932),$);
#1940=IFCCLOSEDSHELL((#387,#398,#401,#404,#407,#410,#413,#416,#419,#422));
#1941=IFCFACETEDBREP(#1940);
#1942=IFCSTYLEDITEM(#1941,(#1932),$);
#1943=IFCCLOSEDSHELL((#539,#542,#545,#548,#551,#554,#557,#560,#563,#566,#569,#572,#575,#578,#581,#584,#587,#590,#593,#596,#599,#602,#605,#608,#611,#614,#617,#620,#623,#626,#629,#632,#635,#638,#641,#644,#647,#650,#653,#656,#659,#662,#665,#668,#671,#674,#677,#680,#683,#686,#689,#692,#695,#698,#701,#704,#707,#710,#713,#716,#719,#722,#725,#728,#731,#734,#737,#740,#743,#746,#749,#752,#755,#758,#761,#764,#767,#770,#773,#776,#779,#782,#785,#788,#791,#794,#797,#800,#803,#806,#809,#812,#815,#818,#821,#824,#827,#830,#833,#836,#839,#842,#845,#848,#851,#854,#857,#860,#863,#866,#869,#872,#875,#878,#881,#884,#887,#890));
#1944=IFCFACETEDBREP(#1943);
#1945=IFCSTYLEDITEM(#1944,(#1932),$);
#1946=IFCCLOSEDSHELL((#1011,#1014,#1017,#1020,#1023,#1026,#1029,#1032,#1035,#1038,#1041,#1044,#1047,#1050,#1053,#1056,#1059,#1062,#1065,#1068,#1071,#1074,#1077,#1080,#1083,#1086,#1089,#1092,#1095,#1098,#1101,#1104,#1107,#1110,#1113,#1116,#1119,#1122,#1125,#1128,#1131,#1134,#1137,#1140,#1143,#1146,#1149,#1152,#1155,#1158,#1161,#1164,#1167,#1170,#1173,#1176,#1179,#1182,#1185,#1188,#1191,#1194,#1197,#1200,#1203,#1206,#1209,#1212,#1215,#1218,#1221,#1224,#1227,#1230,#1233,#1236,#1239,#1242,#1245,#1248,#1251,#1254,#1257,#1260,#1263,#1266,#1269,#1272,#1275,#1278,#1281,#1284,#1287,#1290,#1293,#1296,#1299,#1302,#1305,#1308,#1311,#1314,#1317,#1320,#1323,#1326,#1329,#1332,#1335,#1338,#1341,#1344,#1347,#1350,#1353,#1356,#1359,#1362,#1365,#1368,#1371,#1374,#1377,#1380,#1383,#1386,#1389,#1392,#1395,#1398));
#1947=IFCFACETEDBREP(#1946);
#1948=IFCSTYLEDITEM(#1947,(#1932),$);
#1949=IFCCLOSEDSHELL((#1497,#1500,#1503,#1506,#1509,#1512,#1515,#1518,#1521,#1524,#1527,#1530,#1533,#1536,#1539,#1542,#1545,#1548,#1551,#1554,#1557,#1560,#1563,#1566,#1569,#1572,#1575,#1578,#1581,#1584,#1587,#1590,#1593,#1596,#1599,#1602,#1605,#1608,#1611,#1614,#1617,#1620,#1623,#1626,#1629,#1632,#1635,#1638,#1641,#1644,#1647,#1650,#1653,#1656,#1659,#1662,#1665,#1668,#1671,#1674,#1677,#1680,#1683,#1686,#1689,#1692,#1695,#1698,#1701,#1704,#1707,#1710,#1713,#1716,#1719,#1722,#1725,#1728,#1731,#1734,#1737,#1740,#1743,#1746,#1749,#1752,#1755,#1758,#1761,#1764,#1767,#1770,#1773,#1776,#1779,#1782,#1785,#1788,#1791,#1794,#1797,#1800,#1803,#1806,#1809,#1812,#1815,#1818,#1821,#1824,#1827,#1830,#1833,#1836,#1839,#1842,#1845,#1848,#1851,#1854,#1857,#1860,#1863,#1866,#1869,#1872,#1875,#1878,#1881,#1884,#1887,#1890,#1893,#1896,#1899,#1902,#1905,#1908,#1911,#1914,#1917,#1920,#1923,#1926));
#1950=IFCFACETEDBREP(#1949);
#1951=IFCSTYLEDITEM(#1950,(#1932),$);
#1952=IFCSHAPEREPRESENTATION(#86,'Body','Brep',(#1928,#1935,#1938,#1941,#1944,#1947,#1950));
#1953=IFCAXIS2PLACEMENT3D(#3,$,$);
#1954=IFCREPRESENTATIONMAP(#1953,#1952);
#1955=IFCDOORLININGPROPERTIES('2w1DOCK6P8GgJ_09e$dCRF',#18,'Puerta de 1 hoja:80 x 210 cm:162923',$,$,$,$,$,$,$,$,$,$,$,$);
#1956=IFCDOORPANELPROPERTIES('2w1DOCK6P8GgJ_09a$dCRF',#18,'Puerta de 1 hoja:80 x 210 cm:162923:1',$,$,.NOTDEFINED.,$,.NOTDEFINED.,$);
#1957=IFCDOORSTYLE('3_Ak$YYRLmyTSFJLPnaJHf',#18,'Puerta de 1 hoja:80 x 210 cm',$,$,(#1955,#1956,#1977),(#1954),'13015',.NOTDEFINED.,.NOTDEFINED.,.F.,.F.);
#1958=IFCMATERIAL('Madera - Casta\X\F1o');
#1959=IFCPRESENTATIONSTYLEASSIGNMENT((#1931));
#1960=IFCSTYLEDITEM($,(#1959),$);
#1961=IFCSTYLEDREPRESENTATION(#84,'Style','Material',(#1960));
#1962=IFCMATERIALDEFINITIONREPRESENTATION($,$,(#1961),#1958);
#1963=IFCCARTESIANTRANSFORMATIONOPERATOR3D($,$,#3,1.,$);
#1964=IFCMAPPEDITEM(#1954,#1963);
#1965=IFCSHAPEREPRESENTATION(#86,'Body','MappedRepresentation',(#1964));
#1966=IFCPRODUCTDEFINITIONSHAPE($,$,(#1965));
#1967=IFCCARTESIANPOINT((-2.3968475280582173,-3.2845037217464426,0.));
#1968=IFCAXIS2PLACEMENT3D(#1967,#9,#6);
#1970=IFCDOOR('2w1DOCK6P8GgJ_09i$dCRF',#18,'Puerta de 1 hoja:80 x 210 cm:162923',$,'Puerta de 1 hoja:80 x 210 cm',#3966,#1966,'162923',2.0999999999999832,0.8000000000000006);
#1971=IFCPROPERTYSINGLEVALUE('Reference',$,IFCIDENTIFIER('80 x 210 cm'),$);
#1972=IFCPROPERTYSET('305P5mMRfG4GXMD33gJTVJ',#18,'Pset_DoorCommon',$,(#147,#1971));
#1973=IFCPROPERTYSET('2ppS$Q$4JsRLgW1L6ksUj8',#18,'Pset_QuantityTakeOff',$,(#1971));
#1974=IFCRELDEFINESBYPROPERTIES('0Y16DAbRMrk_3kHupfXK$t',#18,$,$,(#1970),#1972);
#1975=IFCRELDEFINESBYPROPERTIES('263ewYnFII$tQshcDZDupn',#18,$,$,(#1970),#1973);
#1976=IFCPROPERTYSINGLEVALUE('ThermalTransmittance',$,IFCTHERMALTRANSMITTANCEMEASURE(3.7021000000000002),$);
#1977=IFCPROPERTYSET('2So6$AHEBDsYqVBuV_U8Lf',#18,'Pset_DoorCommon',$,(#147,#1976));
#1978=IFCCARTESIANPOINT((0.030000000000000894,0.040137261151176142,0.76999999999999957));
#1979=IFCCARTESIANPOINT((0.030000000000000894,0.040137261151176142,0.029999999999997647));
#1980=IFCCARTESIANPOINT((0.7699999999999988,0.040137261151176142,0.029999999999997647));
#1981=IFCCARTESIANPOINT((0.7699999999999988,0.040137261151176142,0.76999999999999957));
#1982=IFCPOLYLOOP((#1978,#1979,#1980,#1981));
#1983=IFCFACEOUTERBOUND(#1982,.T.);
#1984=IFCFACE((#1983));
#1985=IFCCARTESIANPOINT((0.030000000000000894,0.052999999999998271,0.76999999999999957));
#1986=IFCCARTESIANPOINT((0.7699999999999988,0.052999999999998271,0.76999999999999957));
#1987=IFCCARTESIANPOINT((0.7699999999999988,0.052999999999998271,0.029999999999997647));
#1988=IFCCARTESIANPOINT((0.030000000000000894,0.052999999999998271,0.029999999999997647));
#1989=IFCPOLYLOOP((#1985,#1986,#1987,#1988));
#1990=IFCFACEOUTERBOUND(#1989,.T.);
#1991=IFCFACE((#1990));
#1992=IFCPOLYLOOP((#1979,#1978,#1985,#1988));
#1993=IFCFACEOUTERBOUND(#1992,.T.);
#1994=IFCFACE((#1993));
#1995=IFCPOLYLOOP((#1980,#1979,#1988,#1987));
#1996=IFCFACEOUTERBOUND(#1995,.T.);
#1997=IFCFACE((#1996));
#1998=IFCPOLYLOOP((#1981,#1980,#1987,#1986));
#1999=IFCFACEOUTERBOUND(#1998,.T.);
#2000=IFCFACE((#1999));
#2001=IFCPOLYLOOP((#1978,#1981,#1986,#1985));
#2002=IFCFACEOUTERBOUND(#2001,.T.);
#2003=IFCFACE((#2002));
#2004=IFCCARTESIANPOINT((0.7849999999999987,0.023137261151171505,0.78499999999999592));
#2005=IFCCARTESIANPOINT((0.78499999999999892,0.063137261151174753,0.78499999999999592));
#2006=IFCCARTESIANPOINT((0.015000000000000447,0.063137261151174753,0.78499999999999592));
#2007=IFCCARTESIANPOINT((0.015000000000000447,0.023137261151171502,0.78499999999999592));
#2008=IFCPOLYLOOP((#2004,#2005,#2006,#2007));
#2009=IFCFACEOUTERBOUND(#2008,.T.);
#2010=IFCFACE((#2009));
#2011=IFCCARTESIANPOINT((0.7749999999999988,0.033137261151174734,0.77499999999999603));
#2012=IFCCARTESIANPOINT((0.77499999999999902,0.023137261151171502,0.77499999999999603));
#2013=IFCCARTESIANPOINT((0.025000000000000341,0.023137261151171502,0.77499999999999603));
#2014=IFCCARTESIANPOINT((0.025000000000000071,0.033137261151174734,0.77499999999999625));
#2015=IFCPOLYLOOP((#2011,#2012,#2013,#2014));
#2016=IFCFACEOUTERBOUND(#2015,.T.);
#2017=IFCFACE((#2016));
#2018=IFCCARTESIANPOINT((0.76999999999999902,0.063137261151174753,0.76999999999999602));
#2019=IFCCARTESIANPOINT((0.76999999999999902,0.033137261151174734,0.76999999999999602));
#2020=IFCCARTESIANPOINT((0.030000000000000287,0.033137261151174734,0.76999999999999602));
#2021=IFCCARTESIANPOINT((0.030000000000000287,0.063137261151174753,0.76999999999999602));
#2022=IFCPOLYLOOP((#2018,#2019,#2020,#2021));
#2023=IFCFACEOUTERBOUND(#2022,.T.);
#2024=IFCFACE((#2023));
#2025=IFCCARTESIANPOINT((0.015000000000000379,0.063137261151174753,0.014999999999996861));
#2026=IFCCARTESIANPOINT((0.015000000000000447,0.023137261151171502,0.014999999999996861));
#2027=IFCPOLYLOOP((#2007,#2006,#2025,#2026));
#2028=IFCFACEOUTERBOUND(#2027,.T.);
#2029=IFCFACE((#2028));
#2030=IFCCARTESIANPOINT((0.025000000000000206,0.023137261151171502,0.024999999999996754));
#2031=IFCCARTESIANPOINT((0.025000000000000137,0.033137261151174734,0.024999999999996483));
#2032=IFCPOLYLOOP((#2014,#2013,#2030,#2031));
#2033=IFCFACEOUTERBOUND(#2032,.T.);
#2034=IFCFACE((#2033));
#2035=IFCCARTESIANPOINT((0.030000000000000217,0.033137261151174734,0.029999999999996699));
#2036=IFCCARTESIANPOINT((0.030000000000000287,0.063137261151174753,0.029999999999996564));
#2037=IFCPOLYLOOP((#2021,#2020,#2035,#2036));
#2038=IFCFACEOUTERBOUND(#2037,.T.);
#2039=IFCFACE((#2038));
#2040=IFCCARTESIANPOINT((0.78499999999999892,0.063137261151174753,0.014999999999996861));
#2041=IFCCARTESIANPOINT((0.78499999999999892,0.023137261151171502,0.014999999999996861));
#2042=IFCPOLYLOOP((#2026,#2025,#2040,#2041));
#2043=IFCFACEOUTERBOUND(#2042,.T.);
#2044=IFCFACE((#2043));
#2045=IFCCARTESIANPOINT((0.77499999999999902,0.023137261151171502,0.024999999999996754));
#2046=IFCCARTESIANPOINT((0.77499999999999913,0.033137261151174734,0.024999999999996619));
#2047=IFCPOLYLOOP((#2031,#2030,#2045,#2046));
#2048=IFCFACEOUTERBOUND(#2047,.T.);
#2049=IFCFACE((#2048));
#2050=IFCCARTESIANPOINT((0.76999999999999902,0.033137261151174734,0.029999999999996699));
#2051=IFCCARTESIANPOINT((0.76999999999999902,0.063137261151174753,0.029999999999996699));
#2052=IFCPOLYLOOP((#2036,#2035,#2050,#2051));
#2053=IFCFACEOUTERBOUND(#2052,.T.);
#2054=IFCFACE((#2053));
#2055=IFCPOLYLOOP((#2041,#2040,#2005,#2004));
#2056=IFCFACEOUTERBOUND(#2055,.T.);
#2057=IFCFACE((#2056));
#2058=IFCPOLYLOOP((#2007,#2026,#2041,#2004));
#2059=IFCFACEOUTERBOUND(#2058,.T.);
#2060=IFCPOLYLOOP((#2012,#2045,#2030,#2013));
#2061=IFCFACEBOUND(#2060,.T.);
#2062=IFCFACE((#2059,#2061));
#2063=IFCPOLYLOOP((#2046,#2045,#2012,#2011));
#2064=IFCFACEOUTERBOUND(#2063,.T.);
#2065=IFCFACE((#2064));
#2066=IFCPOLYLOOP((#2014,#2031,#2046,#2011));
#2067=IFCFACEOUTERBOUND(#2066,.T.);
#2068=IFCPOLYLOOP((#2019,#2050,#2035,#2020));
#2069=IFCFACEBOUND(#2068,.T.);
#2070=IFCFACE((#2067,#2069));
#2071=IFCPOLYLOOP((#2051,#2050,#2019,#2018));
#2072=IFCFACEOUTERBOUND(#2071,.T.);
#2073=IFCFACE((#2072));
#2074=IFCPOLYLOOP((#2021,#2036,#2051,#2018));
#2075=IFCFACEBOUND(#2074,.T.);
#2076=IFCPOLYLOOP((#2005,#2040,#2025,#2006));
#2077=IFCFACEOUTERBOUND(#2076,.T.);
#2078=IFCFACE((#2075,#2077));
#2079=IFCCARTESIANPOINT((0.,0.078137261151174739,0.80000000000000326));
#2080=IFCCARTESIANPOINT((0.,0.078137261151174739,0.));
#2081=IFCCARTESIANPOINT((0.,0.023137261151174687,0.));
#2082=IFCCARTESIANPOINT((0.,0.023137261151174687,0.80000000000000326));
#2083=IFCCARTESIANPOINT((0.015000000000000922,0.063137261151174753,0.78500000000000325));
#2084=IFCCARTESIANPOINT((0.015000000000000922,0.023137261151174687,0.78500000000000325));
#2085=IFCCARTESIANPOINT((0.015000000000000922,0.023137261151174687,0.015000000000000109));
#2086=IFCCARTESIANPOINT((0.015000000000000922,0.063137261151174753,0.015000000000000109));
#2087=IFCCARTESIANPOINT((0.025000000000000813,0.073137261151174734,0.77500000000000335));
#2088=IFCCARTESIANPOINT((0.025000000000000813,0.063137261151174753,0.77500000000000335));
#2089=IFCCARTESIANPOINT((0.025000000000000813,0.063137261151174753,0.025000000000000001));
#2090=IFCCARTESIANPOINT((0.025000000000000813,0.073137261151174679,0.025000000000000137));
#2091=IFCCARTESIANPOINT((0.020000000000000868,0.078137261151174739,0.78000000000000325));
#2092=IFCCARTESIANPOINT((0.023535533905933638,0.07667279505710746,0.7764644660940706));
#2093=IFCCARTESIANPOINT((0.023535533905933569,0.076672795057107487,0.023535533905932757));
#2094=IFCCARTESIANPOINT((0.020000000000000868,0.078137261151174739,0.020000000000000056));
#2095=IFCCARTESIANPOINT((0.020000000000000868,0.078137261151174753,0.3323075550504872));
#2096=IFCCARTESIANPOINT((0.020000000000000868,0.078137261151174739,0.46769244494951612));
#2097=IFCCARTESIANPOINT((0.020000000000000868,0.078137261151174753,0.17615377752524361));
#2098=IFCCARTESIANPOINT((0.020000000000000868,0.078137261151174739,0.62384622247475985));
#2099=IFCCARTESIANPOINT((0.025000000000000883,0.073137261151174651,0.39999999594795643));
#2100=IFCCARTESIANPOINT((0.025000000000000883,0.073137261151174665,0.58749999392193442));
#2101=IFCCARTESIANPOINT((0.025000000000000883,0.073137261151174651,0.21249999797397823));
#2102=IFCCARTESIANPOINT((0.025000000000000883,0.073137261151174679,0.68124999290892363));
#2103=IFCCARTESIANPOINT((0.025000000000000883,0.073137261151174651,0.30624999696096722));
#2104=IFCCARTESIANPOINT((0.025000000000000883,0.073137261151174651,0.49374999493494542));
#2105=IFCCARTESIANPOINT((0.025000000000000883,0.073137261151174637,0.11874999898698911));
#2106=IFCCARTESIANPOINT((0.020000000000000868,0.078137261151174739,0.25423069818112032));
#2107=IFCCARTESIANPOINT((0.020000000000000868,0.078137261151174739,0.70192307934412645));
#2108=IFCCARTESIANPOINT((0.020000000000000868,0.078137261151174739,0.54576936560539291));
#2109=IFCCARTESIANPOINT((0.020000000000000868,0.078137261151174739,0.098076856869366916));
#2110=IFCCARTESIANPOINT((0.020000000000000868,0.078137261151174753,0.39999996810674682));
#2111=IFCCARTESIANPOINT((0.025000000000000883,0.073137261151174651,0.07187499949349449));
#2112=IFCCARTESIANPOINT((0.025000000000000813,0.073137261151174679,0.72812499240241835));
#2113=IFCCARTESIANPOINT((0.020000000000000868,0.078137261151174753,0.059038428434683488));
#2114=IFCCARTESIANPOINT((0.020000000000000868,0.078137261151174739,0.74096157156532005));
#2115=IFCCARTESIANPOINT((0.023224194890935013,0.076958853398559859,0.078557663876231087));
#2116=IFCCARTESIANPOINT((0.023543725531291169,0.07666458440810503,0.1081903578223307));
#2117=IFCCARTESIANPOINT((0.025000000000000883,0.073137261151174651,0.16562499848048373));
#2118=IFCCARTESIANPOINT((0.020000000000000868,0.078137261151174739,0.1371153490905602));
#2119=IFCCARTESIANPOINT((0.023906507326855675,0.076258030368087412,0.13998709633216019));
#2120=IFCCARTESIANPOINT((0.025000000000000883,0.073137261151174637,0.044519220617299099));
#2121=IFCCARTESIANPOINT((0.023375558364413629,0.076825838889062761,0.051042728132915743));
#2122=IFCCARTESIANPOINT((0.023224195013843006,0.076958853294865084,0.72144232914858486));
#2123=IFCCARTESIANPOINT((0.023543725588199019,0.076664584350932541,0.69180963637633563));
#2124=IFCCARTESIANPOINT((0.025000000000000883,0.073137261151174679,0.63437499341542913));
#2125=IFCCARTESIANPOINT((0.020000000000000868,0.078137261151174739,0.66288465090944326));
#2126=IFCCARTESIANPOINT((0.023906507312012885,0.076258030386667272,0.66001289946671449));
#2127=IFCCARTESIANPOINT((0.025000000000000883,0.073137261151174679,0.75548077127861379));
#2128=IFCCARTESIANPOINT((0.023858905639061165,0.076316702496573102,0.61093749555517807));
#2129=IFCCARTESIANPOINT((0.020000000000000868,0.078137261151174739,0.58480779404007643));
#2130=IFCCARTESIANPOINT((0.025000000000000883,0.073137261151174665,0.54062499442843992));
#2131=IFCCARTESIANPOINT((0.020000000000000868,0.078137261151174739,0.50673087338419953));
#2132=IFCCARTESIANPOINT((0.023634002542747366,0.076571504229250617,0.56528855798223687));
#2133=IFCCARTESIANPOINT((0.023375558832545343,0.076825838460657506,0.74895726834434251));
#2134=IFCCARTESIANPOINT((0.02337715200083863,0.076824379858680306,0.52625011537518263));
#2135=IFCCARTESIANPOINT((0.023470166119684149,0.07673697601513306,0.49743422237415391));
#2136=IFCCARTESIANPOINT((0.025000000000000883,0.073137261151174665,0.44687499544145093));
#2137=IFCCARTESIANPOINT((0.025000000000000883,0.073137261151174651,0.47031249518819818));
#2138=IFCCARTESIANPOINT((0.02358369580150781,0.076623967964524781,0.45859374662531199));
#2139=IFCCARTESIANPOINT((0.020000000000000868,0.078137261151174739,0.43384623842138648));
#2140=IFCCARTESIANPOINT((0.023834823585695129,0.076345707514541741,0.42682518361625366));
#2141=IFCCARTESIANPOINT((0.023484831447929292,0.076722780608593555,0.16820042455783288));
#2142=IFCCARTESIANPOINT((0.020000000000000868,0.078137261151174739,0.21519220595992691));
#2143=IFCCARTESIANPOINT((0.025000000000000883,0.073137261151174651,0.25937499746747283));
#2144=IFCCARTESIANPOINT((0.023634002492621244,0.076571504282292438,0.23471143424437849));
#2145=IFCCARTESIANPOINT((0.023495687769110405,0.076712197097579621,0.20556938664932722));
#2146=IFCCARTESIANPOINT((0.023473489873615222,0.076733768915367428,0.26352686004740034));
#2147=IFCCARTESIANPOINT((0.020000000000000868,0.078137261151174739,0.29326912661580373));
#2148=IFCCARTESIANPOINT((0.023222360393799022,0.076960400370779614,0.31278831943027086));
#2149=IFCCARTESIANPOINT((0.025000000000000883,0.073137261151174651,0.35312499645446194));
#2150=IFCCARTESIANPOINT((0.023545638123151191,0.076662661880122163,0.34244293144995713));
#2151=IFCCARTESIANPOINT((0.020000000000000868,0.078137261151174739,0.36615376157861684));
#2152=IFCCARTESIANPOINT((0.023872861356285944,0.076299688211992664,0.37499699560743355));
#2153=IFCCARTESIANPOINT((0.02337567564411662,0.076825731558501253,0.40087057839742879));
#2154=IFCCARTESIANPOINT((0.80000000000000004,0.078137261151174739,0.));
#2155=IFCCARTESIANPOINT((0.80000000000000004,0.023137261151174687,0.));
#2156=IFCCARTESIANPOINT((0.78499999999999992,0.023137261151174687,0.015000000000000109));
#2157=IFCCARTESIANPOINT((0.78499999999999992,0.063137261151174753,0.015000000000000109));
#2158=IFCCARTESIANPOINT((0.77500000000000002,0.063137261151174753,0.025000000000000001));
#2159=IFCCARTESIANPOINT((0.77500000000000002,0.073137261151174679,0.025000000000000001));
#2160=IFCCARTESIANPOINT((0.77646446609406727,0.076672795057107376,0.023535533905932892));
#2161=IFCCARTESIANPOINT((0.78000000000000003,0.078137261151174739,0.020000000000000056));
#2162=IFCCARTESIANPOINT((0.46769250873602447,0.078137261151174739,0.020000000000000056));
#2163=IFCCARTESIANPOINT((0.33230761883699605,0.078137261151174753,0.020000000000000056));
#2164=IFCCARTESIANPOINT((0.62384622247475741,0.078137261151174753,0.020000000000000056));
#2165=IFCCARTESIANPOINT((0.17615384131175346,0.078137261151174739,0.020000000000000056));
#2166=IFCCARTESIANPOINT((0.40000000000000041,0.073137261151174651,0.025000000000000001));
#2167=IFCCARTESIANPOINT((0.21250000000000055,0.073137261151174665,0.025000000000000001));
#2168=IFCCARTESIANPOINT((0.58750000000000024,0.073137261151174651,0.025000000000000001));
#2169=IFCCARTESIANPOINT((0.11875000000000065,0.073137261151174679,0.025000000000000001));
#2170=IFCCARTESIANPOINT((0.4937500000000003,0.073137261151174651,0.025000000000000001));
#2171=IFCCARTESIANPOINT((0.30625000000000052,0.073137261151174665,0.025000000000000001));
#2172=IFCCARTESIANPOINT((0.68125000000000013,0.073137261151174651,0.025000000000000001));
#2173=IFCCARTESIANPOINT((0.54576936560539091,0.078137261151174739,0.020000000000000056));
#2174=IFCCARTESIANPOINT((0.098076920655877101,0.078137261151174739,0.020000000000000056));
#2175=IFCCARTESIANPOINT((0.25423069818111982,0.078137261151174739,0.020000000000000056));
#2176=IFCCARTESIANPOINT((0.70192307934412368,0.078137261151174739,0.020000000000000056));
#2177=IFCCARTESIANPOINT((0.40000009567976524,0.078137261151174739,0.020000000000000056));
#2178=IFCCARTESIANPOINT((0.72812500000000013,0.073137261151174637,0.025000000000000001));
#2179=IFCCARTESIANPOINT((0.071875000000000716,0.073137261151174679,0.025000000000000001));
#2180=IFCCARTESIANPOINT((0.74096157156531683,0.078137261151174753,0.020000000000000056));
#2181=IFCCARTESIANPOINT((0.059038492221193999,0.078137261151174739,0.020000000000000056));
#2182=IFCCARTESIANPOINT((0.72144233612376885,0.076958853398559846,0.023224194890934267));
#2183=IFCCARTESIANPOINT((0.69180964217766938,0.076664584408105044,0.023543725531290357));
#2184=IFCCARTESIANPOINT((0.63437500000000024,0.073137261151174651,0.025000000000000001));
#2185=IFCCARTESIANPOINT((0.6628846509094406,0.078137261151174739,0.020000000000000056));
#2186=IFCCARTESIANPOINT((0.66001290366783971,0.076258030368087371,0.023906507326854932));
#2187=IFCCARTESIANPOINT((0.75548077917178713,0.073137261151174651,0.025000000000000001));
#2188=IFCCARTESIANPOINT((0.74895727186708427,0.076825838889062761,0.023375558364412814));
#2189=IFCCARTESIANPOINT((0.078557670851419195,0.076958853294865084,0.023224195013842125));
#2190=IFCCARTESIANPOINT((0.10819036362366836,0.076664584350932541,0.023543725588198273));
#2191=IFCCARTESIANPOINT((0.16562500000000058,0.073137261151174679,0.025000000000000001));
#2192=IFCCARTESIANPOINT((0.13711534909056033,0.078137261151174739,0.020000000000000056));
#2193=IFCCARTESIANPOINT((0.13998710053328961,0.076258030386667258,0.023906507312012073));
#2194=IFCCARTESIANPOINT((0.044519220828213732,0.073137261151174679,0.025000000000000001));
#2195=IFCCARTESIANPOINT((0.18906250444482514,0.076316702496573102,0.023858905639060419));
#2196=IFCCARTESIANPOINT((0.21519226974643663,0.078137261151174739,0.020000000000000056));
#2197=IFCCARTESIANPOINT((0.25937500000000052,0.073137261151174665,0.025000000000000001));
#2198=IFCCARTESIANPOINT((0.29326919040231292,0.078137261151174739,0.020000000000000056));
#2199=IFCCARTESIANPOINT((0.23471144201776722,0.076571504229250589,0.023634002542746554));
#2200=IFCCARTESIANPOINT((0.051042731655661457,0.076825838460657506,0.023375558832544531));
#2201=IFCCARTESIANPOINT((0.27374988462482153,0.076824379858680264,0.023377152000837884));
#2202=IFCCARTESIANPOINT((0.30256577762584996,0.07673697601513306,0.023470166119683337));
#2203=IFCCARTESIANPOINT((0.35312500000000041,0.073137261151174651,0.025000000000000001));
#2204=IFCCARTESIANPOINT((0.32968750000000047,0.073137261151174651,0.025000000000000001));
#2205=IFCCARTESIANPOINT((0.34140625337469044,0.076623967964524767,0.023583695801506998));
#2206=IFCCARTESIANPOINT((0.36615382536512575,0.078137261151174739,0.020000000000000056));
#2207=IFCCARTESIANPOINT((0.37317481638374878,0.076345707514541741,0.023834823585694317));
#2208=IFCCARTESIANPOINT((0.63179957544216703,0.076722780608593555,0.02348483144792848));
#2209=IFCCARTESIANPOINT((0.5848077940400741,0.078137261151174739,0.020000000000000056));
#2210=IFCCARTESIANPOINT((0.54062500000000024,0.073137261151174651,0.025000000000000001));
#2211=IFCCARTESIANPOINT((0.56528856575562159,0.076571504282292396,0.023634002492620501));
#2212=IFCCARTESIANPOINT((0.5944306133506726,0.076712197097579635,0.023495687769109593));
#2213=IFCCARTESIANPOINT((0.5364731399525996,0.076733768915367428,0.023473489873614476));
#2214=IFCCARTESIANPOINT((0.50673093717070761,0.078137261151174739,0.020000000000000056));
#2215=IFCCARTESIANPOINT((0.48721168056972924,0.0769604003707796,0.023222360393798276));
#2216=IFCCARTESIANPOINT((0.44687500000000036,0.073137261151174651,0.025000000000000001));
#2217=IFCCARTESIANPOINT((0.45755706855004319,0.07666266188012219,0.023545638123150314));
#2218=IFCCARTESIANPOINT((0.43384630220789488,0.078137261151174753,0.020000000000000056));
#2219=IFCCARTESIANPOINT((0.4250030043925655,0.076299688211992581,0.023872861356285198));
#2220=IFCCARTESIANPOINT((0.39912942160257192,0.076825731558501392,0.023375675644115673));
#2221=IFCCARTESIANPOINT((0.80000000000000004,0.078137261151174739,0.80000000000000326));
#2222=IFCCARTESIANPOINT((0.80000000000000004,0.023137261151174687,0.80000000000000326));
#2223=IFCCARTESIANPOINT((0.78499999999999992,0.023137261151174687,0.78500000000000325));
#2224=IFCCARTESIANPOINT((0.78499999999999992,0.063137261151174753,0.78500000000000325));
#2225=IFCCARTESIANPOINT((0.77500000000000002,0.063137261151174753,0.77500000000000335));
#2226=IFCCARTESIANPOINT((0.77500000000000002,0.073137261151174679,0.77500000000000335));
#2227=IFCCARTESIANPOINT((0.77646446609406727,0.076672795057107487,0.7764644660940706));
#2228=IFCCARTESIANPOINT((0.78000000000000003,0.078137261151174739,0.78000000000000325));
#2229=IFCCARTESIANPOINT((0.77999999999999992,0.078137261151174739,0.46769242919642967));
#2230=IFCCARTESIANPOINT((0.77999999999999992,0.078137261151174739,0.3323075070171389));
#2231=IFCCARTESIANPOINT((0.78000000000000003,0.078137261151174739,0.62384621459821632));
#2232=IFCCARTESIANPOINT((0.77999999999999992,0.078137261151174739,0.176153721615352));
#2233=IFCCARTESIANPOINT((0.77500000000000002,0.073137261151174651,0.40000000405204716));
#2234=IFCCARTESIANPOINT((0.77500000000000002,0.073137261151174665,0.21250000607806893));
#2235=IFCCARTESIANPOINT((0.77500000000000002,0.073137261151174651,0.58750000202602504));
#2236=IFCCARTESIANPOINT((0.77499999999999991,0.073137261151174679,0.11875000709107968));
#2237=IFCCARTESIANPOINT((0.77500000000000002,0.073137261151174651,0.4937500030390361));
#2238=IFCCARTESIANPOINT((0.77500000000000002,0.073137261151174651,0.3062500050650579));
#2239=IFCCARTESIANPOINT((0.77500000000000002,0.073137261151174637,0.68125000101301436));
#2240=IFCCARTESIANPOINT((0.78000000000000003,0.078137261151174753,0.5457693218973233));
#2241=IFCCARTESIANPOINT((0.77999999999999992,0.078137261151174739,0.098076828914458541));
#2242=IFCCARTESIANPOINT((0.78000000000000003,0.078137261151174739,0.25423061431624533));
#2243=IFCCARTESIANPOINT((0.78000000000000003,0.078137261151174753,0.70192310729910989));
#2244=IFCCARTESIANPOINT((0.78000000000000003,0.078137261151174739,0.39999996810678418));
#2245=IFCCARTESIANPOINT((0.77500000000000002,0.073137261151174651,0.72812500050650886));
#2246=IFCCARTESIANPOINT((0.77500000000000002,0.073137261151174679,0.07187500759758518));
#2247=IFCCARTESIANPOINT((0.78000000000000003,0.078137261151174739,0.74096155364955663));
#2248=IFCCARTESIANPOINT((0.77999999999999992,0.078137261151174739,0.059038382564012011));
#2249=IFCCARTESIANPOINT((0.77677580510906596,0.076958853398559859,0.72144233612377218));
#2250=IFCCARTESIANPOINT((0.77645627446870968,0.07666458440810503,0.6918096421776726));
#2251=IFCCARTESIANPOINT((0.77500000000000002,0.073137261151174651,0.63437500151951953));
#2252=IFCCARTESIANPOINT((0.78000000000000003,0.078137261151174739,0.66288466094866327));
#2253=IFCCARTESIANPOINT((0.77609349267314509,0.076258030368087412,0.66001290366784315));
#2254=IFCCARTESIANPOINT((0.77500000000000002,0.073137261151174637,0.75548077938270453));
#2255=IFCCARTESIANPOINT((0.77662444163558719,0.076825838889062761,0.74895727186708738));
#2256=IFCCARTESIANPOINT((0.77677580498615784,0.076958853294865057,0.078557670851418598));
#2257=IFCCARTESIANPOINT((0.77645627441180176,0.076664584350932513,0.10819036362366763));
#2258=IFCCARTESIANPOINT((0.77500000000000002,0.073137261151174679,0.16562500658457416));
#2259=IFCCARTESIANPOINT((0.77999999999999992,0.078137261151174739,0.13711527526490533));
#2260=IFCCARTESIANPOINT((0.776093492687988,0.076258030386667272,0.13998710053328833));
#2261=IFCCARTESIANPOINT((0.77500000000000002,0.073137261151174679,0.044519228721389664));
#2262=IFCCARTESIANPOINT((0.77614109436093981,0.076316702496573088,0.18906250444482542));
#2263=IFCCARTESIANPOINT((0.78000000000000003,0.078137261151174739,0.21519216796579865));
#2264=IFCCARTESIANPOINT((0.77500000000000002,0.073137261151174665,0.2593750055715634));
#2265=IFCCARTESIANPOINT((0.78000000000000003,0.078137261151174753,0.29326906066669201));
#2266=IFCCARTESIANPOINT((0.77636599745725354,0.076571504229250603,0.2347114420177667));
#2267=IFCCARTESIANPOINT((0.77662444116745555,0.07682583846065745,0.051042731655660915));
#2268=IFCCARTESIANPOINT((0.77662284799916226,0.076824379858680292,0.27374988462482103));
#2269=IFCCARTESIANPOINT((0.77652983388031671,0.076736976015133032,0.30256577762584924));
#2270=IFCCARTESIANPOINT((0.77500000000000002,0.073137261151174665,0.35312500455855267));
#2271=IFCCARTESIANPOINT((0.77499999999999991,0.073137261151174651,0.32968750481180514));
#2272=IFCCARTESIANPOINT((0.77641630419849306,0.076623967964524767,0.3414062533746916));
#2273=IFCCARTESIANPOINT((0.78000000000000003,0.078137261151174753,0.36615373756196157));
#2274=IFCCARTESIANPOINT((0.77616517641430571,0.076345707514541741,0.37317481638374966));
#2275=IFCCARTESIANPOINT((0.77651516855207159,0.076722780608593555,0.63179957544217058));
#2276=IFCCARTESIANPOINT((0.78000000000000003,0.078137261151174739,0.5848077682477697));
#2277=IFCCARTESIANPOINT((0.77500000000000002,0.073137261151174651,0.54062500253253065));
#2278=IFCCARTESIANPOINT((0.77636599750737967,0.076571504282292424,0.56528856575562481));
#2279=IFCCARTESIANPOINT((0.77650431223089045,0.076712197097579621,0.59443061335067604));
#2280=IFCCARTESIANPOINT((0.77652651012638563,0.076733768915367428,0.53647313995260304));
#2281=IFCCARTESIANPOINT((0.78000000000000003,0.078137261151174739,0.50673087554687635));
#2282=IFCCARTESIANPOINT((0.77677763960620183,0.0769604003707796,0.48721168056973274));
#2283=IFCCARTESIANPOINT((0.77500000000000002,0.073137261151174651,0.44687500354554138));
#2284=IFCCARTESIANPOINT((0.77645436187684957,0.076662661880122149,0.45755706855004646));
#2285=IFCCARTESIANPOINT((0.77999999999999992,0.078137261151174739,0.43384619865160678));
#2286=IFCCARTESIANPOINT((0.77612713864371496,0.076299688211992664,0.42500300439257027));
#2287=IFCCARTESIANPOINT((0.77662432435588413,0.076825731558501226,0.39912942160257453));
#2288=IFCCARTESIANPOINT((0.33230749126397641,0.078137261151174739,0.78000000000000325));
#2289=IFCCARTESIANPOINT((0.46769238116300471,0.078137261151174753,0.78000000000000325));
#2290=IFCCARTESIANPOINT((0.17615377752524355,0.078137261151174753,0.78000000000000325));
#2291=IFCCARTESIANPOINT((0.62384615868824744,0.078137261151174739,0.78000000000000325));
#2292=IFCCARTESIANPOINT((0.40000000000000041,0.073137261151174651,0.77500000000000335));
#2293=IFCCARTESIANPOINT((0.58750000000000036,0.073137261151174665,0.77500000000000335));
#2294=IFCCARTESIANPOINT((0.21250000000000063,0.073137261151174651,0.77500000000000335));
#2295=IFCCARTESIANPOINT((0.68125000000000024,0.073137261151174679,0.77500000000000335));
#2296=IFCCARTESIANPOINT((0.30625000000000058,0.073137261151174651,0.77500000000000335));
#2297=IFCCARTESIANPOINT((0.49375000000000036,0.073137261151174665,0.77500000000000335));
#2298=IFCCARTESIANPOINT((0.11875000000000072,0.073137261151174651,0.77500000000000335));
#2299=IFCCARTESIANPOINT((0.25423063439461002,0.078137261151174739,0.78000000000000325));
#2300=IFCCARTESIANPOINT((0.70192307934412368,0.078137261151174739,0.78000000000000325));
#2301=IFCCARTESIANPOINT((0.54576930181888106,0.078137261151174739,0.78000000000000325));
#2302=IFCCARTESIANPOINT((0.098076920655877156,0.078137261151174739,0.78000000000000325));
#2303=IFCCARTESIANPOINT((0.39999990432023563,0.078137261151174739,0.78000000000000325));
#2304=IFCCARTESIANPOINT((0.071875000000000785,0.073137261151174637,0.77500000000000335));
#2305=IFCCARTESIANPOINT((0.72812500000000013,0.073137261151174679,0.77500000000000335));
#2306=IFCCARTESIANPOINT((0.059038428434684098,0.078137261151174753,0.78000000000000358));
#2307=IFCCARTESIANPOINT((0.74096150777880687,0.078137261151174739,0.78000000000000325));
#2308=IFCCARTESIANPOINT((0.078557663876232045,0.076958853398559846,0.77677580510906918));
#2309=IFCCARTESIANPOINT((0.10819035782233151,0.076664584408105044,0.77645627446871313));
#2310=IFCCARTESIANPOINT((0.16562500000000069,0.073137261151174651,0.77500000000000335));
#2311=IFCCARTESIANPOINT((0.13711534909056039,0.078137261151174739,0.78000000000000325));
#2312=IFCCARTESIANPOINT((0.13998709633216114,0.076258030368087371,0.77609349267314842));
#2313=IFCCARTESIANPOINT((0.044519220828213801,0.073137261151174651,0.77500000000000335));
#2314=IFCCARTESIANPOINT((0.051042728132916555,0.076825838889062761,0.77662444163559063));
#2315=IFCCARTESIANPOINT((0.72144232914858164,0.076958853294865084,0.77677580498616106));
#2316=IFCCARTESIANPOINT((0.69180963637633242,0.076664584350932541,0.7764562744118052));
#2317=IFCCARTESIANPOINT((0.63437500000000024,0.073137261151174679,0.77500000000000335));
#2318=IFCCARTESIANPOINT((0.6628846509094406,0.078137261151174739,0.78000000000000325));
#2319=IFCCARTESIANPOINT((0.66001289946671116,0.076258030386667258,0.77609349268799122));
#2320=IFCCARTESIANPOINT((0.75548077917178713,0.073137261151174679,0.77500000000000335));
#2321=IFCCARTESIANPOINT((0.61093749555517574,0.076316702496573102,0.77614109436094303));
#2322=IFCCARTESIANPOINT((0.58480773025356425,0.078137261151174739,0.78000000000000325));
#2323=IFCCARTESIANPOINT((0.54062500000000036,0.073137261151174665,0.77500000000000335));
#2324=IFCCARTESIANPOINT((0.5067308095976879,0.078137261151174739,0.78000000000000325));
#2325=IFCCARTESIANPOINT((0.56528855798223365,0.076571504229250589,0.77636599745725676));
#2326=IFCCARTESIANPOINT((0.7489572683443394,0.076825838460657506,0.77662444116745877));
#2327=IFCCARTESIANPOINT((0.52625011537517929,0.076824379858680264,0.77662284799916559));
#2328=IFCCARTESIANPOINT((0.49743422237415091,0.07673697601513306,0.77652983388031993));
#2329=IFCCARTESIANPOINT((0.44687500000000047,0.073137261151174651,0.77500000000000335));
#2330=IFCCARTESIANPOINT((0.47031250000000041,0.073137261151174651,0.77500000000000335));
#2331=IFCCARTESIANPOINT((0.45859374662531044,0.076623967964524767,0.77641630419849617));
#2332=IFCCARTESIANPOINT((0.43384617463487513,0.078137261151174739,0.78000000000000325));
#2333=IFCCARTESIANPOINT((0.4268251836162521,0.076345707514541741,0.77616517641430882));
#2334=IFCCARTESIANPOINT((0.16820042455783385,0.076722780608593555,0.77651516855207481));
#2335=IFCCARTESIANPOINT((0.21519220595992683,0.078137261151174739,0.78000000000000325));
#2336=IFCCARTESIANPOINT((0.25937500000000058,0.073137261151174651,0.77500000000000335));
#2337=IFCCARTESIANPOINT((0.23471143424437929,0.076571504282292396,0.776365997507383));
#2338=IFCCARTESIANPOINT((0.20556938664932831,0.076712197097579635,0.77650431223089367));
#2339=IFCCARTESIANPOINT((0.26352686004740133,0.076733768915367428,0.77652651012638885));
#2340=IFCCARTESIANPOINT((0.29326906282929316,0.078137261151174739,0.78000000000000325));
#2341=IFCCARTESIANPOINT((0.31278831943027163,0.0769604003707796,0.77677763960620505));
#2342=IFCCARTESIANPOINT((0.35312500000000052,0.073137261151174651,0.77500000000000335));
#2343=IFCCARTESIANPOINT((0.34244293144995769,0.07666266188012219,0.77645436187685291));
#2344=IFCCARTESIANPOINT((0.36615369779210599,0.078137261151174753,0.78000000000000325));
#2345=IFCCARTESIANPOINT((0.37499699560743538,0.076299688211992581,0.77612713864371796));
#2346=IFCCARTESIANPOINT((0.40087057839742896,0.076825731558501392,0.77662432435588769));
#2347=IFCPOLYLOOP((#2082,#2079,#2080,#2081));
#2348=IFCFACEOUTERBOUND(#2347,.T.);
#2349=IFCFACE((#2348));
#2350=IFCPOLYLOOP((#2083,#2084,#2085,#2086));
#2351=IFCFACEOUTERBOUND(#2350,.T.);
#2352=IFCFACE((#2351));
#2353=IFCPOLYLOOP((#2088,#2089,#2090,#2120,#2111,#2105,#2117,#2101,#2143,#2103,#2149,#2099,#2136,#2137,#2104,#2130,#2100,#2124,#2102,#2112,#2127,#2087));
#2354=IFCFACEOUTERBOUND(#2353,.T.);
#2355=IFCFACE((#2354));
#2356=IFCPOLYLOOP((#2138,#2139,#2096));
#2357=IFCFACEOUTERBOUND(#2356,.T.);
#2358=IFCFACE((#2357));
#2359=IFCPOLYLOOP((#2135,#2104,#2137));
#2360=IFCFACEOUTERBOUND(#2359,.T.);
#2361=IFCFACE((#2360));
#2362=IFCPOLYLOOP((#2111,#2115,#2116));
#2363=IFCFACEOUTERBOUND(#2362,.T.);
#2364=IFCFACE((#2363));
#2365=IFCPOLYLOOP((#2117,#2119,#2141));
#2366=IFCFACEOUTERBOUND(#2365,.T.);
#2367=IFCFACE((#2366));
#2368=IFCPOLYLOOP((#2115,#2113,#2109));
#2369=IFCFACEOUTERBOUND(#2368,.T.);
#2370=IFCFACE((#2369));
#2371=IFCPOLYLOOP((#2116,#2115,#2109));
#2372=IFCFACEOUTERBOUND(#2371,.T.);
#2373=IFCFACE((#2372));
#2374=IFCPOLYLOOP((#2129,#2132,#2108));
#2375=IFCFACEOUTERBOUND(#2374,.T.);
#2376=IFCFACE((#2375));
#2377=IFCPOLYLOOP((#2144,#2142,#2106));
#2378=IFCFACEOUTERBOUND(#2377,.T.);
#2379=IFCFACE((#2378));
#2380=IFCPOLYLOOP((#2125,#2107,#2123));
#2381=IFCFACEOUTERBOUND(#2380,.T.);
#2382=IFCFACE((#2381));
#2383=IFCPOLYLOOP((#2133,#2127,#2112));
#2384=IFCFACEOUTERBOUND(#2383,.T.);
#2385=IFCFACE((#2384));
#2386=IFCPOLYLOOP((#2146,#2147,#2148));
#2387=IFCFACEOUTERBOUND(#2386,.T.);
#2388=IFCFACE((#2387));
#2389=IFCPOLYLOOP((#2112,#2122,#2133));
#2390=IFCFACEOUTERBOUND(#2389,.T.);
#2391=IFCFACE((#2390));
#2392=IFCPOLYLOOP((#2095,#2150,#2148));
#2393=IFCFACEOUTERBOUND(#2392,.T.);
#2394=IFCFACE((#2393));
#2395=IFCPOLYLOOP((#2104,#2135,#2134));
#2396=IFCFACEOUTERBOUND(#2395,.T.);
#2397=IFCFACE((#2396));
#2398=IFCPOLYLOOP((#2105,#2116,#2119));
#2399=IFCFACEOUTERBOUND(#2398,.T.);
#2400=IFCFACE((#2399));
#2401=IFCPOLYLOOP((#2117,#2141,#2145));
#2402=IFCFACEOUTERBOUND(#2401,.T.);
#2403=IFCFACE((#2402));
#2404=IFCPOLYLOOP((#2123,#2126,#2125));
#2405=IFCFACEOUTERBOUND(#2404,.T.);
#2406=IFCFACE((#2405));
#2407=IFCPOLYLOOP((#2132,#2129,#2128));
#2408=IFCFACEOUTERBOUND(#2407,.T.);
#2409=IFCFACE((#2408));
#2410=IFCPOLYLOOP((#2113,#2115,#2121));
#2411=IFCFACEOUTERBOUND(#2410,.T.);
#2412=IFCFACE((#2411));
#2413=IFCPOLYLOOP((#2153,#2152,#2110));
#2414=IFCFACEOUTERBOUND(#2413,.T.);
#2415=IFCFACE((#2414));
#2416=IFCPOLYLOOP((#2094,#2113,#2121));
#2417=IFCFACEOUTERBOUND(#2416,.T.);
#2418=IFCFACE((#2417));
#2419=IFCPOLYLOOP((#2120,#2093,#2121));
#2420=IFCFACEOUTERBOUND(#2419,.T.);
#2421=IFCFACE((#2420));
#2422=IFCPOLYLOOP((#2107,#2122,#2123));
#2423=IFCFACEOUTERBOUND(#2422,.T.);
#2424=IFCFACE((#2423));
#2425=IFCPOLYLOOP((#2114,#2122,#2107));
#2426=IFCFACEOUTERBOUND(#2425,.T.);
#2427=IFCFACE((#2426));
#2428=IFCPOLYLOOP((#2091,#2092,#2133));
#2429=IFCFACEOUTERBOUND(#2428,.T.);
#2430=IFCFACE((#2429));
#2431=IFCPOLYLOOP((#2120,#2121,#2111));
#2432=IFCFACEOUTERBOUND(#2431,.T.);
#2433=IFCFACE((#2432));
#2434=IFCPOLYLOOP((#2145,#2097,#2142));
#2435=IFCFACEOUTERBOUND(#2434,.T.);
#2436=IFCFACE((#2435));
#2437=IFCPOLYLOOP((#2111,#2116,#2105));
#2438=IFCFACEOUTERBOUND(#2437,.T.);
#2439=IFCFACE((#2438));
#2440=IFCPOLYLOOP((#2116,#2109,#2118));
#2441=IFCFACEOUTERBOUND(#2440,.T.);
#2442=IFCFACE((#2441));
#2443=IFCPOLYLOOP((#2118,#2119,#2116));
#2444=IFCFACEOUTERBOUND(#2443,.T.);
#2445=IFCFACE((#2444));
#2446=IFCPOLYLOOP((#2141,#2118,#2097));
#2447=IFCFACEOUTERBOUND(#2446,.T.);
#2448=IFCFACE((#2447));
#2449=IFCPOLYLOOP((#2117,#2105,#2119));
#2450=IFCFACEOUTERBOUND(#2449,.T.);
#2451=IFCFACE((#2450));
#2452=IFCPOLYLOOP((#2093,#2120,#2090));
#2453=IFCFACEOUTERBOUND(#2452,.T.);
#2454=IFCFACE((#2453));
#2455=IFCPOLYLOOP((#2092,#2087,#2127));
#2456=IFCFACEOUTERBOUND(#2455,.T.);
#2457=IFCFACE((#2456));
#2458=IFCPOLYLOOP((#2121,#2115,#2111));
#2459=IFCFACEOUTERBOUND(#2458,.T.);
#2460=IFCFACE((#2459));
#2461=IFCPOLYLOOP((#2094,#2121,#2093));
#2462=IFCFACEOUTERBOUND(#2461,.T.);
#2463=IFCFACE((#2462));
#2464=IFCPOLYLOOP((#2123,#2112,#2102));
#2465=IFCFACEOUTERBOUND(#2464,.T.);
#2466=IFCFACE((#2465));
#2467=IFCPOLYLOOP((#2112,#2123,#2122));
#2468=IFCFACEOUTERBOUND(#2467,.T.);
#2469=IFCFACE((#2468));
#2470=IFCPOLYLOOP((#2098,#2125,#2126));
#2471=IFCFACEOUTERBOUND(#2470,.T.);
#2472=IFCFACE((#2471));
#2473=IFCPOLYLOOP((#2123,#2102,#2126));
#2474=IFCFACEOUTERBOUND(#2473,.T.);
#2475=IFCFACE((#2474));
#2476=IFCPOLYLOOP((#2100,#2128,#2124));
#2477=IFCFACEOUTERBOUND(#2476,.T.);
#2478=IFCFACE((#2477));
#2479=IFCPOLYLOOP((#2102,#2124,#2126));
#2480=IFCFACEOUTERBOUND(#2479,.T.);
#2481=IFCFACE((#2480));
#2482=IFCPOLYLOOP((#2126,#2124,#2128));
#2483=IFCFACEOUTERBOUND(#2482,.T.);
#2484=IFCFACE((#2483));
#2485=IFCPOLYLOOP((#2133,#2122,#2114));
#2486=IFCFACEOUTERBOUND(#2485,.T.);
#2487=IFCFACE((#2486));
#2488=IFCPOLYLOOP((#2100,#2130,#2132));
#2489=IFCFACEOUTERBOUND(#2488,.T.);
#2490=IFCFACE((#2489));
#2491=IFCPOLYLOOP((#2126,#2128,#2098));
#2492=IFCFACEOUTERBOUND(#2491,.T.);
#2493=IFCFACE((#2492));
#2494=IFCPOLYLOOP((#2128,#2100,#2132));
#2495=IFCFACEOUTERBOUND(#2494,.T.);
#2496=IFCFACE((#2495));
#2497=IFCPOLYLOOP((#2129,#2098,#2128));
#2498=IFCFACEOUTERBOUND(#2497,.T.);
#2499=IFCFACE((#2498));
#2500=IFCPOLYLOOP((#2135,#2131,#2134));
#2501=IFCFACEOUTERBOUND(#2500,.T.);
#2502=IFCFACE((#2501));
#2503=IFCPOLYLOOP((#2108,#2134,#2131));
#2504=IFCFACEOUTERBOUND(#2503,.T.);
#2505=IFCFACE((#2504));
#2506=IFCPOLYLOOP((#2134,#2132,#2130));
#2507=IFCFACEOUTERBOUND(#2506,.T.);
#2508=IFCFACE((#2507));
#2509=IFCPOLYLOOP((#2091,#2133,#2114));
#2510=IFCFACEOUTERBOUND(#2509,.T.);
#2511=IFCFACE((#2510));
#2512=IFCPOLYLOOP((#2127,#2133,#2092));
#2513=IFCFACEOUTERBOUND(#2512,.T.);
#2514=IFCFACE((#2513));
#2515=IFCPOLYLOOP((#2132,#2134,#2108));
#2516=IFCFACEOUTERBOUND(#2515,.T.);
#2517=IFCFACE((#2516));
#2518=IFCPOLYLOOP((#2104,#2134,#2130));
#2519=IFCFACEOUTERBOUND(#2518,.T.);
#2520=IFCFACE((#2519));
#2521=IFCPOLYLOOP((#2139,#2138,#2140));
#2522=IFCFACEOUTERBOUND(#2521,.T.);
#2523=IFCFACE((#2522));
#2524=IFCPOLYLOOP((#2096,#2131,#2135));
#2525=IFCFACEOUTERBOUND(#2524,.T.);
#2526=IFCFACE((#2525));
#2527=IFCPOLYLOOP((#2138,#2137,#2136));
#2528=IFCFACEOUTERBOUND(#2527,.T.);
#2529=IFCFACE((#2528));
#2530=IFCPOLYLOOP((#2140,#2110,#2139));
#2531=IFCFACEOUTERBOUND(#2530,.T.);
#2532=IFCFACE((#2531));
#2533=IFCPOLYLOOP((#2137,#2138,#2135));
#2534=IFCFACEOUTERBOUND(#2533,.T.);
#2535=IFCFACE((#2534));
#2536=IFCPOLYLOOP((#2135,#2138,#2096));
#2537=IFCFACEOUTERBOUND(#2536,.T.);
#2538=IFCFACE((#2537));
#2539=IFCPOLYLOOP((#2138,#2136,#2140));
#2540=IFCFACEOUTERBOUND(#2539,.T.);
#2541=IFCFACE((#2540));
#2542=IFCPOLYLOOP((#2136,#2099,#2140));
#2543=IFCFACEOUTERBOUND(#2542,.T.);
#2544=IFCFACE((#2543));
#2545=IFCPOLYLOOP((#2099,#2152,#2153));
#2546=IFCFACEOUTERBOUND(#2545,.T.);
#2547=IFCFACE((#2546));
#2548=IFCPOLYLOOP((#2118,#2141,#2119));
#2549=IFCFACEOUTERBOUND(#2548,.T.);
#2550=IFCFACE((#2549));
#2551=IFCPOLYLOOP((#2142,#2144,#2145));
#2552=IFCFACEOUTERBOUND(#2551,.T.);
#2553=IFCFACE((#2552));
#2554=IFCPOLYLOOP((#2146,#2144,#2106));
#2555=IFCFACEOUTERBOUND(#2554,.T.);
#2556=IFCFACE((#2555));
#2557=IFCPOLYLOOP((#2146,#2143,#2144));
#2558=IFCFACEOUTERBOUND(#2557,.T.);
#2559=IFCFACE((#2558));
#2560=IFCPOLYLOOP((#2145,#2144,#2101));
#2561=IFCFACEOUTERBOUND(#2560,.T.);
#2562=IFCFACE((#2561));
#2563=IFCPOLYLOOP((#2143,#2101,#2144));
#2564=IFCFACEOUTERBOUND(#2563,.T.);
#2565=IFCFACE((#2564));
#2566=IFCPOLYLOOP((#2117,#2145,#2101));
#2567=IFCFACEOUTERBOUND(#2566,.T.);
#2568=IFCFACE((#2567));
#2569=IFCPOLYLOOP((#2097,#2145,#2141));
#2570=IFCFACEOUTERBOUND(#2569,.T.);
#2571=IFCFACE((#2570));
#2572=IFCPOLYLOOP((#2147,#2095,#2148));
#2573=IFCFACEOUTERBOUND(#2572,.T.);
#2574=IFCFACE((#2573));
#2575=IFCPOLYLOOP((#2103,#2143,#2146));
#2576=IFCFACEOUTERBOUND(#2575,.T.);
#2577=IFCFACE((#2576));
#2578=IFCPOLYLOOP((#2146,#2106,#2147));
#2579=IFCFACEOUTERBOUND(#2578,.T.);
#2580=IFCFACE((#2579));
#2581=IFCPOLYLOOP((#2152,#2150,#2151));
#2582=IFCFACEOUTERBOUND(#2581,.T.);
#2583=IFCFACE((#2582));
#2584=IFCPOLYLOOP((#2146,#2148,#2103));
#2585=IFCFACEOUTERBOUND(#2584,.T.);
#2586=IFCFACE((#2585));
#2587=IFCPOLYLOOP((#2110,#2152,#2151));
#2588=IFCFACEOUTERBOUND(#2587,.T.);
#2589=IFCFACE((#2588));
#2590=IFCPOLYLOOP((#2103,#2148,#2150));
#2591=IFCFACEOUTERBOUND(#2590,.T.);
#2592=IFCFACE((#2591));
#2593=IFCPOLYLOOP((#2103,#2150,#2149));
#2594=IFCFACEOUTERBOUND(#2593,.T.);
#2595=IFCFACE((#2594));
#2596=IFCPOLYLOOP((#2152,#2149,#2150));
#2597=IFCFACEOUTERBOUND(#2596,.T.);
#2598=IFCFACE((#2597));
#2599=IFCPOLYLOOP((#2150,#2095,#2151));
#2600=IFCFACEOUTERBOUND(#2599,.T.);
#2601=IFCFACE((#2600));
#2602=IFCPOLYLOOP((#2099,#2149,#2152));
#2603=IFCFACEOUTERBOUND(#2602,.T.);
#2604=IFCFACE((#2603));
#2605=IFCPOLYLOOP((#2110,#2140,#2153));
#2606=IFCFACEOUTERBOUND(#2605,.T.);
#2607=IFCFACE((#2606));
#2608=IFCPOLYLOOP((#2099,#2153,#2140));
#2609=IFCFACEOUTERBOUND(#2608,.T.);
#2610=IFCFACE((#2609));
#2611=IFCPOLYLOOP((#2081,#2080,#2154,#2155));
#2612=IFCFACEOUTERBOUND(#2611,.T.);
#2613=IFCFACE((#2612));
#2614=IFCPOLYLOOP((#2086,#2085,#2156,#2157));
#2615=IFCFACEOUTERBOUND(#2614,.T.);
#2616=IFCFACE((#2615));
#2617=IFCPOLYLOOP((#2090,#2089,#2158,#2159,#2187,#2178,#2172,#2184,#2168,#2210,#2170,#2216,#2166,#2203,#2204,#2171,#2197,#2167,#2191,#2169,#2179,#2194));
#2618=IFCFACEOUTERBOUND(#2617,.T.);
#2619=IFCFACE((#2618));
#2620=IFCPOLYLOOP((#2205,#2206,#2163));
#2621=IFCFACEOUTERBOUND(#2620,.T.);
#2622=IFCFACE((#2621));
#2623=IFCPOLYLOOP((#2202,#2171,#2204));
#2624=IFCFACEOUTERBOUND(#2623,.T.);
#2625=IFCFACE((#2624));
#2626=IFCPOLYLOOP((#2178,#2182,#2183));
#2627=IFCFACEOUTERBOUND(#2626,.T.);
#2628=IFCFACE((#2627));
#2629=IFCPOLYLOOP((#2184,#2186,#2208));
#2630=IFCFACEOUTERBOUND(#2629,.T.);
#2631=IFCFACE((#2630));
#2632=IFCPOLYLOOP((#2182,#2180,#2176));
#2633=IFCFACEOUTERBOUND(#2632,.T.);
#2634=IFCFACE((#2633));
#2635=IFCPOLYLOOP((#2183,#2182,#2176));
#2636=IFCFACEOUTERBOUND(#2635,.T.);
#2637=IFCFACE((#2636));
#2638=IFCPOLYLOOP((#2196,#2199,#2175));
#2639=IFCFACEOUTERBOUND(#2638,.T.);
#2640=IFCFACE((#2639));
#2641=IFCPOLYLOOP((#2211,#2209,#2173));
#2642=IFCFACEOUTERBOUND(#2641,.T.);
#2643=IFCFACE((#2642));
#2644=IFCPOLYLOOP((#2192,#2174,#2190));
#2645=IFCFACEOUTERBOUND(#2644,.T.);
#2646=IFCFACE((#2645));
#2647=IFCPOLYLOOP((#2200,#2194,#2179));
#2648=IFCFACEOUTERBOUND(#2647,.T.);
#2649=IFCFACE((#2648));
#2650=IFCPOLYLOOP((#2213,#2214,#2215));
#2651=IFCFACEOUTERBOUND(#2650,.T.);
#2652=IFCFACE((#2651));
#2653=IFCPOLYLOOP((#2179,#2189,#2200));
#2654=IFCFACEOUTERBOUND(#2653,.T.);
#2655=IFCFACE((#2654));
#2656=IFCPOLYLOOP((#2162,#2217,#2215));
#2657=IFCFACEOUTERBOUND(#2656,.T.);
#2658=IFCFACE((#2657));
#2659=IFCPOLYLOOP((#2171,#2202,#2201));
#2660=IFCFACEOUTERBOUND(#2659,.T.);
#2661=IFCFACE((#2660));
#2662=IFCPOLYLOOP((#2172,#2183,#2186));
#2663=IFCFACEOUTERBOUND(#2662,.T.);
#2664=IFCFACE((#2663));
#2665=IFCPOLYLOOP((#2184,#2208,#2212));
#2666=IFCFACEOUTERBOUND(#2665,.T.);
#2667=IFCFACE((#2666));
#2668=IFCPOLYLOOP((#2190,#2193,#2192));
#2669=IFCFACEOUTERBOUND(#2668,.T.);
#2670=IFCFACE((#2669));
#2671=IFCPOLYLOOP((#2199,#2196,#2195));
#2672=IFCFACEOUTERBOUND(#2671,.T.);
#2673=IFCFACE((#2672));
#2674=IFCPOLYLOOP((#2180,#2182,#2188));
#2675=IFCFACEOUTERBOUND(#2674,.T.);
#2676=IFCFACE((#2675));
#2677=IFCPOLYLOOP((#2220,#2219,#2177));
#2678=IFCFACEOUTERBOUND(#2677,.T.);
#2679=IFCFACE((#2678));
#2680=IFCPOLYLOOP((#2161,#2180,#2188));
#2681=IFCFACEOUTERBOUND(#2680,.T.);
#2682=IFCFACE((#2681));
#2683=IFCPOLYLOOP((#2187,#2160,#2188));
#2684=IFCFACEOUTERBOUND(#2683,.T.);
#2685=IFCFACE((#2684));
#2686=IFCPOLYLOOP((#2174,#2189,#2190));
#2687=IFCFACEOUTERBOUND(#2686,.T.);
#2688=IFCFACE((#2687));
#2689=IFCPOLYLOOP((#2181,#2189,#2174));
#2690=IFCFACEOUTERBOUND(#2689,.T.);
#2691=IFCFACE((#2690));
#2692=IFCPOLYLOOP((#2094,#2093,#2200));
#2693=IFCFACEOUTERBOUND(#2692,.T.);
#2694=IFCFACE((#2693));
#2695=IFCPOLYLOOP((#2187,#2188,#2178));
#2696=IFCFACEOUTERBOUND(#2695,.T.);
#2697=IFCFACE((#2696));
#2698=IFCPOLYLOOP((#2212,#2164,#2209));
#2699=IFCFACEOUTERBOUND(#2698,.T.);
#2700=IFCFACE((#2699));
#2701=IFCPOLYLOOP((#2178,#2183,#2172));
#2702=IFCFACEOUTERBOUND(#2701,.T.);
#2703=IFCFACE((#2702));
#2704=IFCPOLYLOOP((#2183,#2176,#2185));
#2705=IFCFACEOUTERBOUND(#2704,.T.);
#2706=IFCFACE((#2705));
#2707=IFCPOLYLOOP((#2185,#2186,#2183));
#2708=IFCFACEOUTERBOUND(#2707,.T.);
#2709=IFCFACE((#2708));
#2710=IFCPOLYLOOP((#2208,#2185,#2164));
#2711=IFCFACEOUTERBOUND(#2710,.T.);
#2712=IFCFACE((#2711));
#2713=IFCPOLYLOOP((#2184,#2172,#2186));
#2714=IFCFACEOUTERBOUND(#2713,.T.);
#2715=IFCFACE((#2714));
#2716=IFCPOLYLOOP((#2160,#2187,#2159));
#2717=IFCFACEOUTERBOUND(#2716,.T.);
#2718=IFCFACE((#2717));
#2719=IFCPOLYLOOP((#2093,#2090,#2194));
#2720=IFCFACEOUTERBOUND(#2719,.T.);
#2721=IFCFACE((#2720));
#2722=IFCPOLYLOOP((#2188,#2182,#2178));
#2723=IFCFACEOUTERBOUND(#2722,.T.);
#2724=IFCFACE((#2723));
#2725=IFCPOLYLOOP((#2161,#2188,#2160));
#2726=IFCFACEOUTERBOUND(#2725,.T.);
#2727=IFCFACE((#2726));
#2728=IFCPOLYLOOP((#2190,#2179,#2169));
#2729=IFCFACEOUTERBOUND(#2728,.T.);
#2730=IFCFACE((#2729));
#2731=IFCPOLYLOOP((#2179,#2190,#2189));
#2732=IFCFACEOUTERBOUND(#2731,.T.);
#2733=IFCFACE((#2732));
#2734=IFCPOLYLOOP((#2165,#2192,#2193));
#2735=IFCFACEOUTERBOUND(#2734,.T.);
#2736=IFCFACE((#2735));
#2737=IFCPOLYLOOP((#2190,#2169,#2193));
#2738=IFCFACEOUTERBOUND(#2737,.T.);
#2739=IFCFACE((#2738));
#2740=IFCPOLYLOOP((#2167,#2195,#2191));
#2741=IFCFACEOUTERBOUND(#2740,.T.);
#2742=IFCFACE((#2741));
#2743=IFCPOLYLOOP((#2169,#2191,#2193));
#2744=IFCFACEOUTERBOUND(#2743,.T.);
#2745=IFCFACE((#2744));
#2746=IFCPOLYLOOP((#2193,#2191,#2195));
#2747=IFCFACEOUTERBOUND(#2746,.T.);
#2748=IFCFACE((#2747));
#2749=IFCPOLYLOOP((#2200,#2189,#2181));
#2750=IFCFACEOUTERBOUND(#2749,.T.);
#2751=IFCFACE((#2750));
#2752=IFCPOLYLOOP((#2167,#2197,#2199));
#2753=IFCFACEOUTERBOUND(#2752,.T.);
#2754=IFCFACE((#2753));
#2755=IFCPOLYLOOP((#2193,#2195,#2165));
#2756=IFCFACEOUTERBOUND(#2755,.T.);
#2757=IFCFACE((#2756));
#2758=IFCPOLYLOOP((#2195,#2167,#2199));
#2759=IFCFACEOUTERBOUND(#2758,.T.);
#2760=IFCFACE((#2759));
#2761=IFCPOLYLOOP((#2196,#2165,#2195));
#2762=IFCFACEOUTERBOUND(#2761,.T.);
#2763=IFCFACE((#2762));
#2764=IFCPOLYLOOP((#2202,#2198,#2201));
#2765=IFCFACEOUTERBOUND(#2764,.T.);
#2766=IFCFACE((#2765));
#2767=IFCPOLYLOOP((#2175,#2201,#2198));
#2768=IFCFACEOUTERBOUND(#2767,.T.);
#2769=IFCFACE((#2768));
#2770=IFCPOLYLOOP((#2201,#2199,#2197));
#2771=IFCFACEOUTERBOUND(#2770,.T.);
#2772=IFCFACE((#2771));
#2773=IFCPOLYLOOP((#2094,#2200,#2181));
#2774=IFCFACEOUTERBOUND(#2773,.T.);
#2775=IFCFACE((#2774));
#2776=IFCPOLYLOOP((#2194,#2200,#2093));
#2777=IFCFACEOUTERBOUND(#2776,.T.);
#2778=IFCFACE((#2777));
#2779=IFCPOLYLOOP((#2199,#2201,#2175));
#2780=IFCFACEOUTERBOUND(#2779,.T.);
#2781=IFCFACE((#2780));
#2782=IFCPOLYLOOP((#2171,#2201,#2197));
#2783=IFCFACEOUTERBOUND(#2782,.T.);
#2784=IFCFACE((#2783));
#2785=IFCPOLYLOOP((#2206,#2205,#2207));
#2786=IFCFACEOUTERBOUND(#2785,.T.);
#2787=IFCFACE((#2786));
#2788=IFCPOLYLOOP((#2163,#2198,#2202));
#2789=IFCFACEOUTERBOUND(#2788,.T.);
#2790=IFCFACE((#2789));
#2791=IFCPOLYLOOP((#2205,#2204,#2203));
#2792=IFCFACEOUTERBOUND(#2791,.T.);
#2793=IFCFACE((#2792));
#2794=IFCPOLYLOOP((#2207,#2177,#2206));
#2795=IFCFACEOUTERBOUND(#2794,.T.);
#2796=IFCFACE((#2795));
#2797=IFCPOLYLOOP((#2204,#2205,#2202));
#2798=IFCFACEOUTERBOUND(#2797,.T.);
#2799=IFCFACE((#2798));
#2800=IFCPOLYLOOP((#2202,#2205,#2163));
#2801=IFCFACEOUTERBOUND(#2800,.T.);
#2802=IFCFACE((#2801));
#2803=IFCPOLYLOOP((#2205,#2203,#2207));
#2804=IFCFACEOUTERBOUND(#2803,.T.);
#2805=IFCFACE((#2804));
#2806=IFCPOLYLOOP((#2203,#2166,#2207));
#2807=IFCFACEOUTERBOUND(#2806,.T.);
#2808=IFCFACE((#2807));
#2809=IFCPOLYLOOP((#2166,#2219,#2220));
#2810=IFCFACEOUTERBOUND(#2809,.T.);
#2811=IFCFACE((#2810));
#2812=IFCPOLYLOOP((#2185,#2208,#2186));
#2813=IFCFACEOUTERBOUND(#2812,.T.);
#2814=IFCFACE((#2813));
#2815=IFCPOLYLOOP((#2209,#2211,#2212));
#2816=IFCFACEOUTERBOUND(#2815,.T.);
#2817=IFCFACE((#2816));
#2818=IFCPOLYLOOP((#2213,#2211,#2173));
#2819=IFCFACEOUTERBOUND(#2818,.T.);
#2820=IFCFACE((#2819));
#2821=IFCPOLYLOOP((#2213,#2210,#2211));
#2822=IFCFACEOUTERBOUND(#2821,.T.);
#2823=IFCFACE((#2822));
#2824=IFCPOLYLOOP((#2212,#2211,#2168));
#2825=IFCFACEOUTERBOUND(#2824,.T.);
#2826=IFCFACE((#2825));
#2827=IFCPOLYLOOP((#2210,#2168,#2211));
#2828=IFCFACEOUTERBOUND(#2827,.T.);
#2829=IFCFACE((#2828));
#2830=IFCPOLYLOOP((#2184,#2212,#2168));
#2831=IFCFACEOUTERBOUND(#2830,.T.);
#2832=IFCFACE((#2831));
#2833=IFCPOLYLOOP((#2164,#2212,#2208));
#2834=IFCFACEOUTERBOUND(#2833,.T.);
#2835=IFCFACE((#2834));
#2836=IFCPOLYLOOP((#2214,#2162,#2215));
#2837=IFCFACEOUTERBOUND(#2836,.T.);
#2838=IFCFACE((#2837));
#2839=IFCPOLYLOOP((#2170,#2210,#2213));
#2840=IFCFACEOUTERBOUND(#2839,.T.);
#2841=IFCFACE((#2840));
#2842=IFCPOLYLOOP((#2213,#2173,#2214));
#2843=IFCFACEOUTERBOUND(#2842,.T.);
#2844=IFCFACE((#2843));
#2845=IFCPOLYLOOP((#2219,#2217,#2218));
#2846=IFCFACEOUTERBOUND(#2845,.T.);
#2847=IFCFACE((#2846));
#2848=IFCPOLYLOOP((#2213,#2215,#2170));
#2849=IFCFACEOUTERBOUND(#2848,.T.);
#2850=IFCFACE((#2849));
#2851=IFCPOLYLOOP((#2177,#2219,#2218));
#2852=IFCFACEOUTERBOUND(#2851,.T.);
#2853=IFCFACE((#2852));
#2854=IFCPOLYLOOP((#2170,#2215,#2217));
#2855=IFCFACEOUTERBOUND(#2854,.T.);
#2856=IFCFACE((#2855));
#2857=IFCPOLYLOOP((#2170,#2217,#2216));
#2858=IFCFACEOUTERBOUND(#2857,.T.);
#2859=IFCFACE((#2858));
#2860=IFCPOLYLOOP((#2219,#2216,#2217));
#2861=IFCFACEOUTERBOUND(#2860,.T.);
#2862=IFCFACE((#2861));
#2863=IFCPOLYLOOP((#2217,#2162,#2218));
#2864=IFCFACEOUTERBOUND(#2863,.T.);
#2865=IFCFACE((#2864));
#2866=IFCPOLYLOOP((#2166,#2216,#2219));
#2867=IFCFACEOUTERBOUND(#2866,.T.);
#2868=IFCFACE((#2867));
#2869=IFCPOLYLOOP((#2177,#2207,#2220));
#2870=IFCFACEOUTERBOUND(#2869,.T.);
#2871=IFCFACE((#2870));
#2872=IFCPOLYLOOP((#2166,#2220,#2207));
#2873=IFCFACEOUTERBOUND(#2872,.T.);
#2874=IFCFACE((#2873));
#2875=IFCPOLYLOOP((#2155,#2154,#2221,#2222));
#2876=IFCFACEOUTERBOUND(#2875,.T.);
#2877=IFCFACE((#2876));
#2878=IFCPOLYLOOP((#2157,#2156,#2223,#2224));
#2879=IFCFACEOUTERBOUND(#2878,.T.);
#2880=IFCFACE((#2879));
#2881=IFCPOLYLOOP((#2159,#2158,#2225,#2226,#2254,#2245,#2239,#2251,#2235,#2277,#2237,#2283,#2233,#2270,#2271,#2238,#2264,#2234,#2258,#2236,#2246,#2261));
#2882=IFCFACEOUTERBOUND(#2881,.T.);
#2883=IFCFACE((#2882));
#2884=IFCPOLYLOOP((#2272,#2273,#2230));
#2885=IFCFACEOUTERBOUND(#2884,.T.);
#2886=IFCFACE((#2885));
#2887=IFCPOLYLOOP((#2269,#2238,#2271));
#2888=IFCFACEOUTERBOUND(#2887,.T.);
#2889=IFCFACE((#2888));
#2890=IFCPOLYLOOP((#2245,#2249,#2250));
#2891=IFCFACEOUTERBOUND(#2890,.T.);
#2892=IFCFACE((#2891));
#2893=IFCPOLYLOOP((#2251,#2253,#2275));
#2894=IFCFACEOUTERBOUND(#2893,.T.);
#2895=IFCFACE((#2894));
#2896=IFCPOLYLOOP((#2249,#2247,#2243));
#2897=IFCFACEOUTERBOUND(#2896,.T.);
#2898=IFCFACE((#2897));
#2899=IFCPOLYLOOP((#2250,#2249,#2243));
#2900=IFCFACEOUTERBOUND(#2899,.T.);
#2901=IFCFACE((#2900));
#2902=IFCPOLYLOOP((#2263,#2266,#2242));
#2903=IFCFACEOUTERBOUND(#2902,.T.);
#2904=IFCFACE((#2903));
#2905=IFCPOLYLOOP((#2278,#2276,#2240));
#2906=IFCFACEOUTERBOUND(#2905,.T.);
#2907=IFCFACE((#2906));
#2908=IFCPOLYLOOP((#2259,#2241,#2257));
#2909=IFCFACEOUTERBOUND(#2908,.T.);
#2910=IFCFACE((#2909));
#2911=IFCPOLYLOOP((#2267,#2261,#2246));
#2912=IFCFACEOUTERBOUND(#2911,.T.);
#2913=IFCFACE((#2912));
#2914=IFCPOLYLOOP((#2280,#2281,#2282));
#2915=IFCFACEOUTERBOUND(#2914,.T.);
#2916=IFCFACE((#2915));
#2917=IFCPOLYLOOP((#2246,#2256,#2267));
#2918=IFCFACEOUTERBOUND(#2917,.T.);
#2919=IFCFACE((#2918));
#2920=IFCPOLYLOOP((#2229,#2284,#2282));
#2921=IFCFACEOUTERBOUND(#2920,.T.);
#2922=IFCFACE((#2921));
#2923=IFCPOLYLOOP((#2238,#2269,#2268));
#2924=IFCFACEOUTERBOUND(#2923,.T.);
#2925=IFCFACE((#2924));
#2926=IFCPOLYLOOP((#2239,#2250,#2253));
#2927=IFCFACEOUTERBOUND(#2926,.T.);
#2928=IFCFACE((#2927));
#2929=IFCPOLYLOOP((#2251,#2275,#2279));
#2930=IFCFACEOUTERBOUND(#2929,.T.);
#2931=IFCFACE((#2930));
#2932=IFCPOLYLOOP((#2257,#2260,#2259));
#2933=IFCFACEOUTERBOUND(#2932,.T.);
#2934=IFCFACE((#2933));
#2935=IFCPOLYLOOP((#2266,#2263,#2262));
#2936=IFCFACEOUTERBOUND(#2935,.T.);
#2937=IFCFACE((#2936));
#2938=IFCPOLYLOOP((#2247,#2249,#2255));
#2939=IFCFACEOUTERBOUND(#2938,.T.);
#2940=IFCFACE((#2939));
#2941=IFCPOLYLOOP((#2287,#2286,#2244));
#2942=IFCFACEOUTERBOUND(#2941,.T.);
#2943=IFCFACE((#2942));
#2944=IFCPOLYLOOP((#2228,#2247,#2255));
#2945=IFCFACEOUTERBOUND(#2944,.T.);
#2946=IFCFACE((#2945));
#2947=IFCPOLYLOOP((#2254,#2227,#2255));
#2948=IFCFACEOUTERBOUND(#2947,.T.);
#2949=IFCFACE((#2948));
#2950=IFCPOLYLOOP((#2241,#2256,#2257));
#2951=IFCFACEOUTERBOUND(#2950,.T.);
#2952=IFCFACE((#2951));
#2953=IFCPOLYLOOP((#2248,#2256,#2241));
#2954=IFCFACEOUTERBOUND(#2953,.T.);
#2955=IFCFACE((#2954));
#2956=IFCPOLYLOOP((#2161,#2160,#2267));
#2957=IFCFACEOUTERBOUND(#2956,.T.);
#2958=IFCFACE((#2957));
#2959=IFCPOLYLOOP((#2254,#2255,#2245));
#2960=IFCFACEOUTERBOUND(#2959,.T.);
#2961=IFCFACE((#2960));
#2962=IFCPOLYLOOP((#2279,#2231,#2276));
#2963=IFCFACEOUTERBOUND(#2962,.T.);
#2964=IFCFACE((#2963));
#2965=IFCPOLYLOOP((#2245,#2250,#2239));
#2966=IFCFACEOUTERBOUND(#2965,.T.);
#2967=IFCFACE((#2966));
#2968=IFCPOLYLOOP((#2250,#2243,#2252));
#2969=IFCFACEOUTERBOUND(#2968,.T.);
#2970=IFCFACE((#2969));
#2971=IFCPOLYLOOP((#2252,#2253,#2250));
#2972=IFCFACEOUTERBOUND(#2971,.T.);
#2973=IFCFACE((#2972));
#2974=IFCPOLYLOOP((#2275,#2252,#2231));
#2975=IFCFACEOUTERBOUND(#2974,.T.);
#2976=IFCFACE((#2975));
#2977=IFCPOLYLOOP((#2251,#2239,#2253));
#2978=IFCFACEOUTERBOUND(#2977,.T.);
#2979=IFCFACE((#2978));
#2980=IFCPOLYLOOP((#2227,#2254,#2226));
#2981=IFCFACEOUTERBOUND(#2980,.T.);
#2982=IFCFACE((#2981));
#2983=IFCPOLYLOOP((#2160,#2159,#2261));
#2984=IFCFACEOUTERBOUND(#2983,.T.);
#2985=IFCFACE((#2984));
#2986=IFCPOLYLOOP((#2255,#2249,#2245));
#2987=IFCFACEOUTERBOUND(#2986,.T.);
#2988=IFCFACE((#2987));
#2989=IFCPOLYLOOP((#2228,#2255,#2227));
#2990=IFCFACEOUTERBOUND(#2989,.T.);
#2991=IFCFACE((#2990));
#2992=IFCPOLYLOOP((#2257,#2246,#2236));
#2993=IFCFACEOUTERBOUND(#2992,.T.);
#2994=IFCFACE((#2993));
#2995=IFCPOLYLOOP((#2246,#2257,#2256));
#2996=IFCFACEOUTERBOUND(#2995,.T.);
#2997=IFCFACE((#2996));
#2998=IFCPOLYLOOP((#2232,#2259,#2260));
#2999=IFCFACEOUTERBOUND(#2998,.T.);
#3000=IFCFACE((#2999));
#3001=IFCPOLYLOOP((#2257,#2236,#2260));
#3002=IFCFACEOUTERBOUND(#3001,.T.);
#3003=IFCFACE((#3002));
#3004=IFCPOLYLOOP((#2234,#2262,#2258));
#3005=IFCFACEOUTERBOUND(#3004,.T.);
#3006=IFCFACE((#3005));
#3007=IFCPOLYLOOP((#2236,#2258,#2260));
#3008=IFCFACEOUTERBOUND(#3007,.T.);
#3009=IFCFACE((#3008));
#3010=IFCPOLYLOOP((#2260,#2258,#2262));
#3011=IFCFACEOUTERBOUND(#3010,.T.);
#3012=IFCFACE((#3011));
#3013=IFCPOLYLOOP((#2267,#2256,#2248));
#3014=IFCFACEOUTERBOUND(#3013,.T.);
#3015=IFCFACE((#3014));
#3016=IFCPOLYLOOP((#2234,#2264,#2266));
#3017=IFCFACEOUTERBOUND(#3016,.T.);
#3018=IFCFACE((#3017));
#3019=IFCPOLYLOOP((#2260,#2262,#2232));
#3020=IFCFACEOUTERBOUND(#3019,.T.);
#3021=IFCFACE((#3020));
#3022=IFCPOLYLOOP((#2262,#2234,#2266));
#3023=IFCFACEOUTERBOUND(#3022,.T.);
#3024=IFCFACE((#3023));
#3025=IFCPOLYLOOP((#2263,#2232,#2262));
#3026=IFCFACEOUTERBOUND(#3025,.T.);
#3027=IFCFACE((#3026));
#3028=IFCPOLYLOOP((#2269,#2265,#2268));
#3029=IFCFACEOUTERBOUND(#3028,.T.);
#3030=IFCFACE((#3029));
#3031=IFCPOLYLOOP((#2242,#2268,#2265));
#3032=IFCFACEOUTERBOUND(#3031,.T.);
#3033=IFCFACE((#3032));
#3034=IFCPOLYLOOP((#2268,#2266,#2264));
#3035=IFCFACEOUTERBOUND(#3034,.T.);
#3036=IFCFACE((#3035));
#3037=IFCPOLYLOOP((#2161,#2267,#2248));
#3038=IFCFACEOUTERBOUND(#3037,.T.);
#3039=IFCFACE((#3038));
#3040=IFCPOLYLOOP((#2261,#2267,#2160));
#3041=IFCFACEOUTERBOUND(#3040,.T.);
#3042=IFCFACE((#3041));
#3043=IFCPOLYLOOP((#2266,#2268,#2242));
#3044=IFCFACEOUTERBOUND(#3043,.T.);
#3045=IFCFACE((#3044));
#3046=IFCPOLYLOOP((#2238,#2268,#2264));
#3047=IFCFACEOUTERBOUND(#3046,.T.);
#3048=IFCFACE((#3047));
#3049=IFCPOLYLOOP((#2273,#2272,#2274));
#3050=IFCFACEOUTERBOUND(#3049,.T.);
#3051=IFCFACE((#3050));
#3052=IFCPOLYLOOP((#2230,#2265,#2269));
#3053=IFCFACEOUTERBOUND(#3052,.T.);
#3054=IFCFACE((#3053));
#3055=IFCPOLYLOOP((#2272,#2271,#2270));
#3056=IFCFACEOUTERBOUND(#3055,.T.);
#3057=IFCFACE((#3056));
#3058=IFCPOLYLOOP((#2274,#2244,#2273));
#3059=IFCFACEOUTERBOUND(#3058,.T.);
#3060=IFCFACE((#3059));
#3061=IFCPOLYLOOP((#2271,#2272,#2269));
#3062=IFCFACEOUTERBOUND(#3061,.T.);
#3063=IFCFACE((#3062));
#3064=IFCPOLYLOOP((#2269,#2272,#2230));
#3065=IFCFACEOUTERBOUND(#3064,.T.);
#3066=IFCFACE((#3065));
#3067=IFCPOLYLOOP((#2272,#2270,#2274));
#3068=IFCFACEOUTERBOUND(#3067,.T.);
#3069=IFCFACE((#3068));
#3070=IFCPOLYLOOP((#2270,#2233,#2274));
#3071=IFCFACEOUTERBOUND(#3070,.T.);
#3072=IFCFACE((#3071));
#3073=IFCPOLYLOOP((#2233,#2286,#2287));
#3074=IFCFACEOUTERBOUND(#3073,.T.);
#3075=IFCFACE((#3074));
#3076=IFCPOLYLOOP((#2252,#2275,#2253));
#3077=IFCFACEOUTERBOUND(#3076,.T.);
#3078=IFCFACE((#3077));
#3079=IFCPOLYLOOP((#2276,#2278,#2279));
#3080=IFCFACEOUTERBOUND(#3079,.T.);
#3081=IFCFACE((#3080));
#3082=IFCPOLYLOOP((#2280,#2278,#2240));
#3083=IFCFACEOUTERBOUND(#3082,.T.);
#3084=IFCFACE((#3083));
#3085=IFCPOLYLOOP((#2280,#2277,#2278));
#3086=IFCFACEOUTERBOUND(#3085,.T.);
#3087=IFCFACE((#3086));
#3088=IFCPOLYLOOP((#2279,#2278,#2235));
#3089=IFCFACEOUTERBOUND(#3088,.T.);
#3090=IFCFACE((#3089));
#3091=IFCPOLYLOOP((#2277,#2235,#2278));
#3092=IFCFACEOUTERBOUND(#3091,.T.);
#3093=IFCFACE((#3092));
#3094=IFCPOLYLOOP((#2251,#2279,#2235));
#3095=IFCFACEOUTERBOUND(#3094,.T.);
#3096=IFCFACE((#3095));
#3097=IFCPOLYLOOP((#2231,#2279,#2275));
#3098=IFCFACEOUTERBOUND(#3097,.T.);
#3099=IFCFACE((#3098));
#3100=IFCPOLYLOOP((#2281,#2229,#2282));
#3101=IFCFACEOUTERBOUND(#3100,.T.);
#3102=IFCFACE((#3101));
#3103=IFCPOLYLOOP((#2237,#2277,#2280));
#3104=IFCFACEOUTERBOUND(#3103,.T.);
#3105=IFCFACE((#3104));
#3106=IFCPOLYLOOP((#2280,#2240,#2281));
#3107=IFCFACEOUTERBOUND(#3106,.T.);
#3108=IFCFACE((#3107));
#3109=IFCPOLYLOOP((#2286,#2284,#2285));
#3110=IFCFACEOUTERBOUND(#3109,.T.);
#3111=IFCFACE((#3110));
#3112=IFCPOLYLOOP((#2280,#2282,#2237));
#3113=IFCFACEOUTERBOUND(#3112,.T.);
#3114=IFCFACE((#3113));
#3115=IFCPOLYLOOP((#2244,#2286,#2285));
#3116=IFCFACEOUTERBOUND(#3115,.T.);
#3117=IFCFACE((#3116));
#3118=IFCPOLYLOOP((#2237,#2282,#2284));
#3119=IFCFACEOUTERBOUND(#3118,.T.);
#3120=IFCFACE((#3119));
#3121=IFCPOLYLOOP((#2237,#2284,#2283));
#3122=IFCFACEOUTERBOUND(#3121,.T.);
#3123=IFCFACE((#3122));
#3124=IFCPOLYLOOP((#2286,#2283,#2284));
#3125=IFCFACEOUTERBOUND(#3124,.T.);
#3126=IFCFACE((#3125));
#3127=IFCPOLYLOOP((#2284,#2229,#2285));
#3128=IFCFACEOUTERBOUND(#3127,.T.);
#3129=IFCFACE((#3128));
#3130=IFCPOLYLOOP((#2233,#2283,#2286));
#3131=IFCFACEOUTERBOUND(#3130,.T.);
#3132=IFCFACE((#3131));
#3133=IFCPOLYLOOP((#2244,#2274,#2287));
#3134=IFCFACEOUTERBOUND(#3133,.T.);
#3135=IFCFACE((#3134));
#3136=IFCPOLYLOOP((#2233,#2287,#2274));
#3137=IFCFACEOUTERBOUND(#3136,.T.);
#3138=IFCFACE((#3137));
#3139=IFCPOLYLOOP((#2222,#2221,#2079,#2082));
#3140=IFCFACEOUTERBOUND(#3139,.T.);
#3141=IFCFACE((#3140));
#3142=IFCPOLYLOOP((#2222,#2223,#2156));
#3143=IFCFACEOUTERBOUND(#3142,.T.);
#3144=IFCFACE((#3143));
#3145=IFCPOLYLOOP((#2223,#2222,#2084));
#3146=IFCFACEOUTERBOUND(#3145,.T.);
#3147=IFCFACE((#3146));
#3148=IFCPOLYLOOP((#2156,#2155,#2222));
#3149=IFCFACEOUTERBOUND(#3148,.T.);
#3150=IFCFACE((#3149));
#3151=IFCPOLYLOOP((#2082,#2084,#2222));
#3152=IFCFACEOUTERBOUND(#3151,.T.);
#3153=IFCFACE((#3152));
#3154=IFCPOLYLOOP((#2084,#2082,#2085));
#3155=IFCFACEOUTERBOUND(#3154,.T.);
#3156=IFCFACE((#3155));
#3157=IFCPOLYLOOP((#2081,#2085,#2082));
#3158=IFCFACEOUTERBOUND(#3157,.T.);
#3159=IFCFACE((#3158));
#3160=IFCPOLYLOOP((#2085,#2081,#2155));
#3161=IFCFACEOUTERBOUND(#3160,.T.);
#3162=IFCFACE((#3161));
#3163=IFCPOLYLOOP((#2155,#2156,#2085));
#3164=IFCFACEOUTERBOUND(#3163,.T.);
#3165=IFCFACE((#3164));
#3166=IFCPOLYLOOP((#2224,#2223,#2084,#2083));
#3167=IFCFACEOUTERBOUND(#3166,.T.);
#3168=IFCFACE((#3167));
#3169=IFCPOLYLOOP((#2224,#2225,#2158));
#3170=IFCFACEOUTERBOUND(#3169,.T.);
#3171=IFCFACE((#3170));
#3172=IFCPOLYLOOP((#2225,#2224,#2088));
#3173=IFCFACEOUTERBOUND(#3172,.T.);
#3174=IFCFACE((#3173));
#3175=IFCPOLYLOOP((#2158,#2157,#2224));
#3176=IFCFACEOUTERBOUND(#3175,.T.);
#3177=IFCFACE((#3176));
#3178=IFCPOLYLOOP((#2083,#2088,#2224));
#3179=IFCFACEOUTERBOUND(#3178,.T.);
#3180=IFCFACE((#3179));
#3181=IFCPOLYLOOP((#2088,#2083,#2089));
#3182=IFCFACEOUTERBOUND(#3181,.T.);
#3183=IFCFACE((#3182));
#3184=IFCPOLYLOOP((#2086,#2089,#2083));
#3185=IFCFACEOUTERBOUND(#3184,.T.);
#3186=IFCFACE((#3185));
#3187=IFCPOLYLOOP((#2089,#2086,#2157));
#3188=IFCFACEOUTERBOUND(#3187,.T.);
#3189=IFCFACE((#3188));
#3190=IFCPOLYLOOP((#2157,#2158,#2089));
#3191=IFCFACEOUTERBOUND(#3190,.T.);
#3192=IFCFACE((#3191));
#3193=IFCPOLYLOOP((#2226,#2225,#2088,#2087,#2313,#2304,#2298,#2310,#2294,#2336,#2296,#2342,#2292,#2329,#2330,#2297,#2323,#2293,#2317,#2295,#2305,#2320));
#3194=IFCFACEOUTERBOUND(#3193,.T.);
#3195=IFCFACE((#3194));
#3196=IFCPOLYLOOP((#2331,#2332,#2289));
#3197=IFCFACEOUTERBOUND(#3196,.T.);
#3198=IFCFACE((#3197));
#3199=IFCPOLYLOOP((#2328,#2297,#2330));
#3200=IFCFACEOUTERBOUND(#3199,.T.);
#3201=IFCFACE((#3200));
#3202=IFCPOLYLOOP((#2304,#2308,#2309));
#3203=IFCFACEOUTERBOUND(#3202,.T.);
#3204=IFCFACE((#3203));
#3205=IFCPOLYLOOP((#2310,#2312,#2334));
#3206=IFCFACEOUTERBOUND(#3205,.T.);
#3207=IFCFACE((#3206));
#3208=IFCPOLYLOOP((#2308,#2306,#2302));
#3209=IFCFACEOUTERBOUND(#3208,.T.);
#3210=IFCFACE((#3209));
#3211=IFCPOLYLOOP((#2309,#2308,#2302));
#3212=IFCFACEOUTERBOUND(#3211,.T.);
#3213=IFCFACE((#3212));
#3214=IFCPOLYLOOP((#2322,#2325,#2301));
#3215=IFCFACEOUTERBOUND(#3214,.T.);
#3216=IFCFACE((#3215));
#3217=IFCPOLYLOOP((#2337,#2335,#2299));
#3218=IFCFACEOUTERBOUND(#3217,.T.);
#3219=IFCFACE((#3218));
#3220=IFCPOLYLOOP((#2318,#2300,#2316));
#3221=IFCFACEOUTERBOUND(#3220,.T.);
#3222=IFCFACE((#3221));
#3223=IFCPOLYLOOP((#2326,#2320,#2305));
#3224=IFCFACEOUTERBOUND(#3223,.T.);
#3225=IFCFACE((#3224));
#3226=IFCPOLYLOOP((#2339,#2340,#2341));
#3227=IFCFACEOUTERBOUND(#3226,.T.);
#3228=IFCFACE((#3227));
#3229=IFCPOLYLOOP((#2305,#2315,#2326));
#3230=IFCFACEOUTERBOUND(#3229,.T.);
#3231=IFCFACE((#3230));
#3232=IFCPOLYLOOP((#2288,#2343,#2341));
#3233=IFCFACEOUTERBOUND(#3232,.T.);
#3234=IFCFACE((#3233));
#3235=IFCPOLYLOOP((#2297,#2328,#2327));
#3236=IFCFACEOUTERBOUND(#3235,.T.);
#3237=IFCFACE((#3236));
#3238=IFCPOLYLOOP((#2298,#2309,#2312));
#3239=IFCFACEOUTERBOUND(#3238,.T.);
#3240=IFCFACE((#3239));
#3241=IFCPOLYLOOP((#2310,#2334,#2338));
#3242=IFCFACEOUTERBOUND(#3241,.T.);
#3243=IFCFACE((#3242));
#3244=IFCPOLYLOOP((#2316,#2319,#2318));
#3245=IFCFACEOUTERBOUND(#3244,.T.);
#3246=IFCFACE((#3245));
#3247=IFCPOLYLOOP((#2325,#2322,#2321));
#3248=IFCFACEOUTERBOUND(#3247,.T.);
#3249=IFCFACE((#3248));
#3250=IFCPOLYLOOP((#2306,#2308,#2314));
#3251=IFCFACEOUTERBOUND(#3250,.T.);
#3252=IFCFACE((#3251));
#3253=IFCPOLYLOOP((#2346,#2345,#2303));
#3254=IFCFACEOUTERBOUND(#3253,.T.);
#3255=IFCFACE((#3254));
#3256=IFCPOLYLOOP((#2091,#2306,#2314));
#3257=IFCFACEOUTERBOUND(#3256,.T.);
#3258=IFCFACE((#3257));
#3259=IFCPOLYLOOP((#2313,#2092,#2314));
#3260=IFCFACEOUTERBOUND(#3259,.T.);
#3261=IFCFACE((#3260));
#3262=IFCPOLYLOOP((#2300,#2315,#2316));
#3263=IFCFACEOUTERBOUND(#3262,.T.);
#3264=IFCFACE((#3263));
#3265=IFCPOLYLOOP((#2307,#2315,#2300));
#3266=IFCFACEOUTERBOUND(#3265,.T.);
#3267=IFCFACE((#3266));
#3268=IFCPOLYLOOP((#2228,#2227,#2326));
#3269=IFCFACEOUTERBOUND(#3268,.T.);
#3270=IFCFACE((#3269));
#3271=IFCPOLYLOOP((#2313,#2314,#2304));
#3272=IFCFACEOUTERBOUND(#3271,.T.);
#3273=IFCFACE((#3272));
#3274=IFCPOLYLOOP((#2338,#2290,#2335));
#3275=IFCFACEOUTERBOUND(#3274,.T.);
#3276=IFCFACE((#3275));
#3277=IFCPOLYLOOP((#2304,#2309,#2298));
#3278=IFCFACEOUTERBOUND(#3277,.T.);
#3279=IFCFACE((#3278));
#3280=IFCPOLYLOOP((#2309,#2302,#2311));
#3281=IFCFACEOUTERBOUND(#3280,.T.);
#3282=IFCFACE((#3281));
#3283=IFCPOLYLOOP((#2311,#2312,#2309));
#3284=IFCFACEOUTERBOUND(#3283,.T.);
#3285=IFCFACE((#3284));
#3286=IFCPOLYLOOP((#2334,#2311,#2290));
#3287=IFCFACEOUTERBOUND(#3286,.T.);
#3288=IFCFACE((#3287));
#3289=IFCPOLYLOOP((#2310,#2298,#2312));
#3290=IFCFACEOUTERBOUND(#3289,.T.);
#3291=IFCFACE((#3290));
#3292=IFCPOLYLOOP((#2092,#2313,#2087));
#3293=IFCFACEOUTERBOUND(#3292,.T.);
#3294=IFCFACE((#3293));
#3295=IFCPOLYLOOP((#2227,#2226,#2320));
#3296=IFCFACEOUTERBOUND(#3295,.T.);
#3297=IFCFACE((#3296));
#3298=IFCPOLYLOOP((#2314,#2308,#2304));
#3299=IFCFACEOUTERBOUND(#3298,.T.);
#3300=IFCFACE((#3299));
#3301=IFCPOLYLOOP((#2091,#2314,#2092));
#3302=IFCFACEOUTERBOUND(#3301,.T.);
#3303=IFCFACE((#3302));
#3304=IFCPOLYLOOP((#2316,#2305,#2295));
#3305=IFCFACEOUTERBOUND(#3304,.T.);
#3306=IFCFACE((#3305));
#3307=IFCPOLYLOOP((#2305,#2316,#2315));
#3308=IFCFACEOUTERBOUND(#3307,.T.);
#3309=IFCFACE((#3308));
#3310=IFCPOLYLOOP((#2291,#2318,#2319));
#3311=IFCFACEOUTERBOUND(#3310,.T.);
#3312=IFCFACE((#3311));
#3313=IFCPOLYLOOP((#2316,#2295,#2319));
#3314=IFCFACEOUTERBOUND(#3313,.T.);
#3315=IFCFACE((#3314));
#3316=IFCPOLYLOOP((#2293,#2321,#2317));
#3317=IFCFACEOUTERBOUND(#3316,.T.);
#3318=IFCFACE((#3317));
#3319=IFCPOLYLOOP((#2295,#2317,#2319));
#3320=IFCFACEOUTERBOUND(#3319,.T.);
#3321=IFCFACE((#3320));
#3322=IFCPOLYLOOP((#2319,#2317,#2321));
#3323=IFCFACEOUTERBOUND(#3322,.T.);
#3324=IFCFACE((#3323));
#3325=IFCPOLYLOOP((#2326,#2315,#2307));
#3326=IFCFACEOUTERBOUND(#3325,.T.);
#3327=IFCFACE((#3326));
#3328=IFCPOLYLOOP((#2293,#2323,#2325));
#3329=IFCFACEOUTERBOUND(#3328,.T.);
#3330=IFCFACE((#3329));
#3331=IFCPOLYLOOP((#2319,#2321,#2291));
#3332=IFCFACEOUTERBOUND(#3331,.T.);
#3333=IFCFACE((#3332));
#3334=IFCPOLYLOOP((#2321,#2293,#2325));
#3335=IFCFACEOUTERBOUND(#3334,.T.);
#3336=IFCFACE((#3335));
#3337=IFCPOLYLOOP((#2322,#2291,#2321));
#3338=IFCFACEOUTERBOUND(#3337,.T.);
#3339=IFCFACE((#3338));
#3340=IFCPOLYLOOP((#2328,#2324,#2327));
#3341=IFCFACEOUTERBOUND(#3340,.T.);
#3342=IFCFACE((#3341));
#3343=IFCPOLYLOOP((#2301,#2327,#2324));
#3344=IFCFACEOUTERBOUND(#3343,.T.);
#3345=IFCFACE((#3344));
#3346=IFCPOLYLOOP((#2327,#2325,#2323));
#3347=IFCFACEOUTERBOUND(#3346,.T.);
#3348=IFCFACE((#3347));
#3349=IFCPOLYLOOP((#2228,#2326,#2307));
#3350=IFCFACEOUTERBOUND(#3349,.T.);
#3351=IFCFACE((#3350));
#3352=IFCPOLYLOOP((#2320,#2326,#2227));
#3353=IFCFACEOUTERBOUND(#3352,.T.);
#3354=IFCFACE((#3353));
#3355=IFCPOLYLOOP((#2325,#2327,#2301));
#3356=IFCFACEOUTERBOUND(#3355,.T.);
#3357=IFCFACE((#3356));
#3358=IFCPOLYLOOP((#2297,#2327,#2323));
#3359=IFCFACEOUTERBOUND(#3358,.T.);
#3360=IFCFACE((#3359));
#3361=IFCPOLYLOOP((#2332,#2331,#2333));
#3362=IFCFACEOUTERBOUND(#3361,.T.);
#3363=IFCFACE((#3362));
#3364=IFCPOLYLOOP((#2289,#2324,#2328));
#3365=IFCFACEOUTERBOUND(#3364,.T.);
#3366=IFCFACE((#3365));
#3367=IFCPOLYLOOP((#2331,#2330,#2329));
#3368=IFCFACEOUTERBOUND(#3367,.T.);
#3369=IFCFACE((#3368));
#3370=IFCPOLYLOOP((#2333,#2303,#2332));
#3371=IFCFACEOUTERBOUND(#3370,.T.);
#3372=IFCFACE((#3371));
#3373=IFCPOLYLOOP((#2330,#2331,#2328));
#3374=IFCFACEOUTERBOUND(#3373,.T.);
#3375=IFCFACE((#3374));
#3376=IFCPOLYLOOP((#2328,#2331,#2289));
#3377=IFCFACEOUTERBOUND(#3376,.T.);
#3378=IFCFACE((#3377));
#3379=IFCPOLYLOOP((#2331,#2329,#2333));
#3380=IFCFACEOUTERBOUND(#3379,.T.);
#3381=IFCFACE((#3380));
#3382=IFCPOLYLOOP((#2329,#2292,#2333));
#3383=IFCFACEOUTERBOUND(#3382,.T.);
#3384=IFCFACE((#3383));
#3385=IFCPOLYLOOP((#2292,#2345,#2346));
#3386=IFCFACEOUTERBOUND(#3385,.T.);
#3387=IFCFACE((#3386));
#3388=IFCPOLYLOOP((#2311,#2334,#2312));
#3389=IFCFACEOUTERBOUND(#3388,.T.);
#3390=IFCFACE((#3389));
#3391=IFCPOLYLOOP((#2335,#2337,#2338));
#3392=IFCFACEOUTERBOUND(#3391,.T.);
#3393=IFCFACE((#3392));
#3394=IFCPOLYLOOP((#2339,#2337,#2299));
#3395=IFCFACEOUTERBOUND(#3394,.T.);
#3396=IFCFACE((#3395));
#3397=IFCPOLYLOOP((#2339,#2336,#2337));
#3398=IFCFACEOUTERBOUND(#3397,.T.);
#3399=IFCFACE((#3398));
#3400=IFCPOLYLOOP((#2338,#2337,#2294));
#3401=IFCFACEOUTERBOUND(#3400,.T.);
#3402=IFCFACE((#3401));
#3403=IFCPOLYLOOP((#2336,#2294,#2337));
#3404=IFCFACEOUTERBOUND(#3403,.T.);
#3405=IFCFACE((#3404));
#3406=IFCPOLYLOOP((#2310,#2338,#2294));
#3407=IFCFACEOUTERBOUND(#3406,.T.);
#3408=IFCFACE((#3407));
#3409=IFCPOLYLOOP((#2290,#2338,#2334));
#3410=IFCFACEOUTERBOUND(#3409,.T.);
#3411=IFCFACE((#3410));
#3412=IFCPOLYLOOP((#2340,#2288,#2341));
#3413=IFCFACEOUTERBOUND(#3412,.T.);
#3414=IFCFACE((#3413));
#3415=IFCPOLYLOOP((#2296,#2336,#2339));
#3416=IFCFACEOUTERBOUND(#3415,.T.);
#3417=IFCFACE((#3416));
#3418=IFCPOLYLOOP((#2339,#2299,#2340));
#3419=IFCFACEOUTERBOUND(#3418,.T.);
#3420=IFCFACE((#3419));
#3421=IFCPOLYLOOP((#2345,#2343,#2344));
#3422=IFCFACEOUTERBOUND(#3421,.T.);
#3423=IFCFACE((#3422));
#3424=IFCPOLYLOOP((#2339,#2341,#2296));
#3425=IFCFACEOUTERBOUND(#3424,.T.);
#3426=IFCFACE((#3425));
#3427=IFCPOLYLOOP((#2303,#2345,#2344));
#3428=IFCFACEOUTERBOUND(#3427,.T.);
#3429=IFCFACE((#3428));
#3430=IFCPOLYLOOP((#2296,#2341,#2343));
#3431=IFCFACEOUTERBOUND(#3430,.T.);
#3432=IFCFACE((#3431));
#3433=IFCPOLYLOOP((#2296,#2343,#2342));
#3434=IFCFACEOUTERBOUND(#3433,.T.);
#3435=IFCFACE((#3434));
#3436=IFCPOLYLOOP((#2345,#2342,#2343));
#3437=IFCFACEOUTERBOUND(#3436,.T.);
#3438=IFCFACE((#3437));
#3439=IFCPOLYLOOP((#2343,#2288,#2344));
#3440=IFCFACEOUTERBOUND(#3439,.T.);
#3441=IFCFACE((#3440));
#3442=IFCPOLYLOOP((#2292,#2342,#2345));
#3443=IFCFACEOUTERBOUND(#3442,.T.);
#3444=IFCFACE((#3443));
#3445=IFCPOLYLOOP((#2303,#2333,#2346));
#3446=IFCFACEOUTERBOUND(#3445,.T.);
#3447=IFCFACE((#3446));
#3448=IFCPOLYLOOP((#2292,#2346,#2333));
#3449=IFCFACEOUTERBOUND(#3448,.T.);
#3450=IFCFACE((#3449));
#3451=IFCPOLYLOOP((#2154,#2161,#2248));
#3452=IFCFACEOUTERBOUND(#3451,.T.);
#3453=IFCFACE((#3452));
#3454=IFCPOLYLOOP((#2154,#2248,#2241));
#3455=IFCFACEOUTERBOUND(#3454,.T.);
#3456=IFCFACE((#3455));
#3457=IFCPOLYLOOP((#2154,#2241,#2259));
#3458=IFCFACEOUTERBOUND(#3457,.T.);
#3459=IFCFACE((#3458));
#3460=IFCPOLYLOOP((#2154,#2259,#2232));
#3461=IFCFACEOUTERBOUND(#3460,.T.);
#3462=IFCFACE((#3461));
#3463=IFCPOLYLOOP((#2154,#2232,#2263));
#3464=IFCFACEOUTERBOUND(#3463,.T.);
#3465=IFCFACE((#3464));
#3466=IFCPOLYLOOP((#2154,#2263,#2242));
#3467=IFCFACEOUTERBOUND(#3466,.T.);
#3468=IFCFACE((#3467));
#3469=IFCPOLYLOOP((#2154,#2242,#2265));
#3470=IFCFACEOUTERBOUND(#3469,.T.);
#3471=IFCFACE((#3470));
#3472=IFCPOLYLOOP((#2154,#2265,#2230));
#3473=IFCFACEOUTERBOUND(#3472,.T.);
#3474=IFCFACE((#3473));
#3475=IFCPOLYLOOP((#2154,#2230,#2273));
#3476=IFCFACEOUTERBOUND(#3475,.T.);
#3477=IFCFACE((#3476));
#3478=IFCPOLYLOOP((#2154,#2273,#2244));
#3479=IFCFACEOUTERBOUND(#3478,.T.);
#3480=IFCFACE((#3479));
#3481=IFCPOLYLOOP((#2154,#2244,#2285));
#3482=IFCFACEOUTERBOUND(#3481,.T.);
#3483=IFCFACE((#3482));
#3484=IFCPOLYLOOP((#2154,#2285,#2229));
#3485=IFCFACEOUTERBOUND(#3484,.T.);
#3486=IFCFACE((#3485));
#3487=IFCPOLYLOOP((#2154,#2229,#2281));
#3488=IFCFACEOUTERBOUND(#3487,.T.);
#3489=IFCFACE((#3488));
#3490=IFCPOLYLOOP((#2154,#2281,#2240));
#3491=IFCFACEOUTERBOUND(#3490,.T.);
#3492=IFCFACE((#3491));
#3493=IFCPOLYLOOP((#2154,#2240,#2276));
#3494=IFCFACEOUTERBOUND(#3493,.T.);
#3495=IFCFACE((#3494));
#3496=IFCPOLYLOOP((#2154,#2276,#2231));
#3497=IFCFACEOUTERBOUND(#3496,.T.);
#3498=IFCFACE((#3497));
#3499=IFCPOLYLOOP((#2154,#2231,#2252));
#3500=IFCFACEOUTERBOUND(#3499,.T.);
#3501=IFCFACE((#3500));
#3502=IFCPOLYLOOP((#2154,#2252,#2243));
#3503=IFCFACEOUTERBOUND(#3502,.T.);
#3504=IFCFACE((#3503));
#3505=IFCPOLYLOOP((#2154,#2243,#2247));
#3506=IFCFACEOUTERBOUND(#3505,.T.);
#3507=IFCFACE((#3506));
#3508=IFCPOLYLOOP((#2154,#2247,#2228));
#3509=IFCFACEOUTERBOUND(#3508,.T.);
#3510=IFCFACE((#3509));
#3511=IFCPOLYLOOP((#2228,#2221,#2154));
#3512=IFCFACEOUTERBOUND(#3511,.T.);
#3513=IFCFACE((#3512));
#3514=IFCPOLYLOOP((#2154,#2180,#2161));
#3515=IFCFACEOUTERBOUND(#3514,.T.);
#3516=IFCFACE((#3515));
#3517=IFCPOLYLOOP((#2154,#2176,#2180));
#3518=IFCFACEOUTERBOUND(#3517,.T.);
#3519=IFCFACE((#3518));
#3520=IFCPOLYLOOP((#2154,#2185,#2176));
#3521=IFCFACEOUTERBOUND(#3520,.T.);
#3522=IFCFACE((#3521));
#3523=IFCPOLYLOOP((#2154,#2164,#2185));
#3524=IFCFACEOUTERBOUND(#3523,.T.);
#3525=IFCFACE((#3524));
#3526=IFCPOLYLOOP((#2154,#2209,#2164));
#3527=IFCFACEOUTERBOUND(#3526,.T.);
#3528=IFCFACE((#3527));
#3529=IFCPOLYLOOP((#2154,#2173,#2209));
#3530=IFCFACEOUTERBOUND(#3529,.T.);
#3531=IFCFACE((#3530));
#3532=IFCPOLYLOOP((#2154,#2214,#2173));
#3533=IFCFACEOUTERBOUND(#3532,.T.);
#3534=IFCFACE((#3533));
#3535=IFCPOLYLOOP((#2154,#2162,#2214));
#3536=IFCFACEOUTERBOUND(#3535,.T.);
#3537=IFCFACE((#3536));
#3538=IFCPOLYLOOP((#2154,#2218,#2162));
#3539=IFCFACEOUTERBOUND(#3538,.T.);
#3540=IFCFACE((#3539));
#3541=IFCPOLYLOOP((#2154,#2177,#2218));
#3542=IFCFACEOUTERBOUND(#3541,.T.);
#3543=IFCFACE((#3542));
#3544=IFCPOLYLOOP((#2154,#2206,#2177));
#3545=IFCFACEOUTERBOUND(#3544,.T.);
#3546=IFCFACE((#3545));
#3547=IFCPOLYLOOP((#2154,#2163,#2206));
#3548=IFCFACEOUTERBOUND(#3547,.T.);
#3549=IFCFACE((#3548));
#3550=IFCPOLYLOOP((#2154,#2198,#2163));
#3551=IFCFACEOUTERBOUND(#3550,.T.);
#3552=IFCFACE((#3551));
#3553=IFCPOLYLOOP((#2154,#2175,#2198));
#3554=IFCFACEOUTERBOUND(#3553,.T.);
#3555=IFCFACE((#3554));
#3556=IFCPOLYLOOP((#2154,#2196,#2175));
#3557=IFCFACEOUTERBOUND(#3556,.T.);
#3558=IFCFACE((#3557));
#3559=IFCPOLYLOOP((#2154,#2165,#2196));
#3560=IFCFACEOUTERBOUND(#3559,.T.);
#3561=IFCFACE((#3560));
#3562=IFCPOLYLOOP((#2154,#2192,#2165));
#3563=IFCFACEOUTERBOUND(#3562,.T.);
#3564=IFCFACE((#3563));
#3565=IFCPOLYLOOP((#2154,#2174,#2192));
#3566=IFCFACEOUTERBOUND(#3565,.T.);
#3567=IFCFACE((#3566));
#3568=IFCPOLYLOOP((#2154,#2181,#2174));
#3569=IFCFACEOUTERBOUND(#3568,.T.);
#3570=IFCFACE((#3569));
#3571=IFCPOLYLOOP((#2154,#2094,#2181));
#3572=IFCFACEOUTERBOUND(#3571,.T.);
#3573=IFCFACE((#3572));
#3574=IFCPOLYLOOP((#2080,#2094,#2154));
#3575=IFCFACEOUTERBOUND(#3574,.T.);
#3576=IFCFACE((#3575));
#3577=IFCPOLYLOOP((#2080,#2113,#2094));
#3578=IFCFACEOUTERBOUND(#3577,.T.);
#3579=IFCFACE((#3578));
#3580=IFCPOLYLOOP((#2080,#2109,#2113));
#3581=IFCFACEOUTERBOUND(#3580,.T.);
#3582=IFCFACE((#3581));
#3583=IFCPOLYLOOP((#2080,#2118,#2109));
#3584=IFCFACEOUTERBOUND(#3583,.T.);
#3585=IFCFACE((#3584));
#3586=IFCPOLYLOOP((#2080,#2097,#2118));
#3587=IFCFACEOUTERBOUND(#3586,.T.);
#3588=IFCFACE((#3587));
#3589=IFCPOLYLOOP((#2080,#2142,#2097));
#3590=IFCFACEOUTERBOUND(#3589,.T.);
#3591=IFCFACE((#3590));
#3592=IFCPOLYLOOP((#2080,#2106,#2142));
#3593=IFCFACEOUTERBOUND(#3592,.T.);
#3594=IFCFACE((#3593));
#3595=IFCPOLYLOOP((#2080,#2147,#2106));
#3596=IFCFACEOUTERBOUND(#3595,.T.);
#3597=IFCFACE((#3596));
#3598=IFCPOLYLOOP((#2080,#2095,#2147));
#3599=IFCFACEOUTERBOUND(#3598,.T.);
#3600=IFCFACE((#3599));
#3601=IFCPOLYLOOP((#2080,#2151,#2095));
#3602=IFCFACEOUTERBOUND(#3601,.T.);
#3603=IFCFACE((#3602));
#3604=IFCPOLYLOOP((#2080,#2110,#2151));
#3605=IFCFACEOUTERBOUND(#3604,.T.);
#3606=IFCFACE((#3605));
#3607=IFCPOLYLOOP((#2080,#2139,#2110));
#3608=IFCFACEOUTERBOUND(#3607,.T.);
#3609=IFCFACE((#3608));
#3610=IFCPOLYLOOP((#2080,#2096,#2139));
#3611=IFCFACEOUTERBOUND(#3610,.T.);
#3612=IFCFACE((#3611));
#3613=IFCPOLYLOOP((#2080,#2131,#2096));
#3614=IFCFACEOUTERBOUND(#3613,.T.);
#3615=IFCFACE((#3614));
#3616=IFCPOLYLOOP((#2080,#2108,#2131));
#3617=IFCFACEOUTERBOUND(#3616,.T.);
#3618=IFCFACE((#3617));
#3619=IFCPOLYLOOP((#2080,#2129,#2108));
#3620=IFCFACEOUTERBOUND(#3619,.T.);
#3621=IFCFACE((#3620));
#3622=IFCPOLYLOOP((#2080,#2098,#2129));
#3623=IFCFACEOUTERBOUND(#3622,.T.);
#3624=IFCFACE((#3623));
#3625=IFCPOLYLOOP((#2080,#2125,#2098));
#3626=IFCFACEOUTERBOUND(#3625,.T.);
#3627=IFCFACE((#3626));
#3628=IFCPOLYLOOP((#2080,#2107,#2125));
#3629=IFCFACEOUTERBOUND(#3628,.T.);
#3630=IFCFACE((#3629));
#3631=IFCPOLYLOOP((#2080,#2114,#2107));
#3632=IFCFACEOUTERBOUND(#3631,.T.);
#3633=IFCFACE((#3632));
#3634=IFCPOLYLOOP((#2080,#2091,#2114));
#3635=IFCFACEOUTERBOUND(#3634,.T.);
#3636=IFCFACE((#3635));
#3637=IFCPOLYLOOP((#2079,#2091,#2080));
#3638=IFCFACEOUTERBOUND(#3637,.T.);
#3639=IFCFACE((#3638));
#3640=IFCPOLYLOOP((#2091,#2079,#2221));
#3641=IFCFACEOUTERBOUND(#3640,.T.);
#3642=IFCFACE((#3641));
#3643=IFCPOLYLOOP((#2221,#2228,#2307));
#3644=IFCFACEOUTERBOUND(#3643,.T.);
#3645=IFCFACE((#3644));
#3646=IFCPOLYLOOP((#2221,#2307,#2300));
#3647=IFCFACEOUTERBOUND(#3646,.T.);
#3648=IFCFACE((#3647));
#3649=IFCPOLYLOOP((#2221,#2300,#2318));
#3650=IFCFACEOUTERBOUND(#3649,.T.);
#3651=IFCFACE((#3650));
#3652=IFCPOLYLOOP((#2221,#2318,#2291));
#3653=IFCFACEOUTERBOUND(#3652,.T.);
#3654=IFCFACE((#3653));
#3655=IFCPOLYLOOP((#2221,#2291,#2322));
#3656=IFCFACEOUTERBOUND(#3655,.T.);
#3657=IFCFACE((#3656));
#3658=IFCPOLYLOOP((#2221,#2322,#2301));
#3659=IFCFACEOUTERBOUND(#3658,.T.);
#3660=IFCFACE((#3659));
#3661=IFCPOLYLOOP((#2221,#2301,#2324));
#3662=IFCFACEOUTERBOUND(#3661,.T.);
#3663=IFCFACE((#3662));
#3664=IFCPOLYLOOP((#2221,#2324,#2289));
#3665=IFCFACEOUTERBOUND(#3664,.T.);
#3666=IFCFACE((#3665));
#3667=IFCPOLYLOOP((#2221,#2289,#2332));
#3668=IFCFACEOUTERBOUND(#3667,.T.);
#3669=IFCFACE((#3668));
#3670=IFCPOLYLOOP((#2221,#2332,#2303));
#3671=IFCFACEOUTERBOUND(#3670,.T.);
#3672=IFCFACE((#3671));
#3673=IFCPOLYLOOP((#2221,#2303,#2344));
#3674=IFCFACEOUTERBOUND(#3673,.T.);
#3675=IFCFACE((#3674));
#3676=IFCPOLYLOOP((#2221,#2344,#2288));
#3677=IFCFACEOUTERBOUND(#3676,.T.);
#3678=IFCFACE((#3677));
#3679=IFCPOLYLOOP((#2221,#2288,#2340));
#3680=IFCFACEOUTERBOUND(#3679,.T.);
#3681=IFCFACE((#3680));
#3682=IFCPOLYLOOP((#2221,#2340,#2299));
#3683=IFCFACEOUTERBOUND(#3682,.T.);
#3684=IFCFACE((#3683));
#3685=IFCPOLYLOOP((#2221,#2299,#2335));
#3686=IFCFACEOUTERBOUND(#3685,.T.);
#3687=IFCFACE((#3686));
#3688=IFCPOLYLOOP((#2221,#2335,#2290));
#3689=IFCFACEOUTERBOUND(#3688,.T.);
#3690=IFCFACE((#3689));
#3691=IFCPOLYLOOP((#2221,#2290,#2311));
#3692=IFCFACEOUTERBOUND(#3691,.T.);
#3693=IFCFACE((#3692));
#3694=IFCPOLYLOOP((#2221,#2311,#2302));
#3695=IFCFACEOUTERBOUND(#3694,.T.);
#3696=IFCFACE((#3695));
#3697=IFCPOLYLOOP((#2221,#2302,#2306));
#3698=IFCFACEOUTERBOUND(#3697,.T.);
#3699=IFCFACE((#3698));
#3700=IFCPOLYLOOP((#2221,#2306,#2091));
#3701=IFCFACEOUTERBOUND(#3700,.T.);
#3702=IFCFACE((#3701));
#3703=IFCCARTESIANPOINT((0.,-0.049999999999998171,0.0029999999999990473));
#3704=IFCCARTESIANPOINT((0.,-0.049999999999998171,-0.02999999999999237));
#3705=IFCCARTESIANPOINT((0.79999999999999993,-0.049999999999998171,-0.02999999999999237));
#3706=IFCCARTESIANPOINT((0.79999999999999993,-0.049999999999998171,0.0029999999999990473));
#3707=IFCPOLYLOOP((#3703,#3704,#3705,#3706));
#3708=IFCFACEOUTERBOUND(#3707,.T.);
#3709=IFCFACE((#3708));
#3710=IFCCARTESIANPOINT((0.,0.15000000000095079,0.0029999999999990473));
#3711=IFCCARTESIANPOINT((0.79999999999999993,0.15000000000095079,0.0029999999999990473));
#3712=IFCCARTESIANPOINT((0.79999999999999993,0.15000000000095079,-0.02999999999999237));
#3713=IFCCARTESIANPOINT((0.,0.15000000000095079,-0.02999999999999237));
#3714=IFCPOLYLOOP((#3710,#3711,#3712,#3713));
#3715=IFCFACEOUTERBOUND(#3714,.T.);
#3716=IFCFACE((#3715));
#3717=IFCPOLYLOOP((#3704,#3703,#3710,#3713));
#3718=IFCFACEOUTERBOUND(#3717,.T.);
#3719=IFCFACE((#3718));
#3720=IFCPOLYLOOP((#3705,#3704,#3713,#3712));
#3721=IFCFACEOUTERBOUND(#3720,.T.);
#3722=IFCFACE((#3721));
#3723=IFCPOLYLOOP((#3706,#3705,#3712,#3711));
#3724=IFCFACEOUTERBOUND(#3723,.T.);
#3725=IFCFACE((#3724));
#3726=IFCPOLYLOOP((#3703,#3706,#3711,#3710));
#3727=IFCFACEOUTERBOUND(#3726,.T.);
#3728=IFCFACE((#3727));
#3729=IFCCLOSEDSHELL((#1984,#1991,#1994,#1997,#2000,#2003));
#3730=IFCFACETEDBREP(#3729);
#3731=IFCCOLOURRGB($,0.,0.50196078431372548,0.75294117647058822);
#3732=IFCSURFACESTYLERENDERING(#3731,0.75,$,$,$,$,IFCNORMALISEDRATIOMEASURE(0.5),IFCSPECULAREXPONENT(12.),.NOTDEFINED.);
#3733=IFCSURFACESTYLE('Vidrio',.BOTH.,(#3732));
#3734=IFCPRESENTATIONSTYLEASSIGNMENT((#3733));
#3735=IFCSTYLEDITEM(#3730,(#3734),$);
#3736=IFCCLOSEDSHELL((#2010,#2017,#2024,#2029,#2034,#2039,#2044,#2049,#2054,#2057,#2062,#2065,#2070,#2073,#2078));
#3737=IFCFACETEDBREP(#3736);
#3738=IFCSTYLEDITEM(#3737,(#1932),$);
#3739=IFCCLOSEDSHELL((#2349,#2352,#2355,#2358,#2361,#2364,#2367,#2370,#2373,#2376,#2379,#2382,#2385,#2388,#2391,#2394,#2397,#2400,#2403,#2406,#2409,#2412,#2415,#2418,#2421,#2424,#2427,#2430,#2433,#2436,#2439,#2442,#2445,#2448,#2451,#2454,#2457,#2460,#2463,#2466,#2469,#2472,#2475,#2478,#2481,#2484,#2487,#2490,#2493,#2496,#2499,#2502,#2505,#2508,#2511,#2514,#2517,#2520,#2523,#2526,#2529,#2532,#2535,#2538,#2541,#2544,#2547,#2550,#2553,#2556,#2559,#2562,#2565,#2568,#2571,#2574,#2577,#2580,#2583,#2586,#2589,#2592,#2595,#2598,#2601,#2604,#2607,#2610,#2613,#2616,#2619,#2622,#2625,#2628,#2631,#2634,#2637,#2640,#2643,#2646,#2649,#2652,#2655,#2658,#2661,#2664,#2667,#2670,#2673,#2676,#2679,#2682,#2685,#2688,#2691,#2694,#2697,#2700,#2703,#2706,#2709,#2712,#2715,#2718,#2721,#2724,#2727,#2730,#2733,#2736,#2739,#2742,#2745,#2748,#2751,#2754,#2757,#2760,#2763,#2766,#2769,#2772,#2775,#2778,#2781,#2784,#2787,#2790,#2793,#2796,#2799,#2802,#2805,#2808,#2811,#2814,#2817,#2820,#2823,#2826,#2829,#2832,#2835,#2838,#2841,#2844,#2847,#2850,#2853,#2856,#2859,#2862,#2865,#2868,#2871,#2874,#2877,#2880,#2883,#2886,#2889,#2892,#2895,#2898,#2901,#2904,#2907,#2910,#2913,#2916,#2919,#2922,#2925,#2928,#2931,#2934,#2937,#2940,#2943,#2946,#2949,#2952,#2955,#2958,#2961,#2964,#2967,#2970,#2973,#2976,#2979,#2982,#2985,#2988,#2991,#2994,#2997,#3000,#3003,#3006,#3009,#3012,#3015,#3018,#3021,#3024,#3027,#3030,#3033,#3036,#3039,#3042,#3045,#3048,#3051,#3054,#3057,#3060,#3063,#3066,#3069,#3072,#3075,#3078,#3081,#3084,#3087,#3090,#3093,#3096,#3099,#3102,#3105,#3108,#3111,#3114,#3117,#3120,#3123,#3126,#3129,#3132,#3135,#3138,#3141,#3144,#3147,#3150,#3153,#3156,#3159,#3162,#3165,#3168,#3171,#3174,#3177,#3180,#3183,#3186,#3189,#3192,#3195,#3198,#3201,#3204,#3207,#3210,#3213,#3216,#3219,#3222,#3225,#3228,#3231,#3234,#3237,#3240,#3243,#3246,#3249,#3252,#3255,#3258,#3261,#3264,#3267,#3270,#3273,#3276,#3279,#3282,#3285,#3288,#3291,#3294,#3297,#3300,#3303,#3306,#3309,#3312,#3315,#3318,#3321,#3324,#3327,#3330,#3333,#3336,#3339,#3342,#3345,#3348,#3351,#3354,#3357,#3360,#3363,#3366,#3369,#3372,#3375,#3378,#3381,#3384,#3387,#3390,#3393,#3396,#3399,#3402,#3405,#3408,#3411,#3414,#3417,#3420,#3423,#3426,#3429,#3432,#3435,#3438,#3441,#3444,#3447,#3450,#3453,#3456,#3459,#3462,#3465,#3468,#3471,#3474,#3477,#3480,#3483,#3486,#3489,#3492,#3495,#3498,#3501,#3504,#3507,#3510,#3513,#3516,#3519,#3522,#3525,#3528,#3531,#3534,#3537,#3540,#3543,#3546,#3549,#3552,#3555,#3558,#3561,#3564,#3567,#3570,#3573,#3576,#3579,#3582,#3585,#3588,#3591,#3594,#3597,#3600,#3603,#3606,#3609,#3612,#3615,#3618,#3621,#3624,#3627,#3630,#3633,#3636,#3639,#3642,#3645,#3648,#3651,#3654,#3657,#3660,#3663,#3666,#3669,#3672,#3675,#3678,#3681,#3684,#3687,#3690,#3693,#3696,#3699,#3702));
#3740=IFCFACETEDBREP(#3739);
#3741=IFCSTYLEDITEM(#3740,(#1932),$);
#3742=IFCCLOSEDSHELL((#3709,#3716,#3719,#3722,#3725,#3728));
#3743=IFCFACETEDBREP(#3742);
#3744=IFCCOLOURRGB($,0.7686274509803922,0.74901960784313726,0.73333333333333328);
#3745=IFCSURFACESTYLERENDERING(#3744,0.,$,$,$,$,IFCNORMALISEDRATIOMEASURE(0.5),IFCSPECULAREXPONENT(128.),.NOTDEFINED.);
#3746=IFCSURFACESTYLE('Piedra - Gris',.BOTH.,(#3745));
#3747=IFCPRESENTATIONSTYLEASSIGNMENT((#3746));
#3748=IFCSTYLEDITEM(#3743,(#3747),$);
#3749=IFCSHAPEREPRESENTATION(#86,'Body','Brep',(#3730,#3737,#3740,#3743));
#3750=IFCAXIS2PLACEMENT3D(#3,$,$);
#3751=IFCREPRESENTATIONMAP(#3750,#3749);
#3752=IFCWINDOWLININGPROPERTIES('2w1DOCK6P8GgJ_09e$dCOw',#18,'Ventana simple:80 x 80 cm:162974',$,$,$,$,$,$,$,$,$,$);
#3753=IFCWINDOWSTYLE('3r5P_pOg9BMA8bxXj$S1o1',#18,'Ventana simple:80 x 80 cm',$,$,(#3752,#3778),(#3751),'13894',.NOTDEFINED.,.NOTDEFINED.,.F.,.F.);
#3754=IFCMATERIAL('Vidrio');
#3755=IFCPRESENTATIONSTYLEASSIGNMENT((#3733));
#3756=IFCSTYLEDITEM($,(#3755),$);
#3757=IFCSTYLEDREPRESENTATION(#84,'Style','Material',(#3756));
#3758=IFCMATERIALDEFINITIONREPRESENTATION($,$,(#3757),#3754);
#3759=IFCMATERIAL('Piedra - Gris');
#3760=IFCPRESENTATIONSTYLEASSIGNMENT((#3746));
#3761=IFCSTYLEDITEM($,(#3760),$);
#3762=IFCSTYLEDREPRESENTATION(#84,'Style','Material',(#3761));
#3763=IFCMATERIALDEFINITIONREPRESENTATION($,$,(#3762),#3759);
#3764=IFCMATERIALLIST((#3754,#1958,#3759));
#3765=IFCMAPPEDITEM(#3751,#1963);
#3766=IFCSHAPEREPRESENTATION(#86,'Body','MappedRepresentation',(#3765));
#3767=IFCPRODUCTDEFINITIONSHAPE($,$,(#3766));
#3768=IFCCARTESIANPOINT((-5.9968475280582174,-3.284503721746431,0.80000000000000004));
#3769=IFCAXIS2PLACEMENT3D(#3768,#9,#6);
#3771=IFCWINDOW('2w1DOCK6P8GgJ_09i$dCOw',#18,'Ventana simple:80 x 80 cm:162974',$,'Ventana simple:80 x 80 cm',#3981,#3767,'162974',0.79999999999999982,0.80000000000000004);
#3772=IFCPROPERTYSINGLEVALUE('Reference',$,IFCIDENTIFIER('80 x 80 cm'),$);
#3773=IFCPROPERTYSET('2oEEFVQxWLFIyjMqwO0tHK',#18,'Pset_QuantityTakeOff',$,(#3772));
#3774=IFCPROPERTYSET('0dqv5y7jvBo576RLaS8rAY',#18,'Pset_WindowCommon',$,(#147,#3772));
#3775=IFCRELDEFINESBYPROPERTIES('1g$yuO2$yavi9blF7HO09L',#18,$,$,(#3771),#3773);
#3776=IFCRELDEFINESBYPROPERTIES('2DA8dzoS8JtGeXJDwqjNj5',#18,$,$,(#3771),#3774);
#3777=IFCPROPERTYSINGLEVALUE('ThermalTransmittance',$,IFCTHERMALTRANSMITTANCEMEASURE(6.7069000000000001),$);
#3778=IFCPROPERTYSET('0u2YyJ$Youv0a22y3EgTLl',#18,'Pset_WindowCommon',$,(#147,#3777));
#3779=IFCMAPPEDITEM(#3751,#1963);
#3780=IFCSHAPEREPRESENTATION(#86,'Body','MappedRepresentation',(#3779));
#3781=IFCPRODUCTDEFINITIONSHAPE($,$,(#3780));
#3782=IFCCARTESIANPOINT((2.7731524719417813,-3.284503721746459,0.80000000000000004));
#3783=IFCAXIS2PLACEMENT3D(#3782,#9,#6);
#3785=IFCWINDOW('2w1DOCK6P8GgJ_09i$dCOH',#18,'Ventana simple:80 x 80 cm:162997',$,'Ventana simple:80 x 80 cm',#3996,#3781,'162997',0.79999999999999982,0.79999999999999927);
#3786=IFCPROPERTYSET('06tncgqNfgV2DyOM9vbRkl',#18,'Pset_QuantityTakeOff',$,(#3772));
#3787=IFCPROPERTYSET('30NCu8TcZArsniyYv$UfOc',#18,'Pset_WindowCommon',$,(#147,#3772));
#3788=IFCRELDEFINESBYPROPERTIES('3OLN2iDsrRGMKYX0zrWvgg',#18,$,$,(#3785),#3786);
#3789=IFCRELDEFINESBYPROPERTIES('3SBcatKXGlI$4vYFHr4A93',#18,$,$,(#3785),#3787);
#3790=IFCAXIS2PLACEMENT3D(#3792,$,$);
#3791=IFCLOCALPLACEMENT(#100,#3790);
#3792=IFCCARTESIANPOINT((-9.2468475280582219,-3.3845037217464697,0.));
#3793=IFCROOF('2w1DOCK6P8GgJ_09i$dCPq',#18,'Cubierta b\X\E1sica:Cubierta - por defecto - 30 cm:163024',$,'Cubierta b\X\E1sica:Cubierta - por defecto - 30 cm',#3791,$,'163024',.NOTDEFINED.);
#3794=IFCAXIS2PLACEMENT3D(#3,$,$);
#3796=IFCPRODUCTDEFINITIONSHAPE($,$,(#3813));
#3797=IFCCARTESIANPOINT((2.9935611457482132,0.));
#3798=IFCCARTESIANPOINT((-2.993561145748203,5.1850000000000058));
#3799=IFCCARTESIANPOINT((-2.9935611457482239,-5.1849999999999952));
#3800=IFCPOLYLINE((#3797,#3798,#3799,#3797));
#3801=IFCARBITRARYCLOSEDPROFILEDEF(.AREA.,$,#3800);
#3802=IFCCARTESIANPOINT((2.5925000000000105,5.1850000000000449,1.4967805728741088));
#3803=IFCDIRECTION((-0.50000000000000067,0.,0.86602540378443837));
#3804=IFCDIRECTION((0.86602540378443837,0.,0.50000000000000067));
#3805=IFCAXIS2PLACEMENT3D(#3802,#3803,#3804);
#3806=IFCDIRECTION((0.50000000000000067,0.,0.86602540378443837));
#3807=IFCEXTRUDEDAREASOLID(#3801,#3805,#3806,0.34641016151377474);
#3808=IFCCOLOURRGB($,0.,0.49803921568627452,0.);
#3809=IFCSURFACESTYLERENDERING(#3808,0.,$,$,$,$,IFCNORMALISEDRATIOMEASURE(0.5),IFCSPECULAREXPONENT(64.),.NOTDEFINED.);
#3810=IFCSURFACESTYLE('Cubierta por defecto',.BOTH.,(#3809));
#3811=IFCPRESENTATIONSTYLEASSIGNMENT((#3810));
#3812=IFCSTYLEDITEM(#3807,(#3811),$);
#3813=IFCSHAPEREPRESENTATION(#86,'Body','SweptSolid',(#3807));
#3814=IFCAXIS2PLACEMENT3D(#3,$,$);
#3815=IFCLOCALPLACEMENT(#3791,#3997);
#3816=IFCSLAB('2w1DOCK6P8GgJ_09a$dCPq',#18,'Cubierta b\X\E1sica:Cubierta - por defecto - 30 cm:163024',$,'Cubierta b\X\E1sica:Cubierta - por defecto - 30 cm',#3815,#3796,'163024',.ROOF.);
#3817=IFCSLABTYPE('0wQknZQiXEOBcv2M5Gzx_O',#18,'Cubierta b\X\E1sica:Cubierta - por defecto - 30 cm',$,$,(#3920),$,'16290',$,.ROOF.);
#3818=IFCMATERIAL('Cubierta por defecto');
#3819=IFCPRESENTATIONSTYLEASSIGNMENT((#3810));
#3820=IFCSTYLEDITEM($,(#3819),$);
#3821=IFCSTYLEDREPRESENTATION(#84,'Style','Material',(#3820));
#3822=IFCMATERIALDEFINITIONREPRESENTATION($,$,(#3821),#3818);
#3823=IFCMATERIALLAYER(#3818,0.29999999999999993,$);
#3824=IFCMATERIALLAYERSET((#3823),'Cubierta b\X\E1sica:Cubierta - por defecto - 30 cm');
#3825=IFCAXIS2PLACEMENT3D(#3,$,$);
#3827=IFCPRODUCTDEFINITIONSHAPE($,$,(#3840));
#3828=IFCCARTESIANPOINT((7.5850000000000017,2.9935611457482167));
#3829=IFCCARTESIANPOINT((-7.5850000000000017,2.9935611457482181));
#3830=IFCCARTESIANPOINT((-2.4000000000000044,-2.9935611457482074));
#3831=IFCCARTESIANPOINT((2.3999999999999839,-2.9935611457482154));
#3832=IFCPOLYLINE((#3828,#3829,#3830,#3831,#3828));
#3833=IFCARBITRARYCLOSEDPROFILEDEF(.AREA.,$,#3832);
#3834=IFCCARTESIANPOINT((7.5850000000000168,7.7775000000000434,1.496780572874111));
#3835=IFCDIRECTION((0.,0.50000000000000056,0.86602540378443837));
#3836=IFCAXIS2PLACEMENT3D(#3834,#3835,#5);
#3837=IFCDIRECTION((0.,-0.50000000000000056,0.86602540378443837));
#3838=IFCEXTRUDEDAREASOLID(#3833,#3836,#3837,0.34641016151377474);
#3839=IFCSTYLEDITEM(#3838,(#3811),$);
#3840=IFCSHAPEREPRESENTATION(#86,'Body','SweptSolid',(#3838));
#3841=IFCAXIS2PLACEMENT3D(#3,$,$);
#3842=IFCLOCALPLACEMENT(#3791,#3999);
#3843=IFCSLAB('2w1DOCK6P8GgJ_09W$dCPq',#18,'Cubierta b\X\E1sica:Cubierta - por defecto - 30 cm:163024',$,'Cubierta b\X\E1sica:Cubierta - por defecto - 30 cm',#3842,#3827,'163024',.ROOF.);
#3844=IFCAXIS2PLACEMENT3D(#3,$,$);
#3846=IFCPRODUCTDEFINITIONSHAPE($,$,(#3859));
#3847=IFCCARTESIANPOINT((2.9935611457482065,-5.1850000000000298));
#3848=IFCCARTESIANPOINT((2.9935611457482252,5.1850000000000183));
#3849=IFCCARTESIANPOINT((-2.9935611457482159,0.));
#3850=IFCPOLYLINE((#3847,#3848,#3849,#3847));
#3851=IFCARBITRARYCLOSEDPROFILEDEF(.AREA.,$,#3850);
#3852=IFCCARTESIANPOINT((12.577500000000006,5.1850000000000289,1.4967805728741104));
#3853=IFCDIRECTION((0.50000000000000067,0.,0.86602540378443837));
#3854=IFCDIRECTION((0.86602540378443837,0.,-0.50000000000000067));
#3855=IFCAXIS2PLACEMENT3D(#3852,#3853,#3854);
#3856=IFCDIRECTION((-0.50000000000000067,0.,0.86602540378443837));
#3857=IFCEXTRUDEDAREASOLID(#3851,#3855,#3856,0.34641016151377474);
#3858=IFCSTYLEDITEM(#3857,(#3811),$);
#3859=IFCSHAPEREPRESENTATION(#86,'Body','SweptSolid',(#3857));
#3860=IFCAXIS2PLACEMENT3D(#3,$,$);
#3861=IFCLOCALPLACEMENT(#3791,#4001);
#3862=IFCSLAB('2w1DOCK6P8GgJ_09y$dCPq',#18,'Cubierta b\X\E1sica:Cubierta - por defecto - 30 cm:163024',$,'Cubierta b\X\E1sica:Cubierta - por defecto - 30 cm',#3861,#3846,'163024',.ROOF.);
#3863=IFCAXIS2PLACEMENT3D(#3,$,$);
#3865=IFCPRODUCTDEFINITIONSHAPE($,$,(#3878));
#3866=IFCCARTESIANPOINT((-7.5850000000000106,-2.9935611457482003));
#3867=IFCCARTESIANPOINT((7.5849999999999929,-2.9935611457482425));
#3868=IFCCARTESIANPOINT((2.3999999999999893,2.9935611457482159));
#3869=IFCCARTESIANPOINT((-2.399999999999999,2.993561145748223));
#3870=IFCPOLYLINE((#3866,#3867,#3868,#3869,#3866));
#3871=IFCARBITRARYCLOSEDPROFILEDEF(.AREA.,$,#3870);
#3872=IFCCARTESIANPOINT((7.5850000000000115,2.5925000000000353,1.4967805728741104));
#3873=IFCDIRECTION((0.,-0.49999999999999978,0.86602540378443893));
#3874=IFCAXIS2PLACEMENT3D(#3872,#3873,#5);
#3875=IFCDIRECTION((0.,0.49999999999999978,0.86602540378443893));
#3876=IFCEXTRUDEDAREASOLID(#3871,#3874,#3875,0.34641016151377474);
#3877=IFCSTYLEDITEM(#3876,(#3811),$);
#3878=IFCSHAPEREPRESENTATION(#86,'Body','SweptSolid',(#3876));
#3879=IFCAXIS2PLACEMENT3D(#3,$,$);
#3880=IFCLOCALPLACEMENT(#3791,#4003);
#3881=IFCSLAB('2w1DOCK6P8GgJ_09u$dCPq',#18,'Cubierta b\X\E1sica:Cubierta - por defecto - 30 cm:163024',$,'Cubierta b\X\E1sica:Cubierta - por defecto - 30 cm',#3880,#3865,'163024',.ROOF.);
#3882=IFCRELAGGREGATES('0pG83fUlRFzsxuesRD7OXk',#18,$,$,#3793,(#3816,#3843,#3862,#3881));
#3883=IFCPROPERTYSINGLEVALUE('Reference',$,IFCIDENTIFIER('Cubierta - por defecto - 30 cm'),$);
#3884=IFCPROPERTYSET('3dSpQYQzeTX3zwXNG1VVu_',#18,'Pset_QuantityTakeOff',$,(#3883));
#3885=IFCPROPERTYSINGLEVALUE('IsExternal',$,IFCBOOLEAN(.T.),$);
#3886=IFCPROPERTYSINGLEVALUE('ProjectedArea',$,IFCAREAMEASURE(157.31290000000041),$);
#3887=IFCPROPERTYSINGLEVALUE('TotalArea',$,IFCAREAMEASURE(181.64929032400184),$);
#3888=IFCPROPERTYSET('1sOeVug9D$SVe6$tpLFGHU',#18,'Pset_RoofCommon',$,(#3883,#3885,#3886,#3887));
#3889=IFCPROPERTYSET('1gJz4VxPdolWAnny_9eIFH',#18,'Pset_QuantityTakeOff',$,(#3883));
#3890=IFCPROPERTYSINGLEVALUE('Reference',$,IFCLABEL('Cubierta - por defecto - 30 cm'),$);
#3891=IFCPROPERTYSET('2R3uqVWMK5aLr8bTaJvPBR',#18,'Pset_ReinforcementBarPitchOfSlab',$,(#3890));
#3892=IFCPROPERTYSINGLEVALUE('PitchAngle',$,IFCPLANEANGLEMEASURE(30.),$);
#3893=IFCPROPERTYSET('1ghIVAFH3SGP7VVIy0CVms',#18,'Pset_SlabCommon',$,(#3883,#3885,#3892));
#3894=IFCPROPERTYSET('27Cddi9koNhlEaBJaG0eH4',#18,'Pset_QuantityTakeOff',$,(#3883));
#3895=IFCPROPERTYSINGLEVALUE('Reference',$,IFCLABEL('Cubierta - por defecto - 30 cm'),$);
#3896=IFCPROPERTYSET('08eTqOoaCyRn2ewE7epnPK',#18,'Pset_ReinforcementBarPitchOfSlab',$,(#3895));
#3897=IFCPROPERTYSET('0MabsCvXf25ZDYjU6saMZl',#18,'Pset_SlabCommon',$,(#3883,#3885,#3892));
#3898=IFCPROPERTYSET('3BZTgnlazi2SI1cIfa1aSw',#18,'Pset_QuantityTakeOff',$,(#3883));
#3899=IFCPROPERTYSINGLEVALUE('Reference',$,IFCLABEL('Cubierta - por defecto - 30 cm'),$);
#3900=IFCPROPERTYSET('0i3urJ7c97jdM6FSow451f',#18,'Pset_ReinforcementBarPitchOfSlab',$,(#3899));
#3901=IFCPROPERTYSET('0dN19dcZ71B1tyqKxfYxb$',#18,'Pset_SlabCommon',$,(#3883,#3885,#3892));
#3902=IFCPROPERTYSET('2bhJpveyUty6eFs9PF4jIg',#18,'Pset_QuantityTakeOff',$,(#3883));
#3903=IFCPROPERTYSINGLEVALUE('Reference',$,IFCLABEL('Cubierta - por defecto - 30 cm'),$);
#3904=IFCPROPERTYSET('25VTygJozUfSRhMnQagk61',#18,'Pset_ReinforcementBarPitchOfSlab',$,(#3903));
#3905=IFCPROPERTYSET('38nFowb6oDd9TLurOEVF$e',#18,'Pset_SlabCommon',$,(#3883,#3885,#3892));
#3906=IFCRELDEFINESBYPROPERTIES('1KAlI8m_wMGhP3lWx3$TvD',#18,$,$,(#3793),#3884);
#3907=IFCRELDEFINESBYPROPERTIES('2iUQsPF4L1pqzMMcaJXY_r',#18,$,$,(#3793),#3888);
#3908=IFCRELDEFINESBYPROPERTIES('3qF2gl8vVHc4PccYiIoi2n',#18,$,$,(#3816),#3889);
#3909=IFCRELDEFINESBYPROPERTIES('0pAGaFGdnKsI1eDIt0d97l',#18,$,$,(#3816),#3891);
#3910=IFCRELDEFINESBYPROPERTIES('3LfebbkWFrUxfe85NNAFNJ',#18,$,$,(#3816),#3893);
#3911=IFCRELDEFINESBYPROPERTIES('1BjWrcubyTTybXvv43k6$u',#18,$,$,(#3843),#3894);
#3912=IFCRELDEFINESBYPROPERTIES('0I4MmMdoAIfSUG9wC15W7O',#18,$,$,(#3843),#3896);
#3913=IFCRELDEFINESBYPROPERTIES('1MNBBsIDYLbQpkmsfTqKMh',#18,$,$,(#3843),#3897);
#3914=IFCRELDEFINESBYPROPERTIES('1_a7rE8etEpKu2v0w$gQKj',#18,$,$,(#3862),#3898);
#3915=IFCRELDEFINESBYPROPERTIES('1kKmwhJSTh8qFhHll9Itj5',#18,$,$,(#3862),#3900);
#3916=IFCRELDEFINESBYPROPERTIES('0_itr4uL3xfNr7Hkbi1MsI',#18,$,$,(#3862),#3901);
#3917=IFCRELDEFINESBYPROPERTIES('3P8AsxkPUBinKOSnaEXj5Y',#18,$,$,(#3881),#3902);
#3918=IFCRELDEFINESBYPROPERTIES('0WEGk3t1LOEo$MjZdeoyIT',#18,$,$,(#3881),#3904);
#3919=IFCRELDEFINESBYPROPERTIES('3TGAhFinV0ZFV9RKmsuPf5',#18,$,$,(#3881),#3905);
#3920=IFCPROPERTYSET('0i1tVl$mLhj__ZQPUtsWaE',#18,'Pset_SlabCommon',$,(#3885));
#3921=IFCPROPERTYSINGLEVALUE('AboveGround',$,IFCLOGICAL(.U.),$);
#3922=IFCPROPERTYSET('2tjcviAIKq$6OhMAqJIcNZ',#18,'Pset_BuildingStoreyCommon',$,(#3921));
#3923=IFCRELDEFINESBYPROPERTIES('2fGMNdmdhLpyRc0DpR_PiM',#18,$,$,(#97),#3922);
#3924=IFCRELCONTAINEDINSPATIALSTRUCTURE('29TFpHBYXAnw12ni$37b4C',#18,$,$,(#123,#169,#191,#213,#1970,#3771,#3785),#97);
#3925=IFCPROPERTYSET('2FCiAOLebN1PGjMVnsIwIt',#18,'Pset_BuildingStoreyCommon',$,(#3921));
#3926=IFCRELDEFINESBYPROPERTIES('2bObhia50zIyUbb6goJdaQ',#18,$,$,(#101),#3925);
#3927=IFCRELCONTAINEDINSPATIALSTRUCTURE('29TFpHBYXAnw12ni$37bGc',#18,$,$,(#3793),#101);
#3928=IFCRELAGGREGATES('0$cM8ud4Nof6BK6gqRd$nD',#18,$,$,#89,(#104));
#3929=IFCRELAGGREGATES('2OuKzq8VipUiPrDD0tTXdU',#18,$,$,#104,(#94));
#3930=IFCRELAGGREGATES('29TFpHBYXAnw12nit37b74',#18,$,$,#94,(#97,#101));
#3931=IFCPROPERTYSINGLEVALUE('NumberOfStoreys',$,IFCINTEGER(2),$);
#3932=IFCPROPERTYSINGLEVALUE('IsLandmarked',$,IFCLOGICAL(.U.),$);
#3933=IFCPROPERTYSET('1b_6QhaqLDGe5yzFyEFHrD',#18,'Pset_BuildingCommon',$,(#3931,#3932));
#3934=IFCRELDEFINESBYPROPERTIES('3EBhKwnvoCiB3IrXcO2ebL',#18,$,$,(#94),#3933);
#3935=IFCRELASSOCIATESMATERIAL('0KR0EP4GkJ7koOs33BVlu8',#18,$,$,(#123,#169,#191,#213),#141);
#3936=IFCRELASSOCIATESMATERIAL('2qOSDYwLriL$vOSUdRgivP',#18,$,$,(#3753,#3771,#3785),#3764);
#3937=IFCRELASSOCIATESMATERIAL('33FT11dUzbFYPE5qNtKNnl',#18,$,$,(#142),#140);
#3938=IFCRELASSOCIATESMATERIAL('1KGV4oxLZQFAY9sOB$eHhC',#18,$,$,(#1957,#1970),#1958);
#3939=IFCRELASSOCIATESMATERIAL('2Ns44oCySZ6Y0MSfo5h55I',#18,$,$,(#3793,#3816,#3843,#3862,#3881),#3824);
#3940=IFCRELDEFINESBYTYPE('374fz1i9Fcwx3sQt0mVc5L',#18,$,$,(#123,#169,#191,#213),#142);
#3941=IFCRELDEFINESBYTYPE('2Sv$2KkXnO9teY_iaFXd1r',#18,$,$,(#1970),#1957);
#3942=IFCRELDEFINESBYTYPE('0wvAhuYfy9Il8iCTFW2ZVC',#18,$,$,(#3771,#3785),#3753);
#3943=IFCRELDEFINESBYTYPE('0D1anmMM54r2yGXWpSReAJ',#18,$,$,(#3816,#3843,#3862,#3881),#3817);
#3944=IFCRELCONNECTSPATHELEMENTS('0Os7zMhJsSH2uECq7EwZqb',#18,'2w1DOCK6P8GgJ_09i$dC59|2w1DOCK6P8GgJ_09i$dCR6','Structural',$,#123,#213,(),(),.ATEND.,.ATSTART.);
#3945=IFCRELCONNECTSPATHELEMENTS('2lNzEW7PXMFn7L8opo1O1_',#18,'2w1DOCK6P8GgJ_09i$dC59|2w1DOCK6P8GgJ_09i$dCQs','Structural',$,#123,#169,(),(),.ATSTART.,.ATEND.);
#3946=IFCRELCONNECTSPATHELEMENTS('3C9nf_$VFrzJ21yOX0KOnW',#18,'2w1DOCK6P8GgJ_09i$dCQs|2w1DOCK6P8GgJ_09i$dCQN','Structural',$,#169,#191,(),(),.ATSTART.,.ATEND.);
#3947=IFCRELCONNECTSPATHELEMENTS('2iBBx40gHzob3oraV6__wg',#18,'2w1DOCK6P8GgJ_09i$dCQN|2w1DOCK6P8GgJ_09i$dCR6','Structural',$,#191,#213,(),(),.ATSTART.,.ATEND.);
#3948=IFCPRESENTATIONLAYERASSIGNMENT('I-WALL-____-OTLN',$,(#110,#121,#160,#167,#182,#189,#204,#211),$);
#3949=IFCPRESENTATIONLAYERASSIGNMENT('A-DOOR-____-OTLN',$,(#1952,#1965),$);
#3950=IFCPRESENTATIONLAYERASSIGNMENT('A-GLAZ-____-OTLN',$,(#3749,#3766,#3780),$);
#3951=IFCPRESENTATIONLAYERASSIGNMENT('A-ROOF-____-OTLN',$,(#3813,#3840,#3859,#3878),$);
#3952=IFCCARTESIANPOINT((1.0499999999999916,0.40000000000000002));
#3953=IFCAXIS2PLACEMENT2D(#3952,#11);
#3954=IFCRECTANGLEPROFILEDEF(.AREA.,$,#3953,2.0999999999999832,0.80000000000000004);
#3955=IFCAXIS2PLACEMENT3D(#3,#8,#9);
#3956=IFCEXTRUDEDAREASOLID(#3954,#3955,#9,0.10000000000000006);
#3957=IFCSHAPEREPRESENTATION(#86,'Body','SweptSolid',(#3956));
#3958=IFCPRODUCTDEFINITIONSHAPE($,$,(#3957));
#3959=IFCCARTESIANPOINT((6.7500000000000044,0.049999999999977916,0.));
#3960=IFCAXIS2PLACEMENT3D(#3959,$,$);
#3961=IFCLOCALPLACEMENT(#157,#3960);
#3962=IFCOPENINGELEMENT('2Bz_DuPEQpRriXp3YWYX0_',#18,'Puerta de 1 hoja:80 x 210 cm:162923:1',$,'Opening',#3961,#3958,'162923');
#3963=IFCRELVOIDSELEMENT('2w1DOCK6P8GgJ_08y$dCRF',#18,$,$,#169,#3962);
#3964=IFCRELFILLSELEMENT('2y4$dR4SGfWbZolQB6Zra5',#18,$,$,#3962,#1970);
#3965=IFCAXIS2PLACEMENT3D(#3,#9,#6);
#3966=IFCLOCALPLACEMENT(#3961,#3965);
#3967=IFCCARTESIANPOINT((0.39999999999999991,0.4000000000000003));
#3968=IFCAXIS2PLACEMENT2D(#3967,#11);
#3969=IFCRECTANGLEPROFILEDEF(.AREA.,$,#3968,0.79999999999999982,0.79999999999999949);
#3970=IFCAXIS2PLACEMENT3D(#3,#8,#9);
#3971=IFCEXTRUDEDAREASOLID(#3969,#3970,#9,0.10000000000000006);
#3972=IFCSHAPEREPRESENTATION(#86,'Body','SweptSolid',(#3971));
#3973=IFCPRODUCTDEFINITIONSHAPE($,$,(#3972));
#3974=IFCCARTESIANPOINT((3.1500000000000039,0.049999999999989719,0.80000000000000004));
#3975=IFCAXIS2PLACEMENT3D(#3974,$,$);
#3976=IFCLOCALPLACEMENT(#157,#3975);
#3977=IFCOPENINGELEMENT('12TVa7Q_7MuIEL_sTVsCLF',#18,'Ventana simple:80 x 80 cm:162974:1',$,'Opening',#3976,#3973,'162974');
#3978=IFCRELVOIDSELEMENT('2w1DOCK6P8GgJ_08y$dCOw',#18,$,$,#169,#3977);
#3979=IFCRELFILLSELEMENT('0e20qPcU4mZ1RUYJCluBnI',#18,$,$,#3977,#3771);
#3980=IFCAXIS2PLACEMENT3D(#3,#9,#6);
#3981=IFCLOCALPLACEMENT(#3976,#3980);
#3982=IFCCARTESIANPOINT((0.39999999999999991,0.4000000000000003));
#3983=IFCAXIS2PLACEMENT2D(#3982,#11);
#3984=IFCRECTANGLEPROFILEDEF(.AREA.,$,#3983,0.79999999999999982,0.79999999999999949);
#3985=IFCAXIS2PLACEMENT3D(#3,#8,#9);
#3986=IFCEXTRUDEDAREASOLID(#3984,#3985,#9,0.10000000000000006);
#3987=IFCSHAPEREPRESENTATION(#86,'Body','SweptSolid',(#3986));
#3988=IFCPRODUCTDEFINITIONSHAPE($,$,(#3987));
#3989=IFCCARTESIANPOINT((11.920000000000003,0.049999999999961561,0.80000000000000004));
#3990=IFCAXIS2PLACEMENT3D(#3989,$,$);
#3991=IFCLOCALPLACEMENT(#157,#3990);
#3992=IFCOPENINGELEMENT('0_0dW8ft3oEdkVkSl$6bjq',#18,'Ventana simple:80 x 80 cm:162997:1',$,'Opening',#3991,#3988,'162997');
#3993=IFCRELVOIDSELEMENT('2w1DOCK6P8GgJ_08y$dCOH',#18,$,$,#169,#3992);
#3994=IFCRELFILLSELEMENT('38f1M7E_4K8ZOikxugMeno',#18,$,$,#3992,#3785);
#3995=IFCAXIS2PLACEMENT3D(#3,#9,#6);
#3996=IFCLOCALPLACEMENT(#3991,#3995);
#3997=IFCAXIS2PLACEMENT3D(#3,$,$);
#3998=IFCAXIS2PLACEMENT3D(#3,$,$);
#3999=IFCAXIS2PLACEMENT3D(#3,$,$);
#4000=IFCAXIS2PLACEMENT3D(#3,$,$);
#4001=IFCAXIS2PLACEMENT3D(#3,$,$);
#4002=IFCAXIS2PLACEMENT3D(#3,$,$);
#4003=IFCAXIS2PLACEMENT3D(#3,$,$);
ENDSEC;

END-ISO-10303-21;
