ISO-10303-21;
HEADER;
FILE_DESCRIPTION(('ViewDefinition [CoordinationView_V2.0]','RevitIdentifiers [ContentGUID: 6feb3b96-2580-4e42-8dc2-73e5b75313d0, VersionGUID: 246d570e-501d-4170-9a5f-ed12a6cd78a6, NumberOfSaves: 0]','CoordinateReference [CoordinateBase: Coordenadas compartidas]'),'2;1');
FILE_NAME('demo02.ifc','2026-03-21T22:50:09-04:00',(''),(''),'ODA SDAI 24.12','Autodesk Revit 25.4.0.32 (ESP) - IFC 25.4.0.32','');
FILE_SCHEMA(('IFC2X3'));
ENDSEC;

DATA;
#1=IFCORGANIZATION($,'Autodesk Revit 2025 (ESP)',$,$,$);
#2=IFCAPPLICATION(#1,'2025','Autodesk Revit 2025 (ESP)','Revit');
#3=IFCCARTESIANPOINT((0.,0.,0.));
#4=IFCCARTESIANPOINT((0.,0.));
#5=IFCDIRECTION((1.,0.,0.));
#6=IFCDIRECTION((-1.,0.,0.));
#7=IFCDIRECTION((0.,1.,0.));
#8=IFCDIRECTION((0.,-1.,0.));
#9=IFCDIRECTION((0.,0.,1.));
#10=IFCDIRECTION((0.,0.,-1.));
#11=IFCDIRECTION((1.,0.));
#12=IFCDIRECTION((-1.,0.));
#13=IFCDIRECTION((0.,1.));
#14=IFCDIRECTION((0.,-1.));
#15=IFCPERSON($,'','n.humananteschatz',$,$,$,$,$);
#16=IFCORGANIZATION($,'','',$,$);
#17=IFCPERSONANDORGANIZATION(#15,#16,$);
#18=IFCOWNERHISTORY(#17,#2,$,.NOCHANGE.,$,$,$,1774144208);
#19=IFCSIUNIT(*,.LENGTHUNIT.,$,.METRE.);
#20=IFCAXIS2PLACEMENT3D(#3,$,$);
#21=IFCDIRECTION((6.123233995736766E-017,1.));
#22=IFCGEOMETRICREPRESENTATIONCONTEXT($,'Model',3,1.0000000000000001E-005,#20,#21);
#23=IFCGEOMETRICREPRESENTATIONSUBCONTEXT('Axis','Model',*,*,*,*,#22,$,.GRAPH_VIEW.,$);
#24=IFCGEOMETRICREPRESENTATIONSUBCONTEXT('Body','Model',*,*,*,*,#22,$,.MODEL_VIEW.,$);
#25=IFCGEOMETRICREPRESENTATIONSUBCONTEXT('Box','Model',*,*,*,*,#22,$,.MODEL_VIEW.,$);
#26=IFCGEOMETRICREPRESENTATIONSUBCONTEXT('FootPrint','Model',*,*,*,*,#22,$,.MODEL_VIEW.,$);
#27=IFCPROJECT('1lwpkM9O1EGet2S_L8hEmW',#18,'0001',$,$,'Nombre de proyecto','Estado de proyecto',(#22),#9031);
#28=IFCCLASSIFICATION('CSI (Construction Specifications Institute)','1998',$,'Uniformat');
#29=IFCAXIS2PLACEMENT3D(#3,$,$);
#30=IFCLOCALPLACEMENT(#41,#29);
#31=IFCPOSTALADDRESS($,$,$,$,('Introduzca direcci\X\F3n aqu\X\ED'),$,'Madrid','Community','of Madrid','Spain');
#32=IFCBUILDING('1lwpkM9O1EGet2S_L8hEmX',#18,'',$,$,#30,$,'',.ELEMENT.,$,$,#31);
#33=IFCAXIS2PLACEMENT3D(#3,$,$);
#34=IFCLOCALPLACEMENT(#30,#33);
#35=IFCBUILDINGSTOREY('29TFpHBYXAnw12nix37b4C',#18,'Nivel 1',$,'Nivel:Nivel 1',#34,$,'Nivel 1',.ELEMENT.,0.);
#36=IFCCARTESIANPOINT((0.,0.,3.));
#37=IFCAXIS2PLACEMENT3D(#36,$,$);
#38=IFCLOCALPLACEMENT(#30,#37);
#39=IFCBUILDINGSTOREY('29TFpHBYXAnw12nix37bGc',#18,'Nivel 2',$,'Nivel:Nivel 1',#38,$,'Nivel 2',.ELEMENT.,2.9999999999999996);
#40=IFCAXIS2PLACEMENT3D(#3,$,$);
#41=IFCLOCALPLACEMENT($,#40);
#42=IFCSITE('1lwpkM9O1EGet2S_L8hEmY',#18,'Default',$,$,#41,$,$,.ELEMENT.,(40,25,13,9643),(-3,-42,-20,-772056),0.,$,$);
#43=IFCCARTESIANPOINT((-12.61372420176167,8.0758571503610668,0.));
#44=IFCAXIS2PLACEMENT3D(#43,#9,#8);
#45=IFCLOCALPLACEMENT(#34,#44);
#46=IFCCARTESIANPOINT((12.020000000000005,0.));
#47=IFCPOLYLINE((#4,#46));
#48=IFCSHAPEREPRESENTATION(#23,'Axis','Curve2D',(#47));
#49=IFCSIUNIT(*,.AREAUNIT.,$,.SQUARE_METRE.);
#50=IFCCARTESIANPOINT((6.0100000000000025,-9.6797569959505836E-016));
#51=IFCAXIS2PLACEMENT2D(#50,#12);
#52=IFCRECTANGLEPROFILEDEF(.AREA.,$,#51,12.020000000000001,0.10000000000000109);
#53=IFCAXIS2PLACEMENT3D(#3,$,$);
#54=IFCEXTRUDEDAREASOLID(#52,#53,#9,2.9999999999999996);
#55=IFCCOLOURRGB($,0.97647058823529409,0.97647058823529409,0.97647058823529409);
#56=IFCSURFACESTYLERENDERING(#55,0.,$,$,$,$,IFCNORMALISEDRATIOMEASURE(0.5),IFCSPECULAREXPONENT(128.),.NOTDEFINED.);
#57=IFCSURFACESTYLE('Enlucido - Blanco',.BOTH.,(#56));
#58=IFCPRESENTATIONSTYLEASSIGNMENT((#57));
#59=IFCSTYLEDITEM(#54,(#58),$);
#60=IFCSHAPEREPRESENTATION(#24,'Body','SweptSolid',(#54));
#61=IFCPRODUCTDEFINITIONSHAPE($,$,(#48,#60));
#62=IFCWALLSTANDARDCASE('0aRLSEK1r1S9fVxHAcp$_n',#18,'Muro b\X\E1sico:Partici\X\F3n con capa de yeso:165655',$,'Muro b\X\E1sico:Partici\X\F3n con capa de yeso',#45,#61,'165655');
#63=IFCMATERIAL('Enlucido - Blanco');
#64=IFCPRESENTATIONSTYLEASSIGNMENT((#57));
#65=IFCSTYLEDITEM($,(#64),$);
#66=IFCSTYLEDREPRESENTATION(#22,'Style','Material',(#65));
#67=IFCMATERIALDEFINITIONREPRESENTATION($,$,(#66),#63);
#68=IFCMATERIAL('Ladrillo de cer\X\E1mica hueco doble');
#69=IFCCOLOURRGB($,0.80000000000000004,0.5725490196078431,0.43529411764705883);
#70=IFCSURFACESTYLERENDERING(#69,0.,$,$,$,$,IFCNORMALISEDRATIOMEASURE(0.5),IFCSPECULAREXPONENT(128.),.NOTDEFINED.);
#71=IFCSURFACESTYLE('Ladrillo de cer\X\E1mica hueco doble',.BOTH.,(#70));
#72=IFCPRESENTATIONSTYLEASSIGNMENT((#71));
#73=IFCSTYLEDITEM($,(#72),$);
#74=IFCSTYLEDREPRESENTATION(#22,'Style','Material',(#73));
#75=IFCMATERIALDEFINITIONREPRESENTATION($,$,(#74),#68);
#76=IFCMATERIALLAYER(#63,0.014999999999999999,$);
#77=IFCMATERIALLAYER(#68,0.070000000000000007,$);
#78=IFCMATERIALLAYER(#63,0.014999999999999999,$);
#79=IFCMATERIALLAYERSET((#76,#77,#78),'Muro b\X\E1sico:Partici\X\F3n con capa de yeso');
#80=IFCMATERIALLAYERSETUSAGE(#79,.AXIS2.,.NEGATIVE.,0.050000000000000031);
#81=IFCWALLTYPE('0t2nGKfbH1VhHNoqEzOo50',#18,'Muro b\X\E1sico:Partici\X\F3n con capa de yeso',$,$,$,$,'80736',$,.STANDARD.);
#82=IFCPROPERTYSINGLEVALUE('Reference',$,IFCIDENTIFIER('Partici\X\F3n con capa de yeso'),$);
#83=IFCPROPERTYSET('2rhgSGqxv26YWohIb$8WmK',#18,'Pset_QuantityTakeOff',$,(#82));
#84=IFCPROPERTYSINGLEVALUE('Reference',$,IFCLABEL('Partici\X\F3n con capa de yeso'),$);
#85=IFCPROPERTYSET('08ukvPVSSeGyppT9Xw6HWu',#18,'Pset_ReinforcementBarPitchOfWall',$,(#84));
#86=IFCPROPERTYSINGLEVALUE('IsExternal',$,IFCBOOLEAN(.F.),$);
#87=IFCPROPERTYSINGLEVALUE('ExtendToStructure',$,IFCBOOLEAN(.F.),$);
#88=IFCPROPERTYSINGLEVALUE('LoadBearing',$,IFCBOOLEAN(.F.),$);
#89=IFCPROPERTYSET('06KqKUGVyEnRiEeSh7lXRu',#18,'Pset_WallCommon',$,(#82,#86,#87,#88));
#90=IFCRELDEFINESBYPROPERTIES('2NbZxzWAOUAfpUCBD$iDop',#18,$,$,(#62),#83);
#91=IFCRELDEFINESBYPROPERTIES('1gnq6cwP$JwtKTfhBYjxtv',#18,$,$,(#62),#85);
#92=IFCRELDEFINESBYPROPERTIES('0gp1WfX4$gGYOR$X_5tX5w',#18,$,$,(#62),#89);
#93=IFCCARTESIANPOINT((-7.0385696628879444,-2.2610428573675576,0.));
#94=IFCDIRECTION((0.99452189536827296,-0.10452846326765636,-0.));
#95=IFCAXIS2PLACEMENT3D(#93,#9,#94);
#96=IFCLOCALPLACEMENT(#34,#95);
#97=IFCCARTESIANPOINT((16.27275091129259,0.));
#98=IFCPOLYLINE((#4,#97));
#99=IFCSHAPEREPRESENTATION(#23,'Axis','Curve2D',(#98));
#100=IFCCARTESIANPOINT((0.,-0.050000000000000357));
#101=IFCCARTESIANPOINT((16.272750911292594,-0.050000000000000544));
#102=IFCCARTESIANPOINT((16.11876441491113,0.049999999999999732));
#103=IFCCARTESIANPOINT((15.935156569033463,0.049999999999999732));
#104=IFCCARTESIANPOINT((0.,0.049999999999999677));
#105=IFCPOLYLINE((#100,#101,#102,#103,#104,#100));
#106=IFCARBITRARYCLOSEDPROFILEDEF(.AREA.,$,#105);
#107=IFCAXIS2PLACEMENT3D(#3,$,$);
#108=IFCEXTRUDEDAREASOLID(#106,#107,#9,2.9999999999999996);
#109=IFCSTYLEDITEM(#108,(#58),$);
#110=IFCSHAPEREPRESENTATION(#24,'Body','SweptSolid',(#108));
#111=IFCPRODUCTDEFINITIONSHAPE($,$,(#99,#110));
#112=IFCWALLSTANDARDCASE('0aRLSEK1r1S9fVxHAcp$$5',#18,'Muro b\X\E1sico:Partici\X\F3n con capa de yeso:165731',$,'Muro b\X\E1sico:Partici\X\F3n con capa de yeso',#96,#111,'165731');
#113=IFCMATERIALLAYERSETUSAGE(#79,.AXIS2.,.NEGATIVE.,0.050000000000000031);
#114=IFCPROPERTYSET('1hbR3r5NywyIO5ReF7i5uS',#18,'Pset_QuantityTakeOff',$,(#82));
#115=IFCPROPERTYSINGLEVALUE('Reference',$,IFCLABEL('Partici\X\F3n con capa de yeso'),$);
#116=IFCPROPERTYSET('1Bnr1BYL0d8eVhGJV3Lkka',#18,'Pset_ReinforcementBarPitchOfWall',$,(#115));
#117=IFCPROPERTYSET('31sVc8dNt3XXE_SKO78AmD',#18,'Pset_WallCommon',$,(#82,#86,#87,#88));
#118=IFCRELDEFINESBYPROPERTIES('16u83x1OsffgmSBMBWA6pE',#18,$,$,(#112),#114);
#119=IFCRELDEFINESBYPROPERTIES('1JXx_tkpqkAo4nxd61TPJw',#18,$,$,(#112),#116);
#120=IFCRELDEFINESBYPROPERTIES('3tg6Alyfo_VFEXn$4ChyEP',#18,$,$,(#112),#117);
#121=IFCCARTESIANPOINT((8.9656548776350409,-3.9350437347360376,0.));
#122=IFCDIRECTION((-0.77714596145696935,0.62932039104983939,0.));
#123=IFCAXIS2PLACEMENT3D(#121,#9,#122);
#124=IFCLOCALPLACEMENT(#34,#123);
#125=IFCCARTESIANPOINT((8.2287627637774445,0.));
#126=IFCPOLYLINE((#4,#125));
#127=IFCSHAPEREPRESENTATION(#23,'Axis','Curve2D',(#126));
#128=IFCCARTESIANPOINT((8.2287627637774463,-0.049999999999999462));
#129=IFCCARTESIANPOINT((8.2287627637774445,0.050000000000000003));
#130=IFCCARTESIANPOINT((0.15398649638146086,0.050000000000000377));
#131=IFCCARTESIANPOINT((0.,-0.049999999999999191));
#132=IFCPOLYLINE((#128,#129,#130,#131,#128));
#133=IFCARBITRARYCLOSEDPROFILEDEF(.AREA.,$,#132);
#134=IFCAXIS2PLACEMENT3D(#3,$,$);
#135=IFCEXTRUDEDAREASOLID(#133,#134,#9,2.9999999999999996);
#136=IFCSTYLEDITEM(#135,(#58),$);
#137=IFCSHAPEREPRESENTATION(#24,'Body','SweptSolid',(#135));
#138=IFCPRODUCTDEFINITIONSHAPE($,$,(#127,#137));
#139=IFCWALLSTANDARDCASE('0aRLSEK1r1S9fVxHAcp$y1',#18,'Muro b\X\E1sico:Partici\X\F3n con capa de yeso:165799',$,'Muro b\X\E1sico:Partici\X\F3n con capa de yeso',#124,#138,'165799');
#140=IFCMATERIALLAYERSETUSAGE(#79,.AXIS2.,.NEGATIVE.,0.050000000000000031);
#141=IFCPROPERTYSET('2IHdXDUlkumUGSjWUzPCMj',#18,'Pset_QuantityTakeOff',$,(#82));
#142=IFCPROPERTYSINGLEVALUE('Reference',$,IFCLABEL('Partici\X\F3n con capa de yeso'),$);
#143=IFCPROPERTYSET('1KJlJsi7N5PKhHU3Tzjpbj',#18,'Pset_ReinforcementBarPitchOfWall',$,(#142));
#144=IFCPROPERTYSET('3wpYH_GMghdmp_ObPbPmJ7',#18,'Pset_WallCommon',$,(#82,#86,#87,#88));
#145=IFCRELDEFINESBYPROPERTIES('1ImusdDC0N3Yet1wcXnqBM',#18,$,$,(#139),#141);
#146=IFCRELDEFINESBYPROPERTIES('0E2bwQeLNhWSK3s1JG2E9J',#18,$,$,(#139),#143);
#147=IFCRELDEFINESBYPROPERTIES('2zv3mo1Bj8Ki8RQFLyiMtD',#18,$,$,(#139),#144);
#148=IFCCARTESIANPOINT((8.9562757982383356,8.0258571503610643,0.));
#149=IFCAXIS2PLACEMENT3D(#148,#9,#6);
#150=IFCLOCALPLACEMENT(#34,#149);
#151=IFCCARTESIANPOINT((21.520000000000003,0.));
#152=IFCPOLYLINE((#4,#151));
#153=IFCSHAPEREPRESENTATION(#23,'Axis','Curve2D',(#152));
#154=IFCCARTESIANPOINT((10.760000000000002,0.));
#155=IFCAXIS2PLACEMENT2D(#154,#12);
#156=IFCRECTANGLEPROFILEDEF(.AREA.,$,#155,21.520000000000003,0.10000000000000109);
#157=IFCAXIS2PLACEMENT3D(#3,$,$);
#158=IFCEXTRUDEDAREASOLID(#156,#157,#9,2.9999999999999996);
#159=IFCSTYLEDITEM(#158,(#58),$);
#160=IFCSHAPEREPRESENTATION(#24,'Body','SweptSolid',(#158));
#161=IFCPRODUCTDEFINITIONSHAPE($,$,(#153,#160));
#162=IFCWALLSTANDARDCASE('0aRLSEK1r1S9fVxHAcp$z5',#18,'Muro b\X\E1sico:Partici\X\F3n con capa de yeso:165859',$,'Muro b\X\E1sico:Partici\X\F3n con capa de yeso',#150,#161,'165859');
#163=IFCMATERIALLAYERSETUSAGE(#79,.AXIS2.,.NEGATIVE.,0.050000000000000031);
#164=IFCPROPERTYSET('3qcCzx1KBtXRI1TPE8rc65',#18,'Pset_QuantityTakeOff',$,(#82));
#165=IFCPROPERTYSINGLEVALUE('Reference',$,IFCLABEL('Partici\X\F3n con capa de yeso'),$);
#166=IFCPROPERTYSET('0Zd2moL85QZS0Bj803b1hM',#18,'Pset_ReinforcementBarPitchOfWall',$,(#165));
#167=IFCPROPERTYSET('0T4kCTfWWiIZN_blhuWeIU',#18,'Pset_WallCommon',$,(#82,#86,#87,#88));
#168=IFCRELDEFINESBYPROPERTIES('0qWStH0q1zZqUpkEssFTf9',#18,$,$,(#162),#164);
#169=IFCRELDEFINESBYPROPERTIES('2WXnzkKflNSZ5lF6Y$crNN',#18,$,$,(#162),#166);
#170=IFCRELDEFINESBYPROPERTIES('1wRbGrLKrcbNnJ6v4r9lsR',#18,$,$,(#162),#167);
#171=IFCCARTESIANPOINT((0.,-0.0099999999999966782,0.));
#172=IFCCARTESIANPOINT((-0.075000000000000011,-0.0099999999999966782,0.));
#173=IFCCARTESIANPOINT((-0.075000000000000011,0.,0.));
#174=IFCPOLYLOOP((#3,#171,#172,#173));
#175=IFCFACEOUTERBOUND(#174,.T.);
#176=IFCFACE((#175));
#177=IFCCARTESIANPOINT((0.,0.,2.0999999999999832));
#178=IFCCARTESIANPOINT((0.,-0.0099999999999966782,2.0999999999999832));
#179=IFCPOLYLOOP((#171,#3,#177,#178));
#180=IFCFACEOUTERBOUND(#179,.T.);
#181=IFCFACE((#180));
#182=IFCCARTESIANPOINT((0.79999999999999949,-0.0099999999999966782,2.0999999999999832));
#183=IFCCARTESIANPOINT((0.79999999999999949,-0.0099999999999966782,-0.));
#184=IFCCARTESIANPOINT((0.87499999999999956,-0.0099999999999966782,0.));
#185=IFCCARTESIANPOINT((0.87499999999999944,-0.0099999999999966782,2.1749999999999834));
#186=IFCCARTESIANPOINT((-0.075000000000000011,-0.0099999999999966782,2.1749999999999834));
#187=IFCPOLYLOOP((#172,#171,#178,#182,#183,#184,#185,#186));
#188=IFCFACEOUTERBOUND(#187,.T.);
#189=IFCFACE((#188));
#190=IFCCARTESIANPOINT((-0.075000000000000011,0.,2.1749999999999834));
#191=IFCPOLYLOOP((#173,#172,#186,#190));
#192=IFCFACEOUTERBOUND(#191,.T.);
#193=IFCFACE((#192));
#194=IFCCARTESIANPOINT((0.87499999999999956,0.,2.1749999999999834));
#195=IFCCARTESIANPOINT((0.87499999999999956,0.,-0.));
#196=IFCCARTESIANPOINT((0.79999999999999949,0.,0.));
#197=IFCCARTESIANPOINT((0.79999999999999949,0.,2.0999999999999832));
#198=IFCPOLYLOOP((#3,#173,#190,#194,#195,#196,#197,#177));
#199=IFCFACEOUTERBOUND(#198,.T.);
#200=IFCFACE((#199));
#201=IFCPOLYLOOP((#178,#177,#197,#182));
#202=IFCFACEOUTERBOUND(#201,.T.);
#203=IFCFACE((#202));
#204=IFCPOLYLOOP((#190,#186,#185,#194));
#205=IFCFACEOUTERBOUND(#204,.T.);
#206=IFCFACE((#205));
#207=IFCPOLYLOOP((#196,#195,#184,#183));
#208=IFCFACEOUTERBOUND(#207,.T.);
#209=IFCFACE((#208));
#210=IFCPOLYLOOP((#182,#197,#196,#183));
#211=IFCFACEOUTERBOUND(#210,.T.);
#212=IFCFACE((#211));
#213=IFCPOLYLOOP((#194,#185,#184,#195));
#214=IFCFACEOUTERBOUND(#213,.T.);
#215=IFCFACE((#214));
#216=IFCCARTESIANPOINT((0.86999999999999966,0.099999999999999936,0.));
#217=IFCCARTESIANPOINT((0.79999999999999916,0.099999999999999936,0.));
#218=IFCCARTESIANPOINT((0.79999999999999916,0.11000000000001343,0.));
#219=IFCCARTESIANPOINT((0.86999999999999966,0.11000000000001343,0.));
#220=IFCPOLYLOOP((#216,#217,#218,#219));
#221=IFCFACEOUTERBOUND(#220,.T.);
#222=IFCFACE((#221));
#223=IFCCARTESIANPOINT((0.86999999999999988,0.099999999999999936,2.1699999999999835));
#224=IFCCARTESIANPOINT((-0.070000000000000326,0.099999999999999936,2.1699999999999835));
#225=IFCCARTESIANPOINT((-0.070000000000000062,0.099999999999999936,-0.));
#226=IFCCARTESIANPOINT((0.,0.099999999999999936,0.));
#227=IFCCARTESIANPOINT((0.,0.099999999999999936,2.0999999999999828));
#228=IFCCARTESIANPOINT((0.79999999999999927,0.099999999999999936,2.0999999999999832));
#229=IFCPOLYLOOP((#217,#216,#223,#224,#225,#226,#227,#228));
#230=IFCFACEOUTERBOUND(#229,.T.);
#231=IFCFACE((#230));
#232=IFCCARTESIANPOINT((0.79999999999999927,0.11000000000001343,2.0999999999999832));
#233=IFCPOLYLOOP((#218,#217,#228,#232));
#234=IFCFACEOUTERBOUND(#233,.T.);
#235=IFCFACE((#234));
#236=IFCCARTESIANPOINT((0.,0.11000000000001343,2.0999999999999832));
#237=IFCCARTESIANPOINT((0.,0.11000000000001343,-0.));
#238=IFCCARTESIANPOINT((-0.070000000000000326,0.11000000000001343,0.));
#239=IFCCARTESIANPOINT((-0.070000000000000326,0.11000000000001343,2.1699999999999835));
#240=IFCCARTESIANPOINT((0.86999999999999955,0.11000000000001343,2.1699999999999835));
#241=IFCPOLYLOOP((#219,#218,#232,#236,#237,#238,#239,#240));
#242=IFCFACEOUTERBOUND(#241,.T.);
#243=IFCFACE((#242));
#244=IFCPOLYLOOP((#216,#219,#240,#223));
#245=IFCFACEOUTERBOUND(#244,.T.);
#246=IFCFACE((#245));
#247=IFCPOLYLOOP((#232,#228,#227,#236));
#248=IFCFACEOUTERBOUND(#247,.T.);
#249=IFCFACE((#248));
#250=IFCPOLYLOOP((#223,#240,#239,#224));
#251=IFCFACEOUTERBOUND(#250,.T.);
#252=IFCFACE((#251));
#253=IFCPOLYLOOP((#225,#238,#237,#226));
#254=IFCFACEOUTERBOUND(#253,.T.);
#255=IFCFACE((#254));
#256=IFCPOLYLOOP((#236,#227,#226,#237));
#257=IFCFACEOUTERBOUND(#256,.T.);
#258=IFCFACE((#257));
#259=IFCPOLYLOOP((#224,#239,#238,#225));
#260=IFCFACEOUTERBOUND(#259,.T.);
#261=IFCFACE((#260));
#262=IFCCARTESIANPOINT((0.79999999999999916,-0.,-0.));
#263=IFCCARTESIANPOINT((0.76499999999999946,-0.,-0.));
#264=IFCCARTESIANPOINT((0.76499999999999979,0.064999999999992453,-0.));
#265=IFCCARTESIANPOINT((0.77499999999999969,0.064999999999992411,-0.));
#266=IFCCARTESIANPOINT((0.7749999999999998,0.10000000000000758,-0.));
#267=IFCCARTESIANPOINT((0.79999999999999949,0.10000000000000751,-0.));
#268=IFCPOLYLOOP((#262,#263,#264,#265,#266,#267));
#269=IFCFACEOUTERBOUND(#268,.T.);
#270=IFCFACE((#269));
#271=IFCCARTESIANPOINT((0.79999999999999927,-0.,2.100000000000056));
#272=IFCCARTESIANPOINT((0.,0.,2.1000000000000565));
#273=IFCCARTESIANPOINT((0.035000000000000281,0.,0.));
#274=IFCCARTESIANPOINT((0.035000000000000302,0.,2.0650000000000568));
#275=IFCCARTESIANPOINT((0.76499999999999946,-0.,2.0650000000000563));
#276=IFCPOLYLOOP((#263,#262,#271,#272,#3,#273,#274,#275));
#277=IFCFACEOUTERBOUND(#276,.T.);
#278=IFCFACE((#277));
#279=IFCCARTESIANPOINT((0.76499999999999968,0.064999999999992453,2.0650000000000563));
#280=IFCPOLYLOOP((#264,#263,#275,#279));
#281=IFCFACEOUTERBOUND(#280,.T.);
#282=IFCFACE((#281));
#283=IFCCARTESIANPOINT((0.035000000000000572,0.064999999999994923,2.0650000000000568));
#284=IFCCARTESIANPOINT((0.035000000000000434,0.064999999999994923,-0.));
#285=IFCCARTESIANPOINT((0.025000000000001001,0.064999999999994854,0.));
#286=IFCCARTESIANPOINT((0.025000000000000949,0.064999999999994854,2.0750000000000566));
#287=IFCCARTESIANPOINT((0.77499999999999947,0.064999999999992411,2.0750000000000561));
#288=IFCPOLYLOOP((#265,#264,#279,#283,#284,#285,#286,#287));
#289=IFCFACEOUTERBOUND(#288,.T.);
#290=IFCFACE((#289));
#291=IFCCARTESIANPOINT((0.77499999999999969,0.10000000000000758,2.0750000000000561));
#292=IFCPOLYLOOP((#266,#265,#287,#291));
#293=IFCFACEOUTERBOUND(#292,.T.);
#294=IFCFACE((#293));
#295=IFCCARTESIANPOINT((0.025000000000001084,0.10000000000000987,2.0750000000000566));
#296=IFCCARTESIANPOINT((0.025000000000001084,0.10000000000000989,-0.));
#297=IFCCARTESIANPOINT((0.,0.10000000000001012,0.));
#298=IFCCARTESIANPOINT((0.,0.10000000000001012,2.100000000000056));
#299=IFCCARTESIANPOINT((0.79999999999999938,0.10000000000000751,2.100000000000056));
#300=IFCPOLYLOOP((#267,#266,#291,#295,#296,#297,#298,#299));
#301=IFCFACEOUTERBOUND(#300,.T.);
#302=IFCFACE((#301));
#303=IFCPOLYLOOP((#262,#267,#299,#271));
#304=IFCFACEOUTERBOUND(#303,.T.);
#305=IFCFACE((#304));
#306=IFCPOLYLOOP((#279,#275,#274,#283));
#307=IFCFACEOUTERBOUND(#306,.T.);
#308=IFCFACE((#307));
#309=IFCPOLYLOOP((#291,#287,#286,#295));
#310=IFCFACEOUTERBOUND(#309,.T.);
#311=IFCFACE((#310));
#312=IFCPOLYLOOP((#271,#299,#298,#272));
#313=IFCFACEOUTERBOUND(#312,.T.);
#314=IFCFACE((#313));
#315=IFCPOLYLOOP((#3,#297,#296,#285,#284,#273));
#316=IFCFACEOUTERBOUND(#315,.T.);
#317=IFCFACE((#316));
#318=IFCPOLYLOOP((#283,#274,#273,#284));
#319=IFCFACEOUTERBOUND(#318,.T.);
#320=IFCFACE((#319));
#321=IFCPOLYLOOP((#295,#286,#285,#296));
#322=IFCFACEOUTERBOUND(#321,.T.);
#323=IFCFACE((#322));
#324=IFCPOLYLOOP((#272,#298,#297,#3));
#325=IFCFACEOUTERBOUND(#324,.T.);
#326=IFCFACE((#325));
#327=IFCCARTESIANPOINT((0.024999999999979022,0.099999999999996828,2.0999999999999819));
#328=IFCCARTESIANPOINT((0.024999999999979022,0.065000000000003028,2.0999999999999819));
#329=IFCCARTESIANPOINT((0.77499999999998748,0.065000000000003028,2.0999999999999819));
#330=IFCCARTESIANPOINT((0.77499999999998748,0.10000000000000001,2.0999999999999819));
#331=IFCCARTESIANPOINT((0.7849999999999876,0.10000000000000001,2.0999999999999819));
#332=IFCCARTESIANPOINT((0.7849999999999876,0.10999999999999685,2.0999999999999819));
#333=IFCCARTESIANPOINT((0.014999999999978994,0.10999999999999685,2.0999999999999819));
#334=IFCCARTESIANPOINT((0.014999999999978994,0.099999999999996828,2.0999999999999819));
#335=IFCPOLYLOOP((#327,#328,#329,#330,#331,#332,#333,#334));
#336=IFCFACEOUTERBOUND(#335,.T.);
#337=IFCFACE((#336));
#338=IFCCARTESIANPOINT((0.024999999999979022,0.099999999999996828,0.));
#339=IFCCARTESIANPOINT((0.014999999999978994,0.099999999999996828,0.));
#340=IFCCARTESIANPOINT((0.014999999999978994,0.10999999999999685,0.));
#341=IFCCARTESIANPOINT((0.7849999999999876,0.10999999999999685,0.));
#342=IFCCARTESIANPOINT((0.7849999999999876,0.10000000000000001,0.));
#343=IFCCARTESIANPOINT((0.77499999999998748,0.10000000000000001,0.));
#344=IFCCARTESIANPOINT((0.77499999999998748,0.065000000000003028,0.));
#345=IFCCARTESIANPOINT((0.024999999999979022,0.065000000000003028,0.));
#346=IFCPOLYLOOP((#338,#339,#340,#341,#342,#343,#344,#345));
#347=IFCFACEOUTERBOUND(#346,.T.);
#348=IFCFACE((#347));
#349=IFCPOLYLOOP((#328,#327,#338,#345));
#350=IFCFACEOUTERBOUND(#349,.T.);
#351=IFCFACE((#350));
#352=IFCPOLYLOOP((#329,#328,#345,#344));
#353=IFCFACEOUTERBOUND(#352,.T.);
#354=IFCFACE((#353));
#355=IFCPOLYLOOP((#330,#329,#344,#343));
#356=IFCFACEOUTERBOUND(#355,.T.);
#357=IFCFACE((#356));
#358=IFCPOLYLOOP((#331,#330,#343,#342));
#359=IFCFACEOUTERBOUND(#358,.T.);
#360=IFCFACE((#359));
#361=IFCPOLYLOOP((#332,#331,#342,#341));
#362=IFCFACEOUTERBOUND(#361,.T.);
#363=IFCFACE((#362));
#364=IFCPOLYLOOP((#333,#332,#341,#340));
#365=IFCFACEOUTERBOUND(#364,.T.);
#366=IFCFACE((#365));
#367=IFCPOLYLOOP((#334,#333,#340,#339));
#368=IFCFACEOUTERBOUND(#367,.T.);
#369=IFCFACE((#368));
#370=IFCPOLYLOOP((#327,#334,#339,#338));
#371=IFCFACEOUTERBOUND(#370,.T.);
#372=IFCFACE((#371));
#373=IFCCARTESIANPOINT((0.059999999999993732,0.11000000000000332,1.049999999999998));
#374=IFCCARTESIANPOINT((0.060272773931939284,0.11000000000000332,1.0483540540971907));
#375=IFCCARTESIANPOINT((0.061083655165981021,0.11000000000000332,1.0467530053079512));
#376=IFCCARTESIANPOINT((0.062410524975863968,0.11000000000000332,1.0452405260696274));
#377=IFCCARTESIANPOINT((0.064217189812065797,0.11000000000000332,1.0438578728731014));
#378=IFCCARTESIANPOINT((0.066454368567478897,0.11000000000000332,1.0426427608932667));
#379=IFCCARTESIANPOINT((0.069061036837545164,0.11000000000000332,1.041628335217373));
#380=IFCCARTESIANPOINT((0.071966091506934338,0.11000000000000332,1.0408422667334476));
#381=IFCCARTESIANPOINT((0.075090290257177728,0.11000000000000332,1.0403059973406048));
#382=IFCCARTESIANPOINT((0.078348413090547048,0.11000000000000332,1.0400341550699315));
#383=IFCCARTESIANPOINT((0.081651586909440313,0.11000000000000332,1.0400341550699315));
#384=IFCCARTESIANPOINT((0.084909709742809647,0.11000000000000332,1.0403059973406048));
#385=IFCCARTESIANPOINT((0.088033908493053106,0.11000000000000332,1.0408422667334476));
#386=IFCCARTESIANPOINT((0.090938963162442238,0.11000000000000332,1.041628335217373));
#387=IFCCARTESIANPOINT((0.093545631432508478,0.11000000000000332,1.0426427608932669));
#388=IFCCARTESIANPOINT((0.095782810187921577,0.11000000000000332,1.0438578728731016));
#389=IFCCARTESIANPOINT((0.097589475024123518,0.11000000000000332,1.0452405260696276));
#390=IFCCARTESIANPOINT((0.098916344834006353,0.11000000000000332,1.0467530053079515));
#391=IFCCARTESIANPOINT((0.09972722606804818,0.11000000000000332,1.048354054097191));
#392=IFCCARTESIANPOINT((0.099999999999993719,0.11000000000000332,1.0499999999999983));
#393=IFCCARTESIANPOINT((0.099727226068048153,0.11000000000000332,1.0516459459028056));
#394=IFCCARTESIANPOINT((0.098916344834006423,0.11000000000000332,1.0532469946920451));
#395=IFCCARTESIANPOINT((0.097589475024123448,0.11000000000000332,1.054759473930369));
#396=IFCCARTESIANPOINT((0.095782810187921508,0.11000000000000332,1.0561421271268951));
#397=IFCCARTESIANPOINT((0.093545631432508505,0.11000000000000332,1.0573572391067296));
#398=IFCCARTESIANPOINT((0.090938963162442224,0.11000000000000332,1.0583716647826236));
#399=IFCCARTESIANPOINT((0.088033908493053037,0.11000000000000332,1.0591577332665489));
#400=IFCCARTESIANPOINT((0.084909709742809661,0.11000000000000332,1.0596940026593915));
#401=IFCCARTESIANPOINT((0.081651586909440313,0.11000000000000332,1.0599658449300648));
#402=IFCCARTESIANPOINT((0.078348413090547048,0.11000000000000332,1.0599658449300648));
#403=IFCCARTESIANPOINT((0.075090290257177714,0.11000000000000332,1.0596940026593915));
#404=IFCCARTESIANPOINT((0.071966091506934282,0.11000000000000332,1.0591577332665487));
#405=IFCCARTESIANPOINT((0.069061036837545151,0.11000000000000332,1.0583716647826233));
#406=IFCCARTESIANPOINT((0.066454368567478897,0.11000000000000332,1.0573572391067294));
#407=IFCCARTESIANPOINT((0.064217189812065825,0.11000000000000332,1.0561421271268947));
#408=IFCCARTESIANPOINT((0.062410524975863947,0.11000000000000332,1.0547594739303687));
#409=IFCCARTESIANPOINT((0.061083655165981056,0.11000000000000332,1.0532469946920449));
#410=IFCCARTESIANPOINT((0.060272773931939284,0.11000000000000332,1.0516459459028054));
#411=IFCCARTESIANPOINT((0.059999999999993732,0.17000000000000329,1.0499999999999983));
#412=IFCCARTESIANPOINT((0.060272773931939319,0.16972722606805771,1.0483540540971905));
#413=IFCCARTESIANPOINT((0.061083655165980924,0.16891634483401602,1.0467530053079515));
#414=IFCCARTESIANPOINT((0.062410524975863954,0.16758947502413318,1.0452405260696274));
#415=IFCCARTESIANPOINT((0.064217189812065797,0.16578281018793115,1.0438578728731014));
#416=IFCCARTESIANPOINT((0.066454368567478966,0.1635456314325181,1.0426427608932667));
#417=IFCCARTESIANPOINT((0.069061036837545234,0.16093896316245179,1.041628335217373));
#418=IFCCARTESIANPOINT((0.071966091506934282,0.15803390849306279,1.0408422667334476));
#419=IFCCARTESIANPOINT((0.075090290257177741,0.15490970974281934,1.0403059973406048));
#420=IFCCARTESIANPOINT((0.078348413090547048,0.15165158690944996,1.0400341550699315));
#421=IFCCARTESIANPOINT((0.081651586909440313,0.14834841309055674,1.0400341550699315));
#422=IFCCARTESIANPOINT((0.084909709742809647,0.14509029025718737,1.0403059973406048));
#423=IFCCARTESIANPOINT((0.088033908493053106,0.14196609150694395,1.0408422667334476));
#424=IFCCARTESIANPOINT((0.090938963162442127,0.13906103683755486,1.041628335217373));
#425=IFCCARTESIANPOINT((0.093545631432508478,0.13645436856748855,1.0426427608932669));
#426=IFCCARTESIANPOINT((0.095782810187921549,0.13421718981207545,1.0438578728731018));
#427=IFCCARTESIANPOINT((0.097589475024123448,0.13241052497587363,1.0452405260696276));
#428=IFCCARTESIANPOINT((0.098916344834006353,0.13108365516599063,1.0467530053079515));
#429=IFCCARTESIANPOINT((0.099727226068048111,0.13027277393194892,1.048354054097191));
#430=IFCCARTESIANPOINT((0.099999999999993691,0.13000000000000331,1.0499999999999985));
#431=IFCCARTESIANPOINT((0.061684533820848368,0.13879473241925869,1.0459830453499992));
#432=IFCCARTESIANPOINT((0.059999999999993732,0.14000000000000354,1.0499999999999983));
#433=IFCCARTESIANPOINT((0.099727226068048194,0.13027277393194883,1.0516459459028056));
#434=IFCCARTESIANPOINT((0.098916344834006395,0.13108365516599063,1.0532469946920451));
#435=IFCCARTESIANPOINT((0.097589475024123448,0.13241052497587355,1.054759473930369));
#436=IFCCARTESIANPOINT((0.095782810187921646,0.13421718981207539,1.0561421271268949));
#437=IFCCARTESIANPOINT((0.093545631432508422,0.13645436856748855,1.0573572391067296));
#438=IFCCARTESIANPOINT((0.090938963162442168,0.13906103683755475,1.0583716647826233));
#439=IFCCARTESIANPOINT((0.088033908493053037,0.14196609150694395,1.0591577332665487));
#440=IFCCARTESIANPOINT((0.084909709742809661,0.14509029025718731,1.0596940026593915));
#441=IFCCARTESIANPOINT((0.081651586909440341,0.14834841309055663,1.0599658449300648));
#442=IFCCARTESIANPOINT((0.078348413090547048,0.15165158690944994,1.0599658449300651));
#443=IFCCARTESIANPOINT((0.0750902902571777,0.15490970974281926,1.0596940026593915));
#444=IFCCARTESIANPOINT((0.071966091506934324,0.15803390849306267,1.0591577332665485));
#445=IFCCARTESIANPOINT((0.069061036837545137,0.16093896316245176,1.0583716647826233));
#446=IFCCARTESIANPOINT((0.066454368567478841,0.16354563143251816,1.0573572391067296));
#447=IFCCARTESIANPOINT((0.064217189812065797,0.16578281018793117,1.0561421271268947));
#448=IFCCARTESIANPOINT((0.062410524975863815,0.16758947502413299,1.0547594739303687));
#449=IFCCARTESIANPOINT((0.061083655165981077,0.16891634483401596,1.0532469946920446));
#450=IFCCARTESIANPOINT((0.060272773931939201,0.16972722606805771,1.0516459459028056));
#451=IFCCARTESIANPOINT((0.059999999999993718,0.13455093107261018,1.0499999999999983));
#452=IFCCARTESIANPOINT((0.063256670398938133,0.13789140511107056,1.0554694815538204));
#453=IFCCARTESIANPOINT((0.2199999999999937,0.17000000000000329,1.0499999999999985));
#454=IFCCARTESIANPOINT((0.2199999999999937,0.16972722606805776,1.0516459459028058));
#455=IFCCARTESIANPOINT((0.2199999999999937,0.16891634483401596,1.0532469946920453));
#456=IFCCARTESIANPOINT((0.2199999999999937,0.16758947502413304,1.0547594739303694));
#457=IFCCARTESIANPOINT((0.2199999999999937,0.16578281018793123,1.0561421271268951));
#458=IFCCARTESIANPOINT((0.2199999999999937,0.16354563143251816,1.0573572391067299));
#459=IFCCARTESIANPOINT((0.2199999999999937,0.16093896316245188,1.0583716647826238));
#460=IFCCARTESIANPOINT((0.21999999999999367,0.15803390849306267,1.0591577332665492));
#461=IFCCARTESIANPOINT((0.21999999999999367,0.15490970974281931,1.059694002659392));
#462=IFCCARTESIANPOINT((0.21999999999999367,0.15165158690944994,1.0599658449300655));
#463=IFCCARTESIANPOINT((0.21999999999999367,0.14834841309055666,1.0599658449300655));
#464=IFCCARTESIANPOINT((0.21999999999999367,0.14509029025718731,1.059694002659392));
#465=IFCCARTESIANPOINT((0.21999999999999367,0.14196609150694395,1.0591577332665494));
#466=IFCCARTESIANPOINT((0.2199999999999937,0.13906103683755472,1.058371664782624));
#467=IFCCARTESIANPOINT((0.2199999999999937,0.13645436856748847,1.0573572391067301));
#468=IFCCARTESIANPOINT((0.2199999999999937,0.13421718981207542,1.0561421271268954));
#469=IFCCARTESIANPOINT((0.2199999999999937,0.13241052497587352,1.0547594739303696));
#470=IFCCARTESIANPOINT((0.2199999999999937,0.13108365516599055,1.0532469946920453));
#471=IFCCARTESIANPOINT((0.2199999999999937,0.13027277393194883,1.0516459459028058));
#472=IFCCARTESIANPOINT((0.2199999999999937,0.13000000000000331,1.0499999999999985));
#473=IFCCARTESIANPOINT((0.2199999999999937,0.13027277393194883,1.0483540540971914));
#474=IFCCARTESIANPOINT((0.2199999999999937,0.13108365516599055,1.0467530053079519));
#475=IFCCARTESIANPOINT((0.2199999999999937,0.13241052497587355,1.0452405260696278));
#476=IFCCARTESIANPOINT((0.2199999999999937,0.13421718981207548,1.0438578728731021));
#477=IFCCARTESIANPOINT((0.2199999999999937,0.13645436856748852,1.0426427608932674));
#478=IFCCARTESIANPOINT((0.2199999999999937,0.13906103683755486,1.0416283352173732));
#479=IFCCARTESIANPOINT((0.21999999999999376,0.14196609150694392,1.040842266733448));
#480=IFCCARTESIANPOINT((0.21999999999999376,0.14509029025718734,1.0403059973406052));
#481=IFCCARTESIANPOINT((0.21999999999999376,0.14834841309055674,1.0400341550699317));
#482=IFCCARTESIANPOINT((0.21999999999999376,0.15165158690945002,1.0400341550699317));
#483=IFCCARTESIANPOINT((0.21999999999999376,0.15490970974281934,1.0403059973406052));
#484=IFCCARTESIANPOINT((0.21999999999999376,0.15803390849306267,1.040842266733448));
#485=IFCCARTESIANPOINT((0.2199999999999937,0.16093896316245188,1.0416283352173732));
#486=IFCCARTESIANPOINT((0.2199999999999937,0.16354563143251816,1.0426427608932671));
#487=IFCCARTESIANPOINT((0.2199999999999937,0.16578281018793123,1.0438578728731018));
#488=IFCCARTESIANPOINT((0.2199999999999937,0.16758947502413313,1.0452405260696278));
#489=IFCCARTESIANPOINT((0.2199999999999937,0.16891634483401602,1.0467530053079519));
#490=IFCCARTESIANPOINT((0.2199999999999937,0.16972722606805776,1.0483540540971912));
#491=IFCCARTESIANPOINT((0.16026514136797498,0.17000000000000329,1.0499999999999985));
#492=IFCCARTESIANPOINT((0.14120526489006155,0.16695878959216909,1.0446990695258114));
#493=IFCCARTESIANPOINT((0.14598304589030231,0.15709921341180835,1.0406511876565285));
#494=IFCCARTESIANPOINT((0.1468321517819631,0.17000000000000329,1.0499999999999985));
#495=IFCCARTESIANPOINT((0.14322718432191237,0.16272075573134301,1.0577165791258738));
#496=IFCCARTESIANPOINT((0.14120526247877532,0.1683154665477041,1.0540169542298861));
#497=IFCCARTESIANPOINT((0.14754514520890941,0.15393711523850739,1.059804324601912));
#498=IFCPOLYLOOP((#379,#380,#381,#382,#383,#384,#385,#386,#387,#388,#389,#390,#391,#392,#393,#394,#395,#396,#397,#398,#399,#400,#401,#402,#403,#404,#405,#406,#407,#408,#409,#410,#373,#374,#375,#376,#377,#378));
#499=IFCFACEOUTERBOUND(#498,.T.);
#500=IFCFACE((#499));
#501=IFCPOLYLOOP((#431,#376,#375));
#502=IFCFACEOUTERBOUND(#501,.T.);
#503=IFCFACE((#502));
#504=IFCPOLYLOOP((#374,#431,#375));
#505=IFCFACEOUTERBOUND(#504,.T.);
#506=IFCFACE((#505));
#507=IFCPOLYLOOP((#378,#377,#431));
#508=IFCFACEOUTERBOUND(#507,.T.);
#509=IFCFACE((#508));
#510=IFCPOLYLOOP((#431,#432,#412));
#511=IFCFACEOUTERBOUND(#510,.T.);
#512=IFCFACE((#511));
#513=IFCPOLYLOOP((#419,#381,#380,#418));
#514=IFCFACEOUTERBOUND(#513,.T.);
#515=IFCFACE((#514));
#516=IFCPOLYLOOP((#379,#378,#416,#417));
#517=IFCFACEOUTERBOUND(#516,.T.);
#518=IFCFACE((#517));
#519=IFCPOLYLOOP((#379,#417,#418,#380));
#520=IFCFACEOUTERBOUND(#519,.T.);
#521=IFCFACE((#520));
#522=IFCPOLYLOOP((#431,#416,#378));
#523=IFCFACEOUTERBOUND(#522,.T.);
#524=IFCFACE((#523));
#525=IFCPOLYLOOP((#381,#419,#420,#382));
#526=IFCFACEOUTERBOUND(#525,.T.);
#527=IFCFACE((#526));
#528=IFCPOLYLOOP((#431,#412,#413));
#529=IFCFACEOUTERBOUND(#528,.T.);
#530=IFCFACE((#529));
#531=IFCPOLYLOOP((#432,#431,#374));
#532=IFCFACEOUTERBOUND(#531,.T.);
#533=IFCFACE((#532));
#534=IFCPOLYLOOP((#431,#414,#415));
#535=IFCFACEOUTERBOUND(#534,.T.);
#536=IFCFACE((#535));
#537=IFCPOLYLOOP((#416,#431,#415));
#538=IFCFACEOUTERBOUND(#537,.T.);
#539=IFCFACE((#538));
#540=IFCPOLYLOOP((#420,#421,#383,#382));
#541=IFCFACEOUTERBOUND(#540,.T.);
#542=IFCFACE((#541));
#543=IFCPOLYLOOP((#482,#481,#421));
#544=IFCFACEOUTERBOUND(#543,.T.);
#545=IFCFACE((#544));
#546=IFCPOLYLOOP((#386,#385,#423,#424));
#547=IFCFACEOUTERBOUND(#546,.T.);
#548=IFCFACE((#547));
#549=IFCPOLYLOOP((#384,#383,#421,#422));
#550=IFCFACEOUTERBOUND(#549,.T.);
#551=IFCFACE((#550));
#552=IFCPOLYLOOP((#384,#422,#423,#385));
#553=IFCFACEOUTERBOUND(#552,.T.);
#554=IFCFACE((#553));
#555=IFCPOLYLOOP((#387,#386,#424,#425));
#556=IFCFACEOUTERBOUND(#555,.T.);
#557=IFCFACE((#556));
#558=IFCPOLYLOOP((#429,#391,#390,#428));
#559=IFCFACEOUTERBOUND(#558,.T.);
#560=IFCFACE((#559));
#561=IFCPOLYLOOP((#389,#388,#426,#427));
#562=IFCFACEOUTERBOUND(#561,.T.);
#563=IFCFACE((#562));
#564=IFCPOLYLOOP((#390,#389,#427,#428));
#565=IFCFACEOUTERBOUND(#564,.T.);
#566=IFCFACE((#565));
#567=IFCPOLYLOOP((#426,#388,#387,#425));
#568=IFCFACEOUTERBOUND(#567,.T.);
#569=IFCFACE((#568));
#570=IFCPOLYLOOP((#392,#391,#429,#430));
#571=IFCFACEOUTERBOUND(#570,.T.);
#572=IFCFACE((#571));
#573=IFCPOLYLOOP((#377,#376,#431));
#574=IFCFACEOUTERBOUND(#573,.T.);
#575=IFCFACE((#574));
#576=IFCPOLYLOOP((#414,#431,#413));
#577=IFCFACEOUTERBOUND(#576,.T.);
#578=IFCFACE((#577));
#579=IFCPOLYLOOP((#411,#412,#432));
#580=IFCFACEOUTERBOUND(#579,.T.);
#581=IFCFACE((#580));
#582=IFCPOLYLOOP((#374,#373,#451,#432));
#583=IFCFACEOUTERBOUND(#582,.T.);
#584=IFCFACE((#583));
#585=IFCPOLYLOOP((#396,#395,#435,#436));
#586=IFCFACEOUTERBOUND(#585,.T.);
#587=IFCFACE((#586));
#588=IFCPOLYLOOP((#433,#434,#394,#393));
#589=IFCFACEOUTERBOUND(#588,.T.);
#590=IFCFACE((#589));
#591=IFCPOLYLOOP((#430,#433,#393,#392));
#592=IFCFACEOUTERBOUND(#591,.T.);
#593=IFCFACE((#592));
#594=IFCPOLYLOOP((#394,#434,#435,#395));
#595=IFCFACEOUTERBOUND(#594,.T.);
#596=IFCFACE((#595));
#597=IFCPOLYLOOP((#399,#439,#440,#400));
#598=IFCFACEOUTERBOUND(#597,.T.);
#599=IFCFACE((#598));
#600=IFCPOLYLOOP((#399,#398,#438,#439));
#601=IFCFACEOUTERBOUND(#600,.T.);
#602=IFCFACE((#601));
#603=IFCPOLYLOOP((#437,#438,#398,#397));
#604=IFCFACEOUTERBOUND(#603,.T.);
#605=IFCFACE((#604));
#606=IFCPOLYLOOP((#396,#436,#437,#397));
#607=IFCFACEOUTERBOUND(#606,.T.);
#608=IFCFACE((#607));
#609=IFCPOLYLOOP((#440,#441,#401,#400));
#610=IFCFACEOUTERBOUND(#609,.T.);
#611=IFCFACE((#610));
#612=IFCPOLYLOOP((#451,#373,#410));
#613=IFCFACEOUTERBOUND(#612,.T.);
#614=IFCFACE((#613));
#615=IFCPOLYLOOP((#450,#411,#432,#451));
#616=IFCFACEOUTERBOUND(#615,.T.);
#617=IFCFACE((#616));
#618=IFCPOLYLOOP((#452,#447,#448));
#619=IFCFACEOUTERBOUND(#618,.T.);
#620=IFCFACE((#619));
#621=IFCPOLYLOOP((#452,#448,#449));
#622=IFCFACEOUTERBOUND(#621,.T.);
#623=IFCFACE((#622));
#624=IFCPOLYLOOP((#441,#442,#402,#401));
#625=IFCFACEOUTERBOUND(#624,.T.);
#626=IFCFACE((#625));
#627=IFCPOLYLOOP((#405,#404,#444,#445));
#628=IFCFACEOUTERBOUND(#627,.T.);
#629=IFCFACE((#628));
#630=IFCPOLYLOOP((#403,#402,#442,#443));
#631=IFCFACEOUTERBOUND(#630,.T.);
#632=IFCFACE((#631));
#633=IFCPOLYLOOP((#403,#443,#444,#404));
#634=IFCFACEOUTERBOUND(#633,.T.);
#635=IFCFACE((#634));
#636=IFCPOLYLOOP((#452,#406,#405));
#637=IFCFACEOUTERBOUND(#636,.T.);
#638=IFCFACE((#637));
#639=IFCPOLYLOOP((#449,#450,#451));
#640=IFCFACEOUTERBOUND(#639,.T.);
#641=IFCFACE((#640));
#642=IFCPOLYLOOP((#452,#451,#409));
#643=IFCFACEOUTERBOUND(#642,.T.);
#644=IFCFACE((#643));
#645=IFCPOLYLOOP((#451,#410,#409));
#646=IFCFACEOUTERBOUND(#645,.T.);
#647=IFCFACE((#646));
#648=IFCPOLYLOOP((#406,#452,#407));
#649=IFCFACEOUTERBOUND(#648,.T.);
#650=IFCFACE((#649));
#651=IFCPOLYLOOP((#452,#405,#445));
#652=IFCFACEOUTERBOUND(#651,.T.);
#653=IFCFACE((#652));
#654=IFCPOLYLOOP((#452,#408,#407));
#655=IFCFACEOUTERBOUND(#654,.T.);
#656=IFCFACE((#655));
#657=IFCPOLYLOOP((#451,#452,#449));
#658=IFCFACEOUTERBOUND(#657,.T.);
#659=IFCFACE((#658));
#660=IFCPOLYLOOP((#447,#452,#446));
#661=IFCFACEOUTERBOUND(#660,.T.);
#662=IFCFACE((#661));
#663=IFCPOLYLOOP((#452,#445,#446));
#664=IFCFACEOUTERBOUND(#663,.T.);
#665=IFCFACE((#664));
#666=IFCPOLYLOOP((#408,#452,#409));
#667=IFCFACEOUTERBOUND(#666,.T.);
#668=IFCFACE((#667));
#669=IFCPOLYLOOP((#459,#460,#461,#462,#463,#464,#465,#466,#467,#468,#469,#470,#471,#472,#473,#474,#475,#476,#477,#478,#479,#480,#481,#482,#483,#484,#485,#486,#487,#488,#489,#490,#453,#454,#455,#456,#457,#458));
#670=IFCFACEOUTERBOUND(#669,.T.);
#671=IFCFACE((#670));
#672=IFCPOLYLOOP((#413,#412,#491));
#673=IFCFACEOUTERBOUND(#672,.T.);
#674=IFCFACE((#673));
#675=IFCPOLYLOOP((#491,#489,#492));
#676=IFCFACEOUTERBOUND(#675,.T.);
#677=IFCFACE((#676));
#678=IFCPOLYLOOP((#413,#492,#414));
#679=IFCFACEOUTERBOUND(#678,.T.);
#680=IFCFACE((#679));
#681=IFCPOLYLOOP((#414,#492,#415));
#682=IFCFACEOUTERBOUND(#681,.T.);
#683=IFCFACE((#682));
#684=IFCPOLYLOOP((#493,#416,#492));
#685=IFCFACEOUTERBOUND(#684,.T.);
#686=IFCFACE((#685));
#687=IFCPOLYLOOP((#493,#419,#418));
#688=IFCFACEOUTERBOUND(#687,.T.);
#689=IFCFACE((#688));
#690=IFCPOLYLOOP((#418,#417,#493));
#691=IFCFACEOUTERBOUND(#690,.T.);
#692=IFCFACE((#691));
#693=IFCPOLYLOOP((#417,#416,#493));
#694=IFCFACEOUTERBOUND(#693,.T.);
#695=IFCFACE((#694));
#696=IFCPOLYLOOP((#420,#493,#421));
#697=IFCFACEOUTERBOUND(#696,.T.);
#698=IFCFACE((#697));
#699=IFCPOLYLOOP((#490,#491,#453));
#700=IFCFACEOUTERBOUND(#699,.T.);
#701=IFCFACE((#700));
#702=IFCPOLYLOOP((#412,#411,#494,#491));
#703=IFCFACEOUTERBOUND(#702,.T.);
#704=IFCFACE((#703));
#705=IFCPOLYLOOP((#488,#487,#492));
#706=IFCFACEOUTERBOUND(#705,.T.);
#707=IFCFACE((#706));
#708=IFCPOLYLOOP((#491,#490,#489));
#709=IFCFACEOUTERBOUND(#708,.T.);
#710=IFCFACE((#709));
#711=IFCPOLYLOOP((#416,#415,#492));
#712=IFCFACEOUTERBOUND(#711,.T.);
#713=IFCFACE((#712));
#714=IFCPOLYLOOP((#487,#486,#492));
#715=IFCFACEOUTERBOUND(#714,.T.);
#716=IFCFACE((#715));
#717=IFCPOLYLOOP((#492,#486,#493));
#718=IFCFACEOUTERBOUND(#717,.T.);
#719=IFCFACE((#718));
#720=IFCPOLYLOOP((#493,#486,#485));
#721=IFCFACEOUTERBOUND(#720,.T.);
#722=IFCFACE((#721));
#723=IFCPOLYLOOP((#484,#483,#493));
#724=IFCFACEOUTERBOUND(#723,.T.);
#725=IFCFACE((#724));
#726=IFCPOLYLOOP((#482,#493,#483));
#727=IFCFACEOUTERBOUND(#726,.T.);
#728=IFCFACE((#727));
#729=IFCPOLYLOOP((#493,#482,#421));
#730=IFCFACEOUTERBOUND(#729,.T.);
#731=IFCFACE((#730));
#732=IFCPOLYLOOP((#481,#480,#422,#421));
#733=IFCFACEOUTERBOUND(#732,.T.);
#734=IFCFACE((#733));
#735=IFCPOLYLOOP((#484,#493,#485));
#736=IFCFACEOUTERBOUND(#735,.T.);
#737=IFCFACE((#736));
#738=IFCPOLYLOOP((#478,#477,#425,#424));
#739=IFCFACEOUTERBOUND(#738,.T.);
#740=IFCFACE((#739));
#741=IFCPOLYLOOP((#479,#478,#424,#423));
#742=IFCFACEOUTERBOUND(#741,.T.);
#743=IFCFACE((#742));
#744=IFCPOLYLOOP((#480,#479,#423,#422));
#745=IFCFACEOUTERBOUND(#744,.T.);
#746=IFCFACE((#745));
#747=IFCPOLYLOOP((#476,#475,#427,#426));
#748=IFCFACEOUTERBOUND(#747,.T.);
#749=IFCFACE((#748));
#750=IFCPOLYLOOP((#488,#492,#489));
#751=IFCFACEOUTERBOUND(#750,.T.);
#752=IFCFACE((#751));
#753=IFCPOLYLOOP((#492,#413,#491));
#754=IFCFACEOUTERBOUND(#753,.T.);
#755=IFCFACE((#754));
#756=IFCPOLYLOOP((#473,#472,#430,#429));
#757=IFCFACEOUTERBOUND(#756,.T.);
#758=IFCFACE((#757));
#759=IFCPOLYLOOP((#474,#473,#429,#428));
#760=IFCFACEOUTERBOUND(#759,.T.);
#761=IFCFACE((#760));
#762=IFCPOLYLOOP((#420,#419,#493));
#763=IFCFACEOUTERBOUND(#762,.T.);
#764=IFCFACE((#763));
#765=IFCPOLYLOOP((#475,#474,#428,#427));
#766=IFCFACEOUTERBOUND(#765,.T.);
#767=IFCFACE((#766));
#768=IFCPOLYLOOP((#477,#476,#426,#425));
#769=IFCFACEOUTERBOUND(#768,.T.);
#770=IFCFACE((#769));
#771=IFCPOLYLOOP((#468,#436,#435,#469));
#772=IFCFACEOUTERBOUND(#771,.T.);
#773=IFCFACE((#772));
#774=IFCPOLYLOOP((#458,#495,#459));
#775=IFCFACEOUTERBOUND(#774,.T.);
#776=IFCFACE((#775));
#777=IFCPOLYLOOP((#454,#496,#455));
#778=IFCFACEOUTERBOUND(#777,.T.);
#779=IFCFACE((#778));
#780=IFCPOLYLOOP((#494,#411,#450));
#781=IFCFACEOUTERBOUND(#780,.T.);
#782=IFCFACE((#781));
#783=IFCPOLYLOOP((#454,#453,#491,#494));
#784=IFCFACEOUTERBOUND(#783,.T.);
#785=IFCFACE((#784));
#786=IFCPOLYLOOP((#470,#434,#433,#471));
#787=IFCFACEOUTERBOUND(#786,.T.);
#788=IFCFACE((#787));
#789=IFCPOLYLOOP((#471,#433,#430,#472));
#790=IFCFACEOUTERBOUND(#789,.T.);
#791=IFCFACE((#790));
#792=IFCPOLYLOOP((#434,#470,#469,#435));
#793=IFCFACEOUTERBOUND(#792,.T.);
#794=IFCFACE((#793));
#795=IFCPOLYLOOP((#496,#449,#448));
#796=IFCFACEOUTERBOUND(#795,.T.);
#797=IFCFACE((#796));
#798=IFCPOLYLOOP((#440,#497,#441));
#799=IFCFACEOUTERBOUND(#798,.T.);
#800=IFCFACE((#799));
#801=IFCPOLYLOOP((#461,#497,#462));
#802=IFCFACEOUTERBOUND(#801,.T.);
#803=IFCFACE((#802));
#804=IFCPOLYLOOP((#450,#449,#496));
#805=IFCFACEOUTERBOUND(#804,.T.);
#806=IFCFACE((#805));
#807=IFCPOLYLOOP((#444,#443,#497));
#808=IFCFACEOUTERBOUND(#807,.T.);
#809=IFCFACE((#808));
#810=IFCPOLYLOOP((#465,#439,#438,#466));
#811=IFCFACEOUTERBOUND(#810,.T.);
#812=IFCFACE((#811));
#813=IFCPOLYLOOP((#466,#438,#437,#467));
#814=IFCFACEOUTERBOUND(#813,.T.);
#815=IFCFACE((#814));
#816=IFCPOLYLOOP((#439,#465,#464,#440));
#817=IFCFACEOUTERBOUND(#816,.T.);
#818=IFCFACE((#817));
#819=IFCPOLYLOOP((#467,#437,#436,#468));
#820=IFCFACEOUTERBOUND(#819,.T.);
#821=IFCFACE((#820));
#822=IFCPOLYLOOP((#440,#464,#463));
#823=IFCFACEOUTERBOUND(#822,.T.);
#824=IFCFACE((#823));
#825=IFCPOLYLOOP((#497,#440,#463));
#826=IFCFACEOUTERBOUND(#825,.T.);
#827=IFCFACE((#826));
#828=IFCPOLYLOOP((#495,#445,#444));
#829=IFCFACEOUTERBOUND(#828,.T.);
#830=IFCFACE((#829));
#831=IFCPOLYLOOP((#495,#444,#497));
#832=IFCFACEOUTERBOUND(#831,.T.);
#833=IFCFACE((#832));
#834=IFCPOLYLOOP((#443,#442,#497));
#835=IFCFACEOUTERBOUND(#834,.T.);
#836=IFCFACE((#835));
#837=IFCPOLYLOOP((#495,#446,#445));
#838=IFCFACEOUTERBOUND(#837,.T.);
#839=IFCFACE((#838));
#840=IFCPOLYLOOP((#494,#450,#496));
#841=IFCFACEOUTERBOUND(#840,.T.);
#842=IFCFACE((#841));
#843=IFCPOLYLOOP((#447,#446,#495));
#844=IFCFACEOUTERBOUND(#843,.T.);
#845=IFCFACE((#844));
#846=IFCPOLYLOOP((#496,#447,#495));
#847=IFCFACEOUTERBOUND(#846,.T.);
#848=IFCFACE((#847));
#849=IFCPOLYLOOP((#447,#496,#448));
#850=IFCFACEOUTERBOUND(#849,.T.);
#851=IFCFACE((#850));
#852=IFCPOLYLOOP((#497,#463,#462));
#853=IFCFACEOUTERBOUND(#852,.T.);
#854=IFCFACE((#853));
#855=IFCPOLYLOOP((#497,#460,#495));
#856=IFCFACEOUTERBOUND(#855,.T.);
#857=IFCFACE((#856));
#858=IFCPOLYLOOP((#461,#460,#497));
#859=IFCFACEOUTERBOUND(#858,.T.);
#860=IFCFACE((#859));
#861=IFCPOLYLOOP((#460,#459,#495));
#862=IFCFACEOUTERBOUND(#861,.T.);
#863=IFCFACE((#862));
#864=IFCPOLYLOOP((#495,#458,#457));
#865=IFCFACEOUTERBOUND(#864,.T.);
#866=IFCFACE((#865));
#867=IFCPOLYLOOP((#495,#457,#496));
#868=IFCFACEOUTERBOUND(#867,.T.);
#869=IFCFACE((#868));
#870=IFCPOLYLOOP((#496,#456,#455));
#871=IFCFACEOUTERBOUND(#870,.T.);
#872=IFCFACE((#871));
#873=IFCPOLYLOOP((#457,#456,#496));
#874=IFCFACEOUTERBOUND(#873,.T.);
#875=IFCFACE((#874));
#876=IFCPOLYLOOP((#454,#494,#496));
#877=IFCFACEOUTERBOUND(#876,.T.);
#878=IFCFACE((#877));
#879=IFCPOLYLOOP((#442,#441,#497));
#880=IFCFACEOUTERBOUND(#879,.T.);
#881=IFCFACE((#880));
#882=IFCCARTESIANPOINT((0.21999999999999581,0.007986893534439243,1.0499999999999985));
#883=IFCCARTESIANPOINT((0.21999999999999581,0.0082679501037133604,1.0482635182233293));
#884=IFCCARTESIANPOINT((0.21999999999999584,0.0091025800498999235,1.0465797985667418));
#885=IFCCARTESIANPOINT((0.21999999999999584,0.010465423564427282,1.0449999999999984));
#886=IFCCARTESIANPOINT((0.21999999999999584,0.012315071336738587,1.043572123903133));
#887=IFCCARTESIANPOINT((0.21999999999999584,0.014595322755239016,1.0423395555688082));
#888=IFCCARTESIANPOINT((0.21999999999999587,0.017236893534440429,1.0413397459621536));
#889=IFCCARTESIANPOINT((0.21999999999999587,0.020159520882916029,1.0406030737921388));
#890=IFCCARTESIANPOINT((0.21999999999999587,0.023274402247603174,1.0401519224698756));
#891=IFCCARTESIANPOINT((0.21999999999999587,0.026486893534441933,1.0399999999999976));
#892=IFCCARTESIANPOINT((0.21999999999999587,0.029699384821280744,1.0401519224698754));
#893=IFCCARTESIANPOINT((0.21999999999999587,0.032814266185967958,1.0406030737921383));
#894=IFCCARTESIANPOINT((0.21999999999999587,0.035736893534443682,1.0413397459621527));
#895=IFCCARTESIANPOINT((0.21999999999999584,0.038378464313645125,1.0423395555688073));
#896=IFCCARTESIANPOINT((0.21999999999999584,0.040658715732145738,1.0435721239031315));
#897=IFCCARTESIANPOINT((0.21999999999999584,0.04250836350445715,1.0449999999999968));
#898=IFCCARTESIANPOINT((0.21999999999999584,0.04387120701898467,1.0465797985667402));
#899=IFCCARTESIANPOINT((0.21999999999999581,0.044705836965171414,1.0482635182233275));
#900=IFCCARTESIANPOINT((0.21999999999999581,0.044986893534445724,1.0499999999999969));
#901=IFCCARTESIANPOINT((0.21999999999999581,0.044705836965171622,1.0517364817766661));
#902=IFCCARTESIANPOINT((0.21999999999999581,0.043871207018984955,1.0534202014332534));
#903=IFCCARTESIANPOINT((0.21999999999999581,0.042508363504457622,1.0549999999999968));
#904=IFCCARTESIANPOINT((0.21999999999999581,0.040658715732146397,1.0564278760968624));
#905=IFCCARTESIANPOINT((0.21999999999999581,0.038378464313645909,1.057660444431187));
#906=IFCCARTESIANPOINT((0.21999999999999581,0.035736893534444543,1.0586602540378418));
#907=IFCCARTESIANPOINT((0.21999999999999581,0.032814266185968867,1.0593969262078564));
#908=IFCCARTESIANPOINT((0.21999999999999581,0.029699384821281705,1.0598480775301193));
#909=IFCCARTESIANPOINT((0.21999999999999581,0.02648689353444296,1.0599999999999976));
#910=IFCCARTESIANPOINT((0.21999999999999581,0.023274402247604197,1.0598480775301198));
#911=IFCCARTESIANPOINT((0.21999999999999581,0.020159520882916993,1.0593969262078569));
#912=IFCCARTESIANPOINT((0.21999999999999581,0.017236893534441227,1.0586602540378425));
#913=IFCCARTESIANPOINT((0.21999999999999581,0.014595322755239807,1.0576604444311881));
#914=IFCCARTESIANPOINT((0.21999999999999581,0.012315071336739255,1.0564278760968637));
#915=IFCCARTESIANPOINT((0.21999999999999581,0.010465423564427891,1.0549999999999982));
#916=IFCCARTESIANPOINT((0.21999999999999581,0.0091025800499002617,1.0534202014332552));
#917=IFCCARTESIANPOINT((0.21999999999999581,0.008267950103713546,1.0517364817766679));
#918=IFCCARTESIANPOINT((0.061499999999989521,0.0079868935344392517,1.0499999999999983));
#919=IFCCARTESIANPOINT((0.061781056569263637,0.0082679501037133344,1.0482635182233289));
#920=IFCCARTESIANPOINT((0.062615686515450367,0.0091025800499000675,1.0465797985667413));
#921=IFCCARTESIANPOINT((0.063978530029977609,0.010465423564427274,1.0449999999999979));
#922=IFCCARTESIANPOINT((0.065828177802288904,0.012315071336738766,1.0435721239031324));
#923=IFCCARTESIANPOINT((0.068108429220789399,0.014595322755239063,1.042339555568808));
#924=IFCCARTESIANPOINT((0.070749999999990792,0.017236893534440464,1.0413397459621532));
#925=IFCCARTESIANPOINT((0.073672627348466344,0.020159520882915984,1.0406030737921383));
#926=IFCCARTESIANPOINT((0.076787508713153499,0.023274402247603181,1.0401519224698754));
#927=IFCCARTESIANPOINT((0.079999999999992272,0.02648689353444194,1.0399999999999974));
#928=IFCCARTESIANPOINT((0.083212491286831058,0.029699384821280719,1.040151922469875));
#929=IFCCARTESIANPOINT((0.086327372651518283,0.032814266185967916,1.0406030737921379));
#930=IFCCARTESIANPOINT((0.089249999999993959,0.035736893534443682,1.0413397459621525));
#931=IFCCARTESIANPOINT((0.091891570779195408,0.038378464313645118,1.0423395555688071));
#932=IFCCARTESIANPOINT((0.094171822197695917,0.040658715732145745,1.0435721239031313));
#933=IFCCARTESIANPOINT((0.096021469970007392,0.042508363504457178,1.0449999999999966));
#934=IFCCARTESIANPOINT((0.097384313484534885,0.043871207018984622,1.0465797985667398));
#935=IFCCARTESIANPOINT((0.098218943430721753,0.044705836965171421,1.0482635182233271));
#936=IFCCARTESIANPOINT((0.098499999999996035,0.044986893534445731,1.0499999999999965));
#937=IFCCARTESIANPOINT((0.14198926061464337,0.0097201997431702412,1.0457738170708739));
#938=IFCCARTESIANPOINT((0.14537499940823728,0.015875729570744863,1.0418084795159284));
#939=IFCCARTESIANPOINT((0.14839375412613398,0.021698741261586149,1.0403407417281934));
#940=IFCCARTESIANPOINT((0.14074999999999269,0.0079868935344392517,1.0499999999999983));
#941=IFCCARTESIANPOINT((0.09821894343072185,0.044705836965171587,1.0517364817766659));
#942=IFCCARTESIANPOINT((0.097384313484535232,0.043871207018984941,1.0534202014332532));
#943=IFCCARTESIANPOINT((0.096021469970007794,0.042508363504457511,1.0549999999999966));
#944=IFCCARTESIANPOINT((0.094171822197696611,0.040658715732146335,1.0564278760968622));
#945=IFCCARTESIANPOINT((0.091891570779196172,0.038378464313645909,1.0576604444311866));
#946=IFCCARTESIANPOINT((0.08924999999999475,0.035736893534444501,1.0586602540378411));
#947=IFCCARTESIANPOINT((0.08632737265151913,0.032814266185968846,1.059396926207856));
#948=IFCCARTESIANPOINT((0.083212491286831974,0.029699384821281722,1.0598480775301191));
#949=IFCCARTESIANPOINT((0.079999999999993215,0.026486893534442956,1.0599999999999972));
#950=IFCCARTESIANPOINT((0.076787508713154443,0.02327440224760419,1.0598480775301193));
#951=IFCCARTESIANPOINT((0.073672627348467204,0.020159520882917024,1.0593969262078564));
#952=IFCCARTESIANPOINT((0.070749999999991514,0.01723689353444131,1.0586602540378418));
#953=IFCCARTESIANPOINT((0.06810842922079012,0.014595322755239875,1.0576604444311875));
#954=IFCCARTESIANPOINT((0.065828177802289431,0.012315071336739146,1.0564278760968633));
#955=IFCCARTESIANPOINT((0.06397853002997804,0.010465423564427714,1.0549999999999979));
#956=IFCCARTESIANPOINT((0.062615686515450644,0.0091025800499003814,1.0534202014332545));
#957=IFCCARTESIANPOINT((0.061781056569263859,0.008267950103713546,1.0517364817766672));
#958=IFCCARTESIANPOINT((0.14553282140933835,0.0079868935344392517,1.0499999999999983));
#959=IFCCARTESIANPOINT((0.14291408891566668,0.011332580706003606,1.0557357643564913));
#960=IFCCARTESIANPOINT((0.14683631369077399,0.018668455669159756,1.0590630778645471));
#961=IFCCARTESIANPOINT((0.15000000001675126,0.024874512255993644,1.0599619469791359));
#962=IFCCARTESIANPOINT((0.061499999999989521,0.065000000000008162,1.049999999999998));
#963=IFCCARTESIANPOINT((0.061781056569263838,0.065000000000008162,1.0517364817766677));
#964=IFCCARTESIANPOINT((0.062615686515450533,0.065000000000008162,1.0534202014332545));
#965=IFCCARTESIANPOINT((0.063978530029978137,0.065000000000008162,1.0549999999999982));
#966=IFCCARTESIANPOINT((0.065828177802289528,0.065000000000008162,1.0564278760968633));
#967=IFCCARTESIANPOINT((0.068108429220790107,0.065000000000008162,1.0576604444311875));
#968=IFCCARTESIANPOINT((0.070749999999991584,0.065000000000008162,1.0586602540378418));
#969=IFCCARTESIANPOINT((0.073672627348467218,0.065000000000008162,1.0593969262078564));
#970=IFCCARTESIANPOINT((0.076787508713154429,0.065000000000008162,1.0598480775301196));
#971=IFCCARTESIANPOINT((0.079999999999993215,0.065000000000008162,1.0599999999999972));
#972=IFCCARTESIANPOINT((0.083212491286831988,0.065000000000008162,1.0598480775301191));
#973=IFCCARTESIANPOINT((0.086327372651519158,0.065000000000008162,1.059396926207856));
#974=IFCCARTESIANPOINT((0.089249999999994806,0.065000000000008162,1.0586602540378414));
#975=IFCCARTESIANPOINT((0.091891570779196186,0.065000000000008162,1.0576604444311866));
#976=IFCCARTESIANPOINT((0.094171822197696542,0.065000000000008162,1.056427876096862));
#977=IFCCARTESIANPOINT((0.096021469970007892,0.065000000000008162,1.0549999999999966));
#978=IFCCARTESIANPOINT((0.09738431348453519,0.065000000000008162,1.0534202014332534));
#979=IFCCARTESIANPOINT((0.098218943430721864,0.065000000000008162,1.0517364817766659));
#980=IFCCARTESIANPOINT((0.098499999999996021,0.065000000000008162,1.0499999999999963));
#981=IFCCARTESIANPOINT((0.098218943430721753,0.065000000000008162,1.0482635182233271));
#982=IFCCARTESIANPOINT((0.097384313484534996,0.065000000000008162,1.04657979856674));
#983=IFCCARTESIANPOINT((0.096021469970007461,0.065000000000008162,1.0449999999999964));
#984=IFCCARTESIANPOINT((0.094171822197695973,0.065000000000008162,1.0435721239031313));
#985=IFCCARTESIANPOINT((0.091891570779195381,0.065000000000008162,1.0423395555688069));
#986=IFCCARTESIANPOINT((0.089249999999993918,0.065000000000008162,1.0413397459621525));
#987=IFCCARTESIANPOINT((0.086327372651518228,0.065000000000008162,1.0406030737921377));
#988=IFCCARTESIANPOINT((0.083212491286831045,0.065000000000008162,1.040151922469875));
#989=IFCCARTESIANPOINT((0.079999999999992272,0.065000000000008162,1.0399999999999971));
#990=IFCCARTESIANPOINT((0.076787508713153485,0.065000000000008162,1.0401519224698754));
#991=IFCCARTESIANPOINT((0.073672627348466344,0.065000000000008162,1.0406030737921383));
#992=IFCCARTESIANPOINT((0.070749999999990709,0.065000000000008162,1.0413397459621532));
#993=IFCCARTESIANPOINT((0.068108429220789329,0.065000000000008162,1.042339555568808));
#994=IFCCARTESIANPOINT((0.065828177802288904,0.065000000000008162,1.0435721239031324));
#995=IFCCARTESIANPOINT((0.063978530029977568,0.065000000000008162,1.0449999999999979));
#996=IFCCARTESIANPOINT((0.062615686515450297,0.065000000000008162,1.0465797985667413));
#997=IFCCARTESIANPOINT((0.061781056569263658,0.065000000000008162,1.0482635182233289));
#998=IFCCARTESIANPOINT((0.061499999999989528,0.036768711300675515,1.049999999999998));
#999=IFCCARTESIANPOINT((0.063233306487527063,0.037732712863666779,1.0457738167476831));
#1000=IFCCARTESIANPOINT((0.061499999999989521,0.042091893994749927,1.0499999999999978));
#1001=IFCCARTESIANPOINT((0.063233305933057912,0.037732711786404798,1.0542261826095758));
#1002=IFCPOLYLOOP((#889,#890,#891,#892,#893,#894,#895,#896,#897,#898,#899,#900,#901,#902,#903,#904,#905,#906,#907,#908,#909,#910,#911,#912,#913,#914,#915,#916,#917,#882,#883,#884,#885,#886,#887,#888));
#1003=IFCFACEOUTERBOUND(#1002,.T.);
#1004=IFCFACE((#1003));
#1005=IFCPOLYLOOP((#937,#885,#884));
#1006=IFCFACEOUTERBOUND(#1005,.T.);
#1007=IFCFACE((#1006));
#1008=IFCPOLYLOOP((#887,#886,#938));
#1009=IFCFACEOUTERBOUND(#1008,.T.);
#1010=IFCFACE((#1009));
#1011=IFCPOLYLOOP((#939,#890,#889));
#1012=IFCFACEOUTERBOUND(#1011,.T.);
#1013=IFCFACE((#1012));
#1014=IFCPOLYLOOP((#888,#887,#938));
#1015=IFCFACEOUTERBOUND(#1014,.T.);
#1016=IFCFACE((#1015));
#1017=IFCPOLYLOOP((#939,#888,#938));
#1018=IFCFACEOUTERBOUND(#1017,.T.);
#1019=IFCFACE((#1018));
#1020=IFCPOLYLOOP((#938,#886,#937));
#1021=IFCFACEOUTERBOUND(#1020,.T.);
#1022=IFCFACE((#1021));
#1023=IFCPOLYLOOP((#927,#939,#926));
#1024=IFCFACEOUTERBOUND(#1023,.T.);
#1025=IFCFACE((#1024));
#1026=IFCPOLYLOOP((#884,#883,#937));
#1027=IFCFACEOUTERBOUND(#1026,.T.);
#1028=IFCFACE((#1027));
#1029=IFCPOLYLOOP((#920,#937,#919));
#1030=IFCFACEOUTERBOUND(#1029,.T.);
#1031=IFCFACE((#1030));
#1032=IFCPOLYLOOP((#883,#940,#937));
#1033=IFCFACEOUTERBOUND(#1032,.T.);
#1034=IFCFACE((#1033));
#1035=IFCPOLYLOOP((#937,#940,#919));
#1036=IFCFACEOUTERBOUND(#1035,.T.);
#1037=IFCFACE((#1036));
#1038=IFCPOLYLOOP((#923,#938,#922));
#1039=IFCFACEOUTERBOUND(#1038,.T.);
#1040=IFCFACE((#1039));
#1041=IFCPOLYLOOP((#922,#937,#921));
#1042=IFCFACEOUTERBOUND(#1041,.T.);
#1043=IFCFACE((#1042));
#1044=IFCPOLYLOOP((#922,#938,#937));
#1045=IFCFACEOUTERBOUND(#1044,.T.);
#1046=IFCFACE((#1045));
#1047=IFCPOLYLOOP((#938,#924,#925));
#1048=IFCFACEOUTERBOUND(#1047,.T.);
#1049=IFCFACE((#1048));
#1050=IFCPOLYLOOP((#939,#938,#925));
#1051=IFCFACEOUTERBOUND(#1050,.T.);
#1052=IFCFACE((#1051));
#1053=IFCPOLYLOOP((#891,#939,#928));
#1054=IFCFACEOUTERBOUND(#1053,.T.);
#1055=IFCFACE((#1054));
#1056=IFCPOLYLOOP((#894,#893,#929,#930));
#1057=IFCFACEOUTERBOUND(#1056,.T.);
#1058=IFCFACE((#1057));
#1059=IFCPOLYLOOP((#893,#892,#928,#929));
#1060=IFCFACEOUTERBOUND(#1059,.T.);
#1061=IFCFACE((#1060));
#1062=IFCPOLYLOOP((#895,#894,#930,#931));
#1063=IFCFACEOUTERBOUND(#1062,.T.);
#1064=IFCFACE((#1063));
#1065=IFCPOLYLOOP((#935,#899,#898,#934));
#1066=IFCFACEOUTERBOUND(#1065,.T.);
#1067=IFCFACE((#1066));
#1068=IFCPOLYLOOP((#897,#896,#932,#933));
#1069=IFCFACEOUTERBOUND(#1068,.T.);
#1070=IFCFACE((#1069));
#1071=IFCPOLYLOOP((#898,#897,#933,#934));
#1072=IFCFACEOUTERBOUND(#1071,.T.);
#1073=IFCFACE((#1072));
#1074=IFCPOLYLOOP((#932,#896,#895,#931));
#1075=IFCFACEOUTERBOUND(#1074,.T.);
#1076=IFCFACE((#1075));
#1077=IFCPOLYLOOP((#900,#899,#935,#936));
#1078=IFCFACEOUTERBOUND(#1077,.T.);
#1079=IFCFACE((#1078));
#1080=IFCPOLYLOOP((#925,#926,#939));
#1081=IFCFACEOUTERBOUND(#1080,.T.);
#1082=IFCFACE((#1081));
#1083=IFCPOLYLOOP((#918,#919,#940));
#1084=IFCFACEOUTERBOUND(#1083,.T.);
#1085=IFCFACE((#1084));
#1086=IFCPOLYLOOP((#883,#882,#958,#940));
#1087=IFCFACEOUTERBOUND(#1086,.T.);
#1088=IFCFACE((#1087));
#1089=IFCPOLYLOOP((#927,#928,#939));
#1090=IFCFACEOUTERBOUND(#1089,.T.);
#1091=IFCFACE((#1090));
#1092=IFCPOLYLOOP((#891,#890,#939));
#1093=IFCFACEOUTERBOUND(#1092,.T.);
#1094=IFCFACE((#1093));
#1095=IFCPOLYLOOP((#886,#885,#937));
#1096=IFCFACEOUTERBOUND(#1095,.T.);
#1097=IFCFACE((#1096));
#1098=IFCPOLYLOOP((#921,#937,#920));
#1099=IFCFACEOUTERBOUND(#1098,.T.);
#1100=IFCFACE((#1099));
#1101=IFCPOLYLOOP((#939,#889,#888));
#1102=IFCFACEOUTERBOUND(#1101,.T.);
#1103=IFCFACE((#1102));
#1104=IFCPOLYLOOP((#924,#938,#923));
#1105=IFCFACEOUTERBOUND(#1104,.T.);
#1106=IFCFACE((#1105));
#1107=IFCPOLYLOOP((#892,#891,#928));
#1108=IFCFACEOUTERBOUND(#1107,.T.);
#1109=IFCFACE((#1108));
#1110=IFCPOLYLOOP((#942,#943,#903,#902));
#1111=IFCFACEOUTERBOUND(#1110,.T.);
#1112=IFCFACE((#1111));
#1113=IFCPOLYLOOP((#904,#903,#943,#944));
#1114=IFCFACEOUTERBOUND(#1113,.T.);
#1115=IFCFACE((#1114));
#1116=IFCPOLYLOOP((#947,#908,#907));
#1117=IFCFACEOUTERBOUND(#1116,.T.);
#1118=IFCFACE((#1117));
#1119=IFCPOLYLOOP((#906,#905,#945,#946));
#1120=IFCFACEOUTERBOUND(#1119,.T.);
#1121=IFCFACE((#1120));
#1122=IFCPOLYLOOP((#907,#906,#946,#947));
#1123=IFCFACEOUTERBOUND(#1122,.T.);
#1124=IFCFACE((#1123));
#1125=IFCPOLYLOOP((#944,#945,#905,#904));
#1126=IFCFACEOUTERBOUND(#1125,.T.);
#1127=IFCFACE((#1126));
#1128=IFCPOLYLOOP((#961,#909,#908));
#1129=IFCFACEOUTERBOUND(#1128,.T.);
#1130=IFCFACE((#1129));
#1131=IFCPOLYLOOP((#941,#901,#900,#936));
#1132=IFCFACEOUTERBOUND(#1131,.T.);
#1133=IFCFACE((#1132));
#1134=IFCPOLYLOOP((#959,#956,#958));
#1135=IFCFACEOUTERBOUND(#1134,.T.);
#1136=IFCFACE((#1135));
#1137=IFCPOLYLOOP((#902,#901,#941,#942));
#1138=IFCFACEOUTERBOUND(#1137,.T.);
#1139=IFCFACE((#1138));
#1140=IFCPOLYLOOP((#958,#882,#917));
#1141=IFCFACEOUTERBOUND(#1140,.T.);
#1142=IFCFACE((#1141));
#1143=IFCPOLYLOOP((#957,#918,#940,#958));
#1144=IFCFACEOUTERBOUND(#1143,.T.);
#1145=IFCFACE((#1144));
#1146=IFCPOLYLOOP((#959,#954,#955));
#1147=IFCFACEOUTERBOUND(#1146,.T.);
#1148=IFCFACE((#1147));
#1149=IFCPOLYLOOP((#960,#951,#952));
#1150=IFCFACEOUTERBOUND(#1149,.T.);
#1151=IFCFACE((#1150));
#1152=IFCPOLYLOOP((#960,#961,#950));
#1153=IFCFACEOUTERBOUND(#1152,.T.);
#1154=IFCFACE((#1153));
#1155=IFCPOLYLOOP((#910,#961,#911));
#1156=IFCFACEOUTERBOUND(#1155,.T.);
#1157=IFCFACE((#1156));
#1158=IFCPOLYLOOP((#913,#912,#960));
#1159=IFCFACEOUTERBOUND(#1158,.T.);
#1160=IFCFACE((#1159));
#1161=IFCPOLYLOOP((#908,#947,#961));
#1162=IFCFACEOUTERBOUND(#1161,.T.);
#1163=IFCFACE((#1162));
#1164=IFCPOLYLOOP((#948,#961,#947));
#1165=IFCFACEOUTERBOUND(#1164,.T.);
#1166=IFCFACE((#1165));
#1167=IFCPOLYLOOP((#960,#912,#911));
#1168=IFCFACEOUTERBOUND(#1167,.T.);
#1169=IFCFACE((#1168));
#1170=IFCPOLYLOOP((#961,#960,#911));
#1171=IFCFACEOUTERBOUND(#1170,.T.);
#1172=IFCFACE((#1171));
#1173=IFCPOLYLOOP((#960,#959,#913));
#1174=IFCFACEOUTERBOUND(#1173,.T.);
#1175=IFCFACE((#1174));
#1176=IFCPOLYLOOP((#956,#957,#958));
#1177=IFCFACEOUTERBOUND(#1176,.T.);
#1178=IFCFACE((#1177));
#1179=IFCPOLYLOOP((#916,#959,#958));
#1180=IFCFACEOUTERBOUND(#1179,.T.);
#1181=IFCFACE((#1180));
#1182=IFCPOLYLOOP((#958,#917,#916));
#1183=IFCFACEOUTERBOUND(#1182,.T.);
#1184=IFCFACE((#1183));
#1185=IFCPOLYLOOP((#913,#959,#914));
#1186=IFCFACEOUTERBOUND(#1185,.T.);
#1187=IFCFACE((#1186));
#1188=IFCPOLYLOOP((#961,#949,#950));
#1189=IFCFACEOUTERBOUND(#1188,.T.);
#1190=IFCFACE((#1189));
#1191=IFCPOLYLOOP((#960,#953,#959));
#1192=IFCFACEOUTERBOUND(#1191,.T.);
#1193=IFCFACE((#1192));
#1194=IFCPOLYLOOP((#960,#950,#951));
#1195=IFCFACEOUTERBOUND(#1194,.T.);
#1196=IFCFACE((#1195));
#1197=IFCPOLYLOOP((#961,#948,#949));
#1198=IFCFACEOUTERBOUND(#1197,.T.);
#1199=IFCFACE((#1198));
#1200=IFCPOLYLOOP((#959,#915,#914));
#1201=IFCFACEOUTERBOUND(#1200,.T.);
#1202=IFCFACE((#1201));
#1203=IFCPOLYLOOP((#955,#956,#959));
#1204=IFCFACEOUTERBOUND(#1203,.T.);
#1205=IFCFACE((#1204));
#1206=IFCPOLYLOOP((#954,#959,#953));
#1207=IFCFACEOUTERBOUND(#1206,.T.);
#1208=IFCFACE((#1207));
#1209=IFCPOLYLOOP((#953,#960,#952));
#1210=IFCFACEOUTERBOUND(#1209,.T.);
#1211=IFCFACE((#1210));
#1212=IFCPOLYLOOP((#915,#959,#916));
#1213=IFCFACEOUTERBOUND(#1212,.T.);
#1214=IFCFACE((#1213));
#1215=IFCPOLYLOOP((#910,#909,#961));
#1216=IFCFACEOUTERBOUND(#1215,.T.);
#1217=IFCFACE((#1216));
#1218=IFCPOLYLOOP((#969,#970,#971,#972,#973,#974,#975,#976,#977,#978,#979,#980,#981,#982,#983,#984,#985,#986,#987,#988,#989,#990,#991,#992,#993,#994,#995,#996,#997,#962,#963,#964,#965,#966,#967,#968));
#1219=IFCFACEOUTERBOUND(#1218,.T.);
#1220=IFCFACE((#1219));
#1221=IFCPOLYLOOP((#999,#920,#919));
#1222=IFCFACEOUTERBOUND(#1221,.T.);
#1223=IFCFACE((#1222));
#1224=IFCPOLYLOOP((#999,#921,#920));
#1225=IFCFACEOUTERBOUND(#1224,.T.);
#1226=IFCFACE((#1225));
#1227=IFCPOLYLOOP((#999,#998,#997));
#1228=IFCFACEOUTERBOUND(#1227,.T.);
#1229=IFCFACE((#1228));
#1230=IFCPOLYLOOP((#994,#923,#999));
#1231=IFCFACEOUTERBOUND(#1230,.T.);
#1232=IFCFACE((#1231));
#1233=IFCPOLYLOOP((#992,#991,#925,#924));
#1234=IFCFACEOUTERBOUND(#1233,.T.);
#1235=IFCFACE((#1234));
#1236=IFCPOLYLOOP((#923,#993,#992,#924));
#1237=IFCFACEOUTERBOUND(#1236,.T.);
#1238=IFCFACE((#1237));
#1239=IFCPOLYLOOP((#922,#999,#923));
#1240=IFCFACEOUTERBOUND(#1239,.T.);
#1241=IFCFACE((#1240));
#1242=IFCPOLYLOOP((#926,#925,#991,#990));
#1243=IFCFACEOUTERBOUND(#1242,.T.);
#1244=IFCFACE((#1243));
#1245=IFCPOLYLOOP((#995,#999,#996));
#1246=IFCFACEOUTERBOUND(#1245,.T.);
#1247=IFCFACE((#1246));
#1248=IFCPOLYLOOP((#999,#997,#996));
#1249=IFCFACEOUTERBOUND(#1248,.T.);
#1250=IFCFACE((#1249));
#1251=IFCPOLYLOOP((#999,#995,#994));
#1252=IFCFACEOUTERBOUND(#1251,.T.);
#1253=IFCFACE((#1252));
#1254=IFCPOLYLOOP((#997,#998,#1000,#962));
#1255=IFCFACEOUTERBOUND(#1254,.T.);
#1256=IFCFACE((#1255));
#1257=IFCPOLYLOOP((#919,#918,#998));
#1258=IFCFACEOUTERBOUND(#1257,.T.);
#1259=IFCFACE((#1258));
#1260=IFCPOLYLOOP((#923,#994,#993));
#1261=IFCFACEOUTERBOUND(#1260,.T.);
#1262=IFCFACE((#1261));
#1263=IFCPOLYLOOP((#990,#989,#927,#926));
#1264=IFCFACEOUTERBOUND(#1263,.T.);
#1265=IFCFACE((#1264));
#1266=IFCPOLYLOOP((#988,#987,#929,#928));
#1267=IFCFACEOUTERBOUND(#1266,.T.);
#1268=IFCFACE((#1267));
#1269=IFCPOLYLOOP((#986,#985,#931,#930));
#1270=IFCFACEOUTERBOUND(#1269,.T.);
#1271=IFCFACE((#1270));
#1272=IFCPOLYLOOP((#987,#986,#930,#929));
#1273=IFCFACEOUTERBOUND(#1272,.T.);
#1274=IFCFACE((#1273));
#1275=IFCPOLYLOOP((#984,#983,#933,#932));
#1276=IFCFACEOUTERBOUND(#1275,.T.);
#1277=IFCFACE((#1276));
#1278=IFCPOLYLOOP((#921,#999,#922));
#1279=IFCFACEOUTERBOUND(#1278,.T.);
#1280=IFCFACE((#1279));
#1281=IFCPOLYLOOP((#998,#999,#919));
#1282=IFCFACEOUTERBOUND(#1281,.T.);
#1283=IFCFACE((#1282));
#1284=IFCPOLYLOOP((#981,#980,#936,#935));
#1285=IFCFACEOUTERBOUND(#1284,.T.);
#1286=IFCFACE((#1285));
#1287=IFCPOLYLOOP((#982,#981,#935,#934));
#1288=IFCFACEOUTERBOUND(#1287,.T.);
#1289=IFCFACE((#1288));
#1290=IFCPOLYLOOP((#983,#982,#934,#933));
#1291=IFCFACEOUTERBOUND(#1290,.T.);
#1292=IFCFACE((#1291));
#1293=IFCPOLYLOOP((#985,#984,#932,#931));
#1294=IFCFACEOUTERBOUND(#1293,.T.);
#1295=IFCFACE((#1294));
#1296=IFCPOLYLOOP((#988,#928,#927,#989));
#1297=IFCFACEOUTERBOUND(#1296,.T.);
#1298=IFCFACE((#1297));
#1299=IFCPOLYLOOP((#976,#944,#943,#977));
#1300=IFCFACEOUTERBOUND(#1299,.T.);
#1301=IFCFACE((#1300));
#1302=IFCPOLYLOOP((#957,#956,#1001));
#1303=IFCFACEOUTERBOUND(#1302,.T.);
#1304=IFCFACE((#1303));
#1305=IFCPOLYLOOP((#978,#942,#941,#979));
#1306=IFCFACEOUTERBOUND(#1305,.T.);
#1307=IFCFACE((#1306));
#1308=IFCPOLYLOOP((#957,#1000,#998,#918));
#1309=IFCFACEOUTERBOUND(#1308,.T.);
#1310=IFCFACE((#1309));
#1311=IFCPOLYLOOP((#963,#962,#1000));
#1312=IFCFACEOUTERBOUND(#1311,.T.);
#1313=IFCFACE((#1312));
#1314=IFCPOLYLOOP((#942,#978,#977,#943));
#1315=IFCFACEOUTERBOUND(#1314,.T.);
#1316=IFCFACE((#1315));
#1317=IFCPOLYLOOP((#971,#949,#948,#972));
#1318=IFCFACEOUTERBOUND(#1317,.T.);
#1319=IFCFACE((#1318));
#1320=IFCPOLYLOOP((#973,#947,#946,#974));
#1321=IFCFACEOUTERBOUND(#1320,.T.);
#1322=IFCFACE((#1321));
#1323=IFCPOLYLOOP((#974,#946,#945,#975));
#1324=IFCFACEOUTERBOUND(#1323,.T.);
#1325=IFCFACE((#1324));
#1326=IFCPOLYLOOP((#947,#973,#972,#948));
#1327=IFCFACEOUTERBOUND(#1326,.T.);
#1328=IFCFACE((#1327));
#1329=IFCPOLYLOOP((#975,#945,#944,#976));
#1330=IFCFACEOUTERBOUND(#1329,.T.);
#1331=IFCFACE((#1330));
#1332=IFCPOLYLOOP((#980,#979,#941,#936));
#1333=IFCFACEOUTERBOUND(#1332,.T.);
#1334=IFCFACE((#1333));
#1335=IFCPOLYLOOP((#952,#951,#969,#968));
#1336=IFCFACEOUTERBOUND(#1335,.T.);
#1337=IFCFACE((#1336));
#1338=IFCPOLYLOOP((#950,#970,#969,#951));
#1339=IFCFACEOUTERBOUND(#1338,.T.);
#1340=IFCFACE((#1339));
#1341=IFCPOLYLOOP((#952,#968,#967,#953));
#1342=IFCFACEOUTERBOUND(#1341,.T.);
#1343=IFCFACE((#1342));
#1344=IFCPOLYLOOP((#1000,#957,#1001));
#1345=IFCFACEOUTERBOUND(#1344,.T.);
#1346=IFCFACE((#1345));
#1347=IFCPOLYLOOP((#965,#964,#1001));
#1348=IFCFACEOUTERBOUND(#1347,.T.);
#1349=IFCFACE((#1348));
#1350=IFCPOLYLOOP((#1001,#956,#955));
#1351=IFCFACEOUTERBOUND(#1350,.T.);
#1352=IFCFACE((#1351));
#1353=IFCPOLYLOOP((#954,#953,#1001));
#1354=IFCFACEOUTERBOUND(#1353,.T.);
#1355=IFCFACE((#1354));
#1356=IFCPOLYLOOP((#1001,#964,#963));
#1357=IFCFACEOUTERBOUND(#1356,.T.);
#1358=IFCFACE((#1357));
#1359=IFCPOLYLOOP((#971,#970,#950,#949));
#1360=IFCFACEOUTERBOUND(#1359,.T.);
#1361=IFCFACE((#1360));
#1362=IFCPOLYLOOP((#967,#966,#953));
#1363=IFCFACEOUTERBOUND(#1362,.T.);
#1364=IFCFACE((#1363));
#1365=IFCPOLYLOOP((#953,#966,#1001));
#1366=IFCFACEOUTERBOUND(#1365,.T.);
#1367=IFCFACE((#1366));
#1368=IFCPOLYLOOP((#955,#954,#1001));
#1369=IFCFACEOUTERBOUND(#1368,.T.);
#1370=IFCFACE((#1369));
#1371=IFCPOLYLOOP((#966,#965,#1001));
#1372=IFCFACEOUTERBOUND(#1371,.T.);
#1373=IFCFACE((#1372));
#1374=IFCPOLYLOOP((#963,#1000,#1001));
#1375=IFCFACEOUTERBOUND(#1374,.T.);
#1376=IFCFACE((#1375));
#1377=IFCCARTESIANPOINT((0.080000000000001723,0.14048960387765294,1.002093089662341));
#1378=IFCCARTESIANPOINT((0.083882285676539547,0.14048960387765294,1.0015819770566772));
#1379=IFCCARTESIANPOINT((0.087500000000001729,0.14048960387765294,1.0000834707191077));
#1380=IFCCARTESIANPOINT((0.090606601717799953,0.14048960387765294,0.99769969138013936));
#1381=IFCCARTESIANPOINT((0.092990381056768337,0.14048960387765294,0.99459308966234117));
#1382=IFCCARTESIANPOINT((0.094488887394337792,0.14048960387765294,0.99097537533887903));
#1383=IFCCARTESIANPOINT((0.095000000000001791,0.14048960387765294,0.98709308966234133));
#1384=IFCCARTESIANPOINT((0.094488887394337834,0.14048960387765294,0.98321080398580341));
#1385=IFCCARTESIANPOINT((0.092990381056768406,0.14048960387765294,0.97959308966234127));
#1386=IFCCARTESIANPOINT((0.09060660171780005,0.14048960387765294,0.97648648794454307));
#1387=IFCCARTESIANPOINT((0.087500000000001868,0.14048960387765294,0.97410270860557469));
#1388=IFCCARTESIANPOINT((0.083882285676539686,0.14048960387765294,0.97260420226800515));
#1389=IFCCARTESIANPOINT((0.080000000000001778,0.14048960387765294,0.9720930896623412));
#1390=IFCCARTESIANPOINT((0.076117714323463967,0.14048960387765294,0.97260420226800515));
#1391=IFCCARTESIANPOINT((0.072500000000001785,0.14048960387765294,0.97410270860557446));
#1392=IFCCARTESIANPOINT((0.069393398282203575,0.14048960387765294,0.97648648794454296));
#1393=IFCCARTESIANPOINT((0.067009618943235205,0.14048960387765294,0.97959308966234104));
#1394=IFCCARTESIANPOINT((0.06551111260566575,0.14048960387765294,0.98321080398580329));
#1395=IFCCARTESIANPOINT((0.065000000000001765,0.14048960387765294,0.98709308966234111));
#1396=IFCCARTESIANPOINT((0.065511112605665736,0.14048960387765294,0.99097537533887892));
#1397=IFCCARTESIANPOINT((0.067009618943235177,0.14048960387765294,0.99459308966234106));
#1398=IFCCARTESIANPOINT((0.069393398282203533,0.14048960387765294,0.99769969138013936));
#1399=IFCCARTESIANPOINT((0.072500000000001744,0.14048960387765294,1.0000834707191077));
#1400=IFCCARTESIANPOINT((0.076117714323463925,0.14048960387765294,1.0015819770566772));
#1401=IFCCARTESIANPOINT((0.080000000000001792,0.14048960387765294,0.99209308966234122));
#1402=IFCCARTESIANPOINT((0.078705904774489202,0.14048960387765294,0.99192271879378657));
#1403=IFCCARTESIANPOINT((0.07750000000000179,0.14048960387765294,0.99142321668126343));
#1404=IFCCARTESIANPOINT((0.076464466094069039,0.14048960387765294,0.99062862356827386));
#1405=IFCCARTESIANPOINT((0.075669872981079592,0.14048960387765294,0.98959308966234116));
#1406=IFCCARTESIANPOINT((0.075170370868556435,0.14048960387765294,0.98838718488785371));
#1407=IFCCARTESIANPOINT((0.07500000000000176,0.14048960387765294,0.98709308966234111));
#1408=IFCCARTESIANPOINT((0.075170370868556421,0.14048960387765294,0.98579899443682861));
#1409=IFCCARTESIANPOINT((0.075669872981079564,0.14048960387765294,0.98459308966234116));
#1410=IFCCARTESIANPOINT((0.076464466094069011,0.14048960387765294,0.98355755575640846));
#1411=IFCCARTESIANPOINT((0.077500000000001734,0.14048960387765294,0.98276296264341889));
#1412=IFCCARTESIANPOINT((0.078705904774489133,0.14048960387765294,0.98226346053089586));
#1413=IFCCARTESIANPOINT((0.080000000000001778,0.14048960387765294,0.9820930896623411));
#1414=IFCCARTESIANPOINT((0.081294095225514396,0.14048960387765294,0.98226346053089575));
#1415=IFCCARTESIANPOINT((0.08250000000000178,0.14048960387765294,0.98276296264341889));
#1416=IFCCARTESIANPOINT((0.083535533905934517,0.14048960387765294,0.98355755575640846));
#1417=IFCCARTESIANPOINT((0.084330127018923964,0.14048960387765294,0.98459308966234116));
#1418=IFCCARTESIANPOINT((0.084829629131447135,0.14048960387765294,0.98579899443682861));
#1419=IFCCARTESIANPOINT((0.085000000000001796,0.14048960387765294,0.98709308966234111));
#1420=IFCCARTESIANPOINT((0.084829629131447135,0.14048960387765294,0.98838718488785371));
#1421=IFCCARTESIANPOINT((0.084330127018923992,0.14048960387765294,0.98959308966234116));
#1422=IFCCARTESIANPOINT((0.083535533905934531,0.14048960387765294,0.99062862356827386));
#1423=IFCCARTESIANPOINT((0.08250000000000178,0.14048960387765294,0.99142321668126343));
#1424=IFCCARTESIANPOINT((0.081294095225514396,0.14048960387765294,0.99192271879378657));
#1425=IFCCARTESIANPOINT((0.08000000000000175,0.046486893534440972,1.002093089662341));
#1426=IFCCARTESIANPOINT((0.076117714323463925,0.046486893534440972,1.0015819770566772));
#1427=IFCCARTESIANPOINT((0.072500000000001744,0.046486893534440972,1.0000834707191077));
#1428=IFCCARTESIANPOINT((0.069393398282203533,0.046486893534440972,0.99769969138013936));
#1429=IFCCARTESIANPOINT((0.067009618943235177,0.046486893534440972,0.99459308966234106));
#1430=IFCCARTESIANPOINT((0.065511112605665736,0.046486893534440972,0.99097537533887892));
#1431=IFCCARTESIANPOINT((0.065000000000001765,0.046486893534440972,0.98709308966234111));
#1432=IFCCARTESIANPOINT((0.06551111260566575,0.046486893534440972,0.98321080398580329));
#1433=IFCCARTESIANPOINT((0.067009618943235205,0.046486893534440972,0.97959308966234104));
#1434=IFCCARTESIANPOINT((0.069393398282203575,0.046486893534440972,0.97648648794454296));
#1435=IFCCARTESIANPOINT((0.072500000000001785,0.046486893534440972,0.97410270860557446));
#1436=IFCCARTESIANPOINT((0.076117714323463967,0.046486893534440972,0.97260420226800515));
#1437=IFCCARTESIANPOINT((0.080000000000001861,0.046486893534440972,0.9720930896623412));
#1438=IFCCARTESIANPOINT((0.083882285676539686,0.046486893534440972,0.97260420226800515));
#1439=IFCCARTESIANPOINT((0.087500000000001868,0.046486893534440972,0.97410270860557469));
#1440=IFCCARTESIANPOINT((0.09060660171780005,0.046486893534440972,0.97648648794454307));
#1441=IFCCARTESIANPOINT((0.092990381056768406,0.046486893534440972,0.97959308966234127));
#1442=IFCCARTESIANPOINT((0.094488887394337834,0.046486893534440972,0.98321080398580341));
#1443=IFCCARTESIANPOINT((0.095000000000001791,0.046486893534440972,0.98709308966234133));
#1444=IFCCARTESIANPOINT((0.094488887394337792,0.046486893534440972,0.99097537533887903));
#1445=IFCCARTESIANPOINT((0.092990381056768337,0.046486893534440972,0.99459308966234117));
#1446=IFCCARTESIANPOINT((0.090606601717799953,0.046486893534440972,0.99769969138013936));
#1447=IFCCARTESIANPOINT((0.087500000000001729,0.046486893534440972,1.0000834707191077));
#1448=IFCCARTESIANPOINT((0.083882285676539547,0.046486893534440972,1.0015819770566772));
#1449=IFCCARTESIANPOINT((0.080000000000001792,0.046486893534440972,0.99209308966234122));
#1450=IFCCARTESIANPOINT((0.081294095225514396,0.046486893534440972,0.99192271879378657));
#1451=IFCCARTESIANPOINT((0.08250000000000178,0.046486893534440972,0.99142321668126343));
#1452=IFCCARTESIANPOINT((0.083535533905934531,0.046486893534440972,0.99062862356827386));
#1453=IFCCARTESIANPOINT((0.084330127018923992,0.046486893534440972,0.98959308966234116));
#1454=IFCCARTESIANPOINT((0.084829629131447135,0.046486893534440972,0.98838718488785371));
#1455=IFCCARTESIANPOINT((0.085000000000001796,0.046486893534440972,0.98709308966234111));
#1456=IFCCARTESIANPOINT((0.084829629131447135,0.046486893534440972,0.98579899443682861));
#1457=IFCCARTESIANPOINT((0.084330127018923964,0.046486893534440972,0.98459308966234116));
#1458=IFCCARTESIANPOINT((0.083535533905934517,0.046486893534440972,0.98355755575640846));
#1459=IFCCARTESIANPOINT((0.08250000000000178,0.046486893534440972,0.98276296264341889));
#1460=IFCCARTESIANPOINT((0.081294095225514396,0.046486893534440972,0.98226346053089575));
#1461=IFCCARTESIANPOINT((0.08000000000000175,0.046486893534440972,0.9820930896623411));
#1462=IFCCARTESIANPOINT((0.078705904774489133,0.046486893534440972,0.98226346053089586));
#1463=IFCCARTESIANPOINT((0.077500000000001734,0.046486893534440972,0.98276296264341889));
#1464=IFCCARTESIANPOINT((0.076464466094069011,0.046486893534440972,0.98355755575640846));
#1465=IFCCARTESIANPOINT((0.075669872981079564,0.046486893534440972,0.98459308966234116));
#1466=IFCCARTESIANPOINT((0.075170370868556421,0.046486893534440972,0.98579899443682861));
#1467=IFCCARTESIANPOINT((0.07500000000000176,0.046486893534440972,0.98709308966234111));
#1468=IFCCARTESIANPOINT((0.075170370868556435,0.046486893534440972,0.98838718488785371));
#1469=IFCCARTESIANPOINT((0.075669872981079592,0.046486893534440972,0.98959308966234116));
#1470=IFCCARTESIANPOINT((0.076464466094069039,0.046486893534440972,0.99062862356827386));
#1471=IFCCARTESIANPOINT((0.07750000000000179,0.046486893534440972,0.99142321668126343));
#1472=IFCCARTESIANPOINT((0.078705904774489202,0.046486893534440972,0.99192271879378657));
#1473=IFCPOLYLOOP((#1417,#1418,#1385));
#1474=IFCFACEOUTERBOUND(#1473,.T.);
#1475=IFCFACE((#1474));
#1476=IFCPOLYLOOP((#1386,#1417,#1385));
#1477=IFCFACEOUTERBOUND(#1476,.T.);
#1478=IFCFACE((#1477));
#1479=IFCPOLYLOOP((#1417,#1386,#1416));
#1480=IFCFACEOUTERBOUND(#1479,.T.);
#1481=IFCFACE((#1480));
#1482=IFCPOLYLOOP((#1418,#1384,#1385));
#1483=IFCFACEOUTERBOUND(#1482,.T.);
#1484=IFCFACE((#1483));
#1485=IFCPOLYLOOP((#1384,#1418,#1419));
#1486=IFCFACEOUTERBOUND(#1485,.T.);
#1487=IFCFACE((#1486));
#1488=IFCPOLYLOOP((#1384,#1419,#1383));
#1489=IFCFACEOUTERBOUND(#1488,.T.);
#1490=IFCFACE((#1489));
#1491=IFCPOLYLOOP((#1420,#1383,#1419));
#1492=IFCFACEOUTERBOUND(#1491,.T.);
#1493=IFCFACE((#1492));
#1494=IFCPOLYLOOP((#1383,#1420,#1382));
#1495=IFCFACEOUTERBOUND(#1494,.T.);
#1496=IFCFACE((#1495));
#1497=IFCPOLYLOOP((#1420,#1421,#1382));
#1498=IFCFACEOUTERBOUND(#1497,.T.);
#1499=IFCFACE((#1498));
#1500=IFCPOLYLOOP((#1381,#1382,#1421));
#1501=IFCFACEOUTERBOUND(#1500,.T.);
#1502=IFCFACE((#1501));
#1503=IFCPOLYLOOP((#1422,#1381,#1421));
#1504=IFCFACEOUTERBOUND(#1503,.T.);
#1505=IFCFACE((#1504));
#1506=IFCPOLYLOOP((#1381,#1422,#1380));
#1507=IFCFACEOUTERBOUND(#1506,.T.);
#1508=IFCFACE((#1507));
#1509=IFCPOLYLOOP((#1423,#1380,#1422));
#1510=IFCFACEOUTERBOUND(#1509,.T.);
#1511=IFCFACE((#1510));
#1512=IFCPOLYLOOP((#1379,#1380,#1423));
#1513=IFCFACEOUTERBOUND(#1512,.T.);
#1514=IFCFACE((#1513));
#1515=IFCPOLYLOOP((#1424,#1379,#1423));
#1516=IFCFACEOUTERBOUND(#1515,.T.);
#1517=IFCFACE((#1516));
#1518=IFCPOLYLOOP((#1378,#1379,#1424));
#1519=IFCFACEOUTERBOUND(#1518,.T.);
#1520=IFCFACE((#1519));
#1521=IFCPOLYLOOP((#1378,#1424,#1401));
#1522=IFCFACEOUTERBOUND(#1521,.T.);
#1523=IFCFACE((#1522));
#1524=IFCPOLYLOOP((#1378,#1401,#1377));
#1525=IFCFACEOUTERBOUND(#1524,.T.);
#1526=IFCFACE((#1525));
#1527=IFCPOLYLOOP((#1377,#1401,#1402));
#1528=IFCFACEOUTERBOUND(#1527,.T.);
#1529=IFCFACE((#1528));
#1530=IFCPOLYLOOP((#1377,#1402,#1400));
#1531=IFCFACEOUTERBOUND(#1530,.T.);
#1532=IFCFACE((#1531));
#1533=IFCPOLYLOOP((#1400,#1402,#1403));
#1534=IFCFACEOUTERBOUND(#1533,.T.);
#1535=IFCFACE((#1534));
#1536=IFCPOLYLOOP((#1400,#1403,#1399));
#1537=IFCFACEOUTERBOUND(#1536,.T.);
#1538=IFCFACE((#1537));
#1539=IFCPOLYLOOP((#1398,#1399,#1403));
#1540=IFCFACEOUTERBOUND(#1539,.T.);
#1541=IFCFACE((#1540));
#1542=IFCPOLYLOOP((#1398,#1403,#1404));
#1543=IFCFACEOUTERBOUND(#1542,.T.);
#1544=IFCFACE((#1543));
#1545=IFCPOLYLOOP((#1404,#1397,#1398));
#1546=IFCFACEOUTERBOUND(#1545,.T.);
#1547=IFCFACE((#1546));
#1548=IFCPOLYLOOP((#1404,#1405,#1397));
#1549=IFCFACEOUTERBOUND(#1548,.T.);
#1550=IFCFACE((#1549));
#1551=IFCPOLYLOOP((#1396,#1397,#1405));
#1552=IFCFACEOUTERBOUND(#1551,.T.);
#1553=IFCFACE((#1552));
#1554=IFCPOLYLOOP((#1406,#1396,#1405));
#1555=IFCFACEOUTERBOUND(#1554,.T.);
#1556=IFCFACE((#1555));
#1557=IFCPOLYLOOP((#1406,#1395,#1396));
#1558=IFCFACEOUTERBOUND(#1557,.T.);
#1559=IFCFACE((#1558));
#1560=IFCPOLYLOOP((#1395,#1406,#1407));
#1561=IFCFACEOUTERBOUND(#1560,.T.);
#1562=IFCFACE((#1561));
#1563=IFCPOLYLOOP((#1407,#1394,#1395));
#1564=IFCFACEOUTERBOUND(#1563,.T.);
#1565=IFCFACE((#1564));
#1566=IFCPOLYLOOP((#1408,#1394,#1407));
#1567=IFCFACEOUTERBOUND(#1566,.T.);
#1568=IFCFACE((#1567));
#1569=IFCPOLYLOOP((#1394,#1408,#1393));
#1570=IFCFACEOUTERBOUND(#1569,.T.);
#1571=IFCFACE((#1570));
#1572=IFCPOLYLOOP((#1409,#1393,#1408));
#1573=IFCFACEOUTERBOUND(#1572,.T.);
#1574=IFCFACE((#1573));
#1575=IFCPOLYLOOP((#1392,#1393,#1409));
#1576=IFCFACEOUTERBOUND(#1575,.T.);
#1577=IFCFACE((#1576));
#1578=IFCPOLYLOOP((#1392,#1409,#1410));
#1579=IFCFACEOUTERBOUND(#1578,.T.);
#1580=IFCFACE((#1579));
#1581=IFCPOLYLOOP((#1392,#1410,#1391));
#1582=IFCFACEOUTERBOUND(#1581,.T.);
#1583=IFCFACE((#1582));
#1584=IFCPOLYLOOP((#1391,#1410,#1411));
#1585=IFCFACEOUTERBOUND(#1584,.T.);
#1586=IFCFACE((#1585));
#1587=IFCPOLYLOOP((#1391,#1411,#1390));
#1588=IFCFACEOUTERBOUND(#1587,.T.);
#1589=IFCFACE((#1588));
#1590=IFCPOLYLOOP((#1412,#1390,#1411));
#1591=IFCFACEOUTERBOUND(#1590,.T.);
#1592=IFCFACE((#1591));
#1593=IFCPOLYLOOP((#1389,#1390,#1412));
#1594=IFCFACEOUTERBOUND(#1593,.T.);
#1595=IFCFACE((#1594));
#1596=IFCPOLYLOOP((#1412,#1413,#1389));
#1597=IFCFACEOUTERBOUND(#1596,.T.);
#1598=IFCFACE((#1597));
#1599=IFCPOLYLOOP((#1413,#1388,#1389));
#1600=IFCFACEOUTERBOUND(#1599,.T.);
#1601=IFCFACE((#1600));
#1602=IFCPOLYLOOP((#1388,#1413,#1414));
#1603=IFCFACEOUTERBOUND(#1602,.T.);
#1604=IFCFACE((#1603));
#1605=IFCPOLYLOOP((#1388,#1414,#1387));
#1606=IFCFACEOUTERBOUND(#1605,.T.);
#1607=IFCFACE((#1606));
#1608=IFCPOLYLOOP((#1414,#1415,#1387));
#1609=IFCFACEOUTERBOUND(#1608,.T.);
#1610=IFCFACE((#1609));
#1611=IFCPOLYLOOP((#1416,#1387,#1415));
#1612=IFCFACEOUTERBOUND(#1611,.T.);
#1613=IFCFACE((#1612));
#1614=IFCPOLYLOOP((#1386,#1387,#1416));
#1615=IFCFACEOUTERBOUND(#1614,.T.);
#1616=IFCFACE((#1615));
#1617=IFCPOLYLOOP((#1465,#1466,#1433));
#1618=IFCFACEOUTERBOUND(#1617,.T.);
#1619=IFCFACE((#1618));
#1620=IFCPOLYLOOP((#1434,#1465,#1433));
#1621=IFCFACEOUTERBOUND(#1620,.T.);
#1622=IFCFACE((#1621));
#1623=IFCPOLYLOOP((#1465,#1434,#1464));
#1624=IFCFACEOUTERBOUND(#1623,.T.);
#1625=IFCFACE((#1624));
#1626=IFCPOLYLOOP((#1466,#1432,#1433));
#1627=IFCFACEOUTERBOUND(#1626,.T.);
#1628=IFCFACE((#1627));
#1629=IFCPOLYLOOP((#1432,#1466,#1467));
#1630=IFCFACEOUTERBOUND(#1629,.T.);
#1631=IFCFACE((#1630));
#1632=IFCPOLYLOOP((#1432,#1467,#1431));
#1633=IFCFACEOUTERBOUND(#1632,.T.);
#1634=IFCFACE((#1633));
#1635=IFCPOLYLOOP((#1468,#1431,#1467));
#1636=IFCFACEOUTERBOUND(#1635,.T.);
#1637=IFCFACE((#1636));
#1638=IFCPOLYLOOP((#1431,#1468,#1430));
#1639=IFCFACEOUTERBOUND(#1638,.T.);
#1640=IFCFACE((#1639));
#1641=IFCPOLYLOOP((#1468,#1469,#1430));
#1642=IFCFACEOUTERBOUND(#1641,.T.);
#1643=IFCFACE((#1642));
#1644=IFCPOLYLOOP((#1429,#1430,#1469));
#1645=IFCFACEOUTERBOUND(#1644,.T.);
#1646=IFCFACE((#1645));
#1647=IFCPOLYLOOP((#1470,#1429,#1469));
#1648=IFCFACEOUTERBOUND(#1647,.T.);
#1649=IFCFACE((#1648));
#1650=IFCPOLYLOOP((#1429,#1470,#1428));
#1651=IFCFACEOUTERBOUND(#1650,.T.);
#1652=IFCFACE((#1651));
#1653=IFCPOLYLOOP((#1471,#1428,#1470));
#1654=IFCFACEOUTERBOUND(#1653,.T.);
#1655=IFCFACE((#1654));
#1656=IFCPOLYLOOP((#1427,#1428,#1471));
#1657=IFCFACEOUTERBOUND(#1656,.T.);
#1658=IFCFACE((#1657));
#1659=IFCPOLYLOOP((#1472,#1427,#1471));
#1660=IFCFACEOUTERBOUND(#1659,.T.);
#1661=IFCFACE((#1660));
#1662=IFCPOLYLOOP((#1426,#1427,#1472));
#1663=IFCFACEOUTERBOUND(#1662,.T.);
#1664=IFCFACE((#1663));
#1665=IFCPOLYLOOP((#1426,#1472,#1449));
#1666=IFCFACEOUTERBOUND(#1665,.T.);
#1667=IFCFACE((#1666));
#1668=IFCPOLYLOOP((#1426,#1449,#1425));
#1669=IFCFACEOUTERBOUND(#1668,.T.);
#1670=IFCFACE((#1669));
#1671=IFCPOLYLOOP((#1425,#1449,#1450));
#1672=IFCFACEOUTERBOUND(#1671,.T.);
#1673=IFCFACE((#1672));
#1674=IFCPOLYLOOP((#1425,#1450,#1448));
#1675=IFCFACEOUTERBOUND(#1674,.T.);
#1676=IFCFACE((#1675));
#1677=IFCPOLYLOOP((#1448,#1450,#1451));
#1678=IFCFACEOUTERBOUND(#1677,.T.);
#1679=IFCFACE((#1678));
#1680=IFCPOLYLOOP((#1448,#1451,#1447));
#1681=IFCFACEOUTERBOUND(#1680,.T.);
#1682=IFCFACE((#1681));
#1683=IFCPOLYLOOP((#1446,#1447,#1451));
#1684=IFCFACEOUTERBOUND(#1683,.T.);
#1685=IFCFACE((#1684));
#1686=IFCPOLYLOOP((#1446,#1451,#1452));
#1687=IFCFACEOUTERBOUND(#1686,.T.);
#1688=IFCFACE((#1687));
#1689=IFCPOLYLOOP((#1452,#1445,#1446));
#1690=IFCFACEOUTERBOUND(#1689,.T.);
#1691=IFCFACE((#1690));
#1692=IFCPOLYLOOP((#1452,#1453,#1445));
#1693=IFCFACEOUTERBOUND(#1692,.T.);
#1694=IFCFACE((#1693));
#1695=IFCPOLYLOOP((#1444,#1445,#1453));
#1696=IFCFACEOUTERBOUND(#1695,.T.);
#1697=IFCFACE((#1696));
#1698=IFCPOLYLOOP((#1454,#1444,#1453));
#1699=IFCFACEOUTERBOUND(#1698,.T.);
#1700=IFCFACE((#1699));
#1701=IFCPOLYLOOP((#1454,#1443,#1444));
#1702=IFCFACEOUTERBOUND(#1701,.T.);
#1703=IFCFACE((#1702));
#1704=IFCPOLYLOOP((#1443,#1454,#1455));
#1705=IFCFACEOUTERBOUND(#1704,.T.);
#1706=IFCFACE((#1705));
#1707=IFCPOLYLOOP((#1455,#1442,#1443));
#1708=IFCFACEOUTERBOUND(#1707,.T.);
#1709=IFCFACE((#1708));
#1710=IFCPOLYLOOP((#1456,#1442,#1455));
#1711=IFCFACEOUTERBOUND(#1710,.T.);
#1712=IFCFACE((#1711));
#1713=IFCPOLYLOOP((#1442,#1456,#1441));
#1714=IFCFACEOUTERBOUND(#1713,.T.);
#1715=IFCFACE((#1714));
#1716=IFCPOLYLOOP((#1457,#1441,#1456));
#1717=IFCFACEOUTERBOUND(#1716,.T.);
#1718=IFCFACE((#1717));
#1719=IFCPOLYLOOP((#1440,#1441,#1457));
#1720=IFCFACEOUTERBOUND(#1719,.T.);
#1721=IFCFACE((#1720));
#1722=IFCPOLYLOOP((#1440,#1457,#1458));
#1723=IFCFACEOUTERBOUND(#1722,.T.);
#1724=IFCFACE((#1723));
#1725=IFCPOLYLOOP((#1440,#1458,#1439));
#1726=IFCFACEOUTERBOUND(#1725,.T.);
#1727=IFCFACE((#1726));
#1728=IFCPOLYLOOP((#1439,#1458,#1459));
#1729=IFCFACEOUTERBOUND(#1728,.T.);
#1730=IFCFACE((#1729));
#1731=IFCPOLYLOOP((#1439,#1459,#1438));
#1732=IFCFACEOUTERBOUND(#1731,.T.);
#1733=IFCFACE((#1732));
#1734=IFCPOLYLOOP((#1460,#1438,#1459));
#1735=IFCFACEOUTERBOUND(#1734,.T.);
#1736=IFCFACE((#1735));
#1737=IFCPOLYLOOP((#1437,#1438,#1460));
#1738=IFCFACEOUTERBOUND(#1737,.T.);
#1739=IFCFACE((#1738));
#1740=IFCPOLYLOOP((#1460,#1461,#1437));
#1741=IFCFACEOUTERBOUND(#1740,.T.);
#1742=IFCFACE((#1741));
#1743=IFCPOLYLOOP((#1461,#1436,#1437));
#1744=IFCFACEOUTERBOUND(#1743,.T.);
#1745=IFCFACE((#1744));
#1746=IFCPOLYLOOP((#1436,#1461,#1462));
#1747=IFCFACEOUTERBOUND(#1746,.T.);
#1748=IFCFACE((#1747));
#1749=IFCPOLYLOOP((#1436,#1462,#1435));
#1750=IFCFACEOUTERBOUND(#1749,.T.);
#1751=IFCFACE((#1750));
#1752=IFCPOLYLOOP((#1462,#1463,#1435));
#1753=IFCFACEOUTERBOUND(#1752,.T.);
#1754=IFCFACE((#1753));
#1755=IFCPOLYLOOP((#1464,#1435,#1463));
#1756=IFCFACEOUTERBOUND(#1755,.T.);
#1757=IFCFACE((#1756));
#1758=IFCPOLYLOOP((#1434,#1435,#1464));
#1759=IFCFACEOUTERBOUND(#1758,.T.);
#1760=IFCFACE((#1759));
#1761=IFCPOLYLOOP((#1378,#1448,#1447,#1379));
#1762=IFCFACEOUTERBOUND(#1761,.T.);
#1763=IFCFACE((#1762));
#1764=IFCPOLYLOOP((#1446,#1380,#1379,#1447));
#1765=IFCFACEOUTERBOUND(#1764,.T.);
#1766=IFCFACE((#1765));
#1767=IFCPOLYLOOP((#1381,#1445,#1444,#1382));
#1768=IFCFACEOUTERBOUND(#1767,.T.);
#1769=IFCFACE((#1768));
#1770=IFCPOLYLOOP((#1446,#1445,#1381,#1380));
#1771=IFCFACEOUTERBOUND(#1770,.T.);
#1772=IFCFACE((#1771));
#1773=IFCPOLYLOOP((#1382,#1444,#1443,#1383));
#1774=IFCFACEOUTERBOUND(#1773,.T.);
#1775=IFCFACE((#1774));
#1776=IFCPOLYLOOP((#1448,#1378,#1377,#1425));
#1777=IFCFACEOUTERBOUND(#1776,.T.);
#1778=IFCFACE((#1777));
#1779=IFCPOLYLOOP((#1384,#1442,#1441,#1385));
#1780=IFCFACEOUTERBOUND(#1779,.T.);
#1781=IFCFACE((#1780));
#1782=IFCPOLYLOOP((#1440,#1386,#1385,#1441));
#1783=IFCFACEOUTERBOUND(#1782,.T.);
#1784=IFCFACE((#1783));
#1785=IFCPOLYLOOP((#1387,#1439,#1438,#1388));
#1786=IFCFACEOUTERBOUND(#1785,.T.);
#1787=IFCFACE((#1786));
#1788=IFCPOLYLOOP((#1440,#1439,#1387,#1386));
#1789=IFCFACEOUTERBOUND(#1788,.T.);
#1790=IFCFACE((#1789));
#1791=IFCPOLYLOOP((#1388,#1438,#1437,#1389));
#1792=IFCFACEOUTERBOUND(#1791,.T.);
#1793=IFCFACE((#1792));
#1794=IFCPOLYLOOP((#1442,#1384,#1383,#1443));
#1795=IFCFACEOUTERBOUND(#1794,.T.);
#1796=IFCFACE((#1795));
#1797=IFCPOLYLOOP((#1437,#1436,#1390,#1389));
#1798=IFCFACEOUTERBOUND(#1797,.T.);
#1799=IFCFACE((#1798));
#1800=IFCPOLYLOOP((#1393,#1433,#1432,#1394));
#1801=IFCFACEOUTERBOUND(#1800,.T.);
#1802=IFCFACE((#1801));
#1803=IFCPOLYLOOP((#1434,#1433,#1393,#1392));
#1804=IFCFACEOUTERBOUND(#1803,.T.);
#1805=IFCFACE((#1804));
#1806=IFCPOLYLOOP((#1394,#1432,#1431,#1395));
#1807=IFCFACEOUTERBOUND(#1806,.T.);
#1808=IFCFACE((#1807));
#1809=IFCPOLYLOOP((#1390,#1436,#1435,#1391));
#1810=IFCFACEOUTERBOUND(#1809,.T.);
#1811=IFCFACE((#1810));
#1812=IFCPOLYLOOP((#1435,#1434,#1392,#1391));
#1813=IFCFACEOUTERBOUND(#1812,.T.);
#1814=IFCFACE((#1813));
#1815=IFCPOLYLOOP((#1396,#1430,#1429,#1397));
#1816=IFCFACEOUTERBOUND(#1815,.T.);
#1817=IFCFACE((#1816));
#1818=IFCPOLYLOOP((#1428,#1398,#1397,#1429));
#1819=IFCFACEOUTERBOUND(#1818,.T.);
#1820=IFCFACE((#1819));
#1821=IFCPOLYLOOP((#1399,#1427,#1426,#1400));
#1822=IFCFACEOUTERBOUND(#1821,.T.);
#1823=IFCFACE((#1822));
#1824=IFCPOLYLOOP((#1428,#1427,#1399,#1398));
#1825=IFCFACEOUTERBOUND(#1824,.T.);
#1826=IFCFACE((#1825));
#1827=IFCPOLYLOOP((#1400,#1426,#1425,#1377));
#1828=IFCFACEOUTERBOUND(#1827,.T.);
#1829=IFCFACE((#1828));
#1830=IFCPOLYLOOP((#1430,#1396,#1395,#1431));
#1831=IFCFACEOUTERBOUND(#1830,.T.);
#1832=IFCFACE((#1831));
#1833=IFCPOLYLOOP((#1401,#1449,#1472,#1402));
#1834=IFCFACEOUTERBOUND(#1833,.T.);
#1835=IFCFACE((#1834));
#1836=IFCPOLYLOOP((#1402,#1472,#1471,#1403));
#1837=IFCFACEOUTERBOUND(#1836,.T.);
#1838=IFCFACE((#1837));
#1839=IFCPOLYLOOP((#1405,#1404,#1470,#1469));
#1840=IFCFACEOUTERBOUND(#1839,.T.);
#1841=IFCFACE((#1840));
#1842=IFCPOLYLOOP((#1470,#1404,#1403,#1471));
#1843=IFCFACEOUTERBOUND(#1842,.T.);
#1844=IFCFACE((#1843));
#1845=IFCPOLYLOOP((#1406,#1405,#1469,#1468));
#1846=IFCFACEOUTERBOUND(#1845,.T.);
#1847=IFCFACE((#1846));
#1848=IFCPOLYLOOP((#1406,#1468,#1467,#1407));
#1849=IFCFACEOUTERBOUND(#1848,.T.);
#1850=IFCFACE((#1849));
#1851=IFCPOLYLOOP((#1408,#1466,#1465,#1409));
#1852=IFCFACEOUTERBOUND(#1851,.T.);
#1853=IFCFACE((#1852));
#1854=IFCPOLYLOOP((#1409,#1465,#1464,#1410));
#1855=IFCFACEOUTERBOUND(#1854,.T.);
#1856=IFCFACE((#1855));
#1857=IFCPOLYLOOP((#1411,#1463,#1462,#1412));
#1858=IFCFACEOUTERBOUND(#1857,.T.);
#1859=IFCFACE((#1858));
#1860=IFCPOLYLOOP((#1464,#1463,#1411,#1410));
#1861=IFCFACEOUTERBOUND(#1860,.T.);
#1862=IFCFACE((#1861));
#1863=IFCPOLYLOOP((#1413,#1412,#1462,#1461));
#1864=IFCFACEOUTERBOUND(#1863,.T.);
#1865=IFCFACE((#1864));
#1866=IFCPOLYLOOP((#1407,#1467,#1466,#1408));
#1867=IFCFACEOUTERBOUND(#1866,.T.);
#1868=IFCFACE((#1867));
#1869=IFCPOLYLOOP((#1413,#1461,#1460,#1414));
#1870=IFCFACEOUTERBOUND(#1869,.T.);
#1871=IFCFACE((#1870));
#1872=IFCPOLYLOOP((#1414,#1460,#1459,#1415));
#1873=IFCFACEOUTERBOUND(#1872,.T.);
#1874=IFCFACE((#1873));
#1875=IFCPOLYLOOP((#1417,#1416,#1458,#1457));
#1876=IFCFACEOUTERBOUND(#1875,.T.);
#1877=IFCFACE((#1876));
#1878=IFCPOLYLOOP((#1458,#1416,#1415,#1459));
#1879=IFCFACEOUTERBOUND(#1878,.T.);
#1880=IFCFACE((#1879));
#1881=IFCPOLYLOOP((#1418,#1417,#1457,#1456));
#1882=IFCFACEOUTERBOUND(#1881,.T.);
#1883=IFCFACE((#1882));
#1884=IFCPOLYLOOP((#1418,#1456,#1455,#1419));
#1885=IFCFACEOUTERBOUND(#1884,.T.);
#1886=IFCFACE((#1885));
#1887=IFCPOLYLOOP((#1420,#1419,#1455,#1454));
#1888=IFCFACEOUTERBOUND(#1887,.T.);
#1889=IFCFACE((#1888));
#1890=IFCPOLYLOOP((#1420,#1454,#1453,#1421));
#1891=IFCFACEOUTERBOUND(#1890,.T.);
#1892=IFCFACE((#1891));
#1893=IFCPOLYLOOP((#1423,#1422,#1452,#1451));
#1894=IFCFACEOUTERBOUND(#1893,.T.);
#1895=IFCFACE((#1894));
#1896=IFCPOLYLOOP((#1453,#1452,#1422,#1421));
#1897=IFCFACEOUTERBOUND(#1896,.T.);
#1898=IFCFACE((#1897));
#1899=IFCPOLYLOOP((#1424,#1423,#1451,#1450));
#1900=IFCFACEOUTERBOUND(#1899,.T.);
#1901=IFCFACE((#1900));
#1902=IFCPOLYLOOP((#1401,#1424,#1450,#1449));
#1903=IFCFACEOUTERBOUND(#1902,.T.);
#1904=IFCFACE((#1903));
#1905=IFCCLOSEDSHELL((#176,#181,#189,#193,#200,#203,#206,#209,#212,#215));
#1906=IFCFACETEDBREP(#1905);
#1907=IFCCOLOURRGB($,0.74509803921568629,0.50588235294117645,0.30588235294117649);
#1908=IFCSURFACESTYLERENDERING(#1907,0.,$,$,$,$,IFCNORMALISEDRATIOMEASURE(0.5),IFCSPECULAREXPONENT(128.),.NOTDEFINED.);
#1909=IFCSURFACESTYLE('Madera - Casta\X\F1o',.BOTH.,(#1908));
#1910=IFCPRESENTATIONSTYLEASSIGNMENT((#1909));
#1911=IFCSTYLEDITEM(#1906,(#1910),$);
#1912=IFCCLOSEDSHELL((#222,#231,#235,#243,#246,#249,#252,#255,#258,#261));
#1913=IFCFACETEDBREP(#1912);
#1914=IFCSTYLEDITEM(#1913,(#1910),$);
#1915=IFCCLOSEDSHELL((#270,#278,#282,#290,#294,#302,#305,#308,#311,#314,#317,#320,#323,#326));
#1916=IFCFACETEDBREP(#1915);
#1917=IFCSTYLEDITEM(#1916,(#1910),$);
#1918=IFCCLOSEDSHELL((#337,#348,#351,#354,#357,#360,#363,#366,#369,#372));
#1919=IFCFACETEDBREP(#1918);
#1920=IFCSTYLEDITEM(#1919,(#1910),$);
#1921=IFCCLOSEDSHELL((#500,#503,#506,#509,#512,#515,#518,#521,#524,#527,#530,#533,#536,#539,#542,#545,#548,#551,#554,#557,#560,#563,#566,#569,#572,#575,#578,#581,#584,#587,#590,#593,#596,#599,#602,#605,#608,#611,#614,#617,#620,#623,#626,#629,#632,#635,#638,#641,#644,#647,#650,#653,#656,#659,#662,#665,#668,#671,#674,#677,#680,#683,#686,#689,#692,#695,#698,#701,#704,#707,#710,#713,#716,#719,#722,#725,#728,#731,#734,#737,#740,#743,#746,#749,#752,#755,#758,#761,#764,#767,#770,#773,#776,#779,#782,#785,#788,#791,#794,#797,#800,#803,#806,#809,#812,#815,#818,#821,#824,#827,#830,#833,#836,#839,#842,#845,#848,#851,#854,#857,#860,#863,#866,#869,#872,#875,#878,#881));
#1922=IFCFACETEDBREP(#1921);
#1923=IFCSTYLEDITEM(#1922,(#1910),$);
#1924=IFCCLOSEDSHELL((#1004,#1007,#1010,#1013,#1016,#1019,#1022,#1025,#1028,#1031,#1034,#1037,#1040,#1043,#1046,#1049,#1052,#1055,#1058,#1061,#1064,#1067,#1070,#1073,#1076,#1079,#1082,#1085,#1088,#1091,#1094,#1097,#1100,#1103,#1106,#1109,#1112,#1115,#1118,#1121,#1124,#1127,#1130,#1133,#1136,#1139,#1142,#1145,#1148,#1151,#1154,#1157,#1160,#1163,#1166,#1169,#1172,#1175,#1178,#1181,#1184,#1187,#1190,#1193,#1196,#1199,#1202,#1205,#1208,#1211,#1214,#1217,#1220,#1223,#1226,#1229,#1232,#1235,#1238,#1241,#1244,#1247,#1250,#1253,#1256,#1259,#1262,#1265,#1268,#1271,#1274,#1277,#1280,#1283,#1286,#1289,#1292,#1295,#1298,#1301,#1304,#1307,#1310,#1313,#1316,#1319,#1322,#1325,#1328,#1331,#1334,#1337,#1340,#1343,#1346,#1349,#1352,#1355,#1358,#1361,#1364,#1367,#1370,#1373,#1376));
#1925=IFCFACETEDBREP(#1924);
#1926=IFCSTYLEDITEM(#1925,(#1910),$);
#1927=IFCCLOSEDSHELL((#1475,#1478,#1481,#1484,#1487,#1490,#1493,#1496,#1499,#1502,#1505,#1508,#1511,#1514,#1517,#1520,#1523,#1526,#1529,#1532,#1535,#1538,#1541,#1544,#1547,#1550,#1553,#1556,#1559,#1562,#1565,#1568,#1571,#1574,#1577,#1580,#1583,#1586,#1589,#1592,#1595,#1598,#1601,#1604,#1607,#1610,#1613,#1616,#1619,#1622,#1625,#1628,#1631,#1634,#1637,#1640,#1643,#1646,#1649,#1652,#1655,#1658,#1661,#1664,#1667,#1670,#1673,#1676,#1679,#1682,#1685,#1688,#1691,#1694,#1697,#1700,#1703,#1706,#1709,#1712,#1715,#1718,#1721,#1724,#1727,#1730,#1733,#1736,#1739,#1742,#1745,#1748,#1751,#1754,#1757,#1760,#1763,#1766,#1769,#1772,#1775,#1778,#1781,#1784,#1787,#1790,#1793,#1796,#1799,#1802,#1805,#1808,#1811,#1814,#1817,#1820,#1823,#1826,#1829,#1832,#1835,#1838,#1841,#1844,#1847,#1850,#1853,#1856,#1859,#1862,#1865,#1868,#1871,#1874,#1877,#1880,#1883,#1886,#1889,#1892,#1895,#1898,#1901,#1904));
#1928=IFCFACETEDBREP(#1927);
#1929=IFCSTYLEDITEM(#1928,(#1910),$);
#1930=IFCSHAPEREPRESENTATION(#24,'Body','Brep',(#1906,#1913,#1916,#1919,#1922,#1925,#1928));
#1931=IFCAXIS2PLACEMENT3D(#3,$,$);
#1932=IFCREPRESENTATIONMAP(#1931,#1930);
#1933=IFCDOORLININGPROPERTIES('0aRLSEK1r1S9fVxHEcp$2F',#18,'Puerta de 1 hoja:80 x 210 cm:165929',$,$,$,$,$,$,$,$,$,$,$,$);
#1934=IFCDOORPANELPROPERTIES('0aRLSEK1r1S9fVxH2cp$2F',#18,'Puerta de 1 hoja:80 x 210 cm:165929:1',$,$,.NOTDEFINED.,$,.NOTDEFINED.,$);
#1935=IFCDOORSTYLE('1YsqEi2xSMaO3ByFwbEb5L',#18,'Puerta de 1 hoja:80 x 210 cm',$,$,(#1933,#1934,#1962),(#1932),'13015',.NOTDEFINED.,.NOTDEFINED.,.F.,.F.);
#1936=IFCMATERIAL('Madera - Casta\X\F1o');
#1937=IFCPRESENTATIONSTYLEASSIGNMENT((#1909));
#1938=IFCSTYLEDITEM($,(#1937),$);
#1939=IFCSTYLEDREPRESENTATION(#22,'Style','Material',(#1938));
#1940=IFCMATERIALDEFINITIONREPRESENTATION($,$,(#1939),#1936);
#1941=IFCCARTESIANTRANSFORMATIONOPERATOR3D($,$,#3,1.,$);
#1942=IFCMAPPEDITEM(#1932,#1941);
#1943=IFCSHAPEREPRESENTATION(#24,'Body','MappedRepresentation',(#1942));
#1944=IFCPRODUCTDEFINITIONSHAPE($,$,(#1943));
#1945=IFCCARTESIANPOINT((-0.64372420176166756,8.0758571503610632,0.));
#1946=IFCAXIS2PLACEMENT3D(#1945,#9,#6);
#1948=IFCDOOR('0aRLSEK1r1S9fVxHAcp$2F',#18,'Puerta de 1 hoja:80 x 210 cm:165929',$,'Puerta de 1 hoja:80 x 210 cm',#9015,#1944,'165929',2.0999999999999832,0.80000000000000004);
#1949=IFCPROPERTYSINGLEVALUE('Reference',$,IFCIDENTIFIER('80 x 210 cm'),$);
#1950=IFCPROPERTYSET('1zah4JNCmFb0ZSg5ycqO$t',#18,'Pset_DoorCommon',$,(#86,#1949));
#1951=IFCPROPERTYSET('0FqaAWYKbDuP2eMizp$FOU',#18,'Pset_QuantityTakeOff',$,(#1949));
#1952=IFCRELDEFINESBYPROPERTIES('3WCS9As5PxTAftza6xpqYe',#18,$,$,(#1948),#1950);
#1953=IFCRELDEFINESBYPROPERTIES('1SXzhixyohzOFzK103Nkx2',#18,$,$,(#1948),#1951);
#1954=IFCSIUNIT(*,.MASSUNIT.,.KILO.,.GRAM.);
#1955=IFCDERIVEDUNITELEMENT(#1954,1);
#1956=IFCSIUNIT(*,.THERMODYNAMICTEMPERATUREUNIT.,$,.KELVIN.);
#1957=IFCDERIVEDUNITELEMENT(#1956,-1);
#1958=IFCSIUNIT(*,.TIMEUNIT.,$,.SECOND.);
#1959=IFCDERIVEDUNITELEMENT(#1958,-3);
#1960=IFCDERIVEDUNIT((#1955,#1957,#1959),.THERMALTRANSMITTANCEUNIT.,$);
#1961=IFCPROPERTYSINGLEVALUE('ThermalTransmittance',$,IFCTHERMALTRANSMITTANCEMEASURE(3.7021000000000002),$);
#1962=IFCPROPERTYSET('1EHuNK7FRubD_8wowLjhcK',#18,'Pset_DoorCommon',$,(#1961));
#1963=IFCCARTESIANPOINT((0.,-0.0099999999999966782,0.));
#1964=IFCCARTESIANPOINT((-0.075000000000000011,-0.0099999999999966782,0.));
#1965=IFCCARTESIANPOINT((-0.075000000000000011,0.,0.));
#1966=IFCPOLYLOOP((#3,#1963,#1964,#1965));
#1967=IFCFACEOUTERBOUND(#1966,.T.);
#1968=IFCFACE((#1967));
#1969=IFCCARTESIANPOINT((0.,0.,2.0999999999999832));
#1970=IFCCARTESIANPOINT((0.,-0.0099999999999966782,2.0999999999999832));
#1971=IFCPOLYLOOP((#1963,#3,#1969,#1970));
#1972=IFCFACEOUTERBOUND(#1971,.T.);
#1973=IFCFACE((#1972));
#1974=IFCCARTESIANPOINT((0.79999999999999949,-0.0099999999999966782,2.0999999999999832));
#1975=IFCCARTESIANPOINT((0.79999999999999949,-0.0099999999999966782,-0.));
#1976=IFCCARTESIANPOINT((0.87499999999999956,-0.0099999999999966782,0.));
#1977=IFCCARTESIANPOINT((0.87499999999999944,-0.0099999999999966782,2.1749999999999834));
#1978=IFCCARTESIANPOINT((-0.075000000000000011,-0.0099999999999966782,2.1749999999999834));
#1979=IFCPOLYLOOP((#1964,#1963,#1970,#1974,#1975,#1976,#1977,#1978));
#1980=IFCFACEOUTERBOUND(#1979,.T.);
#1981=IFCFACE((#1980));
#1982=IFCCARTESIANPOINT((-0.075000000000000011,0.,2.1749999999999834));
#1983=IFCPOLYLOOP((#1965,#1964,#1978,#1982));
#1984=IFCFACEOUTERBOUND(#1983,.T.);
#1985=IFCFACE((#1984));
#1986=IFCCARTESIANPOINT((0.87499999999999956,0.,2.1749999999999834));
#1987=IFCCARTESIANPOINT((0.87499999999999956,0.,-0.));
#1988=IFCCARTESIANPOINT((0.79999999999999949,0.,0.));
#1989=IFCCARTESIANPOINT((0.79999999999999949,0.,2.0999999999999832));
#1990=IFCPOLYLOOP((#3,#1965,#1982,#1986,#1987,#1988,#1989,#1969));
#1991=IFCFACEOUTERBOUND(#1990,.T.);
#1992=IFCFACE((#1991));
#1993=IFCPOLYLOOP((#1970,#1969,#1989,#1974));
#1994=IFCFACEOUTERBOUND(#1993,.T.);
#1995=IFCFACE((#1994));
#1996=IFCPOLYLOOP((#1982,#1978,#1977,#1986));
#1997=IFCFACEOUTERBOUND(#1996,.T.);
#1998=IFCFACE((#1997));
#1999=IFCPOLYLOOP((#1988,#1987,#1976,#1975));
#2000=IFCFACEOUTERBOUND(#1999,.T.);
#2001=IFCFACE((#2000));
#2002=IFCPOLYLOOP((#1974,#1989,#1988,#1975));
#2003=IFCFACEOUTERBOUND(#2002,.T.);
#2004=IFCFACE((#2003));
#2005=IFCPOLYLOOP((#1986,#1977,#1976,#1987));
#2006=IFCFACEOUTERBOUND(#2005,.T.);
#2007=IFCFACE((#2006));
#2008=IFCCARTESIANPOINT((0.86999999999999966,0.099999999999999936,0.));
#2009=IFCCARTESIANPOINT((0.79999999999999916,0.099999999999999936,0.));
#2010=IFCCARTESIANPOINT((0.79999999999999916,0.11000000000001343,0.));
#2011=IFCCARTESIANPOINT((0.86999999999999966,0.11000000000001343,0.));
#2012=IFCPOLYLOOP((#2008,#2009,#2010,#2011));
#2013=IFCFACEOUTERBOUND(#2012,.T.);
#2014=IFCFACE((#2013));
#2015=IFCCARTESIANPOINT((0.86999999999999988,0.099999999999999936,2.1699999999999835));
#2016=IFCCARTESIANPOINT((-0.070000000000000326,0.099999999999999936,2.1699999999999835));
#2017=IFCCARTESIANPOINT((-0.070000000000000062,0.099999999999999936,-0.));
#2018=IFCCARTESIANPOINT((0.,0.099999999999999936,0.));
#2019=IFCCARTESIANPOINT((0.,0.099999999999999936,2.0999999999999828));
#2020=IFCCARTESIANPOINT((0.79999999999999927,0.099999999999999936,2.0999999999999832));
#2021=IFCPOLYLOOP((#2009,#2008,#2015,#2016,#2017,#2018,#2019,#2020));
#2022=IFCFACEOUTERBOUND(#2021,.T.);
#2023=IFCFACE((#2022));
#2024=IFCCARTESIANPOINT((0.79999999999999927,0.11000000000001343,2.0999999999999832));
#2025=IFCPOLYLOOP((#2010,#2009,#2020,#2024));
#2026=IFCFACEOUTERBOUND(#2025,.T.);
#2027=IFCFACE((#2026));
#2028=IFCCARTESIANPOINT((0.,0.11000000000001343,2.0999999999999832));
#2029=IFCCARTESIANPOINT((0.,0.11000000000001343,-0.));
#2030=IFCCARTESIANPOINT((-0.070000000000000326,0.11000000000001343,0.));
#2031=IFCCARTESIANPOINT((-0.070000000000000326,0.11000000000001343,2.1699999999999835));
#2032=IFCCARTESIANPOINT((0.86999999999999955,0.11000000000001343,2.1699999999999835));
#2033=IFCPOLYLOOP((#2011,#2010,#2024,#2028,#2029,#2030,#2031,#2032));
#2034=IFCFACEOUTERBOUND(#2033,.T.);
#2035=IFCFACE((#2034));
#2036=IFCPOLYLOOP((#2008,#2011,#2032,#2015));
#2037=IFCFACEOUTERBOUND(#2036,.T.);
#2038=IFCFACE((#2037));
#2039=IFCPOLYLOOP((#2024,#2020,#2019,#2028));
#2040=IFCFACEOUTERBOUND(#2039,.T.);
#2041=IFCFACE((#2040));
#2042=IFCPOLYLOOP((#2015,#2032,#2031,#2016));
#2043=IFCFACEOUTERBOUND(#2042,.T.);
#2044=IFCFACE((#2043));
#2045=IFCPOLYLOOP((#2017,#2030,#2029,#2018));
#2046=IFCFACEOUTERBOUND(#2045,.T.);
#2047=IFCFACE((#2046));
#2048=IFCPOLYLOOP((#2028,#2019,#2018,#2029));
#2049=IFCFACEOUTERBOUND(#2048,.T.);
#2050=IFCFACE((#2049));
#2051=IFCPOLYLOOP((#2016,#2031,#2030,#2017));
#2052=IFCFACEOUTERBOUND(#2051,.T.);
#2053=IFCFACE((#2052));
#2054=IFCCARTESIANPOINT((0.79999999999999916,-0.,-0.));
#2055=IFCCARTESIANPOINT((0.76499999999999946,-0.,-0.));
#2056=IFCCARTESIANPOINT((0.76499999999999979,0.064999999999992453,-0.));
#2057=IFCCARTESIANPOINT((0.77499999999999969,0.064999999999992411,-0.));
#2058=IFCCARTESIANPOINT((0.7749999999999998,0.10000000000000758,-0.));
#2059=IFCCARTESIANPOINT((0.79999999999999949,0.10000000000000751,-0.));
#2060=IFCPOLYLOOP((#2054,#2055,#2056,#2057,#2058,#2059));
#2061=IFCFACEOUTERBOUND(#2060,.T.);
#2062=IFCFACE((#2061));
#2063=IFCCARTESIANPOINT((0.79999999999999927,-0.,2.100000000000056));
#2064=IFCCARTESIANPOINT((0.,0.,2.1000000000000565));
#2065=IFCCARTESIANPOINT((0.035000000000000281,0.,0.));
#2066=IFCCARTESIANPOINT((0.035000000000000302,0.,2.0650000000000568));
#2067=IFCCARTESIANPOINT((0.76499999999999946,-0.,2.0650000000000563));
#2068=IFCPOLYLOOP((#2055,#2054,#2063,#2064,#3,#2065,#2066,#2067));
#2069=IFCFACEOUTERBOUND(#2068,.T.);
#2070=IFCFACE((#2069));
#2071=IFCCARTESIANPOINT((0.76499999999999968,0.064999999999992453,2.0650000000000563));
#2072=IFCPOLYLOOP((#2056,#2055,#2067,#2071));
#2073=IFCFACEOUTERBOUND(#2072,.T.);
#2074=IFCFACE((#2073));
#2075=IFCCARTESIANPOINT((0.035000000000000572,0.064999999999994923,2.0650000000000568));
#2076=IFCCARTESIANPOINT((0.035000000000000434,0.064999999999994923,-0.));
#2077=IFCCARTESIANPOINT((0.025000000000001001,0.064999999999994854,0.));
#2078=IFCCARTESIANPOINT((0.025000000000000949,0.064999999999994854,2.0750000000000566));
#2079=IFCCARTESIANPOINT((0.77499999999999947,0.064999999999992411,2.0750000000000561));
#2080=IFCPOLYLOOP((#2057,#2056,#2071,#2075,#2076,#2077,#2078,#2079));
#2081=IFCFACEOUTERBOUND(#2080,.T.);
#2082=IFCFACE((#2081));
#2083=IFCCARTESIANPOINT((0.77499999999999969,0.10000000000000758,2.0750000000000561));
#2084=IFCPOLYLOOP((#2058,#2057,#2079,#2083));
#2085=IFCFACEOUTERBOUND(#2084,.T.);
#2086=IFCFACE((#2085));
#2087=IFCCARTESIANPOINT((0.025000000000001084,0.10000000000000987,2.0750000000000566));
#2088=IFCCARTESIANPOINT((0.025000000000001084,0.10000000000000989,-0.));
#2089=IFCCARTESIANPOINT((0.,0.10000000000001012,0.));
#2090=IFCCARTESIANPOINT((0.,0.10000000000001012,2.100000000000056));
#2091=IFCCARTESIANPOINT((0.79999999999999938,0.10000000000000751,2.100000000000056));
#2092=IFCPOLYLOOP((#2059,#2058,#2083,#2087,#2088,#2089,#2090,#2091));
#2093=IFCFACEOUTERBOUND(#2092,.T.);
#2094=IFCFACE((#2093));
#2095=IFCPOLYLOOP((#2054,#2059,#2091,#2063));
#2096=IFCFACEOUTERBOUND(#2095,.T.);
#2097=IFCFACE((#2096));
#2098=IFCPOLYLOOP((#2071,#2067,#2066,#2075));
#2099=IFCFACEOUTERBOUND(#2098,.T.);
#2100=IFCFACE((#2099));
#2101=IFCPOLYLOOP((#2083,#2079,#2078,#2087));
#2102=IFCFACEOUTERBOUND(#2101,.T.);
#2103=IFCFACE((#2102));
#2104=IFCPOLYLOOP((#2063,#2091,#2090,#2064));
#2105=IFCFACEOUTERBOUND(#2104,.T.);
#2106=IFCFACE((#2105));
#2107=IFCPOLYLOOP((#3,#2089,#2088,#2077,#2076,#2065));
#2108=IFCFACEOUTERBOUND(#2107,.T.);
#2109=IFCFACE((#2108));
#2110=IFCPOLYLOOP((#2075,#2066,#2065,#2076));
#2111=IFCFACEOUTERBOUND(#2110,.T.);
#2112=IFCFACE((#2111));
#2113=IFCPOLYLOOP((#2087,#2078,#2077,#2088));
#2114=IFCFACEOUTERBOUND(#2113,.T.);
#2115=IFCFACE((#2114));
#2116=IFCPOLYLOOP((#2064,#2090,#2089,#3));
#2117=IFCFACEOUTERBOUND(#2116,.T.);
#2118=IFCFACE((#2117));
#2119=IFCCARTESIANPOINT((0.024999999999979022,0.099999999999996828,2.0999999999999819));
#2120=IFCCARTESIANPOINT((0.024999999999979022,0.065000000000003028,2.0999999999999819));
#2121=IFCCARTESIANPOINT((0.77499999999998748,0.065000000000003028,2.0999999999999819));
#2122=IFCCARTESIANPOINT((0.77499999999998748,0.10000000000000001,2.0999999999999819));
#2123=IFCCARTESIANPOINT((0.7849999999999876,0.10000000000000001,2.0999999999999819));
#2124=IFCCARTESIANPOINT((0.7849999999999876,0.10999999999999685,2.0999999999999819));
#2125=IFCCARTESIANPOINT((0.014999999999978994,0.10999999999999685,2.0999999999999819));
#2126=IFCCARTESIANPOINT((0.014999999999978994,0.099999999999996828,2.0999999999999819));
#2127=IFCPOLYLOOP((#2119,#2120,#2121,#2122,#2123,#2124,#2125,#2126));
#2128=IFCFACEOUTERBOUND(#2127,.T.);
#2129=IFCFACE((#2128));
#2130=IFCCARTESIANPOINT((0.024999999999979022,0.099999999999996828,0.));
#2131=IFCCARTESIANPOINT((0.014999999999978994,0.099999999999996828,0.));
#2132=IFCCARTESIANPOINT((0.014999999999978994,0.10999999999999685,0.));
#2133=IFCCARTESIANPOINT((0.7849999999999876,0.10999999999999685,0.));
#2134=IFCCARTESIANPOINT((0.7849999999999876,0.10000000000000001,0.));
#2135=IFCCARTESIANPOINT((0.77499999999998748,0.10000000000000001,0.));
#2136=IFCCARTESIANPOINT((0.77499999999998748,0.065000000000003028,0.));
#2137=IFCCARTESIANPOINT((0.024999999999979022,0.065000000000003028,0.));
#2138=IFCPOLYLOOP((#2130,#2131,#2132,#2133,#2134,#2135,#2136,#2137));
#2139=IFCFACEOUTERBOUND(#2138,.T.);
#2140=IFCFACE((#2139));
#2141=IFCPOLYLOOP((#2120,#2119,#2130,#2137));
#2142=IFCFACEOUTERBOUND(#2141,.T.);
#2143=IFCFACE((#2142));
#2144=IFCPOLYLOOP((#2121,#2120,#2137,#2136));
#2145=IFCFACEOUTERBOUND(#2144,.T.);
#2146=IFCFACE((#2145));
#2147=IFCPOLYLOOP((#2122,#2121,#2136,#2135));
#2148=IFCFACEOUTERBOUND(#2147,.T.);
#2149=IFCFACE((#2148));
#2150=IFCPOLYLOOP((#2123,#2122,#2135,#2134));
#2151=IFCFACEOUTERBOUND(#2150,.T.);
#2152=IFCFACE((#2151));
#2153=IFCPOLYLOOP((#2124,#2123,#2134,#2133));
#2154=IFCFACEOUTERBOUND(#2153,.T.);
#2155=IFCFACE((#2154));
#2156=IFCPOLYLOOP((#2125,#2124,#2133,#2132));
#2157=IFCFACEOUTERBOUND(#2156,.T.);
#2158=IFCFACE((#2157));
#2159=IFCPOLYLOOP((#2126,#2125,#2132,#2131));
#2160=IFCFACEOUTERBOUND(#2159,.T.);
#2161=IFCFACE((#2160));
#2162=IFCPOLYLOOP((#2119,#2126,#2131,#2130));
#2163=IFCFACEOUTERBOUND(#2162,.T.);
#2164=IFCFACE((#2163));
#2165=IFCCARTESIANPOINT((0.059999999999993732,0.11000000000000332,1.049999999999998));
#2166=IFCCARTESIANPOINT((0.060272773931939284,0.11000000000000332,1.0483540540971907));
#2167=IFCCARTESIANPOINT((0.061083655165981021,0.11000000000000332,1.0467530053079512));
#2168=IFCCARTESIANPOINT((0.062410524975863968,0.11000000000000332,1.0452405260696274));
#2169=IFCCARTESIANPOINT((0.064217189812065797,0.11000000000000332,1.0438578728731014));
#2170=IFCCARTESIANPOINT((0.066454368567478897,0.11000000000000332,1.0426427608932667));
#2171=IFCCARTESIANPOINT((0.069061036837545164,0.11000000000000332,1.041628335217373));
#2172=IFCCARTESIANPOINT((0.071966091506934338,0.11000000000000332,1.0408422667334476));
#2173=IFCCARTESIANPOINT((0.075090290257177728,0.11000000000000332,1.0403059973406048));
#2174=IFCCARTESIANPOINT((0.078348413090547048,0.11000000000000332,1.0400341550699315));
#2175=IFCCARTESIANPOINT((0.081651586909440313,0.11000000000000332,1.0400341550699315));
#2176=IFCCARTESIANPOINT((0.084909709742809647,0.11000000000000332,1.0403059973406048));
#2177=IFCCARTESIANPOINT((0.088033908493053106,0.11000000000000332,1.0408422667334476));
#2178=IFCCARTESIANPOINT((0.090938963162442238,0.11000000000000332,1.041628335217373));
#2179=IFCCARTESIANPOINT((0.093545631432508478,0.11000000000000332,1.0426427608932669));
#2180=IFCCARTESIANPOINT((0.095782810187921577,0.11000000000000332,1.0438578728731016));
#2181=IFCCARTESIANPOINT((0.097589475024123518,0.11000000000000332,1.0452405260696276));
#2182=IFCCARTESIANPOINT((0.098916344834006353,0.11000000000000332,1.0467530053079515));
#2183=IFCCARTESIANPOINT((0.09972722606804818,0.11000000000000332,1.048354054097191));
#2184=IFCCARTESIANPOINT((0.099999999999993719,0.11000000000000332,1.0499999999999983));
#2185=IFCCARTESIANPOINT((0.099727226068048153,0.11000000000000332,1.0516459459028056));
#2186=IFCCARTESIANPOINT((0.098916344834006423,0.11000000000000332,1.0532469946920451));
#2187=IFCCARTESIANPOINT((0.097589475024123448,0.11000000000000332,1.054759473930369));
#2188=IFCCARTESIANPOINT((0.095782810187921508,0.11000000000000332,1.0561421271268951));
#2189=IFCCARTESIANPOINT((0.093545631432508505,0.11000000000000332,1.0573572391067296));
#2190=IFCCARTESIANPOINT((0.090938963162442224,0.11000000000000332,1.0583716647826236));
#2191=IFCCARTESIANPOINT((0.088033908493053037,0.11000000000000332,1.0591577332665489));
#2192=IFCCARTESIANPOINT((0.084909709742809661,0.11000000000000332,1.0596940026593915));
#2193=IFCCARTESIANPOINT((0.081651586909440313,0.11000000000000332,1.0599658449300648));
#2194=IFCCARTESIANPOINT((0.078348413090547048,0.11000000000000332,1.0599658449300648));
#2195=IFCCARTESIANPOINT((0.075090290257177714,0.11000000000000332,1.0596940026593915));
#2196=IFCCARTESIANPOINT((0.071966091506934282,0.11000000000000332,1.0591577332665487));
#2197=IFCCARTESIANPOINT((0.069061036837545151,0.11000000000000332,1.0583716647826233));
#2198=IFCCARTESIANPOINT((0.066454368567478897,0.11000000000000332,1.0573572391067294));
#2199=IFCCARTESIANPOINT((0.064217189812065825,0.11000000000000332,1.0561421271268947));
#2200=IFCCARTESIANPOINT((0.062410524975863947,0.11000000000000332,1.0547594739303687));
#2201=IFCCARTESIANPOINT((0.061083655165981056,0.11000000000000332,1.0532469946920449));
#2202=IFCCARTESIANPOINT((0.060272773931939284,0.11000000000000332,1.0516459459028054));
#2203=IFCCARTESIANPOINT((0.059999999999993732,0.17000000000000329,1.0499999999999983));
#2204=IFCCARTESIANPOINT((0.060272773931939319,0.16972722606805771,1.0483540540971905));
#2205=IFCCARTESIANPOINT((0.061083655165980924,0.16891634483401602,1.0467530053079515));
#2206=IFCCARTESIANPOINT((0.062410524975863954,0.16758947502413318,1.0452405260696274));
#2207=IFCCARTESIANPOINT((0.064217189812065797,0.16578281018793115,1.0438578728731014));
#2208=IFCCARTESIANPOINT((0.066454368567478966,0.1635456314325181,1.0426427608932667));
#2209=IFCCARTESIANPOINT((0.069061036837545234,0.16093896316245179,1.041628335217373));
#2210=IFCCARTESIANPOINT((0.071966091506934282,0.15803390849306279,1.0408422667334476));
#2211=IFCCARTESIANPOINT((0.075090290257177741,0.15490970974281934,1.0403059973406048));
#2212=IFCCARTESIANPOINT((0.078348413090547048,0.15165158690944996,1.0400341550699315));
#2213=IFCCARTESIANPOINT((0.081651586909440313,0.14834841309055674,1.0400341550699315));
#2214=IFCCARTESIANPOINT((0.084909709742809647,0.14509029025718737,1.0403059973406048));
#2215=IFCCARTESIANPOINT((0.088033908493053106,0.14196609150694395,1.0408422667334476));
#2216=IFCCARTESIANPOINT((0.090938963162442127,0.13906103683755486,1.041628335217373));
#2217=IFCCARTESIANPOINT((0.093545631432508478,0.13645436856748855,1.0426427608932669));
#2218=IFCCARTESIANPOINT((0.095782810187921549,0.13421718981207545,1.0438578728731018));
#2219=IFCCARTESIANPOINT((0.097589475024123448,0.13241052497587363,1.0452405260696276));
#2220=IFCCARTESIANPOINT((0.098916344834006353,0.13108365516599063,1.0467530053079515));
#2221=IFCCARTESIANPOINT((0.099727226068048111,0.13027277393194892,1.048354054097191));
#2222=IFCCARTESIANPOINT((0.099999999999993691,0.13000000000000331,1.0499999999999985));
#2223=IFCCARTESIANPOINT((0.061684533820848368,0.13879473241925869,1.0459830453499992));
#2224=IFCCARTESIANPOINT((0.059999999999993732,0.14000000000000354,1.0499999999999983));
#2225=IFCCARTESIANPOINT((0.099727226068048194,0.13027277393194883,1.0516459459028056));
#2226=IFCCARTESIANPOINT((0.098916344834006395,0.13108365516599063,1.0532469946920451));
#2227=IFCCARTESIANPOINT((0.097589475024123448,0.13241052497587355,1.054759473930369));
#2228=IFCCARTESIANPOINT((0.095782810187921646,0.13421718981207539,1.0561421271268949));
#2229=IFCCARTESIANPOINT((0.093545631432508422,0.13645436856748855,1.0573572391067296));
#2230=IFCCARTESIANPOINT((0.090938963162442168,0.13906103683755475,1.0583716647826233));
#2231=IFCCARTESIANPOINT((0.088033908493053037,0.14196609150694395,1.0591577332665487));
#2232=IFCCARTESIANPOINT((0.084909709742809661,0.14509029025718731,1.0596940026593915));
#2233=IFCCARTESIANPOINT((0.081651586909440341,0.14834841309055663,1.0599658449300648));
#2234=IFCCARTESIANPOINT((0.078348413090547048,0.15165158690944994,1.0599658449300651));
#2235=IFCCARTESIANPOINT((0.0750902902571777,0.15490970974281926,1.0596940026593915));
#2236=IFCCARTESIANPOINT((0.071966091506934324,0.15803390849306267,1.0591577332665485));
#2237=IFCCARTESIANPOINT((0.069061036837545137,0.16093896316245176,1.0583716647826233));
#2238=IFCCARTESIANPOINT((0.066454368567478841,0.16354563143251816,1.0573572391067296));
#2239=IFCCARTESIANPOINT((0.064217189812065797,0.16578281018793117,1.0561421271268947));
#2240=IFCCARTESIANPOINT((0.062410524975863815,0.16758947502413299,1.0547594739303687));
#2241=IFCCARTESIANPOINT((0.061083655165981077,0.16891634483401596,1.0532469946920446));
#2242=IFCCARTESIANPOINT((0.060272773931939201,0.16972722606805771,1.0516459459028056));
#2243=IFCCARTESIANPOINT((0.059999999999993718,0.13455093107261018,1.0499999999999983));
#2244=IFCCARTESIANPOINT((0.063256670398938133,0.13789140511107056,1.0554694815538204));
#2245=IFCCARTESIANPOINT((0.2199999999999937,0.17000000000000329,1.0499999999999985));
#2246=IFCCARTESIANPOINT((0.2199999999999937,0.16972722606805776,1.0516459459028058));
#2247=IFCCARTESIANPOINT((0.2199999999999937,0.16891634483401596,1.0532469946920453));
#2248=IFCCARTESIANPOINT((0.2199999999999937,0.16758947502413304,1.0547594739303694));
#2249=IFCCARTESIANPOINT((0.2199999999999937,0.16578281018793123,1.0561421271268951));
#2250=IFCCARTESIANPOINT((0.2199999999999937,0.16354563143251816,1.0573572391067299));
#2251=IFCCARTESIANPOINT((0.2199999999999937,0.16093896316245188,1.0583716647826238));
#2252=IFCCARTESIANPOINT((0.21999999999999367,0.15803390849306267,1.0591577332665492));
#2253=IFCCARTESIANPOINT((0.21999999999999367,0.15490970974281931,1.059694002659392));
#2254=IFCCARTESIANPOINT((0.21999999999999367,0.15165158690944994,1.0599658449300655));
#2255=IFCCARTESIANPOINT((0.21999999999999367,0.14834841309055666,1.0599658449300655));
#2256=IFCCARTESIANPOINT((0.21999999999999367,0.14509029025718731,1.059694002659392));
#2257=IFCCARTESIANPOINT((0.21999999999999367,0.14196609150694395,1.0591577332665494));
#2258=IFCCARTESIANPOINT((0.2199999999999937,0.13906103683755472,1.058371664782624));
#2259=IFCCARTESIANPOINT((0.2199999999999937,0.13645436856748847,1.0573572391067301));
#2260=IFCCARTESIANPOINT((0.2199999999999937,0.13421718981207542,1.0561421271268954));
#2261=IFCCARTESIANPOINT((0.2199999999999937,0.13241052497587352,1.0547594739303696));
#2262=IFCCARTESIANPOINT((0.2199999999999937,0.13108365516599055,1.0532469946920453));
#2263=IFCCARTESIANPOINT((0.2199999999999937,0.13027277393194883,1.0516459459028058));
#2264=IFCCARTESIANPOINT((0.2199999999999937,0.13000000000000331,1.0499999999999985));
#2265=IFCCARTESIANPOINT((0.2199999999999937,0.13027277393194883,1.0483540540971914));
#2266=IFCCARTESIANPOINT((0.2199999999999937,0.13108365516599055,1.0467530053079519));
#2267=IFCCARTESIANPOINT((0.2199999999999937,0.13241052497587355,1.0452405260696278));
#2268=IFCCARTESIANPOINT((0.2199999999999937,0.13421718981207548,1.0438578728731021));
#2269=IFCCARTESIANPOINT((0.2199999999999937,0.13645436856748852,1.0426427608932674));
#2270=IFCCARTESIANPOINT((0.2199999999999937,0.13906103683755486,1.0416283352173732));
#2271=IFCCARTESIANPOINT((0.21999999999999376,0.14196609150694392,1.040842266733448));
#2272=IFCCARTESIANPOINT((0.21999999999999376,0.14509029025718734,1.0403059973406052));
#2273=IFCCARTESIANPOINT((0.21999999999999376,0.14834841309055674,1.0400341550699317));
#2274=IFCCARTESIANPOINT((0.21999999999999376,0.15165158690945002,1.0400341550699317));
#2275=IFCCARTESIANPOINT((0.21999999999999376,0.15490970974281934,1.0403059973406052));
#2276=IFCCARTESIANPOINT((0.21999999999999376,0.15803390849306267,1.040842266733448));
#2277=IFCCARTESIANPOINT((0.2199999999999937,0.16093896316245188,1.0416283352173732));
#2278=IFCCARTESIANPOINT((0.2199999999999937,0.16354563143251816,1.0426427608932671));
#2279=IFCCARTESIANPOINT((0.2199999999999937,0.16578281018793123,1.0438578728731018));
#2280=IFCCARTESIANPOINT((0.2199999999999937,0.16758947502413313,1.0452405260696278));
#2281=IFCCARTESIANPOINT((0.2199999999999937,0.16891634483401602,1.0467530053079519));
#2282=IFCCARTESIANPOINT((0.2199999999999937,0.16972722606805776,1.0483540540971912));
#2283=IFCCARTESIANPOINT((0.16026514136797498,0.17000000000000329,1.0499999999999985));
#2284=IFCCARTESIANPOINT((0.14120526489006155,0.16695878959216909,1.0446990695258114));
#2285=IFCCARTESIANPOINT((0.14598304589030231,0.15709921341180835,1.0406511876565285));
#2286=IFCCARTESIANPOINT((0.1468321517819631,0.17000000000000329,1.0499999999999985));
#2287=IFCCARTESIANPOINT((0.14322718432191237,0.16272075573134301,1.0577165791258738));
#2288=IFCCARTESIANPOINT((0.14120526247877532,0.1683154665477041,1.0540169542298861));
#2289=IFCCARTESIANPOINT((0.14754514520890941,0.15393711523850739,1.059804324601912));
#2290=IFCPOLYLOOP((#2171,#2172,#2173,#2174,#2175,#2176,#2177,#2178,#2179,#2180,#2181,#2182,#2183,#2184,#2185,#2186,#2187,#2188,#2189,#2190,#2191,#2192,#2193,#2194,#2195,#2196,#2197,#2198,#2199,#2200,#2201,#2202,#2165,#2166,#2167,#2168,#2169,#2170));
#2291=IFCFACEOUTERBOUND(#2290,.T.);
#2292=IFCFACE((#2291));
#2293=IFCPOLYLOOP((#2223,#2168,#2167));
#2294=IFCFACEOUTERBOUND(#2293,.T.);
#2295=IFCFACE((#2294));
#2296=IFCPOLYLOOP((#2166,#2223,#2167));
#2297=IFCFACEOUTERBOUND(#2296,.T.);
#2298=IFCFACE((#2297));
#2299=IFCPOLYLOOP((#2170,#2169,#2223));
#2300=IFCFACEOUTERBOUND(#2299,.T.);
#2301=IFCFACE((#2300));
#2302=IFCPOLYLOOP((#2223,#2224,#2204));
#2303=IFCFACEOUTERBOUND(#2302,.T.);
#2304=IFCFACE((#2303));
#2305=IFCPOLYLOOP((#2211,#2173,#2172,#2210));
#2306=IFCFACEOUTERBOUND(#2305,.T.);
#2307=IFCFACE((#2306));
#2308=IFCPOLYLOOP((#2171,#2170,#2208,#2209));
#2309=IFCFACEOUTERBOUND(#2308,.T.);
#2310=IFCFACE((#2309));
#2311=IFCPOLYLOOP((#2171,#2209,#2210,#2172));
#2312=IFCFACEOUTERBOUND(#2311,.T.);
#2313=IFCFACE((#2312));
#2314=IFCPOLYLOOP((#2223,#2208,#2170));
#2315=IFCFACEOUTERBOUND(#2314,.T.);
#2316=IFCFACE((#2315));
#2317=IFCPOLYLOOP((#2173,#2211,#2212,#2174));
#2318=IFCFACEOUTERBOUND(#2317,.T.);
#2319=IFCFACE((#2318));
#2320=IFCPOLYLOOP((#2223,#2204,#2205));
#2321=IFCFACEOUTERBOUND(#2320,.T.);
#2322=IFCFACE((#2321));
#2323=IFCPOLYLOOP((#2224,#2223,#2166));
#2324=IFCFACEOUTERBOUND(#2323,.T.);
#2325=IFCFACE((#2324));
#2326=IFCPOLYLOOP((#2223,#2206,#2207));
#2327=IFCFACEOUTERBOUND(#2326,.T.);
#2328=IFCFACE((#2327));
#2329=IFCPOLYLOOP((#2208,#2223,#2207));
#2330=IFCFACEOUTERBOUND(#2329,.T.);
#2331=IFCFACE((#2330));
#2332=IFCPOLYLOOP((#2212,#2213,#2175,#2174));
#2333=IFCFACEOUTERBOUND(#2332,.T.);
#2334=IFCFACE((#2333));
#2335=IFCPOLYLOOP((#2274,#2273,#2213));
#2336=IFCFACEOUTERBOUND(#2335,.T.);
#2337=IFCFACE((#2336));
#2338=IFCPOLYLOOP((#2178,#2177,#2215,#2216));
#2339=IFCFACEOUTERBOUND(#2338,.T.);
#2340=IFCFACE((#2339));
#2341=IFCPOLYLOOP((#2176,#2175,#2213,#2214));
#2342=IFCFACEOUTERBOUND(#2341,.T.);
#2343=IFCFACE((#2342));
#2344=IFCPOLYLOOP((#2176,#2214,#2215,#2177));
#2345=IFCFACEOUTERBOUND(#2344,.T.);
#2346=IFCFACE((#2345));
#2347=IFCPOLYLOOP((#2179,#2178,#2216,#2217));
#2348=IFCFACEOUTERBOUND(#2347,.T.);
#2349=IFCFACE((#2348));
#2350=IFCPOLYLOOP((#2221,#2183,#2182,#2220));
#2351=IFCFACEOUTERBOUND(#2350,.T.);
#2352=IFCFACE((#2351));
#2353=IFCPOLYLOOP((#2181,#2180,#2218,#2219));
#2354=IFCFACEOUTERBOUND(#2353,.T.);
#2355=IFCFACE((#2354));
#2356=IFCPOLYLOOP((#2182,#2181,#2219,#2220));
#2357=IFCFACEOUTERBOUND(#2356,.T.);
#2358=IFCFACE((#2357));
#2359=IFCPOLYLOOP((#2218,#2180,#2179,#2217));
#2360=IFCFACEOUTERBOUND(#2359,.T.);
#2361=IFCFACE((#2360));
#2362=IFCPOLYLOOP((#2184,#2183,#2221,#2222));
#2363=IFCFACEOUTERBOUND(#2362,.T.);
#2364=IFCFACE((#2363));
#2365=IFCPOLYLOOP((#2169,#2168,#2223));
#2366=IFCFACEOUTERBOUND(#2365,.T.);
#2367=IFCFACE((#2366));
#2368=IFCPOLYLOOP((#2206,#2223,#2205));
#2369=IFCFACEOUTERBOUND(#2368,.T.);
#2370=IFCFACE((#2369));
#2371=IFCPOLYLOOP((#2203,#2204,#2224));
#2372=IFCFACEOUTERBOUND(#2371,.T.);
#2373=IFCFACE((#2372));
#2374=IFCPOLYLOOP((#2166,#2165,#2243,#2224));
#2375=IFCFACEOUTERBOUND(#2374,.T.);
#2376=IFCFACE((#2375));
#2377=IFCPOLYLOOP((#2188,#2187,#2227,#2228));
#2378=IFCFACEOUTERBOUND(#2377,.T.);
#2379=IFCFACE((#2378));
#2380=IFCPOLYLOOP((#2225,#2226,#2186,#2185));
#2381=IFCFACEOUTERBOUND(#2380,.T.);
#2382=IFCFACE((#2381));
#2383=IFCPOLYLOOP((#2222,#2225,#2185,#2184));
#2384=IFCFACEOUTERBOUND(#2383,.T.);
#2385=IFCFACE((#2384));
#2386=IFCPOLYLOOP((#2186,#2226,#2227,#2187));
#2387=IFCFACEOUTERBOUND(#2386,.T.);
#2388=IFCFACE((#2387));
#2389=IFCPOLYLOOP((#2191,#2231,#2232,#2192));
#2390=IFCFACEOUTERBOUND(#2389,.T.);
#2391=IFCFACE((#2390));
#2392=IFCPOLYLOOP((#2191,#2190,#2230,#2231));
#2393=IFCFACEOUTERBOUND(#2392,.T.);
#2394=IFCFACE((#2393));
#2395=IFCPOLYLOOP((#2229,#2230,#2190,#2189));
#2396=IFCFACEOUTERBOUND(#2395,.T.);
#2397=IFCFACE((#2396));
#2398=IFCPOLYLOOP((#2188,#2228,#2229,#2189));
#2399=IFCFACEOUTERBOUND(#2398,.T.);
#2400=IFCFACE((#2399));
#2401=IFCPOLYLOOP((#2232,#2233,#2193,#2192));
#2402=IFCFACEOUTERBOUND(#2401,.T.);
#2403=IFCFACE((#2402));
#2404=IFCPOLYLOOP((#2243,#2165,#2202));
#2405=IFCFACEOUTERBOUND(#2404,.T.);
#2406=IFCFACE((#2405));
#2407=IFCPOLYLOOP((#2242,#2203,#2224,#2243));
#2408=IFCFACEOUTERBOUND(#2407,.T.);
#2409=IFCFACE((#2408));
#2410=IFCPOLYLOOP((#2244,#2239,#2240));
#2411=IFCFACEOUTERBOUND(#2410,.T.);
#2412=IFCFACE((#2411));
#2413=IFCPOLYLOOP((#2244,#2240,#2241));
#2414=IFCFACEOUTERBOUND(#2413,.T.);
#2415=IFCFACE((#2414));
#2416=IFCPOLYLOOP((#2233,#2234,#2194,#2193));
#2417=IFCFACEOUTERBOUND(#2416,.T.);
#2418=IFCFACE((#2417));
#2419=IFCPOLYLOOP((#2197,#2196,#2236,#2237));
#2420=IFCFACEOUTERBOUND(#2419,.T.);
#2421=IFCFACE((#2420));
#2422=IFCPOLYLOOP((#2195,#2194,#2234,#2235));
#2423=IFCFACEOUTERBOUND(#2422,.T.);
#2424=IFCFACE((#2423));
#2425=IFCPOLYLOOP((#2195,#2235,#2236,#2196));
#2426=IFCFACEOUTERBOUND(#2425,.T.);
#2427=IFCFACE((#2426));
#2428=IFCPOLYLOOP((#2244,#2198,#2197));
#2429=IFCFACEOUTERBOUND(#2428,.T.);
#2430=IFCFACE((#2429));
#2431=IFCPOLYLOOP((#2241,#2242,#2243));
#2432=IFCFACEOUTERBOUND(#2431,.T.);
#2433=IFCFACE((#2432));
#2434=IFCPOLYLOOP((#2244,#2243,#2201));
#2435=IFCFACEOUTERBOUND(#2434,.T.);
#2436=IFCFACE((#2435));
#2437=IFCPOLYLOOP((#2243,#2202,#2201));
#2438=IFCFACEOUTERBOUND(#2437,.T.);
#2439=IFCFACE((#2438));
#2440=IFCPOLYLOOP((#2198,#2244,#2199));
#2441=IFCFACEOUTERBOUND(#2440,.T.);
#2442=IFCFACE((#2441));
#2443=IFCPOLYLOOP((#2244,#2197,#2237));
#2444=IFCFACEOUTERBOUND(#2443,.T.);
#2445=IFCFACE((#2444));
#2446=IFCPOLYLOOP((#2244,#2200,#2199));
#2447=IFCFACEOUTERBOUND(#2446,.T.);
#2448=IFCFACE((#2447));
#2449=IFCPOLYLOOP((#2243,#2244,#2241));
#2450=IFCFACEOUTERBOUND(#2449,.T.);
#2451=IFCFACE((#2450));
#2452=IFCPOLYLOOP((#2239,#2244,#2238));
#2453=IFCFACEOUTERBOUND(#2452,.T.);
#2454=IFCFACE((#2453));
#2455=IFCPOLYLOOP((#2244,#2237,#2238));
#2456=IFCFACEOUTERBOUND(#2455,.T.);
#2457=IFCFACE((#2456));
#2458=IFCPOLYLOOP((#2200,#2244,#2201));
#2459=IFCFACEOUTERBOUND(#2458,.T.);
#2460=IFCFACE((#2459));
#2461=IFCPOLYLOOP((#2251,#2252,#2253,#2254,#2255,#2256,#2257,#2258,#2259,#2260,#2261,#2262,#2263,#2264,#2265,#2266,#2267,#2268,#2269,#2270,#2271,#2272,#2273,#2274,#2275,#2276,#2277,#2278,#2279,#2280,#2281,#2282,#2245,#2246,#2247,#2248,#2249,#2250));
#2462=IFCFACEOUTERBOUND(#2461,.T.);
#2463=IFCFACE((#2462));
#2464=IFCPOLYLOOP((#2205,#2204,#2283));
#2465=IFCFACEOUTERBOUND(#2464,.T.);
#2466=IFCFACE((#2465));
#2467=IFCPOLYLOOP((#2283,#2281,#2284));
#2468=IFCFACEOUTERBOUND(#2467,.T.);
#2469=IFCFACE((#2468));
#2470=IFCPOLYLOOP((#2205,#2284,#2206));
#2471=IFCFACEOUTERBOUND(#2470,.T.);
#2472=IFCFACE((#2471));
#2473=IFCPOLYLOOP((#2206,#2284,#2207));
#2474=IFCFACEOUTERBOUND(#2473,.T.);
#2475=IFCFACE((#2474));
#2476=IFCPOLYLOOP((#2285,#2208,#2284));
#2477=IFCFACEOUTERBOUND(#2476,.T.);
#2478=IFCFACE((#2477));
#2479=IFCPOLYLOOP((#2285,#2211,#2210));
#2480=IFCFACEOUTERBOUND(#2479,.T.);
#2481=IFCFACE((#2480));
#2482=IFCPOLYLOOP((#2210,#2209,#2285));
#2483=IFCFACEOUTERBOUND(#2482,.T.);
#2484=IFCFACE((#2483));
#2485=IFCPOLYLOOP((#2209,#2208,#2285));
#2486=IFCFACEOUTERBOUND(#2485,.T.);
#2487=IFCFACE((#2486));
#2488=IFCPOLYLOOP((#2212,#2285,#2213));
#2489=IFCFACEOUTERBOUND(#2488,.T.);
#2490=IFCFACE((#2489));
#2491=IFCPOLYLOOP((#2282,#2283,#2245));
#2492=IFCFACEOUTERBOUND(#2491,.T.);
#2493=IFCFACE((#2492));
#2494=IFCPOLYLOOP((#2204,#2203,#2286,#2283));
#2495=IFCFACEOUTERBOUND(#2494,.T.);
#2496=IFCFACE((#2495));
#2497=IFCPOLYLOOP((#2280,#2279,#2284));
#2498=IFCFACEOUTERBOUND(#2497,.T.);
#2499=IFCFACE((#2498));
#2500=IFCPOLYLOOP((#2283,#2282,#2281));
#2501=IFCFACEOUTERBOUND(#2500,.T.);
#2502=IFCFACE((#2501));
#2503=IFCPOLYLOOP((#2208,#2207,#2284));
#2504=IFCFACEOUTERBOUND(#2503,.T.);
#2505=IFCFACE((#2504));
#2506=IFCPOLYLOOP((#2279,#2278,#2284));
#2507=IFCFACEOUTERBOUND(#2506,.T.);
#2508=IFCFACE((#2507));
#2509=IFCPOLYLOOP((#2284,#2278,#2285));
#2510=IFCFACEOUTERBOUND(#2509,.T.);
#2511=IFCFACE((#2510));
#2512=IFCPOLYLOOP((#2285,#2278,#2277));
#2513=IFCFACEOUTERBOUND(#2512,.T.);
#2514=IFCFACE((#2513));
#2515=IFCPOLYLOOP((#2276,#2275,#2285));
#2516=IFCFACEOUTERBOUND(#2515,.T.);
#2517=IFCFACE((#2516));
#2518=IFCPOLYLOOP((#2274,#2285,#2275));
#2519=IFCFACEOUTERBOUND(#2518,.T.);
#2520=IFCFACE((#2519));
#2521=IFCPOLYLOOP((#2285,#2274,#2213));
#2522=IFCFACEOUTERBOUND(#2521,.T.);
#2523=IFCFACE((#2522));
#2524=IFCPOLYLOOP((#2273,#2272,#2214,#2213));
#2525=IFCFACEOUTERBOUND(#2524,.T.);
#2526=IFCFACE((#2525));
#2527=IFCPOLYLOOP((#2276,#2285,#2277));
#2528=IFCFACEOUTERBOUND(#2527,.T.);
#2529=IFCFACE((#2528));
#2530=IFCPOLYLOOP((#2270,#2269,#2217,#2216));
#2531=IFCFACEOUTERBOUND(#2530,.T.);
#2532=IFCFACE((#2531));
#2533=IFCPOLYLOOP((#2271,#2270,#2216,#2215));
#2534=IFCFACEOUTERBOUND(#2533,.T.);
#2535=IFCFACE((#2534));
#2536=IFCPOLYLOOP((#2272,#2271,#2215,#2214));
#2537=IFCFACEOUTERBOUND(#2536,.T.);
#2538=IFCFACE((#2537));
#2539=IFCPOLYLOOP((#2268,#2267,#2219,#2218));
#2540=IFCFACEOUTERBOUND(#2539,.T.);
#2541=IFCFACE((#2540));
#2542=IFCPOLYLOOP((#2280,#2284,#2281));
#2543=IFCFACEOUTERBOUND(#2542,.T.);
#2544=IFCFACE((#2543));
#2545=IFCPOLYLOOP((#2284,#2205,#2283));
#2546=IFCFACEOUTERBOUND(#2545,.T.);
#2547=IFCFACE((#2546));
#2548=IFCPOLYLOOP((#2265,#2264,#2222,#2221));
#2549=IFCFACEOUTERBOUND(#2548,.T.);
#2550=IFCFACE((#2549));
#2551=IFCPOLYLOOP((#2266,#2265,#2221,#2220));
#2552=IFCFACEOUTERBOUND(#2551,.T.);
#2553=IFCFACE((#2552));
#2554=IFCPOLYLOOP((#2212,#2211,#2285));
#2555=IFCFACEOUTERBOUND(#2554,.T.);
#2556=IFCFACE((#2555));
#2557=IFCPOLYLOOP((#2267,#2266,#2220,#2219));
#2558=IFCFACEOUTERBOUND(#2557,.T.);
#2559=IFCFACE((#2558));
#2560=IFCPOLYLOOP((#2269,#2268,#2218,#2217));
#2561=IFCFACEOUTERBOUND(#2560,.T.);
#2562=IFCFACE((#2561));
#2563=IFCPOLYLOOP((#2260,#2228,#2227,#2261));
#2564=IFCFACEOUTERBOUND(#2563,.T.);
#2565=IFCFACE((#2564));
#2566=IFCPOLYLOOP((#2250,#2287,#2251));
#2567=IFCFACEOUTERBOUND(#2566,.T.);
#2568=IFCFACE((#2567));
#2569=IFCPOLYLOOP((#2246,#2288,#2247));
#2570=IFCFACEOUTERBOUND(#2569,.T.);
#2571=IFCFACE((#2570));
#2572=IFCPOLYLOOP((#2286,#2203,#2242));
#2573=IFCFACEOUTERBOUND(#2572,.T.);
#2574=IFCFACE((#2573));
#2575=IFCPOLYLOOP((#2246,#2245,#2283,#2286));
#2576=IFCFACEOUTERBOUND(#2575,.T.);
#2577=IFCFACE((#2576));
#2578=IFCPOLYLOOP((#2262,#2226,#2225,#2263));
#2579=IFCFACEOUTERBOUND(#2578,.T.);
#2580=IFCFACE((#2579));
#2581=IFCPOLYLOOP((#2263,#2225,#2222,#2264));
#2582=IFCFACEOUTERBOUND(#2581,.T.);
#2583=IFCFACE((#2582));
#2584=IFCPOLYLOOP((#2226,#2262,#2261,#2227));
#2585=IFCFACEOUTERBOUND(#2584,.T.);
#2586=IFCFACE((#2585));
#2587=IFCPOLYLOOP((#2288,#2241,#2240));
#2588=IFCFACEOUTERBOUND(#2587,.T.);
#2589=IFCFACE((#2588));
#2590=IFCPOLYLOOP((#2232,#2289,#2233));
#2591=IFCFACEOUTERBOUND(#2590,.T.);
#2592=IFCFACE((#2591));
#2593=IFCPOLYLOOP((#2253,#2289,#2254));
#2594=IFCFACEOUTERBOUND(#2593,.T.);
#2595=IFCFACE((#2594));
#2596=IFCPOLYLOOP((#2242,#2241,#2288));
#2597=IFCFACEOUTERBOUND(#2596,.T.);
#2598=IFCFACE((#2597));
#2599=IFCPOLYLOOP((#2236,#2235,#2289));
#2600=IFCFACEOUTERBOUND(#2599,.T.);
#2601=IFCFACE((#2600));
#2602=IFCPOLYLOOP((#2257,#2231,#2230,#2258));
#2603=IFCFACEOUTERBOUND(#2602,.T.);
#2604=IFCFACE((#2603));
#2605=IFCPOLYLOOP((#2258,#2230,#2229,#2259));
#2606=IFCFACEOUTERBOUND(#2605,.T.);
#2607=IFCFACE((#2606));
#2608=IFCPOLYLOOP((#2231,#2257,#2256,#2232));
#2609=IFCFACEOUTERBOUND(#2608,.T.);
#2610=IFCFACE((#2609));
#2611=IFCPOLYLOOP((#2259,#2229,#2228,#2260));
#2612=IFCFACEOUTERBOUND(#2611,.T.);
#2613=IFCFACE((#2612));
#2614=IFCPOLYLOOP((#2232,#2256,#2255));
#2615=IFCFACEOUTERBOUND(#2614,.T.);
#2616=IFCFACE((#2615));
#2617=IFCPOLYLOOP((#2289,#2232,#2255));
#2618=IFCFACEOUTERBOUND(#2617,.T.);
#2619=IFCFACE((#2618));
#2620=IFCPOLYLOOP((#2287,#2237,#2236));
#2621=IFCFACEOUTERBOUND(#2620,.T.);
#2622=IFCFACE((#2621));
#2623=IFCPOLYLOOP((#2287,#2236,#2289));
#2624=IFCFACEOUTERBOUND(#2623,.T.);
#2625=IFCFACE((#2624));
#2626=IFCPOLYLOOP((#2235,#2234,#2289));
#2627=IFCFACEOUTERBOUND(#2626,.T.);
#2628=IFCFACE((#2627));
#2629=IFCPOLYLOOP((#2287,#2238,#2237));
#2630=IFCFACEOUTERBOUND(#2629,.T.);
#2631=IFCFACE((#2630));
#2632=IFCPOLYLOOP((#2286,#2242,#2288));
#2633=IFCFACEOUTERBOUND(#2632,.T.);
#2634=IFCFACE((#2633));
#2635=IFCPOLYLOOP((#2239,#2238,#2287));
#2636=IFCFACEOUTERBOUND(#2635,.T.);
#2637=IFCFACE((#2636));
#2638=IFCPOLYLOOP((#2288,#2239,#2287));
#2639=IFCFACEOUTERBOUND(#2638,.T.);
#2640=IFCFACE((#2639));
#2641=IFCPOLYLOOP((#2239,#2288,#2240));
#2642=IFCFACEOUTERBOUND(#2641,.T.);
#2643=IFCFACE((#2642));
#2644=IFCPOLYLOOP((#2289,#2255,#2254));
#2645=IFCFACEOUTERBOUND(#2644,.T.);
#2646=IFCFACE((#2645));
#2647=IFCPOLYLOOP((#2289,#2252,#2287));
#2648=IFCFACEOUTERBOUND(#2647,.T.);
#2649=IFCFACE((#2648));
#2650=IFCPOLYLOOP((#2253,#2252,#2289));
#2651=IFCFACEOUTERBOUND(#2650,.T.);
#2652=IFCFACE((#2651));
#2653=IFCPOLYLOOP((#2252,#2251,#2287));
#2654=IFCFACEOUTERBOUND(#2653,.T.);
#2655=IFCFACE((#2654));
#2656=IFCPOLYLOOP((#2287,#2250,#2249));
#2657=IFCFACEOUTERBOUND(#2656,.T.);
#2658=IFCFACE((#2657));
#2659=IFCPOLYLOOP((#2287,#2249,#2288));
#2660=IFCFACEOUTERBOUND(#2659,.T.);
#2661=IFCFACE((#2660));
#2662=IFCPOLYLOOP((#2288,#2248,#2247));
#2663=IFCFACEOUTERBOUND(#2662,.T.);
#2664=IFCFACE((#2663));
#2665=IFCPOLYLOOP((#2249,#2248,#2288));
#2666=IFCFACEOUTERBOUND(#2665,.T.);
#2667=IFCFACE((#2666));
#2668=IFCPOLYLOOP((#2246,#2286,#2288));
#2669=IFCFACEOUTERBOUND(#2668,.T.);
#2670=IFCFACE((#2669));
#2671=IFCPOLYLOOP((#2234,#2233,#2289));
#2672=IFCFACEOUTERBOUND(#2671,.T.);
#2673=IFCFACE((#2672));
#2674=IFCCARTESIANPOINT((0.21999999999999581,0.007986893534439243,1.0499999999999985));
#2675=IFCCARTESIANPOINT((0.21999999999999581,0.0082679501037133604,1.0482635182233293));
#2676=IFCCARTESIANPOINT((0.21999999999999584,0.0091025800498999235,1.0465797985667418));
#2677=IFCCARTESIANPOINT((0.21999999999999584,0.010465423564427282,1.0449999999999984));
#2678=IFCCARTESIANPOINT((0.21999999999999584,0.012315071336738587,1.043572123903133));
#2679=IFCCARTESIANPOINT((0.21999999999999584,0.014595322755239016,1.0423395555688082));
#2680=IFCCARTESIANPOINT((0.21999999999999587,0.017236893534440429,1.0413397459621536));
#2681=IFCCARTESIANPOINT((0.21999999999999587,0.020159520882916029,1.0406030737921388));
#2682=IFCCARTESIANPOINT((0.21999999999999587,0.023274402247603174,1.0401519224698756));
#2683=IFCCARTESIANPOINT((0.21999999999999587,0.026486893534441933,1.0399999999999976));
#2684=IFCCARTESIANPOINT((0.21999999999999587,0.029699384821280744,1.0401519224698754));
#2685=IFCCARTESIANPOINT((0.21999999999999587,0.032814266185967958,1.0406030737921383));
#2686=IFCCARTESIANPOINT((0.21999999999999587,0.035736893534443682,1.0413397459621527));
#2687=IFCCARTESIANPOINT((0.21999999999999584,0.038378464313645125,1.0423395555688073));
#2688=IFCCARTESIANPOINT((0.21999999999999584,0.040658715732145738,1.0435721239031315));
#2689=IFCCARTESIANPOINT((0.21999999999999584,0.04250836350445715,1.0449999999999968));
#2690=IFCCARTESIANPOINT((0.21999999999999584,0.04387120701898467,1.0465797985667402));
#2691=IFCCARTESIANPOINT((0.21999999999999581,0.044705836965171414,1.0482635182233275));
#2692=IFCCARTESIANPOINT((0.21999999999999581,0.044986893534445724,1.0499999999999969));
#2693=IFCCARTESIANPOINT((0.21999999999999581,0.044705836965171622,1.0517364817766661));
#2694=IFCCARTESIANPOINT((0.21999999999999581,0.043871207018984955,1.0534202014332534));
#2695=IFCCARTESIANPOINT((0.21999999999999581,0.042508363504457622,1.0549999999999968));
#2696=IFCCARTESIANPOINT((0.21999999999999581,0.040658715732146397,1.0564278760968624));
#2697=IFCCARTESIANPOINT((0.21999999999999581,0.038378464313645909,1.057660444431187));
#2698=IFCCARTESIANPOINT((0.21999999999999581,0.035736893534444543,1.0586602540378418));
#2699=IFCCARTESIANPOINT((0.21999999999999581,0.032814266185968867,1.0593969262078564));
#2700=IFCCARTESIANPOINT((0.21999999999999581,0.029699384821281705,1.0598480775301193));
#2701=IFCCARTESIANPOINT((0.21999999999999581,0.02648689353444296,1.0599999999999976));
#2702=IFCCARTESIANPOINT((0.21999999999999581,0.023274402247604197,1.0598480775301198));
#2703=IFCCARTESIANPOINT((0.21999999999999581,0.020159520882916993,1.0593969262078569));
#2704=IFCCARTESIANPOINT((0.21999999999999581,0.017236893534441227,1.0586602540378425));
#2705=IFCCARTESIANPOINT((0.21999999999999581,0.014595322755239807,1.0576604444311881));
#2706=IFCCARTESIANPOINT((0.21999999999999581,0.012315071336739255,1.0564278760968637));
#2707=IFCCARTESIANPOINT((0.21999999999999581,0.010465423564427891,1.0549999999999982));
#2708=IFCCARTESIANPOINT((0.21999999999999581,0.0091025800499002617,1.0534202014332552));
#2709=IFCCARTESIANPOINT((0.21999999999999581,0.008267950103713546,1.0517364817766679));
#2710=IFCCARTESIANPOINT((0.061499999999989521,0.0079868935344392517,1.0499999999999983));
#2711=IFCCARTESIANPOINT((0.061781056569263637,0.0082679501037133344,1.0482635182233289));
#2712=IFCCARTESIANPOINT((0.062615686515450367,0.0091025800499000675,1.0465797985667413));
#2713=IFCCARTESIANPOINT((0.063978530029977609,0.010465423564427274,1.0449999999999979));
#2714=IFCCARTESIANPOINT((0.065828177802288904,0.012315071336738766,1.0435721239031324));
#2715=IFCCARTESIANPOINT((0.068108429220789399,0.014595322755239063,1.042339555568808));
#2716=IFCCARTESIANPOINT((0.070749999999990792,0.017236893534440464,1.0413397459621532));
#2717=IFCCARTESIANPOINT((0.073672627348466344,0.020159520882915984,1.0406030737921383));
#2718=IFCCARTESIANPOINT((0.076787508713153499,0.023274402247603181,1.0401519224698754));
#2719=IFCCARTESIANPOINT((0.079999999999992272,0.02648689353444194,1.0399999999999974));
#2720=IFCCARTESIANPOINT((0.083212491286831058,0.029699384821280719,1.040151922469875));
#2721=IFCCARTESIANPOINT((0.086327372651518283,0.032814266185967916,1.0406030737921379));
#2722=IFCCARTESIANPOINT((0.089249999999993959,0.035736893534443682,1.0413397459621525));
#2723=IFCCARTESIANPOINT((0.091891570779195408,0.038378464313645118,1.0423395555688071));
#2724=IFCCARTESIANPOINT((0.094171822197695917,0.040658715732145745,1.0435721239031313));
#2725=IFCCARTESIANPOINT((0.096021469970007392,0.042508363504457178,1.0449999999999966));
#2726=IFCCARTESIANPOINT((0.097384313484534885,0.043871207018984622,1.0465797985667398));
#2727=IFCCARTESIANPOINT((0.098218943430721753,0.044705836965171421,1.0482635182233271));
#2728=IFCCARTESIANPOINT((0.098499999999996035,0.044986893534445731,1.0499999999999965));
#2729=IFCCARTESIANPOINT((0.14198926061464337,0.0097201997431702412,1.0457738170708739));
#2730=IFCCARTESIANPOINT((0.14537499940823728,0.015875729570744863,1.0418084795159284));
#2731=IFCCARTESIANPOINT((0.14839375412613398,0.021698741261586149,1.0403407417281934));
#2732=IFCCARTESIANPOINT((0.14074999999999269,0.0079868935344392517,1.0499999999999983));
#2733=IFCCARTESIANPOINT((0.09821894343072185,0.044705836965171587,1.0517364817766659));
#2734=IFCCARTESIANPOINT((0.097384313484535232,0.043871207018984941,1.0534202014332532));
#2735=IFCCARTESIANPOINT((0.096021469970007794,0.042508363504457511,1.0549999999999966));
#2736=IFCCARTESIANPOINT((0.094171822197696611,0.040658715732146335,1.0564278760968622));
#2737=IFCCARTESIANPOINT((0.091891570779196172,0.038378464313645909,1.0576604444311866));
#2738=IFCCARTESIANPOINT((0.08924999999999475,0.035736893534444501,1.0586602540378411));
#2739=IFCCARTESIANPOINT((0.08632737265151913,0.032814266185968846,1.059396926207856));
#2740=IFCCARTESIANPOINT((0.083212491286831974,0.029699384821281722,1.0598480775301191));
#2741=IFCCARTESIANPOINT((0.079999999999993215,0.026486893534442956,1.0599999999999972));
#2742=IFCCARTESIANPOINT((0.076787508713154443,0.02327440224760419,1.0598480775301193));
#2743=IFCCARTESIANPOINT((0.073672627348467204,0.020159520882917024,1.0593969262078564));
#2744=IFCCARTESIANPOINT((0.070749999999991514,0.01723689353444131,1.0586602540378418));
#2745=IFCCARTESIANPOINT((0.06810842922079012,0.014595322755239875,1.0576604444311875));
#2746=IFCCARTESIANPOINT((0.065828177802289431,0.012315071336739146,1.0564278760968633));
#2747=IFCCARTESIANPOINT((0.06397853002997804,0.010465423564427714,1.0549999999999979));
#2748=IFCCARTESIANPOINT((0.062615686515450644,0.0091025800499003814,1.0534202014332545));
#2749=IFCCARTESIANPOINT((0.061781056569263859,0.008267950103713546,1.0517364817766672));
#2750=IFCCARTESIANPOINT((0.14553282140933835,0.0079868935344392517,1.0499999999999983));
#2751=IFCCARTESIANPOINT((0.14291408891566668,0.011332580706003606,1.0557357643564913));
#2752=IFCCARTESIANPOINT((0.14683631369077399,0.018668455669159756,1.0590630778645471));
#2753=IFCCARTESIANPOINT((0.15000000001675126,0.024874512255993644,1.0599619469791359));
#2754=IFCCARTESIANPOINT((0.061499999999989521,0.065000000000008162,1.049999999999998));
#2755=IFCCARTESIANPOINT((0.061781056569263838,0.065000000000008162,1.0517364817766677));
#2756=IFCCARTESIANPOINT((0.062615686515450533,0.065000000000008162,1.0534202014332545));
#2757=IFCCARTESIANPOINT((0.063978530029978137,0.065000000000008162,1.0549999999999982));
#2758=IFCCARTESIANPOINT((0.065828177802289528,0.065000000000008162,1.0564278760968633));
#2759=IFCCARTESIANPOINT((0.068108429220790107,0.065000000000008162,1.0576604444311875));
#2760=IFCCARTESIANPOINT((0.070749999999991584,0.065000000000008162,1.0586602540378418));
#2761=IFCCARTESIANPOINT((0.073672627348467218,0.065000000000008162,1.0593969262078564));
#2762=IFCCARTESIANPOINT((0.076787508713154429,0.065000000000008162,1.0598480775301196));
#2763=IFCCARTESIANPOINT((0.079999999999993215,0.065000000000008162,1.0599999999999972));
#2764=IFCCARTESIANPOINT((0.083212491286831988,0.065000000000008162,1.0598480775301191));
#2765=IFCCARTESIANPOINT((0.086327372651519158,0.065000000000008162,1.059396926207856));
#2766=IFCCARTESIANPOINT((0.089249999999994806,0.065000000000008162,1.0586602540378414));
#2767=IFCCARTESIANPOINT((0.091891570779196186,0.065000000000008162,1.0576604444311866));
#2768=IFCCARTESIANPOINT((0.094171822197696542,0.065000000000008162,1.056427876096862));
#2769=IFCCARTESIANPOINT((0.096021469970007892,0.065000000000008162,1.0549999999999966));
#2770=IFCCARTESIANPOINT((0.09738431348453519,0.065000000000008162,1.0534202014332534));
#2771=IFCCARTESIANPOINT((0.098218943430721864,0.065000000000008162,1.0517364817766659));
#2772=IFCCARTESIANPOINT((0.098499999999996021,0.065000000000008162,1.0499999999999963));
#2773=IFCCARTESIANPOINT((0.098218943430721753,0.065000000000008162,1.0482635182233271));
#2774=IFCCARTESIANPOINT((0.097384313484534996,0.065000000000008162,1.04657979856674));
#2775=IFCCARTESIANPOINT((0.096021469970007461,0.065000000000008162,1.0449999999999964));
#2776=IFCCARTESIANPOINT((0.094171822197695973,0.065000000000008162,1.0435721239031313));
#2777=IFCCARTESIANPOINT((0.091891570779195381,0.065000000000008162,1.0423395555688069));
#2778=IFCCARTESIANPOINT((0.089249999999993918,0.065000000000008162,1.0413397459621525));
#2779=IFCCARTESIANPOINT((0.086327372651518228,0.065000000000008162,1.0406030737921377));
#2780=IFCCARTESIANPOINT((0.083212491286831045,0.065000000000008162,1.040151922469875));
#2781=IFCCARTESIANPOINT((0.079999999999992272,0.065000000000008162,1.0399999999999971));
#2782=IFCCARTESIANPOINT((0.076787508713153485,0.065000000000008162,1.0401519224698754));
#2783=IFCCARTESIANPOINT((0.073672627348466344,0.065000000000008162,1.0406030737921383));
#2784=IFCCARTESIANPOINT((0.070749999999990709,0.065000000000008162,1.0413397459621532));
#2785=IFCCARTESIANPOINT((0.068108429220789329,0.065000000000008162,1.042339555568808));
#2786=IFCCARTESIANPOINT((0.065828177802288904,0.065000000000008162,1.0435721239031324));
#2787=IFCCARTESIANPOINT((0.063978530029977568,0.065000000000008162,1.0449999999999979));
#2788=IFCCARTESIANPOINT((0.062615686515450297,0.065000000000008162,1.0465797985667413));
#2789=IFCCARTESIANPOINT((0.061781056569263658,0.065000000000008162,1.0482635182233289));
#2790=IFCCARTESIANPOINT((0.061499999999989528,0.036768711300675515,1.049999999999998));
#2791=IFCCARTESIANPOINT((0.063233306487527063,0.037732712863666779,1.0457738167476831));
#2792=IFCCARTESIANPOINT((0.061499999999989521,0.042091893994749927,1.0499999999999978));
#2793=IFCCARTESIANPOINT((0.063233305933057912,0.037732711786404798,1.0542261826095758));
#2794=IFCPOLYLOOP((#2681,#2682,#2683,#2684,#2685,#2686,#2687,#2688,#2689,#2690,#2691,#2692,#2693,#2694,#2695,#2696,#2697,#2698,#2699,#2700,#2701,#2702,#2703,#2704,#2705,#2706,#2707,#2708,#2709,#2674,#2675,#2676,#2677,#2678,#2679,#2680));
#2795=IFCFACEOUTERBOUND(#2794,.T.);
#2796=IFCFACE((#2795));
#2797=IFCPOLYLOOP((#2729,#2677,#2676));
#2798=IFCFACEOUTERBOUND(#2797,.T.);
#2799=IFCFACE((#2798));
#2800=IFCPOLYLOOP((#2679,#2678,#2730));
#2801=IFCFACEOUTERBOUND(#2800,.T.);
#2802=IFCFACE((#2801));
#2803=IFCPOLYLOOP((#2731,#2682,#2681));
#2804=IFCFACEOUTERBOUND(#2803,.T.);
#2805=IFCFACE((#2804));
#2806=IFCPOLYLOOP((#2680,#2679,#2730));
#2807=IFCFACEOUTERBOUND(#2806,.T.);
#2808=IFCFACE((#2807));
#2809=IFCPOLYLOOP((#2731,#2680,#2730));
#2810=IFCFACEOUTERBOUND(#2809,.T.);
#2811=IFCFACE((#2810));
#2812=IFCPOLYLOOP((#2730,#2678,#2729));
#2813=IFCFACEOUTERBOUND(#2812,.T.);
#2814=IFCFACE((#2813));
#2815=IFCPOLYLOOP((#2719,#2731,#2718));
#2816=IFCFACEOUTERBOUND(#2815,.T.);
#2817=IFCFACE((#2816));
#2818=IFCPOLYLOOP((#2676,#2675,#2729));
#2819=IFCFACEOUTERBOUND(#2818,.T.);
#2820=IFCFACE((#2819));
#2821=IFCPOLYLOOP((#2712,#2729,#2711));
#2822=IFCFACEOUTERBOUND(#2821,.T.);
#2823=IFCFACE((#2822));
#2824=IFCPOLYLOOP((#2675,#2732,#2729));
#2825=IFCFACEOUTERBOUND(#2824,.T.);
#2826=IFCFACE((#2825));
#2827=IFCPOLYLOOP((#2729,#2732,#2711));
#2828=IFCFACEOUTERBOUND(#2827,.T.);
#2829=IFCFACE((#2828));
#2830=IFCPOLYLOOP((#2715,#2730,#2714));
#2831=IFCFACEOUTERBOUND(#2830,.T.);
#2832=IFCFACE((#2831));
#2833=IFCPOLYLOOP((#2714,#2729,#2713));
#2834=IFCFACEOUTERBOUND(#2833,.T.);
#2835=IFCFACE((#2834));
#2836=IFCPOLYLOOP((#2714,#2730,#2729));
#2837=IFCFACEOUTERBOUND(#2836,.T.);
#2838=IFCFACE((#2837));
#2839=IFCPOLYLOOP((#2730,#2716,#2717));
#2840=IFCFACEOUTERBOUND(#2839,.T.);
#2841=IFCFACE((#2840));
#2842=IFCPOLYLOOP((#2731,#2730,#2717));
#2843=IFCFACEOUTERBOUND(#2842,.T.);
#2844=IFCFACE((#2843));
#2845=IFCPOLYLOOP((#2683,#2731,#2720));
#2846=IFCFACEOUTERBOUND(#2845,.T.);
#2847=IFCFACE((#2846));
#2848=IFCPOLYLOOP((#2686,#2685,#2721,#2722));
#2849=IFCFACEOUTERBOUND(#2848,.T.);
#2850=IFCFACE((#2849));
#2851=IFCPOLYLOOP((#2685,#2684,#2720,#2721));
#2852=IFCFACEOUTERBOUND(#2851,.T.);
#2853=IFCFACE((#2852));
#2854=IFCPOLYLOOP((#2687,#2686,#2722,#2723));
#2855=IFCFACEOUTERBOUND(#2854,.T.);
#2856=IFCFACE((#2855));
#2857=IFCPOLYLOOP((#2727,#2691,#2690,#2726));
#2858=IFCFACEOUTERBOUND(#2857,.T.);
#2859=IFCFACE((#2858));
#2860=IFCPOLYLOOP((#2689,#2688,#2724,#2725));
#2861=IFCFACEOUTERBOUND(#2860,.T.);
#2862=IFCFACE((#2861));
#2863=IFCPOLYLOOP((#2690,#2689,#2725,#2726));
#2864=IFCFACEOUTERBOUND(#2863,.T.);
#2865=IFCFACE((#2864));
#2866=IFCPOLYLOOP((#2724,#2688,#2687,#2723));
#2867=IFCFACEOUTERBOUND(#2866,.T.);
#2868=IFCFACE((#2867));
#2869=IFCPOLYLOOP((#2692,#2691,#2727,#2728));
#2870=IFCFACEOUTERBOUND(#2869,.T.);
#2871=IFCFACE((#2870));
#2872=IFCPOLYLOOP((#2717,#2718,#2731));
#2873=IFCFACEOUTERBOUND(#2872,.T.);
#2874=IFCFACE((#2873));
#2875=IFCPOLYLOOP((#2710,#2711,#2732));
#2876=IFCFACEOUTERBOUND(#2875,.T.);
#2877=IFCFACE((#2876));
#2878=IFCPOLYLOOP((#2675,#2674,#2750,#2732));
#2879=IFCFACEOUTERBOUND(#2878,.T.);
#2880=IFCFACE((#2879));
#2881=IFCPOLYLOOP((#2719,#2720,#2731));
#2882=IFCFACEOUTERBOUND(#2881,.T.);
#2883=IFCFACE((#2882));
#2884=IFCPOLYLOOP((#2683,#2682,#2731));
#2885=IFCFACEOUTERBOUND(#2884,.T.);
#2886=IFCFACE((#2885));
#2887=IFCPOLYLOOP((#2678,#2677,#2729));
#2888=IFCFACEOUTERBOUND(#2887,.T.);
#2889=IFCFACE((#2888));
#2890=IFCPOLYLOOP((#2713,#2729,#2712));
#2891=IFCFACEOUTERBOUND(#2890,.T.);
#2892=IFCFACE((#2891));
#2893=IFCPOLYLOOP((#2731,#2681,#2680));
#2894=IFCFACEOUTERBOUND(#2893,.T.);
#2895=IFCFACE((#2894));
#2896=IFCPOLYLOOP((#2716,#2730,#2715));
#2897=IFCFACEOUTERBOUND(#2896,.T.);
#2898=IFCFACE((#2897));
#2899=IFCPOLYLOOP((#2684,#2683,#2720));
#2900=IFCFACEOUTERBOUND(#2899,.T.);
#2901=IFCFACE((#2900));
#2902=IFCPOLYLOOP((#2734,#2735,#2695,#2694));
#2903=IFCFACEOUTERBOUND(#2902,.T.);
#2904=IFCFACE((#2903));
#2905=IFCPOLYLOOP((#2696,#2695,#2735,#2736));
#2906=IFCFACEOUTERBOUND(#2905,.T.);
#2907=IFCFACE((#2906));
#2908=IFCPOLYLOOP((#2739,#2700,#2699));
#2909=IFCFACEOUTERBOUND(#2908,.T.);
#2910=IFCFACE((#2909));
#2911=IFCPOLYLOOP((#2698,#2697,#2737,#2738));
#2912=IFCFACEOUTERBOUND(#2911,.T.);
#2913=IFCFACE((#2912));
#2914=IFCPOLYLOOP((#2699,#2698,#2738,#2739));
#2915=IFCFACEOUTERBOUND(#2914,.T.);
#2916=IFCFACE((#2915));
#2917=IFCPOLYLOOP((#2736,#2737,#2697,#2696));
#2918=IFCFACEOUTERBOUND(#2917,.T.);
#2919=IFCFACE((#2918));
#2920=IFCPOLYLOOP((#2753,#2701,#2700));
#2921=IFCFACEOUTERBOUND(#2920,.T.);
#2922=IFCFACE((#2921));
#2923=IFCPOLYLOOP((#2733,#2693,#2692,#2728));
#2924=IFCFACEOUTERBOUND(#2923,.T.);
#2925=IFCFACE((#2924));
#2926=IFCPOLYLOOP((#2751,#2748,#2750));
#2927=IFCFACEOUTERBOUND(#2926,.T.);
#2928=IFCFACE((#2927));
#2929=IFCPOLYLOOP((#2694,#2693,#2733,#2734));
#2930=IFCFACEOUTERBOUND(#2929,.T.);
#2931=IFCFACE((#2930));
#2932=IFCPOLYLOOP((#2750,#2674,#2709));
#2933=IFCFACEOUTERBOUND(#2932,.T.);
#2934=IFCFACE((#2933));
#2935=IFCPOLYLOOP((#2749,#2710,#2732,#2750));
#2936=IFCFACEOUTERBOUND(#2935,.T.);
#2937=IFCFACE((#2936));
#2938=IFCPOLYLOOP((#2751,#2746,#2747));
#2939=IFCFACEOUTERBOUND(#2938,.T.);
#2940=IFCFACE((#2939));
#2941=IFCPOLYLOOP((#2752,#2743,#2744));
#2942=IFCFACEOUTERBOUND(#2941,.T.);
#2943=IFCFACE((#2942));
#2944=IFCPOLYLOOP((#2752,#2753,#2742));
#2945=IFCFACEOUTERBOUND(#2944,.T.);
#2946=IFCFACE((#2945));
#2947=IFCPOLYLOOP((#2702,#2753,#2703));
#2948=IFCFACEOUTERBOUND(#2947,.T.);
#2949=IFCFACE((#2948));
#2950=IFCPOLYLOOP((#2705,#2704,#2752));
#2951=IFCFACEOUTERBOUND(#2950,.T.);
#2952=IFCFACE((#2951));
#2953=IFCPOLYLOOP((#2700,#2739,#2753));
#2954=IFCFACEOUTERBOUND(#2953,.T.);
#2955=IFCFACE((#2954));
#2956=IFCPOLYLOOP((#2740,#2753,#2739));
#2957=IFCFACEOUTERBOUND(#2956,.T.);
#2958=IFCFACE((#2957));
#2959=IFCPOLYLOOP((#2752,#2704,#2703));
#2960=IFCFACEOUTERBOUND(#2959,.T.);
#2961=IFCFACE((#2960));
#2962=IFCPOLYLOOP((#2753,#2752,#2703));
#2963=IFCFACEOUTERBOUND(#2962,.T.);
#2964=IFCFACE((#2963));
#2965=IFCPOLYLOOP((#2752,#2751,#2705));
#2966=IFCFACEOUTERBOUND(#2965,.T.);
#2967=IFCFACE((#2966));
#2968=IFCPOLYLOOP((#2748,#2749,#2750));
#2969=IFCFACEOUTERBOUND(#2968,.T.);
#2970=IFCFACE((#2969));
#2971=IFCPOLYLOOP((#2708,#2751,#2750));
#2972=IFCFACEOUTERBOUND(#2971,.T.);
#2973=IFCFACE((#2972));
#2974=IFCPOLYLOOP((#2750,#2709,#2708));
#2975=IFCFACEOUTERBOUND(#2974,.T.);
#2976=IFCFACE((#2975));
#2977=IFCPOLYLOOP((#2705,#2751,#2706));
#2978=IFCFACEOUTERBOUND(#2977,.T.);
#2979=IFCFACE((#2978));
#2980=IFCPOLYLOOP((#2753,#2741,#2742));
#2981=IFCFACEOUTERBOUND(#2980,.T.);
#2982=IFCFACE((#2981));
#2983=IFCPOLYLOOP((#2752,#2745,#2751));
#2984=IFCFACEOUTERBOUND(#2983,.T.);
#2985=IFCFACE((#2984));
#2986=IFCPOLYLOOP((#2752,#2742,#2743));
#2987=IFCFACEOUTERBOUND(#2986,.T.);
#2988=IFCFACE((#2987));
#2989=IFCPOLYLOOP((#2753,#2740,#2741));
#2990=IFCFACEOUTERBOUND(#2989,.T.);
#2991=IFCFACE((#2990));
#2992=IFCPOLYLOOP((#2751,#2707,#2706));
#2993=IFCFACEOUTERBOUND(#2992,.T.);
#2994=IFCFACE((#2993));
#2995=IFCPOLYLOOP((#2747,#2748,#2751));
#2996=IFCFACEOUTERBOUND(#2995,.T.);
#2997=IFCFACE((#2996));
#2998=IFCPOLYLOOP((#2746,#2751,#2745));
#2999=IFCFACEOUTERBOUND(#2998,.T.);
#3000=IFCFACE((#2999));
#3001=IFCPOLYLOOP((#2745,#2752,#2744));
#3002=IFCFACEOUTERBOUND(#3001,.T.);
#3003=IFCFACE((#3002));
#3004=IFCPOLYLOOP((#2707,#2751,#2708));
#3005=IFCFACEOUTERBOUND(#3004,.T.);
#3006=IFCFACE((#3005));
#3007=IFCPOLYLOOP((#2702,#2701,#2753));
#3008=IFCFACEOUTERBOUND(#3007,.T.);
#3009=IFCFACE((#3008));
#3010=IFCPOLYLOOP((#2761,#2762,#2763,#2764,#2765,#2766,#2767,#2768,#2769,#2770,#2771,#2772,#2773,#2774,#2775,#2776,#2777,#2778,#2779,#2780,#2781,#2782,#2783,#2784,#2785,#2786,#2787,#2788,#2789,#2754,#2755,#2756,#2757,#2758,#2759,#2760));
#3011=IFCFACEOUTERBOUND(#3010,.T.);
#3012=IFCFACE((#3011));
#3013=IFCPOLYLOOP((#2791,#2712,#2711));
#3014=IFCFACEOUTERBOUND(#3013,.T.);
#3015=IFCFACE((#3014));
#3016=IFCPOLYLOOP((#2791,#2713,#2712));
#3017=IFCFACEOUTERBOUND(#3016,.T.);
#3018=IFCFACE((#3017));
#3019=IFCPOLYLOOP((#2791,#2790,#2789));
#3020=IFCFACEOUTERBOUND(#3019,.T.);
#3021=IFCFACE((#3020));
#3022=IFCPOLYLOOP((#2786,#2715,#2791));
#3023=IFCFACEOUTERBOUND(#3022,.T.);
#3024=IFCFACE((#3023));
#3025=IFCPOLYLOOP((#2784,#2783,#2717,#2716));
#3026=IFCFACEOUTERBOUND(#3025,.T.);
#3027=IFCFACE((#3026));
#3028=IFCPOLYLOOP((#2715,#2785,#2784,#2716));
#3029=IFCFACEOUTERBOUND(#3028,.T.);
#3030=IFCFACE((#3029));
#3031=IFCPOLYLOOP((#2714,#2791,#2715));
#3032=IFCFACEOUTERBOUND(#3031,.T.);
#3033=IFCFACE((#3032));
#3034=IFCPOLYLOOP((#2718,#2717,#2783,#2782));
#3035=IFCFACEOUTERBOUND(#3034,.T.);
#3036=IFCFACE((#3035));
#3037=IFCPOLYLOOP((#2787,#2791,#2788));
#3038=IFCFACEOUTERBOUND(#3037,.T.);
#3039=IFCFACE((#3038));
#3040=IFCPOLYLOOP((#2791,#2789,#2788));
#3041=IFCFACEOUTERBOUND(#3040,.T.);
#3042=IFCFACE((#3041));
#3043=IFCPOLYLOOP((#2791,#2787,#2786));
#3044=IFCFACEOUTERBOUND(#3043,.T.);
#3045=IFCFACE((#3044));
#3046=IFCPOLYLOOP((#2789,#2790,#2792,#2754));
#3047=IFCFACEOUTERBOUND(#3046,.T.);
#3048=IFCFACE((#3047));
#3049=IFCPOLYLOOP((#2711,#2710,#2790));
#3050=IFCFACEOUTERBOUND(#3049,.T.);
#3051=IFCFACE((#3050));
#3052=IFCPOLYLOOP((#2715,#2786,#2785));
#3053=IFCFACEOUTERBOUND(#3052,.T.);
#3054=IFCFACE((#3053));
#3055=IFCPOLYLOOP((#2782,#2781,#2719,#2718));
#3056=IFCFACEOUTERBOUND(#3055,.T.);
#3057=IFCFACE((#3056));
#3058=IFCPOLYLOOP((#2780,#2779,#2721,#2720));
#3059=IFCFACEOUTERBOUND(#3058,.T.);
#3060=IFCFACE((#3059));
#3061=IFCPOLYLOOP((#2778,#2777,#2723,#2722));
#3062=IFCFACEOUTERBOUND(#3061,.T.);
#3063=IFCFACE((#3062));
#3064=IFCPOLYLOOP((#2779,#2778,#2722,#2721));
#3065=IFCFACEOUTERBOUND(#3064,.T.);
#3066=IFCFACE((#3065));
#3067=IFCPOLYLOOP((#2776,#2775,#2725,#2724));
#3068=IFCFACEOUTERBOUND(#3067,.T.);
#3069=IFCFACE((#3068));
#3070=IFCPOLYLOOP((#2713,#2791,#2714));
#3071=IFCFACEOUTERBOUND(#3070,.T.);
#3072=IFCFACE((#3071));
#3073=IFCPOLYLOOP((#2790,#2791,#2711));
#3074=IFCFACEOUTERBOUND(#3073,.T.);
#3075=IFCFACE((#3074));
#3076=IFCPOLYLOOP((#2773,#2772,#2728,#2727));
#3077=IFCFACEOUTERBOUND(#3076,.T.);
#3078=IFCFACE((#3077));
#3079=IFCPOLYLOOP((#2774,#2773,#2727,#2726));
#3080=IFCFACEOUTERBOUND(#3079,.T.);
#3081=IFCFACE((#3080));
#3082=IFCPOLYLOOP((#2775,#2774,#2726,#2725));
#3083=IFCFACEOUTERBOUND(#3082,.T.);
#3084=IFCFACE((#3083));
#3085=IFCPOLYLOOP((#2777,#2776,#2724,#2723));
#3086=IFCFACEOUTERBOUND(#3085,.T.);
#3087=IFCFACE((#3086));
#3088=IFCPOLYLOOP((#2780,#2720,#2719,#2781));
#3089=IFCFACEOUTERBOUND(#3088,.T.);
#3090=IFCFACE((#3089));
#3091=IFCPOLYLOOP((#2768,#2736,#2735,#2769));
#3092=IFCFACEOUTERBOUND(#3091,.T.);
#3093=IFCFACE((#3092));
#3094=IFCPOLYLOOP((#2749,#2748,#2793));
#3095=IFCFACEOUTERBOUND(#3094,.T.);
#3096=IFCFACE((#3095));
#3097=IFCPOLYLOOP((#2770,#2734,#2733,#2771));
#3098=IFCFACEOUTERBOUND(#3097,.T.);
#3099=IFCFACE((#3098));
#3100=IFCPOLYLOOP((#2749,#2792,#2790,#2710));
#3101=IFCFACEOUTERBOUND(#3100,.T.);
#3102=IFCFACE((#3101));
#3103=IFCPOLYLOOP((#2755,#2754,#2792));
#3104=IFCFACEOUTERBOUND(#3103,.T.);
#3105=IFCFACE((#3104));
#3106=IFCPOLYLOOP((#2734,#2770,#2769,#2735));
#3107=IFCFACEOUTERBOUND(#3106,.T.);
#3108=IFCFACE((#3107));
#3109=IFCPOLYLOOP((#2763,#2741,#2740,#2764));
#3110=IFCFACEOUTERBOUND(#3109,.T.);
#3111=IFCFACE((#3110));
#3112=IFCPOLYLOOP((#2765,#2739,#2738,#2766));
#3113=IFCFACEOUTERBOUND(#3112,.T.);
#3114=IFCFACE((#3113));
#3115=IFCPOLYLOOP((#2766,#2738,#2737,#2767));
#3116=IFCFACEOUTERBOUND(#3115,.T.);
#3117=IFCFACE((#3116));
#3118=IFCPOLYLOOP((#2739,#2765,#2764,#2740));
#3119=IFCFACEOUTERBOUND(#3118,.T.);
#3120=IFCFACE((#3119));
#3121=IFCPOLYLOOP((#2767,#2737,#2736,#2768));
#3122=IFCFACEOUTERBOUND(#3121,.T.);
#3123=IFCFACE((#3122));
#3124=IFCPOLYLOOP((#2772,#2771,#2733,#2728));
#3125=IFCFACEOUTERBOUND(#3124,.T.);
#3126=IFCFACE((#3125));
#3127=IFCPOLYLOOP((#2744,#2743,#2761,#2760));
#3128=IFCFACEOUTERBOUND(#3127,.T.);
#3129=IFCFACE((#3128));
#3130=IFCPOLYLOOP((#2742,#2762,#2761,#2743));
#3131=IFCFACEOUTERBOUND(#3130,.T.);
#3132=IFCFACE((#3131));
#3133=IFCPOLYLOOP((#2744,#2760,#2759,#2745));
#3134=IFCFACEOUTERBOUND(#3133,.T.);
#3135=IFCFACE((#3134));
#3136=IFCPOLYLOOP((#2792,#2749,#2793));
#3137=IFCFACEOUTERBOUND(#3136,.T.);
#3138=IFCFACE((#3137));
#3139=IFCPOLYLOOP((#2757,#2756,#2793));
#3140=IFCFACEOUTERBOUND(#3139,.T.);
#3141=IFCFACE((#3140));
#3142=IFCPOLYLOOP((#2793,#2748,#2747));
#3143=IFCFACEOUTERBOUND(#3142,.T.);
#3144=IFCFACE((#3143));
#3145=IFCPOLYLOOP((#2746,#2745,#2793));
#3146=IFCFACEOUTERBOUND(#3145,.T.);
#3147=IFCFACE((#3146));
#3148=IFCPOLYLOOP((#2793,#2756,#2755));
#3149=IFCFACEOUTERBOUND(#3148,.T.);
#3150=IFCFACE((#3149));
#3151=IFCPOLYLOOP((#2763,#2762,#2742,#2741));
#3152=IFCFACEOUTERBOUND(#3151,.T.);
#3153=IFCFACE((#3152));
#3154=IFCPOLYLOOP((#2759,#2758,#2745));
#3155=IFCFACEOUTERBOUND(#3154,.T.);
#3156=IFCFACE((#3155));
#3157=IFCPOLYLOOP((#2745,#2758,#2793));
#3158=IFCFACEOUTERBOUND(#3157,.T.);
#3159=IFCFACE((#3158));
#3160=IFCPOLYLOOP((#2747,#2746,#2793));
#3161=IFCFACEOUTERBOUND(#3160,.T.);
#3162=IFCFACE((#3161));
#3163=IFCPOLYLOOP((#2758,#2757,#2793));
#3164=IFCFACEOUTERBOUND(#3163,.T.);
#3165=IFCFACE((#3164));
#3166=IFCPOLYLOOP((#2755,#2792,#2793));
#3167=IFCFACEOUTERBOUND(#3166,.T.);
#3168=IFCFACE((#3167));
#3169=IFCCARTESIANPOINT((0.080000000000001723,0.14048960387765294,1.002093089662341));
#3170=IFCCARTESIANPOINT((0.083882285676539547,0.14048960387765294,1.0015819770566772));
#3171=IFCCARTESIANPOINT((0.087500000000001729,0.14048960387765294,1.0000834707191077));
#3172=IFCCARTESIANPOINT((0.090606601717799953,0.14048960387765294,0.99769969138013936));
#3173=IFCCARTESIANPOINT((0.092990381056768337,0.14048960387765294,0.99459308966234117));
#3174=IFCCARTESIANPOINT((0.094488887394337792,0.14048960387765294,0.99097537533887903));
#3175=IFCCARTESIANPOINT((0.095000000000001791,0.14048960387765294,0.98709308966234133));
#3176=IFCCARTESIANPOINT((0.094488887394337834,0.14048960387765294,0.98321080398580341));
#3177=IFCCARTESIANPOINT((0.092990381056768406,0.14048960387765294,0.97959308966234127));
#3178=IFCCARTESIANPOINT((0.09060660171780005,0.14048960387765294,0.97648648794454307));
#3179=IFCCARTESIANPOINT((0.087500000000001868,0.14048960387765294,0.97410270860557469));
#3180=IFCCARTESIANPOINT((0.083882285676539686,0.14048960387765294,0.97260420226800515));
#3181=IFCCARTESIANPOINT((0.080000000000001778,0.14048960387765294,0.9720930896623412));
#3182=IFCCARTESIANPOINT((0.076117714323463967,0.14048960387765294,0.97260420226800515));
#3183=IFCCARTESIANPOINT((0.072500000000001785,0.14048960387765294,0.97410270860557446));
#3184=IFCCARTESIANPOINT((0.069393398282203575,0.14048960387765294,0.97648648794454296));
#3185=IFCCARTESIANPOINT((0.067009618943235205,0.14048960387765294,0.97959308966234104));
#3186=IFCCARTESIANPOINT((0.06551111260566575,0.14048960387765294,0.98321080398580329));
#3187=IFCCARTESIANPOINT((0.065000000000001765,0.14048960387765294,0.98709308966234111));
#3188=IFCCARTESIANPOINT((0.065511112605665736,0.14048960387765294,0.99097537533887892));
#3189=IFCCARTESIANPOINT((0.067009618943235177,0.14048960387765294,0.99459308966234106));
#3190=IFCCARTESIANPOINT((0.069393398282203533,0.14048960387765294,0.99769969138013936));
#3191=IFCCARTESIANPOINT((0.072500000000001744,0.14048960387765294,1.0000834707191077));
#3192=IFCCARTESIANPOINT((0.076117714323463925,0.14048960387765294,1.0015819770566772));
#3193=IFCCARTESIANPOINT((0.080000000000001792,0.14048960387765294,0.99209308966234122));
#3194=IFCCARTESIANPOINT((0.078705904774489202,0.14048960387765294,0.99192271879378657));
#3195=IFCCARTESIANPOINT((0.07750000000000179,0.14048960387765294,0.99142321668126343));
#3196=IFCCARTESIANPOINT((0.076464466094069039,0.14048960387765294,0.99062862356827386));
#3197=IFCCARTESIANPOINT((0.075669872981079592,0.14048960387765294,0.98959308966234116));
#3198=IFCCARTESIANPOINT((0.075170370868556435,0.14048960387765294,0.98838718488785371));
#3199=IFCCARTESIANPOINT((0.07500000000000176,0.14048960387765294,0.98709308966234111));
#3200=IFCCARTESIANPOINT((0.075170370868556421,0.14048960387765294,0.98579899443682861));
#3201=IFCCARTESIANPOINT((0.075669872981079564,0.14048960387765294,0.98459308966234116));
#3202=IFCCARTESIANPOINT((0.076464466094069011,0.14048960387765294,0.98355755575640846));
#3203=IFCCARTESIANPOINT((0.077500000000001734,0.14048960387765294,0.98276296264341889));
#3204=IFCCARTESIANPOINT((0.078705904774489133,0.14048960387765294,0.98226346053089586));
#3205=IFCCARTESIANPOINT((0.080000000000001778,0.14048960387765294,0.9820930896623411));
#3206=IFCCARTESIANPOINT((0.081294095225514396,0.14048960387765294,0.98226346053089575));
#3207=IFCCARTESIANPOINT((0.08250000000000178,0.14048960387765294,0.98276296264341889));
#3208=IFCCARTESIANPOINT((0.083535533905934517,0.14048960387765294,0.98355755575640846));
#3209=IFCCARTESIANPOINT((0.084330127018923964,0.14048960387765294,0.98459308966234116));
#3210=IFCCARTESIANPOINT((0.084829629131447135,0.14048960387765294,0.98579899443682861));
#3211=IFCCARTESIANPOINT((0.085000000000001796,0.14048960387765294,0.98709308966234111));
#3212=IFCCARTESIANPOINT((0.084829629131447135,0.14048960387765294,0.98838718488785371));
#3213=IFCCARTESIANPOINT((0.084330127018923992,0.14048960387765294,0.98959308966234116));
#3214=IFCCARTESIANPOINT((0.083535533905934531,0.14048960387765294,0.99062862356827386));
#3215=IFCCARTESIANPOINT((0.08250000000000178,0.14048960387765294,0.99142321668126343));
#3216=IFCCARTESIANPOINT((0.081294095225514396,0.14048960387765294,0.99192271879378657));
#3217=IFCCARTESIANPOINT((0.08000000000000175,0.046486893534440972,1.002093089662341));
#3218=IFCCARTESIANPOINT((0.076117714323463925,0.046486893534440972,1.0015819770566772));
#3219=IFCCARTESIANPOINT((0.072500000000001744,0.046486893534440972,1.0000834707191077));
#3220=IFCCARTESIANPOINT((0.069393398282203533,0.046486893534440972,0.99769969138013936));
#3221=IFCCARTESIANPOINT((0.067009618943235177,0.046486893534440972,0.99459308966234106));
#3222=IFCCARTESIANPOINT((0.065511112605665736,0.046486893534440972,0.99097537533887892));
#3223=IFCCARTESIANPOINT((0.065000000000001765,0.046486893534440972,0.98709308966234111));
#3224=IFCCARTESIANPOINT((0.06551111260566575,0.046486893534440972,0.98321080398580329));
#3225=IFCCARTESIANPOINT((0.067009618943235205,0.046486893534440972,0.97959308966234104));
#3226=IFCCARTESIANPOINT((0.069393398282203575,0.046486893534440972,0.97648648794454296));
#3227=IFCCARTESIANPOINT((0.072500000000001785,0.046486893534440972,0.97410270860557446));
#3228=IFCCARTESIANPOINT((0.076117714323463967,0.046486893534440972,0.97260420226800515));
#3229=IFCCARTESIANPOINT((0.080000000000001861,0.046486893534440972,0.9720930896623412));
#3230=IFCCARTESIANPOINT((0.083882285676539686,0.046486893534440972,0.97260420226800515));
#3231=IFCCARTESIANPOINT((0.087500000000001868,0.046486893534440972,0.97410270860557469));
#3232=IFCCARTESIANPOINT((0.09060660171780005,0.046486893534440972,0.97648648794454307));
#3233=IFCCARTESIANPOINT((0.092990381056768406,0.046486893534440972,0.97959308966234127));
#3234=IFCCARTESIANPOINT((0.094488887394337834,0.046486893534440972,0.98321080398580341));
#3235=IFCCARTESIANPOINT((0.095000000000001791,0.046486893534440972,0.98709308966234133));
#3236=IFCCARTESIANPOINT((0.094488887394337792,0.046486893534440972,0.99097537533887903));
#3237=IFCCARTESIANPOINT((0.092990381056768337,0.046486893534440972,0.99459308966234117));
#3238=IFCCARTESIANPOINT((0.090606601717799953,0.046486893534440972,0.99769969138013936));
#3239=IFCCARTESIANPOINT((0.087500000000001729,0.046486893534440972,1.0000834707191077));
#3240=IFCCARTESIANPOINT((0.083882285676539547,0.046486893534440972,1.0015819770566772));
#3241=IFCCARTESIANPOINT((0.080000000000001792,0.046486893534440972,0.99209308966234122));
#3242=IFCCARTESIANPOINT((0.081294095225514396,0.046486893534440972,0.99192271879378657));
#3243=IFCCARTESIANPOINT((0.08250000000000178,0.046486893534440972,0.99142321668126343));
#3244=IFCCARTESIANPOINT((0.083535533905934531,0.046486893534440972,0.99062862356827386));
#3245=IFCCARTESIANPOINT((0.084330127018923992,0.046486893534440972,0.98959308966234116));
#3246=IFCCARTESIANPOINT((0.084829629131447135,0.046486893534440972,0.98838718488785371));
#3247=IFCCARTESIANPOINT((0.085000000000001796,0.046486893534440972,0.98709308966234111));
#3248=IFCCARTESIANPOINT((0.084829629131447135,0.046486893534440972,0.98579899443682861));
#3249=IFCCARTESIANPOINT((0.084330127018923964,0.046486893534440972,0.98459308966234116));
#3250=IFCCARTESIANPOINT((0.083535533905934517,0.046486893534440972,0.98355755575640846));
#3251=IFCCARTESIANPOINT((0.08250000000000178,0.046486893534440972,0.98276296264341889));
#3252=IFCCARTESIANPOINT((0.081294095225514396,0.046486893534440972,0.98226346053089575));
#3253=IFCCARTESIANPOINT((0.08000000000000175,0.046486893534440972,0.9820930896623411));
#3254=IFCCARTESIANPOINT((0.078705904774489133,0.046486893534440972,0.98226346053089586));
#3255=IFCCARTESIANPOINT((0.077500000000001734,0.046486893534440972,0.98276296264341889));
#3256=IFCCARTESIANPOINT((0.076464466094069011,0.046486893534440972,0.98355755575640846));
#3257=IFCCARTESIANPOINT((0.075669872981079564,0.046486893534440972,0.98459308966234116));
#3258=IFCCARTESIANPOINT((0.075170370868556421,0.046486893534440972,0.98579899443682861));
#3259=IFCCARTESIANPOINT((0.07500000000000176,0.046486893534440972,0.98709308966234111));
#3260=IFCCARTESIANPOINT((0.075170370868556435,0.046486893534440972,0.98838718488785371));
#3261=IFCCARTESIANPOINT((0.075669872981079592,0.046486893534440972,0.98959308966234116));
#3262=IFCCARTESIANPOINT((0.076464466094069039,0.046486893534440972,0.99062862356827386));
#3263=IFCCARTESIANPOINT((0.07750000000000179,0.046486893534440972,0.99142321668126343));
#3264=IFCCARTESIANPOINT((0.078705904774489202,0.046486893534440972,0.99192271879378657));
#3265=IFCPOLYLOOP((#3209,#3210,#3177));
#3266=IFCFACEOUTERBOUND(#3265,.T.);
#3267=IFCFACE((#3266));
#3268=IFCPOLYLOOP((#3178,#3209,#3177));
#3269=IFCFACEOUTERBOUND(#3268,.T.);
#3270=IFCFACE((#3269));
#3271=IFCPOLYLOOP((#3209,#3178,#3208));
#3272=IFCFACEOUTERBOUND(#3271,.T.);
#3273=IFCFACE((#3272));
#3274=IFCPOLYLOOP((#3210,#3176,#3177));
#3275=IFCFACEOUTERBOUND(#3274,.T.);
#3276=IFCFACE((#3275));
#3277=IFCPOLYLOOP((#3176,#3210,#3211));
#3278=IFCFACEOUTERBOUND(#3277,.T.);
#3279=IFCFACE((#3278));
#3280=IFCPOLYLOOP((#3176,#3211,#3175));
#3281=IFCFACEOUTERBOUND(#3280,.T.);
#3282=IFCFACE((#3281));
#3283=IFCPOLYLOOP((#3212,#3175,#3211));
#3284=IFCFACEOUTERBOUND(#3283,.T.);
#3285=IFCFACE((#3284));
#3286=IFCPOLYLOOP((#3175,#3212,#3174));
#3287=IFCFACEOUTERBOUND(#3286,.T.);
#3288=IFCFACE((#3287));
#3289=IFCPOLYLOOP((#3212,#3213,#3174));
#3290=IFCFACEOUTERBOUND(#3289,.T.);
#3291=IFCFACE((#3290));
#3292=IFCPOLYLOOP((#3173,#3174,#3213));
#3293=IFCFACEOUTERBOUND(#3292,.T.);
#3294=IFCFACE((#3293));
#3295=IFCPOLYLOOP((#3214,#3173,#3213));
#3296=IFCFACEOUTERBOUND(#3295,.T.);
#3297=IFCFACE((#3296));
#3298=IFCPOLYLOOP((#3173,#3214,#3172));
#3299=IFCFACEOUTERBOUND(#3298,.T.);
#3300=IFCFACE((#3299));
#3301=IFCPOLYLOOP((#3215,#3172,#3214));
#3302=IFCFACEOUTERBOUND(#3301,.T.);
#3303=IFCFACE((#3302));
#3304=IFCPOLYLOOP((#3171,#3172,#3215));
#3305=IFCFACEOUTERBOUND(#3304,.T.);
#3306=IFCFACE((#3305));
#3307=IFCPOLYLOOP((#3216,#3171,#3215));
#3308=IFCFACEOUTERBOUND(#3307,.T.);
#3309=IFCFACE((#3308));
#3310=IFCPOLYLOOP((#3170,#3171,#3216));
#3311=IFCFACEOUTERBOUND(#3310,.T.);
#3312=IFCFACE((#3311));
#3313=IFCPOLYLOOP((#3170,#3216,#3193));
#3314=IFCFACEOUTERBOUND(#3313,.T.);
#3315=IFCFACE((#3314));
#3316=IFCPOLYLOOP((#3170,#3193,#3169));
#3317=IFCFACEOUTERBOUND(#3316,.T.);
#3318=IFCFACE((#3317));
#3319=IFCPOLYLOOP((#3169,#3193,#3194));
#3320=IFCFACEOUTERBOUND(#3319,.T.);
#3321=IFCFACE((#3320));
#3322=IFCPOLYLOOP((#3169,#3194,#3192));
#3323=IFCFACEOUTERBOUND(#3322,.T.);
#3324=IFCFACE((#3323));
#3325=IFCPOLYLOOP((#3192,#3194,#3195));
#3326=IFCFACEOUTERBOUND(#3325,.T.);
#3327=IFCFACE((#3326));
#3328=IFCPOLYLOOP((#3192,#3195,#3191));
#3329=IFCFACEOUTERBOUND(#3328,.T.);
#3330=IFCFACE((#3329));
#3331=IFCPOLYLOOP((#3190,#3191,#3195));
#3332=IFCFACEOUTERBOUND(#3331,.T.);
#3333=IFCFACE((#3332));
#3334=IFCPOLYLOOP((#3190,#3195,#3196));
#3335=IFCFACEOUTERBOUND(#3334,.T.);
#3336=IFCFACE((#3335));
#3337=IFCPOLYLOOP((#3196,#3189,#3190));
#3338=IFCFACEOUTERBOUND(#3337,.T.);
#3339=IFCFACE((#3338));
#3340=IFCPOLYLOOP((#3196,#3197,#3189));
#3341=IFCFACEOUTERBOUND(#3340,.T.);
#3342=IFCFACE((#3341));
#3343=IFCPOLYLOOP((#3188,#3189,#3197));
#3344=IFCFACEOUTERBOUND(#3343,.T.);
#3345=IFCFACE((#3344));
#3346=IFCPOLYLOOP((#3198,#3188,#3197));
#3347=IFCFACEOUTERBOUND(#3346,.T.);
#3348=IFCFACE((#3347));
#3349=IFCPOLYLOOP((#3198,#3187,#3188));
#3350=IFCFACEOUTERBOUND(#3349,.T.);
#3351=IFCFACE((#3350));
#3352=IFCPOLYLOOP((#3187,#3198,#3199));
#3353=IFCFACEOUTERBOUND(#3352,.T.);
#3354=IFCFACE((#3353));
#3355=IFCPOLYLOOP((#3199,#3186,#3187));
#3356=IFCFACEOUTERBOUND(#3355,.T.);
#3357=IFCFACE((#3356));
#3358=IFCPOLYLOOP((#3200,#3186,#3199));
#3359=IFCFACEOUTERBOUND(#3358,.T.);
#3360=IFCFACE((#3359));
#3361=IFCPOLYLOOP((#3186,#3200,#3185));
#3362=IFCFACEOUTERBOUND(#3361,.T.);
#3363=IFCFACE((#3362));
#3364=IFCPOLYLOOP((#3201,#3185,#3200));
#3365=IFCFACEOUTERBOUND(#3364,.T.);
#3366=IFCFACE((#3365));
#3367=IFCPOLYLOOP((#3184,#3185,#3201));
#3368=IFCFACEOUTERBOUND(#3367,.T.);
#3369=IFCFACE((#3368));
#3370=IFCPOLYLOOP((#3184,#3201,#3202));
#3371=IFCFACEOUTERBOUND(#3370,.T.);
#3372=IFCFACE((#3371));
#3373=IFCPOLYLOOP((#3184,#3202,#3183));
#3374=IFCFACEOUTERBOUND(#3373,.T.);
#3375=IFCFACE((#3374));
#3376=IFCPOLYLOOP((#3183,#3202,#3203));
#3377=IFCFACEOUTERBOUND(#3376,.T.);
#3378=IFCFACE((#3377));
#3379=IFCPOLYLOOP((#3183,#3203,#3182));
#3380=IFCFACEOUTERBOUND(#3379,.T.);
#3381=IFCFACE((#3380));
#3382=IFCPOLYLOOP((#3204,#3182,#3203));
#3383=IFCFACEOUTERBOUND(#3382,.T.);
#3384=IFCFACE((#3383));
#3385=IFCPOLYLOOP((#3181,#3182,#3204));
#3386=IFCFACEOUTERBOUND(#3385,.T.);
#3387=IFCFACE((#3386));
#3388=IFCPOLYLOOP((#3204,#3205,#3181));
#3389=IFCFACEOUTERBOUND(#3388,.T.);
#3390=IFCFACE((#3389));
#3391=IFCPOLYLOOP((#3205,#3180,#3181));
#3392=IFCFACEOUTERBOUND(#3391,.T.);
#3393=IFCFACE((#3392));
#3394=IFCPOLYLOOP((#3180,#3205,#3206));
#3395=IFCFACEOUTERBOUND(#3394,.T.);
#3396=IFCFACE((#3395));
#3397=IFCPOLYLOOP((#3180,#3206,#3179));
#3398=IFCFACEOUTERBOUND(#3397,.T.);
#3399=IFCFACE((#3398));
#3400=IFCPOLYLOOP((#3206,#3207,#3179));
#3401=IFCFACEOUTERBOUND(#3400,.T.);
#3402=IFCFACE((#3401));
#3403=IFCPOLYLOOP((#3208,#3179,#3207));
#3404=IFCFACEOUTERBOUND(#3403,.T.);
#3405=IFCFACE((#3404));
#3406=IFCPOLYLOOP((#3178,#3179,#3208));
#3407=IFCFACEOUTERBOUND(#3406,.T.);
#3408=IFCFACE((#3407));
#3409=IFCPOLYLOOP((#3257,#3258,#3225));
#3410=IFCFACEOUTERBOUND(#3409,.T.);
#3411=IFCFACE((#3410));
#3412=IFCPOLYLOOP((#3226,#3257,#3225));
#3413=IFCFACEOUTERBOUND(#3412,.T.);
#3414=IFCFACE((#3413));
#3415=IFCPOLYLOOP((#3257,#3226,#3256));
#3416=IFCFACEOUTERBOUND(#3415,.T.);
#3417=IFCFACE((#3416));
#3418=IFCPOLYLOOP((#3258,#3224,#3225));
#3419=IFCFACEOUTERBOUND(#3418,.T.);
#3420=IFCFACE((#3419));
#3421=IFCPOLYLOOP((#3224,#3258,#3259));
#3422=IFCFACEOUTERBOUND(#3421,.T.);
#3423=IFCFACE((#3422));
#3424=IFCPOLYLOOP((#3224,#3259,#3223));
#3425=IFCFACEOUTERBOUND(#3424,.T.);
#3426=IFCFACE((#3425));
#3427=IFCPOLYLOOP((#3260,#3223,#3259));
#3428=IFCFACEOUTERBOUND(#3427,.T.);
#3429=IFCFACE((#3428));
#3430=IFCPOLYLOOP((#3223,#3260,#3222));
#3431=IFCFACEOUTERBOUND(#3430,.T.);
#3432=IFCFACE((#3431));
#3433=IFCPOLYLOOP((#3260,#3261,#3222));
#3434=IFCFACEOUTERBOUND(#3433,.T.);
#3435=IFCFACE((#3434));
#3436=IFCPOLYLOOP((#3221,#3222,#3261));
#3437=IFCFACEOUTERBOUND(#3436,.T.);
#3438=IFCFACE((#3437));
#3439=IFCPOLYLOOP((#3262,#3221,#3261));
#3440=IFCFACEOUTERBOUND(#3439,.T.);
#3441=IFCFACE((#3440));
#3442=IFCPOLYLOOP((#3221,#3262,#3220));
#3443=IFCFACEOUTERBOUND(#3442,.T.);
#3444=IFCFACE((#3443));
#3445=IFCPOLYLOOP((#3263,#3220,#3262));
#3446=IFCFACEOUTERBOUND(#3445,.T.);
#3447=IFCFACE((#3446));
#3448=IFCPOLYLOOP((#3219,#3220,#3263));
#3449=IFCFACEOUTERBOUND(#3448,.T.);
#3450=IFCFACE((#3449));
#3451=IFCPOLYLOOP((#3264,#3219,#3263));
#3452=IFCFACEOUTERBOUND(#3451,.T.);
#3453=IFCFACE((#3452));
#3454=IFCPOLYLOOP((#3218,#3219,#3264));
#3455=IFCFACEOUTERBOUND(#3454,.T.);
#3456=IFCFACE((#3455));
#3457=IFCPOLYLOOP((#3218,#3264,#3241));
#3458=IFCFACEOUTERBOUND(#3457,.T.);
#3459=IFCFACE((#3458));
#3460=IFCPOLYLOOP((#3218,#3241,#3217));
#3461=IFCFACEOUTERBOUND(#3460,.T.);
#3462=IFCFACE((#3461));
#3463=IFCPOLYLOOP((#3217,#3241,#3242));
#3464=IFCFACEOUTERBOUND(#3463,.T.);
#3465=IFCFACE((#3464));
#3466=IFCPOLYLOOP((#3217,#3242,#3240));
#3467=IFCFACEOUTERBOUND(#3466,.T.);
#3468=IFCFACE((#3467));
#3469=IFCPOLYLOOP((#3240,#3242,#3243));
#3470=IFCFACEOUTERBOUND(#3469,.T.);
#3471=IFCFACE((#3470));
#3472=IFCPOLYLOOP((#3240,#3243,#3239));
#3473=IFCFACEOUTERBOUND(#3472,.T.);
#3474=IFCFACE((#3473));
#3475=IFCPOLYLOOP((#3238,#3239,#3243));
#3476=IFCFACEOUTERBOUND(#3475,.T.);
#3477=IFCFACE((#3476));
#3478=IFCPOLYLOOP((#3238,#3243,#3244));
#3479=IFCFACEOUTERBOUND(#3478,.T.);
#3480=IFCFACE((#3479));
#3481=IFCPOLYLOOP((#3244,#3237,#3238));
#3482=IFCFACEOUTERBOUND(#3481,.T.);
#3483=IFCFACE((#3482));
#3484=IFCPOLYLOOP((#3244,#3245,#3237));
#3485=IFCFACEOUTERBOUND(#3484,.T.);
#3486=IFCFACE((#3485));
#3487=IFCPOLYLOOP((#3236,#3237,#3245));
#3488=IFCFACEOUTERBOUND(#3487,.T.);
#3489=IFCFACE((#3488));
#3490=IFCPOLYLOOP((#3246,#3236,#3245));
#3491=IFCFACEOUTERBOUND(#3490,.T.);
#3492=IFCFACE((#3491));
#3493=IFCPOLYLOOP((#3246,#3235,#3236));
#3494=IFCFACEOUTERBOUND(#3493,.T.);
#3495=IFCFACE((#3494));
#3496=IFCPOLYLOOP((#3235,#3246,#3247));
#3497=IFCFACEOUTERBOUND(#3496,.T.);
#3498=IFCFACE((#3497));
#3499=IFCPOLYLOOP((#3247,#3234,#3235));
#3500=IFCFACEOUTERBOUND(#3499,.T.);
#3501=IFCFACE((#3500));
#3502=IFCPOLYLOOP((#3248,#3234,#3247));
#3503=IFCFACEOUTERBOUND(#3502,.T.);
#3504=IFCFACE((#3503));
#3505=IFCPOLYLOOP((#3234,#3248,#3233));
#3506=IFCFACEOUTERBOUND(#3505,.T.);
#3507=IFCFACE((#3506));
#3508=IFCPOLYLOOP((#3249,#3233,#3248));
#3509=IFCFACEOUTERBOUND(#3508,.T.);
#3510=IFCFACE((#3509));
#3511=IFCPOLYLOOP((#3232,#3233,#3249));
#3512=IFCFACEOUTERBOUND(#3511,.T.);
#3513=IFCFACE((#3512));
#3514=IFCPOLYLOOP((#3232,#3249,#3250));
#3515=IFCFACEOUTERBOUND(#3514,.T.);
#3516=IFCFACE((#3515));
#3517=IFCPOLYLOOP((#3232,#3250,#3231));
#3518=IFCFACEOUTERBOUND(#3517,.T.);
#3519=IFCFACE((#3518));
#3520=IFCPOLYLOOP((#3231,#3250,#3251));
#3521=IFCFACEOUTERBOUND(#3520,.T.);
#3522=IFCFACE((#3521));
#3523=IFCPOLYLOOP((#3231,#3251,#3230));
#3524=IFCFACEOUTERBOUND(#3523,.T.);
#3525=IFCFACE((#3524));
#3526=IFCPOLYLOOP((#3252,#3230,#3251));
#3527=IFCFACEOUTERBOUND(#3526,.T.);
#3528=IFCFACE((#3527));
#3529=IFCPOLYLOOP((#3229,#3230,#3252));
#3530=IFCFACEOUTERBOUND(#3529,.T.);
#3531=IFCFACE((#3530));
#3532=IFCPOLYLOOP((#3252,#3253,#3229));
#3533=IFCFACEOUTERBOUND(#3532,.T.);
#3534=IFCFACE((#3533));
#3535=IFCPOLYLOOP((#3253,#3228,#3229));
#3536=IFCFACEOUTERBOUND(#3535,.T.);
#3537=IFCFACE((#3536));
#3538=IFCPOLYLOOP((#3228,#3253,#3254));
#3539=IFCFACEOUTERBOUND(#3538,.T.);
#3540=IFCFACE((#3539));
#3541=IFCPOLYLOOP((#3228,#3254,#3227));
#3542=IFCFACEOUTERBOUND(#3541,.T.);
#3543=IFCFACE((#3542));
#3544=IFCPOLYLOOP((#3254,#3255,#3227));
#3545=IFCFACEOUTERBOUND(#3544,.T.);
#3546=IFCFACE((#3545));
#3547=IFCPOLYLOOP((#3256,#3227,#3255));
#3548=IFCFACEOUTERBOUND(#3547,.T.);
#3549=IFCFACE((#3548));
#3550=IFCPOLYLOOP((#3226,#3227,#3256));
#3551=IFCFACEOUTERBOUND(#3550,.T.);
#3552=IFCFACE((#3551));
#3553=IFCPOLYLOOP((#3170,#3240,#3239,#3171));
#3554=IFCFACEOUTERBOUND(#3553,.T.);
#3555=IFCFACE((#3554));
#3556=IFCPOLYLOOP((#3238,#3172,#3171,#3239));
#3557=IFCFACEOUTERBOUND(#3556,.T.);
#3558=IFCFACE((#3557));
#3559=IFCPOLYLOOP((#3173,#3237,#3236,#3174));
#3560=IFCFACEOUTERBOUND(#3559,.T.);
#3561=IFCFACE((#3560));
#3562=IFCPOLYLOOP((#3238,#3237,#3173,#3172));
#3563=IFCFACEOUTERBOUND(#3562,.T.);
#3564=IFCFACE((#3563));
#3565=IFCPOLYLOOP((#3174,#3236,#3235,#3175));
#3566=IFCFACEOUTERBOUND(#3565,.T.);
#3567=IFCFACE((#3566));
#3568=IFCPOLYLOOP((#3240,#3170,#3169,#3217));
#3569=IFCFACEOUTERBOUND(#3568,.T.);
#3570=IFCFACE((#3569));
#3571=IFCPOLYLOOP((#3176,#3234,#3233,#3177));
#3572=IFCFACEOUTERBOUND(#3571,.T.);
#3573=IFCFACE((#3572));
#3574=IFCPOLYLOOP((#3232,#3178,#3177,#3233));
#3575=IFCFACEOUTERBOUND(#3574,.T.);
#3576=IFCFACE((#3575));
#3577=IFCPOLYLOOP((#3179,#3231,#3230,#3180));
#3578=IFCFACEOUTERBOUND(#3577,.T.);
#3579=IFCFACE((#3578));
#3580=IFCPOLYLOOP((#3232,#3231,#3179,#3178));
#3581=IFCFACEOUTERBOUND(#3580,.T.);
#3582=IFCFACE((#3581));
#3583=IFCPOLYLOOP((#3180,#3230,#3229,#3181));
#3584=IFCFACEOUTERBOUND(#3583,.T.);
#3585=IFCFACE((#3584));
#3586=IFCPOLYLOOP((#3234,#3176,#3175,#3235));
#3587=IFCFACEOUTERBOUND(#3586,.T.);
#3588=IFCFACE((#3587));
#3589=IFCPOLYLOOP((#3229,#3228,#3182,#3181));
#3590=IFCFACEOUTERBOUND(#3589,.T.);
#3591=IFCFACE((#3590));
#3592=IFCPOLYLOOP((#3185,#3225,#3224,#3186));
#3593=IFCFACEOUTERBOUND(#3592,.T.);
#3594=IFCFACE((#3593));
#3595=IFCPOLYLOOP((#3226,#3225,#3185,#3184));
#3596=IFCFACEOUTERBOUND(#3595,.T.);
#3597=IFCFACE((#3596));
#3598=IFCPOLYLOOP((#3186,#3224,#3223,#3187));
#3599=IFCFACEOUTERBOUND(#3598,.T.);
#3600=IFCFACE((#3599));
#3601=IFCPOLYLOOP((#3182,#3228,#3227,#3183));
#3602=IFCFACEOUTERBOUND(#3601,.T.);
#3603=IFCFACE((#3602));
#3604=IFCPOLYLOOP((#3227,#3226,#3184,#3183));
#3605=IFCFACEOUTERBOUND(#3604,.T.);
#3606=IFCFACE((#3605));
#3607=IFCPOLYLOOP((#3188,#3222,#3221,#3189));
#3608=IFCFACEOUTERBOUND(#3607,.T.);
#3609=IFCFACE((#3608));
#3610=IFCPOLYLOOP((#3220,#3190,#3189,#3221));
#3611=IFCFACEOUTERBOUND(#3610,.T.);
#3612=IFCFACE((#3611));
#3613=IFCPOLYLOOP((#3191,#3219,#3218,#3192));
#3614=IFCFACEOUTERBOUND(#3613,.T.);
#3615=IFCFACE((#3614));
#3616=IFCPOLYLOOP((#3220,#3219,#3191,#3190));
#3617=IFCFACEOUTERBOUND(#3616,.T.);
#3618=IFCFACE((#3617));
#3619=IFCPOLYLOOP((#3192,#3218,#3217,#3169));
#3620=IFCFACEOUTERBOUND(#3619,.T.);
#3621=IFCFACE((#3620));
#3622=IFCPOLYLOOP((#3222,#3188,#3187,#3223));
#3623=IFCFACEOUTERBOUND(#3622,.T.);
#3624=IFCFACE((#3623));
#3625=IFCPOLYLOOP((#3193,#3241,#3264,#3194));
#3626=IFCFACEOUTERBOUND(#3625,.T.);
#3627=IFCFACE((#3626));
#3628=IFCPOLYLOOP((#3194,#3264,#3263,#3195));
#3629=IFCFACEOUTERBOUND(#3628,.T.);
#3630=IFCFACE((#3629));
#3631=IFCPOLYLOOP((#3197,#3196,#3262,#3261));
#3632=IFCFACEOUTERBOUND(#3631,.T.);
#3633=IFCFACE((#3632));
#3634=IFCPOLYLOOP((#3262,#3196,#3195,#3263));
#3635=IFCFACEOUTERBOUND(#3634,.T.);
#3636=IFCFACE((#3635));
#3637=IFCPOLYLOOP((#3198,#3197,#3261,#3260));
#3638=IFCFACEOUTERBOUND(#3637,.T.);
#3639=IFCFACE((#3638));
#3640=IFCPOLYLOOP((#3198,#3260,#3259,#3199));
#3641=IFCFACEOUTERBOUND(#3640,.T.);
#3642=IFCFACE((#3641));
#3643=IFCPOLYLOOP((#3200,#3258,#3257,#3201));
#3644=IFCFACEOUTERBOUND(#3643,.T.);
#3645=IFCFACE((#3644));
#3646=IFCPOLYLOOP((#3201,#3257,#3256,#3202));
#3647=IFCFACEOUTERBOUND(#3646,.T.);
#3648=IFCFACE((#3647));
#3649=IFCPOLYLOOP((#3203,#3255,#3254,#3204));
#3650=IFCFACEOUTERBOUND(#3649,.T.);
#3651=IFCFACE((#3650));
#3652=IFCPOLYLOOP((#3256,#3255,#3203,#3202));
#3653=IFCFACEOUTERBOUND(#3652,.T.);
#3654=IFCFACE((#3653));
#3655=IFCPOLYLOOP((#3205,#3204,#3254,#3253));
#3656=IFCFACEOUTERBOUND(#3655,.T.);
#3657=IFCFACE((#3656));
#3658=IFCPOLYLOOP((#3199,#3259,#3258,#3200));
#3659=IFCFACEOUTERBOUND(#3658,.T.);
#3660=IFCFACE((#3659));
#3661=IFCPOLYLOOP((#3205,#3253,#3252,#3206));
#3662=IFCFACEOUTERBOUND(#3661,.T.);
#3663=IFCFACE((#3662));
#3664=IFCPOLYLOOP((#3206,#3252,#3251,#3207));
#3665=IFCFACEOUTERBOUND(#3664,.T.);
#3666=IFCFACE((#3665));
#3667=IFCPOLYLOOP((#3209,#3208,#3250,#3249));
#3668=IFCFACEOUTERBOUND(#3667,.T.);
#3669=IFCFACE((#3668));
#3670=IFCPOLYLOOP((#3250,#3208,#3207,#3251));
#3671=IFCFACEOUTERBOUND(#3670,.T.);
#3672=IFCFACE((#3671));
#3673=IFCPOLYLOOP((#3210,#3209,#3249,#3248));
#3674=IFCFACEOUTERBOUND(#3673,.T.);
#3675=IFCFACE((#3674));
#3676=IFCPOLYLOOP((#3210,#3248,#3247,#3211));
#3677=IFCFACEOUTERBOUND(#3676,.T.);
#3678=IFCFACE((#3677));
#3679=IFCPOLYLOOP((#3212,#3211,#3247,#3246));
#3680=IFCFACEOUTERBOUND(#3679,.T.);
#3681=IFCFACE((#3680));
#3682=IFCPOLYLOOP((#3212,#3246,#3245,#3213));
#3683=IFCFACEOUTERBOUND(#3682,.T.);
#3684=IFCFACE((#3683));
#3685=IFCPOLYLOOP((#3215,#3214,#3244,#3243));
#3686=IFCFACEOUTERBOUND(#3685,.T.);
#3687=IFCFACE((#3686));
#3688=IFCPOLYLOOP((#3245,#3244,#3214,#3213));
#3689=IFCFACEOUTERBOUND(#3688,.T.);
#3690=IFCFACE((#3689));
#3691=IFCPOLYLOOP((#3216,#3215,#3243,#3242));
#3692=IFCFACEOUTERBOUND(#3691,.T.);
#3693=IFCFACE((#3692));
#3694=IFCPOLYLOOP((#3193,#3216,#3242,#3241));
#3695=IFCFACEOUTERBOUND(#3694,.T.);
#3696=IFCFACE((#3695));
#3697=IFCCLOSEDSHELL((#1968,#1973,#1981,#1985,#1992,#1995,#1998,#2001,#2004,#2007));
#3698=IFCFACETEDBREP(#3697);
#3699=IFCSTYLEDITEM(#3698,(#1910),$);
#3700=IFCCLOSEDSHELL((#2014,#2023,#2027,#2035,#2038,#2041,#2044,#2047,#2050,#2053));
#3701=IFCFACETEDBREP(#3700);
#3702=IFCSTYLEDITEM(#3701,(#1910),$);
#3703=IFCCLOSEDSHELL((#2062,#2070,#2074,#2082,#2086,#2094,#2097,#2100,#2103,#2106,#2109,#2112,#2115,#2118));
#3704=IFCFACETEDBREP(#3703);
#3705=IFCSTYLEDITEM(#3704,(#1910),$);
#3706=IFCCLOSEDSHELL((#2129,#2140,#2143,#2146,#2149,#2152,#2155,#2158,#2161,#2164));
#3707=IFCFACETEDBREP(#3706);
#3708=IFCSTYLEDITEM(#3707,(#1910),$);
#3709=IFCCLOSEDSHELL((#2292,#2295,#2298,#2301,#2304,#2307,#2310,#2313,#2316,#2319,#2322,#2325,#2328,#2331,#2334,#2337,#2340,#2343,#2346,#2349,#2352,#2355,#2358,#2361,#2364,#2367,#2370,#2373,#2376,#2379,#2382,#2385,#2388,#2391,#2394,#2397,#2400,#2403,#2406,#2409,#2412,#2415,#2418,#2421,#2424,#2427,#2430,#2433,#2436,#2439,#2442,#2445,#2448,#2451,#2454,#2457,#2460,#2463,#2466,#2469,#2472,#2475,#2478,#2481,#2484,#2487,#2490,#2493,#2496,#2499,#2502,#2505,#2508,#2511,#2514,#2517,#2520,#2523,#2526,#2529,#2532,#2535,#2538,#2541,#2544,#2547,#2550,#2553,#2556,#2559,#2562,#2565,#2568,#2571,#2574,#2577,#2580,#2583,#2586,#2589,#2592,#2595,#2598,#2601,#2604,#2607,#2610,#2613,#2616,#2619,#2622,#2625,#2628,#2631,#2634,#2637,#2640,#2643,#2646,#2649,#2652,#2655,#2658,#2661,#2664,#2667,#2670,#2673));
#3710=IFCFACETEDBREP(#3709);
#3711=IFCSTYLEDITEM(#3710,(#1910),$);
#3712=IFCCLOSEDSHELL((#2796,#2799,#2802,#2805,#2808,#2811,#2814,#2817,#2820,#2823,#2826,#2829,#2832,#2835,#2838,#2841,#2844,#2847,#2850,#2853,#2856,#2859,#2862,#2865,#2868,#2871,#2874,#2877,#2880,#2883,#2886,#2889,#2892,#2895,#2898,#2901,#2904,#2907,#2910,#2913,#2916,#2919,#2922,#2925,#2928,#2931,#2934,#2937,#2940,#2943,#2946,#2949,#2952,#2955,#2958,#2961,#2964,#2967,#2970,#2973,#2976,#2979,#2982,#2985,#2988,#2991,#2994,#2997,#3000,#3003,#3006,#3009,#3012,#3015,#3018,#3021,#3024,#3027,#3030,#3033,#3036,#3039,#3042,#3045,#3048,#3051,#3054,#3057,#3060,#3063,#3066,#3069,#3072,#3075,#3078,#3081,#3084,#3087,#3090,#3093,#3096,#3099,#3102,#3105,#3108,#3111,#3114,#3117,#3120,#3123,#3126,#3129,#3132,#3135,#3138,#3141,#3144,#3147,#3150,#3153,#3156,#3159,#3162,#3165,#3168));
#3713=IFCFACETEDBREP(#3712);
#3714=IFCSTYLEDITEM(#3713,(#1910),$);
#3715=IFCCLOSEDSHELL((#3267,#3270,#3273,#3276,#3279,#3282,#3285,#3288,#3291,#3294,#3297,#3300,#3303,#3306,#3309,#3312,#3315,#3318,#3321,#3324,#3327,#3330,#3333,#3336,#3339,#3342,#3345,#3348,#3351,#3354,#3357,#3360,#3363,#3366,#3369,#3372,#3375,#3378,#3381,#3384,#3387,#3390,#3393,#3396,#3399,#3402,#3405,#3408,#3411,#3414,#3417,#3420,#3423,#3426,#3429,#3432,#3435,#3438,#3441,#3444,#3447,#3450,#3453,#3456,#3459,#3462,#3465,#3468,#3471,#3474,#3477,#3480,#3483,#3486,#3489,#3492,#3495,#3498,#3501,#3504,#3507,#3510,#3513,#3516,#3519,#3522,#3525,#3528,#3531,#3534,#3537,#3540,#3543,#3546,#3549,#3552,#3555,#3558,#3561,#3564,#3567,#3570,#3573,#3576,#3579,#3582,#3585,#3588,#3591,#3594,#3597,#3600,#3603,#3606,#3609,#3612,#3615,#3618,#3621,#3624,#3627,#3630,#3633,#3636,#3639,#3642,#3645,#3648,#3651,#3654,#3657,#3660,#3663,#3666,#3669,#3672,#3675,#3678,#3681,#3684,#3687,#3690,#3693,#3696));
#3716=IFCFACETEDBREP(#3715);
#3717=IFCSTYLEDITEM(#3716,(#1910),$);
#3718=IFCSHAPEREPRESENTATION(#24,'Body','Brep',(#3698,#3701,#3704,#3707,#3710,#3713,#3716));
#3719=IFCAXIS2PLACEMENT3D(#3,$,$);
#3720=IFCREPRESENTATIONMAP(#3719,#3718);
#3721=IFCDOORLININGPROPERTIES('0aRLSEK1r1S9fVxHEcp$2R',#18,'Puerta de 1 hoja:80 x 210 cm:165949',$,$,$,$,$,$,$,$,$,$,$,$);
#3722=IFCDOORPANELPROPERTIES('0aRLSEK1r1S9fVxH2cp$2R',#18,'Puerta de 1 hoja:80 x 210 cm:165949:1',$,$,.NOTDEFINED.,$,.NOTDEFINED.,$);
#3723=IFCDOORSTYLE('1q504KXSyFq6XxpkKtK3gN',#18,'Puerta de 1 hoja:80 x 210 cm',$,$,(#3721,#3722,#3737),(#3720),'13015',.NOTDEFINED.,.NOTDEFINED.,.F.,.F.);
#3724=IFCMAPPEDITEM(#3720,#1941);
#3725=IFCSHAPEREPRESENTATION(#24,'Body','MappedRepresentation',(#3724));
#3726=IFCPRODUCTDEFINITIONSHAPE($,$,(#3725));
#3727=IFCCARTESIANPOINT((-1.2651162465885817,-2.817581849551551,0.));
#3728=IFCDIRECTION((-0.99452189536827307,0.10452846326765637,0.));
#3729=IFCAXIS2PLACEMENT3D(#3727,#9,#3728);
#3731=IFCDOOR('0aRLSEK1r1S9fVxHAcp$2R',#18,'Puerta de 1 hoja:80 x 210 cm:165949',$,'Puerta de 1 hoja:80 x 210 cm',#8970,#3726,'165949',2.0999999999999832,0.80000000000000016);
#3732=IFCPROPERTYSET('0M5Sgc9SaKwaGLM9vt2I_R',#18,'Pset_DoorCommon',$,(#86,#1949));
#3733=IFCPROPERTYSET('1xafDBy8SlTDBHeZxfUv6s',#18,'Pset_QuantityTakeOff',$,(#1949));
#3734=IFCRELDEFINESBYPROPERTIES('3CixPaR9WJ4aCRCnp6D2g$',#18,$,$,(#3731),#3732);
#3735=IFCRELDEFINESBYPROPERTIES('2jZA$7QK_uM_tO80IDQDvi',#18,$,$,(#3731),#3733);
#3736=IFCPROPERTYSINGLEVALUE('ThermalTransmittance',$,IFCTHERMALTRANSMITTANCEMEASURE(3.7021000000000002),$);
#3737=IFCPROPERTYSET('1vmL1ogZx2hlsNFe2wvxc5',#18,'Pset_DoorCommon',$,(#3736));
#3738=IFCCARTESIANPOINT((6.6613381477509392E-016,0.));
#3739=IFCAXIS2PLACEMENT2D(#3738,#11);
#3740=IFCRECTANGLEPROFILEDEF(.AREA.,'80 x 230 cm',#3739,0.79999999999999827,0.055999999999999585);
#3741=IFCCARTESIANPOINT((0.39999999999999342,0.10200000000000026,0.));
#3742=IFCAXIS2PLACEMENT3D(#3741,$,$);
#3743=IFCEXTRUDEDAREASOLID(#3740,#3742,#9,0.029999999999999947);
#3744=IFCSIUNIT(*,.PLANEANGLEUNIT.,$,.RADIAN.);
#3745=IFCDIMENSIONALEXPONENTS(0,0,0,0,0,0,0);
#3746=IFCMEASUREWITHUNIT(IFCPLANEANGLEMEASURE(0.017453292519943278),#3744);
#3747=IFCCONVERSIONBASEDUNIT(#3745,.PLANEANGLEUNIT.,'DEGREE',#3746);
#3748=IFCCARTESIANPOINT((0.,8.3266726846886741E-017));
#3749=IFCAXIS2PLACEMENT2D(#3748,#11);
#3750=IFCRECTANGLEPROFILEDEF(.AREA.,'80 x 230 cm',#3749,0.019999999999999987,0.59999999999997233);
#3751=IFCCARTESIANPOINT((1.1999999999999786,0.11000000000000007,0.10000000000000001));
#3752=IFCAXIS2PLACEMENT3D(#3751,#9,#7);
#3753=IFCEXTRUDEDAREASOLID(#3750,#3752,#9,2.0999999999999988);
#3754=IFCCARTESIANPOINT((-1.1500000000000001,-0.39999999999999908));
#3755=IFCCARTESIANPOINT((1.1500000000000006,-0.39999999999999908));
#3756=IFCCARTESIANPOINT((1.1500000000000001,0.39999999999999908));
#3757=IFCCARTESIANPOINT((-1.1500000000000006,0.39999999999999908));
#3758=IFCPOLYLINE((#3754,#3755,#3756,#3757,#3754));
#3759=IFCCARTESIANPOINT((-1.0499999999999992,0.30000000000000204));
#3760=IFCCARTESIANPOINT((1.0500000000000009,0.30000000000000204));
#3761=IFCCARTESIANPOINT((1.0500000000000014,-0.3000000000000313));
#3762=IFCCARTESIANPOINT((-1.0499999999999989,-0.3000000000000313));
#3763=IFCPOLYLINE((#3759,#3760,#3761,#3762,#3759));
#3764=IFCARBITRARYPROFILEDEFWITHVOIDS(.AREA.,'80 x 230 cm',#3758,(#3763));
#3765=IFCCARTESIANPOINT((1.1999999999999937,0.10000000000000007,1.1500000000000001));
#3766=IFCAXIS2PLACEMENT3D(#3765,#7,#10);
#3767=IFCEXTRUDEDAREASOLID(#3764,#3766,#9,0.040000000000000008);
#3768=IFCCARTESIANPOINT((-1.0949999999999998,-0.3500000000000052));
#3769=IFCCARTESIANPOINT((1.0949999999999998,-0.3500000000000052));
#3770=IFCCARTESIANPOINT((1.0949999999999998,0.3500000000000052));
#3771=IFCCARTESIANPOINT((-1.0949999999999998,0.3500000000000052));
#3772=IFCPOLYLINE((#3768,#3769,#3770,#3771,#3768));
#3773=IFCCARTESIANPOINT((-1.0449999999999997,-0.30000000000000515));
#3774=IFCCARTESIANPOINT((-1.0449999999999997,0.30000000000000515));
#3775=IFCCARTESIANPOINT((1.0449999999999997,0.30000000000000515));
#3776=IFCCARTESIANPOINT((1.0449999999999997,-0.30000000000000515));
#3777=IFCPOLYLINE((#3773,#3774,#3775,#3776,#3773));
#3778=IFCARBITRARYPROFILEDEFWITHVOIDS(.AREA.,'80 x 230 cm',#3772,(#3777));
#3779=IFCCARTESIANPOINT((0.39999999999999153,0.02399999999999998,1.1550000000000002));
#3780=IFCAXIS2PLACEMENT3D(#3779,#7,#10);
#3781=IFCEXTRUDEDAREASOLID(#3778,#3780,#9,0.050000000000000003);
#3782=IFCCARTESIANPOINT((-0.39999999999999825,-1.1500000000000001));
#3783=IFCCARTESIANPOINT((0.39999999999999825,-1.1500000000000001));
#3784=IFCCARTESIANPOINT((0.39999999999999825,1.1500000000000001));
#3785=IFCCARTESIANPOINT((-0.39999999999999825,1.1500000000000001));
#3786=IFCPOLYLINE((#3782,#3783,#3784,#3785,#3782));
#3787=IFCCARTESIANPOINT((-0.34999999999997294,-1.0999999999999999));
#3788=IFCCARTESIANPOINT((-0.34999999999997294,1.0899999999999999));
#3789=IFCCARTESIANPOINT((0.34999999999999909,1.0899999999999999));
#3790=IFCCARTESIANPOINT((0.34999999999999909,-1.0999999999999999));
#3791=IFCPOLYLINE((#3787,#3788,#3789,#3790,#3787));
#3792=IFCARBITRARYPROFILEDEFWITHVOIDS(.AREA.,'80 x 230 cm',#3786,(#3791));
#3793=IFCCARTESIANPOINT((0.39999999999999747,0.023999999999999983,1.1500000000000001));
#3794=IFCAXIS2PLACEMENT3D(#3793,#7,#5);
#3795=IFCEXTRUDEDAREASOLID(#3792,#3794,#9,0.050000000000000003);
#3796=IFCCARTESIANPOINT((0.,0.));
#3797=IFCAXIS2PLACEMENT2D(#3796,#11);
#3798=IFCRECTANGLEPROFILEDEF(.AREA.,'80 x 230 cm',#3797,0.01,0.79999999999999549);
#3799=IFCCARTESIANPOINT((0.39999999999999691,0.045000000000000033,0.));
#3800=IFCAXIS2PLACEMENT3D(#3799,#9,#7);
#3801=IFCEXTRUDEDAREASOLID(#3798,#3800,#9,2.3000000000000003);
#3802=IFCSTYLEDITEM(#3743,(#1910),$);
#3803=IFCSTYLEDITEM(#3753,(#1910),$);
#3804=IFCSTYLEDITEM(#3767,(#1910),$);
#3805=IFCSTYLEDITEM(#3781,(#1910),$);
#3806=IFCSTYLEDITEM(#3795,(#1910),$);
#3807=IFCCOLOURRGB($,0.,0.50196078431372548,0.75294117647058822);
#3808=IFCSURFACESTYLERENDERING(#3807,0.75,$,$,$,$,IFCNORMALISEDRATIOMEASURE(0.5),IFCSPECULAREXPONENT(12.),.NOTDEFINED.);
#3809=IFCSURFACESTYLE('Vidrio',.BOTH.,(#3808));
#3810=IFCPRESENTATIONSTYLEASSIGNMENT((#3809));
#3811=IFCSTYLEDITEM(#3801,(#3810),$);
#3812=IFCSHAPEREPRESENTATION(#24,'Body','SweptSolid',(#3743,#3753,#3767,#3781,#3795,#3801));
#3813=IFCAXIS2PLACEMENT3D(#3,$,$);
#3814=IFCREPRESENTATIONMAP(#3813,#3812);
#3815=IFCWINDOWLININGPROPERTIES('0aRLSEK1r1S9fVxHEcp$3t',#18,'Ventana simple con contraventana:80 x 230 cm:165969',$,$,$,$,$,$,$,$,$,$);
#3816=IFCWINDOWSTYLE('1gdFihm8SVohn6S5HXa$3z',#18,'Ventana simple con contraventana:80 x 230 cm',$,$,(#3815,#3836),(#3814),'16239',.NOTDEFINED.,.NOTDEFINED.,.F.,.F.);
#3817=IFCMATERIAL('Vidrio');
#3818=IFCPRESENTATIONSTYLEASSIGNMENT((#3809));
#3819=IFCSTYLEDITEM($,(#3818),$);
#3820=IFCSTYLEDREPRESENTATION(#22,'Style','Material',(#3819));
#3821=IFCMATERIALDEFINITIONREPRESENTATION($,$,(#3820),#3817);
#3822=IFCMATERIALLIST((#1936,#3817));
#3823=IFCMAPPEDITEM(#3814,#1941);
#3824=IFCSHAPEREPRESENTATION(#24,'Body','MappedRepresentation',(#3823));
#3825=IFCPRODUCTDEFINITIONSHAPE($,$,(#3824));
#3826=IFCCARTESIANPOINT((-12.663724201761672,5.2258571503610627,0.0099999999999998927));
#3827=IFCAXIS2PLACEMENT3D(#3826,#9,#8);
#3829=IFCWINDOW('0aRLSEK1r1S9fVxHAcp$3t',#18,'Ventana simple con contraventana:80 x 230 cm:165969',$,'Ventana simple con contraventana:80 x 230 cm',#8940,#3825,'165969',2.3000000000000003,0.79999999999999416);
#3830=IFCPROPERTYSINGLEVALUE('Reference',$,IFCIDENTIFIER('80 x 230 cm'),$);
#3831=IFCPROPERTYSET('2vx0b$kU_54dPOt6VA74oC',#18,'Pset_QuantityTakeOff',$,(#3830));
#3832=IFCPROPERTYSET('3dIUgdhQhSIdyFQySvIELE',#18,'Pset_WindowCommon',$,(#86,#3830));
#3833=IFCRELDEFINESBYPROPERTIES('2Wx2NH0LMIAOkeLi3fjTbv',#18,$,$,(#3829),#3831);
#3834=IFCRELDEFINESBYPROPERTIES('2ryBkoOQAcJXL01RUOu9oX',#18,$,$,(#3829),#3832);
#3835=IFCPROPERTYSINGLEVALUE('ThermalTransmittance',$,IFCTHERMALTRANSMITTANCEMEASURE(6.7069000000000001),$);
#3836=IFCPROPERTYSET('2GdDFvWCLtSxFmQ8Ak5zzo',#18,'Pset_WindowCommon',$,(#3835));
#3837=IFCMAPPEDITEM(#3814,#1941);
#3838=IFCSHAPEREPRESENTATION(#24,'Body','MappedRepresentation',(#3837));
#3839=IFCPRODUCTDEFINITIONSHAPE($,$,(#3838));
#3840=IFCCARTESIANPOINT((-12.663724201761681,0.25585715036105727,0.0099999999999998927));
#3841=IFCAXIS2PLACEMENT3D(#3840,#9,#8);
#3843=IFCWINDOW('0aRLSEK1r1S9fVxHAcp$3A',#18,'Ventana simple con contraventana:80 x 230 cm:165996',$,'Ventana simple con contraventana:80 x 230 cm',#8955,#3839,'165996',2.3000000000000003,0.7999999999999946);
#3844=IFCPROPERTYSET('2qwciQ7QFEXrAQ0VZEgTQq',#18,'Pset_QuantityTakeOff',$,(#3830));
#3845=IFCPROPERTYSET('2sgwx1nwrQXzUF8RZPpT0$',#18,'Pset_WindowCommon',$,(#86,#3830));
#3846=IFCRELDEFINESBYPROPERTIES('32n6jykcafIsvX_ocnaqGl',#18,$,$,(#3843),#3844);
#3847=IFCRELDEFINESBYPROPERTIES('2oCBI0gsqygUSIuhYx7aQk',#18,$,$,(#3843),#3845);
#3848=IFCMAPPEDITEM(#3814,#1941);
#3849=IFCSHAPEREPRESENTATION(#24,'Body','MappedRepresentation',(#3848));
#3850=IFCPRODUCTDEFINITIONSHAPE($,$,(#3849));
#3851=IFCCARTESIANPOINT((5.3562757982383271,8.075857150361065,0.0099999999999998927));
#3852=IFCAXIS2PLACEMENT3D(#3851,#9,#6);
#3854=IFCWINDOW('0aRLSEK1r1S9fVxHAcp$0h',#18,'Ventana simple con contraventana:80 x 230 cm:166029',$,'Ventana simple con contraventana:80 x 230 cm',#9030,#3850,'166029',2.3000000000000003,0.7999999999999946);
#3855=IFCPROPERTYSET('3Ft8pTMyHGsFTRsBF12gKg',#18,'Pset_QuantityTakeOff',$,(#3830));
#3856=IFCPROPERTYSET('2VQSxFsvRQ690AayjCfYjp',#18,'Pset_WindowCommon',$,(#86,#3830));
#3857=IFCRELDEFINESBYPROPERTIES('3DSRA_CI9iAVeGx9c2_Z46',#18,$,$,(#3854),#3855);
#3858=IFCRELDEFINESBYPROPERTIES('0RSak5aFMPsin0f$t0_T57',#18,$,$,(#3854),#3856);
#3859=IFCMAPPEDITEM(#3814,#1941);
#3860=IFCSHAPEREPRESENTATION(#24,'Body','MappedRepresentation',(#3859));
#3861=IFCPRODUCTDEFINITIONSHAPE($,$,(#3860));
#3862=IFCCARTESIANPOINT((5.4146791658162092,-1.1238582793365171,0.0099999999999998927));
#3863=IFCDIRECTION((0.77714596145696935,-0.62932039104983939,0.));
#3864=IFCAXIS2PLACEMENT3D(#3862,#9,#3863);
#3866=IFCWINDOW('0aRLSEK1r1S9fVxHAcp$0z',#18,'Ventana simple con contraventana:80 x 230 cm:166043',$,'Ventana simple con contraventana:80 x 230 cm',#9000,#3861,'166043',2.3000000000000003,0.79999999999999449);
#3867=IFCPROPERTYSET('1v_d4865sOW2TdiV09RcJ7',#18,'Pset_QuantityTakeOff',$,(#3830));
#3868=IFCPROPERTYSET('0IwkpYYnie81ULuGDt2NfT',#18,'Pset_WindowCommon',$,(#86,#3830));
#3869=IFCRELDEFINESBYPROPERTIES('07VJPqM0RpI_TkzTix_iNe',#18,$,$,(#3866),#3867);
#3870=IFCRELDEFINESBYPROPERTIES('18BJ31X7DCSDsZ9ZcRLCi7',#18,$,$,(#3866),#3868);
#3871=IFCMAPPEDITEM(#3814,#1941);
#3872=IFCSHAPEREPRESENTATION(#24,'Body','MappedRepresentation',(#3871));
#3873=IFCPRODUCTDEFINITIONSHAPE($,$,(#3872));
#3874=IFCCARTESIANPOINT((-4.6464906908407135,-2.4621850744415186,0.0099999999999998927));
#3875=IFCDIRECTION((-0.99452189536827307,0.10452846326765637,0.));
#3876=IFCAXIS2PLACEMENT3D(#3874,#9,#3875);
#3878=IFCWINDOW('0aRLSEK1r1S9fVxHAcp$0B',#18,'Ventana simple con contraventana:80 x 230 cm:166061',$,'Ventana simple con contraventana:80 x 230 cm',#8985,#3873,'166061',2.3000000000000003,0.79999999999999605);
#3879=IFCPROPERTYSET('0PUGHvxy1qmbIfrY2ReJQL',#18,'Pset_QuantityTakeOff',$,(#3830));
#3880=IFCPROPERTYSET('0inZJFSv4NyVBVoIe7Cmt7',#18,'Pset_WindowCommon',$,(#86,#3830));
#3881=IFCRELDEFINESBYPROPERTIES('3YSFjPcCWQ1iVBQ3p4391m',#18,$,$,(#3878),#3879);
#3882=IFCRELDEFINESBYPROPERTIES('23dF1Hq99oytOzfZ7Yfmoe',#18,$,$,(#3878),#3880);
#3883=IFCAXIS2PLACEMENT3D(#3,$,$);
#3884=IFCLOCALPLACEMENT(#34,#3883);
#3885=IFCSTAIR('0aRLSEK1r1S9fVxHAcp$1f',#18,'Escalera moldeada in situ:Escalera:166095',$,'Escalera moldeada in situ:Losa de hormig\X\F3n - C=17cm H=30cm',#3884,$,'166095',.STRAIGHT_RUN_STAIR.);
#3886=IFCTYPEPRODUCT('1oEqESOSrApf32kSCq0mGN',#18,'Escalera moldeada in situ:Losa de hormig\X\F3n - C=17cm H=30cm',$,$,$,$,'107012');
#3887=IFCAXIS2PLACEMENT3D(#5405,$,$);
#3888=IFCLOCALPLACEMENT(#3884,#3887);
#3889=IFCCARTESIANPOINT((0.,5.1450000000000014,0.11666666666666664));
#3890=IFCCARTESIANPOINT((0.,5.1450000000000014,0.16666666666666666));
#3891=IFCCARTESIANPOINT((1.,5.1450000000000014,0.16666666666666666));
#3892=IFCCARTESIANPOINT((1.,5.1450000000000014,0.11666666666666664));
#3893=IFCPOLYLOOP((#3889,#3890,#3891,#3892));
#3894=IFCFACEOUTERBOUND(#3893,.T.);
#3895=IFCFACE((#3894));
#3896=IFCCARTESIANPOINT((0.,5.1220000000000017,0.11666666666666664));
#3897=IFCCARTESIANPOINT((1.,5.1220000000000017,0.11666666666666664));
#3898=IFCPOLYLOOP((#3896,#3889,#3892,#3897));
#3899=IFCFACEOUTERBOUND(#3898,.T.);
#3900=IFCFACE((#3899));
#3901=IFCCARTESIANPOINT((0.,5.1220000000000017,0.12666666666666665));
#3902=IFCCARTESIANPOINT((1.,5.1220000000000017,0.12666666666666665));
#3903=IFCPOLYLOOP((#3901,#3896,#3897,#3902));
#3904=IFCFACEOUTERBOUND(#3903,.T.);
#3905=IFCFACE((#3904));
#3906=IFCCARTESIANPOINT((0.,4.8000000000000025,0.16666666666666666));
#3907=IFCCARTESIANPOINT((1.,4.8000000000000025,0.16666666666666666));
#3908=IFCPOLYLOOP((#3891,#3890,#3906,#3907));
#3909=IFCFACEOUTERBOUND(#3908,.T.);
#3910=IFCFACE((#3909));
#3911=IFCCARTESIANPOINT((1.,4.8000000000000025,0.12666666666666665));
#3912=IFCCARTESIANPOINT((0.,4.8000000000000025,0.12666666666666665));
#3913=IFCPOLYLOOP((#3911,#3912,#3901,#3902));
#3914=IFCFACEOUTERBOUND(#3913,.T.);
#3915=IFCFACE((#3914));
#3916=IFCPOLYLOOP((#3891,#3907,#3911,#3902,#3897,#3892));
#3917=IFCFACEOUTERBOUND(#3916,.T.);
#3918=IFCFACE((#3917));
#3919=IFCPOLYLOOP((#3906,#3890,#3889,#3896,#3901,#3912));
#3920=IFCFACEOUTERBOUND(#3919,.T.);
#3921=IFCFACE((#3920));
#3922=IFCPOLYLOOP((#3907,#3906,#3912,#3911));
#3923=IFCFACEOUTERBOUND(#3922,.T.);
#3924=IFCFACE((#3923));
#3925=IFCCARTESIANPOINT((0.,5.115000000000002,0.12666666666666665));
#3926=IFCCARTESIANPOINT((0.,5.115000000000002,0.));
#3927=IFCCARTESIANPOINT((0.,5.1000000000000032,0.));
#3928=IFCCARTESIANPOINT((0.,5.1000000000000032,0.12666666666666665));
#3929=IFCPOLYLOOP((#3925,#3926,#3927,#3928));
#3930=IFCFACEOUTERBOUND(#3929,.T.);
#3931=IFCFACE((#3930));
#3932=IFCCARTESIANPOINT((1.,5.115000000000002,0.12666666666666665));
#3933=IFCCARTESIANPOINT((1.,5.1000000000000032,0.12666666666666665));
#3934=IFCCARTESIANPOINT((1.,5.1000000000000032,0.));
#3935=IFCCARTESIANPOINT((1.,5.115000000000002,0.));
#3936=IFCPOLYLOOP((#3932,#3933,#3934,#3935));
#3937=IFCFACEOUTERBOUND(#3936,.T.);
#3938=IFCFACE((#3937));
#3939=IFCPOLYLOOP((#3926,#3925,#3932,#3935));
#3940=IFCFACEOUTERBOUND(#3939,.T.);
#3941=IFCFACE((#3940));
#3942=IFCPOLYLOOP((#3927,#3926,#3935,#3934));
#3943=IFCFACEOUTERBOUND(#3942,.T.);
#3944=IFCFACE((#3943));
#3945=IFCPOLYLOOP((#3928,#3927,#3934,#3933));
#3946=IFCFACEOUTERBOUND(#3945,.T.);
#3947=IFCFACE((#3946));
#3948=IFCPOLYLOOP((#3925,#3928,#3933,#3932));
#3949=IFCFACEOUTERBOUND(#3948,.T.);
#3950=IFCFACE((#3949));
#3951=IFCCARTESIANPOINT((0.,4.8150000000000031,0.29333333333333328));
#3952=IFCCARTESIANPOINT((0.,4.8150000000000031,0.16666666666666666));
#3953=IFCCARTESIANPOINT((0.,4.8000000000000025,0.16666666666666666));
#3954=IFCCARTESIANPOINT((0.,4.8000000000000025,0.29333333333333328));
#3955=IFCPOLYLOOP((#3951,#3952,#3953,#3954));
#3956=IFCFACEOUTERBOUND(#3955,.T.);
#3957=IFCFACE((#3956));
#3958=IFCCARTESIANPOINT((1.,4.8150000000000031,0.29333333333333328));
#3959=IFCCARTESIANPOINT((1.,4.8000000000000025,0.29333333333333328));
#3960=IFCCARTESIANPOINT((1.,4.8000000000000025,0.16666666666666666));
#3961=IFCCARTESIANPOINT((1.,4.8150000000000031,0.16666666666666666));
#3962=IFCPOLYLOOP((#3958,#3959,#3960,#3961));
#3963=IFCFACEOUTERBOUND(#3962,.T.);
#3964=IFCFACE((#3963));
#3965=IFCPOLYLOOP((#3952,#3951,#3958,#3961));
#3966=IFCFACEOUTERBOUND(#3965,.T.);
#3967=IFCFACE((#3966));
#3968=IFCPOLYLOOP((#3953,#3952,#3961,#3960));
#3969=IFCFACEOUTERBOUND(#3968,.T.);
#3970=IFCFACE((#3969));
#3971=IFCPOLYLOOP((#3954,#3953,#3960,#3959));
#3972=IFCFACEOUTERBOUND(#3971,.T.);
#3973=IFCFACE((#3972));
#3974=IFCPOLYLOOP((#3951,#3954,#3959,#3958));
#3975=IFCFACEOUTERBOUND(#3974,.T.);
#3976=IFCFACE((#3975));
#3977=IFCCARTESIANPOINT((1.,4.8450000000000024,0.33333333333333331));
#3978=IFCCARTESIANPOINT((0.,4.8450000000000024,0.33333333333333331));
#3979=IFCCARTESIANPOINT((0.,4.5000000000000053,0.33333333333333331));
#3980=IFCCARTESIANPOINT((1.,4.5,0.33333333333333331));
#3981=IFCPOLYLOOP((#3977,#3978,#3979,#3980));
#3982=IFCFACEOUTERBOUND(#3981,.T.);
#3983=IFCFACE((#3982));
#3984=IFCCARTESIANPOINT((1.,4.5,0.29333333333333328));
#3985=IFCCARTESIANPOINT((0.,4.5000000000000053,0.29333333333333328));
#3986=IFCCARTESIANPOINT((0.,4.8220000000000027,0.29333333333333328));
#3987=IFCCARTESIANPOINT((1.,4.8220000000000027,0.29333333333333328));
#3988=IFCPOLYLOOP((#3984,#3985,#3986,#3987));
#3989=IFCFACEOUTERBOUND(#3988,.T.);
#3990=IFCFACE((#3989));
#3991=IFCCARTESIANPOINT((1.,4.8220000000000027,0.28333333333333327));
#3992=IFCCARTESIANPOINT((1.,4.8450000000000024,0.28333333333333327));
#3993=IFCPOLYLOOP((#3977,#3980,#3984,#3987,#3991,#3992));
#3994=IFCFACEOUTERBOUND(#3993,.T.);
#3995=IFCFACE((#3994));
#3996=IFCCARTESIANPOINT((0.,4.8450000000000024,0.28333333333333327));
#3997=IFCCARTESIANPOINT((0.,4.8220000000000027,0.28333333333333327));
#3998=IFCPOLYLOOP((#3979,#3978,#3996,#3997,#3986,#3985));
#3999=IFCFACEOUTERBOUND(#3998,.T.);
#4000=IFCFACE((#3999));
#4001=IFCPOLYLOOP((#3980,#3979,#3985,#3984));
#4002=IFCFACEOUTERBOUND(#4001,.T.);
#4003=IFCFACE((#4002));
#4004=IFCPOLYLOOP((#3996,#3978,#3977,#3992));
#4005=IFCFACEOUTERBOUND(#4004,.T.);
#4006=IFCFACE((#4005));
#4007=IFCPOLYLOOP((#3997,#3996,#3992,#3991));
#4008=IFCFACEOUTERBOUND(#4007,.T.);
#4009=IFCFACE((#4008));
#4010=IFCPOLYLOOP((#3986,#3997,#3991,#3987));
#4011=IFCFACEOUTERBOUND(#4010,.T.);
#4012=IFCFACE((#4011));
#4013=IFCCARTESIANPOINT((0.,4.5150000000000059,0.45999999999999991));
#4014=IFCCARTESIANPOINT((0.,4.5150000000000059,0.3333333333333332));
#4015=IFCCARTESIANPOINT((0.,4.5000000000000053,0.3333333333333332));
#4016=IFCCARTESIANPOINT((0.,4.5000000000000053,0.45999999999999991));
#4017=IFCPOLYLOOP((#4013,#4014,#4015,#4016));
#4018=IFCFACEOUTERBOUND(#4017,.T.);
#4019=IFCFACE((#4018));
#4020=IFCCARTESIANPOINT((1.,4.5150000000000059,0.45999999999999991));
#4021=IFCCARTESIANPOINT((1.,4.5000000000000053,0.45999999999999991));
#4022=IFCCARTESIANPOINT((1.,4.5000000000000053,0.3333333333333332));
#4023=IFCCARTESIANPOINT((1.,4.5150000000000059,0.3333333333333332));
#4024=IFCPOLYLOOP((#4020,#4021,#4022,#4023));
#4025=IFCFACEOUTERBOUND(#4024,.T.);
#4026=IFCFACE((#4025));
#4027=IFCPOLYLOOP((#4014,#4013,#4020,#4023));
#4028=IFCFACEOUTERBOUND(#4027,.T.);
#4029=IFCFACE((#4028));
#4030=IFCPOLYLOOP((#4015,#4014,#4023,#4022));
#4031=IFCFACEOUTERBOUND(#4030,.T.);
#4032=IFCFACE((#4031));
#4033=IFCPOLYLOOP((#4016,#4015,#4022,#4021));
#4034=IFCFACEOUTERBOUND(#4033,.T.);
#4035=IFCFACE((#4034));
#4036=IFCPOLYLOOP((#4013,#4016,#4021,#4020));
#4037=IFCFACEOUTERBOUND(#4036,.T.);
#4038=IFCFACE((#4037));
#4039=IFCCARTESIANPOINT((1.,4.5450000000000053,0.49999999999999989));
#4040=IFCCARTESIANPOINT((0.,4.5450000000000053,0.49999999999999989));
#4041=IFCCARTESIANPOINT((0.,4.2000000000000099,0.49999999999999989));
#4042=IFCCARTESIANPOINT((1.,4.2000000000000028,0.49999999999999989));
#4043=IFCPOLYLOOP((#4039,#4040,#4041,#4042));
#4044=IFCFACEOUTERBOUND(#4043,.T.);
#4045=IFCFACE((#4044));
#4046=IFCCARTESIANPOINT((1.,4.2000000000000028,0.45999999999999991));
#4047=IFCCARTESIANPOINT((0.,4.2000000000000099,0.45999999999999991));
#4048=IFCCARTESIANPOINT((0.,4.5220000000000056,0.45999999999999991));
#4049=IFCCARTESIANPOINT((1.,4.5220000000000056,0.45999999999999991));
#4050=IFCPOLYLOOP((#4046,#4047,#4048,#4049));
#4051=IFCFACEOUTERBOUND(#4050,.T.);
#4052=IFCFACE((#4051));
#4053=IFCCARTESIANPOINT((1.,4.5220000000000056,0.4499999999999999));
#4054=IFCCARTESIANPOINT((1.,4.5450000000000053,0.4499999999999999));
#4055=IFCPOLYLOOP((#4039,#4042,#4046,#4049,#4053,#4054));
#4056=IFCFACEOUTERBOUND(#4055,.T.);
#4057=IFCFACE((#4056));
#4058=IFCCARTESIANPOINT((0.,4.5450000000000053,0.4499999999999999));
#4059=IFCCARTESIANPOINT((0.,4.5220000000000056,0.4499999999999999));
#4060=IFCPOLYLOOP((#4041,#4040,#4058,#4059,#4048,#4047));
#4061=IFCFACEOUTERBOUND(#4060,.T.);
#4062=IFCFACE((#4061));
#4063=IFCPOLYLOOP((#4042,#4041,#4047,#4046));
#4064=IFCFACEOUTERBOUND(#4063,.T.);
#4065=IFCFACE((#4064));
#4066=IFCPOLYLOOP((#4058,#4040,#4039,#4054));
#4067=IFCFACEOUTERBOUND(#4066,.T.);
#4068=IFCFACE((#4067));
#4069=IFCPOLYLOOP((#4059,#4058,#4054,#4053));
#4070=IFCFACEOUTERBOUND(#4069,.T.);
#4071=IFCFACE((#4070));
#4072=IFCPOLYLOOP((#4048,#4059,#4053,#4049));
#4073=IFCFACEOUTERBOUND(#4072,.T.);
#4074=IFCFACE((#4073));
#4075=IFCCARTESIANPOINT((0.,4.2150000000000052,0.62666666666666659));
#4076=IFCCARTESIANPOINT((0.,4.2150000000000052,0.49999999999999989));
#4077=IFCCARTESIANPOINT((0.,4.2000000000000064,0.49999999999999989));
#4078=IFCCARTESIANPOINT((0.,4.2000000000000064,0.62666666666666659));
#4079=IFCPOLYLOOP((#4075,#4076,#4077,#4078));
#4080=IFCFACEOUTERBOUND(#4079,.T.);
#4081=IFCFACE((#4080));
#4082=IFCCARTESIANPOINT((1.,4.2150000000000052,0.62666666666666659));
#4083=IFCCARTESIANPOINT((1.,4.2000000000000064,0.62666666666666659));
#4084=IFCCARTESIANPOINT((1.,4.2000000000000064,0.49999999999999989));
#4085=IFCCARTESIANPOINT((1.,4.2150000000000052,0.49999999999999989));
#4086=IFCPOLYLOOP((#4082,#4083,#4084,#4085));
#4087=IFCFACEOUTERBOUND(#4086,.T.);
#4088=IFCFACE((#4087));
#4089=IFCPOLYLOOP((#4076,#4075,#4082,#4085));
#4090=IFCFACEOUTERBOUND(#4089,.T.);
#4091=IFCFACE((#4090));
#4092=IFCPOLYLOOP((#4077,#4076,#4085,#4084));
#4093=IFCFACEOUTERBOUND(#4092,.T.);
#4094=IFCFACE((#4093));
#4095=IFCPOLYLOOP((#4078,#4077,#4084,#4083));
#4096=IFCFACEOUTERBOUND(#4095,.T.);
#4097=IFCFACE((#4096));
#4098=IFCPOLYLOOP((#4075,#4078,#4083,#4082));
#4099=IFCFACEOUTERBOUND(#4098,.T.);
#4100=IFCFACE((#4099));
#4101=IFCCARTESIANPOINT((1.,4.2450000000000045,0.66666666666666663));
#4102=IFCCARTESIANPOINT((0.,4.2450000000000045,0.66666666666666663));
#4103=IFCCARTESIANPOINT((0.,3.9000000000000088,0.66666666666666663));
#4104=IFCCARTESIANPOINT((1.,3.9000000000000026,0.66666666666666663));
#4105=IFCPOLYLOOP((#4101,#4102,#4103,#4104));
#4106=IFCFACEOUTERBOUND(#4105,.T.);
#4107=IFCFACE((#4106));
#4108=IFCCARTESIANPOINT((1.,3.9000000000000026,0.62666666666666659));
#4109=IFCCARTESIANPOINT((0.,3.9000000000000088,0.62666666666666659));
#4110=IFCCARTESIANPOINT((0.,4.2220000000000049,0.62666666666666659));
#4111=IFCCARTESIANPOINT((1.,4.2220000000000066,0.62666666666666659));
#4112=IFCPOLYLOOP((#4108,#4109,#4110,#4111));
#4113=IFCFACEOUTERBOUND(#4112,.T.);
#4114=IFCFACE((#4113));
#4115=IFCCARTESIANPOINT((1.,4.2220000000000049,0.61666666666666659));
#4116=IFCCARTESIANPOINT((1.,4.2450000000000045,0.61666666666666659));
#4117=IFCPOLYLOOP((#4101,#4104,#4108,#4111,#4115,#4116));
#4118=IFCFACEOUTERBOUND(#4117,.T.);
#4119=IFCFACE((#4118));
#4120=IFCCARTESIANPOINT((0.,4.2450000000000045,0.61666666666666659));
#4121=IFCCARTESIANPOINT((0.,4.2220000000000049,0.61666666666666659));
#4122=IFCPOLYLOOP((#4103,#4102,#4120,#4121,#4110,#4109));
#4123=IFCFACEOUTERBOUND(#4122,.T.);
#4124=IFCFACE((#4123));
#4125=IFCPOLYLOOP((#4104,#4103,#4109,#4108));
#4126=IFCFACEOUTERBOUND(#4125,.T.);
#4127=IFCFACE((#4126));
#4128=IFCPOLYLOOP((#4120,#4102,#4101,#4116));
#4129=IFCFACEOUTERBOUND(#4128,.T.);
#4130=IFCFACE((#4129));
#4131=IFCPOLYLOOP((#4121,#4120,#4116,#4115));
#4132=IFCFACEOUTERBOUND(#4131,.T.);
#4133=IFCFACE((#4132));
#4134=IFCPOLYLOOP((#4110,#4121,#4115,#4111));
#4135=IFCFACEOUTERBOUND(#4134,.T.);
#4136=IFCFACE((#4135));
#4137=IFCCARTESIANPOINT((0.,3.9150000000000058,0.79333333333333333));
#4138=IFCCARTESIANPOINT((0.,3.9150000000000058,0.66666666666666663));
#4139=IFCCARTESIANPOINT((0.,3.9000000000000061,0.66666666666666663));
#4140=IFCCARTESIANPOINT((0.,3.9000000000000061,0.79333333333333333));
#4141=IFCPOLYLOOP((#4137,#4138,#4139,#4140));
#4142=IFCFACEOUTERBOUND(#4141,.T.);
#4143=IFCFACE((#4142));
#4144=IFCCARTESIANPOINT((1.,3.9150000000000058,0.79333333333333333));
#4145=IFCCARTESIANPOINT((1.,3.9000000000000061,0.79333333333333333));
#4146=IFCCARTESIANPOINT((1.,3.9000000000000061,0.66666666666666663));
#4147=IFCCARTESIANPOINT((1.,3.9150000000000058,0.66666666666666663));
#4148=IFCPOLYLOOP((#4144,#4145,#4146,#4147));
#4149=IFCFACEOUTERBOUND(#4148,.T.);
#4150=IFCFACE((#4149));
#4151=IFCPOLYLOOP((#4138,#4137,#4144,#4147));
#4152=IFCFACEOUTERBOUND(#4151,.T.);
#4153=IFCFACE((#4152));
#4154=IFCPOLYLOOP((#4139,#4138,#4147,#4146));
#4155=IFCFACEOUTERBOUND(#4154,.T.);
#4156=IFCFACE((#4155));
#4157=IFCPOLYLOOP((#4140,#4139,#4146,#4145));
#4158=IFCFACEOUTERBOUND(#4157,.T.);
#4159=IFCFACE((#4158));
#4160=IFCPOLYLOOP((#4137,#4140,#4145,#4144));
#4161=IFCFACEOUTERBOUND(#4160,.T.);
#4162=IFCFACE((#4161));
#4163=IFCCARTESIANPOINT((1.,3.9450000000000052,0.83333333333333326));
#4164=IFCCARTESIANPOINT((0.,3.9450000000000052,0.83333333333333326));
#4165=IFCCARTESIANPOINT((0.,3.600000000000009,0.83333333333333326));
#4166=IFCCARTESIANPOINT((1.,3.6000000000000028,0.83333333333333326));
#4167=IFCPOLYLOOP((#4163,#4164,#4165,#4166));
#4168=IFCFACEOUTERBOUND(#4167,.T.);
#4169=IFCFACE((#4168));
#4170=IFCCARTESIANPOINT((1.,3.6000000000000028,0.79333333333333333));
#4171=IFCCARTESIANPOINT((0.,3.600000000000009,0.79333333333333333));
#4172=IFCCARTESIANPOINT((0.,3.9220000000000055,0.79333333333333333));
#4173=IFCCARTESIANPOINT((1.,3.9220000000000064,0.79333333333333333));
#4174=IFCPOLYLOOP((#4170,#4171,#4172,#4173));
#4175=IFCFACEOUTERBOUND(#4174,.T.);
#4176=IFCFACE((#4175));
#4177=IFCCARTESIANPOINT((1.,3.9220000000000055,0.78333333333333321));
#4178=IFCCARTESIANPOINT((1.,3.9450000000000052,0.78333333333333321));
#4179=IFCPOLYLOOP((#4163,#4166,#4170,#4173,#4177,#4178));
#4180=IFCFACEOUTERBOUND(#4179,.T.);
#4181=IFCFACE((#4180));
#4182=IFCCARTESIANPOINT((0.,3.9450000000000052,0.78333333333333321));
#4183=IFCCARTESIANPOINT((0.,3.9220000000000055,0.78333333333333321));
#4184=IFCPOLYLOOP((#4165,#4164,#4182,#4183,#4172,#4171));
#4185=IFCFACEOUTERBOUND(#4184,.T.);
#4186=IFCFACE((#4185));
#4187=IFCPOLYLOOP((#4166,#4165,#4171,#4170));
#4188=IFCFACEOUTERBOUND(#4187,.T.);
#4189=IFCFACE((#4188));
#4190=IFCPOLYLOOP((#4182,#4164,#4163,#4178));
#4191=IFCFACEOUTERBOUND(#4190,.T.);
#4192=IFCFACE((#4191));
#4193=IFCPOLYLOOP((#4183,#4182,#4178,#4177));
#4194=IFCFACEOUTERBOUND(#4193,.T.);
#4195=IFCFACE((#4194));
#4196=IFCPOLYLOOP((#4172,#4183,#4177,#4173));
#4197=IFCFACEOUTERBOUND(#4196,.T.);
#4198=IFCFACE((#4197));
#4199=IFCCARTESIANPOINT((0.,3.615000000000006,0.95999999999999985));
#4200=IFCCARTESIANPOINT((0.,3.615000000000006,0.83333333333333315));
#4201=IFCCARTESIANPOINT((0.,3.6000000000000054,0.83333333333333315));
#4202=IFCCARTESIANPOINT((0.,3.6000000000000054,0.95999999999999985));
#4203=IFCPOLYLOOP((#4199,#4200,#4201,#4202));
#4204=IFCFACEOUTERBOUND(#4203,.T.);
#4205=IFCFACE((#4204));
#4206=IFCCARTESIANPOINT((1.,3.615000000000006,0.95999999999999985));
#4207=IFCCARTESIANPOINT((1.,3.6000000000000054,0.95999999999999985));
#4208=IFCCARTESIANPOINT((1.,3.6000000000000054,0.83333333333333315));
#4209=IFCCARTESIANPOINT((1.,3.615000000000006,0.83333333333333315));
#4210=IFCPOLYLOOP((#4206,#4207,#4208,#4209));
#4211=IFCFACEOUTERBOUND(#4210,.T.);
#4212=IFCFACE((#4211));
#4213=IFCPOLYLOOP((#4200,#4199,#4206,#4209));
#4214=IFCFACEOUTERBOUND(#4213,.T.);
#4215=IFCFACE((#4214));
#4216=IFCPOLYLOOP((#4201,#4200,#4209,#4208));
#4217=IFCFACEOUTERBOUND(#4216,.T.);
#4218=IFCFACE((#4217));
#4219=IFCPOLYLOOP((#4202,#4201,#4208,#4207));
#4220=IFCFACEOUTERBOUND(#4219,.T.);
#4221=IFCFACE((#4220));
#4222=IFCPOLYLOOP((#4199,#4202,#4207,#4206));
#4223=IFCFACEOUTERBOUND(#4222,.T.);
#4224=IFCFACE((#4223));
#4225=IFCCARTESIANPOINT((1.,3.6450000000000053,1.));
#4226=IFCCARTESIANPOINT((0.,3.6450000000000053,1.));
#4227=IFCCARTESIANPOINT((0.,3.3000000000000091,1.));
#4228=IFCCARTESIANPOINT((1.,3.3000000000000029,1.));
#4229=IFCPOLYLOOP((#4225,#4226,#4227,#4228));
#4230=IFCFACEOUTERBOUND(#4229,.T.);
#4231=IFCFACE((#4230));
#4232=IFCCARTESIANPOINT((1.,3.3000000000000029,0.95999999999999985));
#4233=IFCCARTESIANPOINT((0.,3.3000000000000091,0.95999999999999985));
#4234=IFCCARTESIANPOINT((0.,3.6220000000000048,0.95999999999999985));
#4235=IFCCARTESIANPOINT((1.,3.6220000000000065,0.95999999999999985));
#4236=IFCPOLYLOOP((#4232,#4233,#4234,#4235));
#4237=IFCFACEOUTERBOUND(#4236,.T.);
#4238=IFCFACE((#4237));
#4239=IFCCARTESIANPOINT((1.,3.6220000000000048,0.94999999999999984));
#4240=IFCCARTESIANPOINT((1.,3.6450000000000053,0.94999999999999984));
#4241=IFCPOLYLOOP((#4225,#4228,#4232,#4235,#4239,#4240));
#4242=IFCFACEOUTERBOUND(#4241,.T.);
#4243=IFCFACE((#4242));
#4244=IFCCARTESIANPOINT((0.,3.6450000000000053,0.94999999999999984));
#4245=IFCCARTESIANPOINT((0.,3.6220000000000048,0.94999999999999984));
#4246=IFCPOLYLOOP((#4227,#4226,#4244,#4245,#4234,#4233));
#4247=IFCFACEOUTERBOUND(#4246,.T.);
#4248=IFCFACE((#4247));
#4249=IFCPOLYLOOP((#4228,#4227,#4233,#4232));
#4250=IFCFACEOUTERBOUND(#4249,.T.);
#4251=IFCFACE((#4250));
#4252=IFCPOLYLOOP((#4244,#4226,#4225,#4240));
#4253=IFCFACEOUTERBOUND(#4252,.T.);
#4254=IFCFACE((#4253));
#4255=IFCPOLYLOOP((#4245,#4244,#4240,#4239));
#4256=IFCFACEOUTERBOUND(#4255,.T.);
#4257=IFCFACE((#4256));
#4258=IFCPOLYLOOP((#4234,#4245,#4239,#4235));
#4259=IFCFACEOUTERBOUND(#4258,.T.);
#4260=IFCFACE((#4259));
#4261=IFCCARTESIANPOINT((0.,3.3150000000000026,1.1266666666666665));
#4262=IFCCARTESIANPOINT((0.,3.3150000000000026,1.));
#4263=IFCCARTESIANPOINT((0.,3.3000000000000029,1.));
#4264=IFCCARTESIANPOINT((0.,3.3000000000000029,1.1266666666666665));
#4265=IFCPOLYLOOP((#4261,#4262,#4263,#4264));
#4266=IFCFACEOUTERBOUND(#4265,.T.);
#4267=IFCFACE((#4266));
#4268=IFCCARTESIANPOINT((1.,3.3150000000000026,1.1266666666666665));
#4269=IFCCARTESIANPOINT((1.,3.3000000000000029,1.1266666666666665));
#4270=IFCCARTESIANPOINT((1.,3.3000000000000029,1.));
#4271=IFCCARTESIANPOINT((1.,3.3150000000000026,1.));
#4272=IFCPOLYLOOP((#4268,#4269,#4270,#4271));
#4273=IFCFACEOUTERBOUND(#4272,.T.);
#4274=IFCFACE((#4273));
#4275=IFCPOLYLOOP((#4262,#4261,#4268,#4271));
#4276=IFCFACEOUTERBOUND(#4275,.T.);
#4277=IFCFACE((#4276));
#4278=IFCPOLYLOOP((#4263,#4262,#4271,#4270));
#4279=IFCFACEOUTERBOUND(#4278,.T.);
#4280=IFCFACE((#4279));
#4281=IFCPOLYLOOP((#4264,#4263,#4270,#4269));
#4282=IFCFACEOUTERBOUND(#4281,.T.);
#4283=IFCFACE((#4282));
#4284=IFCPOLYLOOP((#4261,#4264,#4269,#4268));
#4285=IFCFACEOUTERBOUND(#4284,.T.);
#4286=IFCFACE((#4285));
#4287=IFCCARTESIANPOINT((1.,3.345000000000002,1.1666666666666665));
#4288=IFCCARTESIANPOINT((0.,3.345000000000002,1.1666666666666665));
#4289=IFCCARTESIANPOINT((0.,3.,1.1666666666666665));
#4290=IFCCARTESIANPOINT((1.,3.,1.1666666666666665));
#4291=IFCPOLYLOOP((#4287,#4288,#4289,#4290));
#4292=IFCFACEOUTERBOUND(#4291,.T.);
#4293=IFCFACE((#4292));
#4294=IFCCARTESIANPOINT((1.,3.,1.1266666666666665));
#4295=IFCCARTESIANPOINT((0.,3.,1.1266666666666665));
#4296=IFCCARTESIANPOINT((0.,3.3220000000000023,1.1266666666666665));
#4297=IFCCARTESIANPOINT((1.,3.3220000000000032,1.1266666666666665));
#4298=IFCPOLYLOOP((#4294,#4295,#4296,#4297));
#4299=IFCFACEOUTERBOUND(#4298,.T.);
#4300=IFCFACE((#4299));
#4301=IFCCARTESIANPOINT((1.,3.3220000000000023,1.1166666666666665));
#4302=IFCCARTESIANPOINT((1.,3.345000000000002,1.1166666666666665));
#4303=IFCPOLYLOOP((#4287,#4290,#4294,#4297,#4301,#4302));
#4304=IFCFACEOUTERBOUND(#4303,.T.);
#4305=IFCFACE((#4304));
#4306=IFCCARTESIANPOINT((0.,3.345000000000002,1.1166666666666665));
#4307=IFCCARTESIANPOINT((0.,3.3220000000000023,1.1166666666666665));
#4308=IFCPOLYLOOP((#4289,#4288,#4306,#4307,#4296,#4295));
#4309=IFCFACEOUTERBOUND(#4308,.T.);
#4310=IFCFACE((#4309));
#4311=IFCPOLYLOOP((#4290,#4289,#4295,#4294));
#4312=IFCFACEOUTERBOUND(#4311,.T.);
#4313=IFCFACE((#4312));
#4314=IFCPOLYLOOP((#4306,#4288,#4287,#4302));
#4315=IFCFACEOUTERBOUND(#4314,.T.);
#4316=IFCFACE((#4315));
#4317=IFCPOLYLOOP((#4307,#4306,#4302,#4301));
#4318=IFCFACEOUTERBOUND(#4317,.T.);
#4319=IFCFACE((#4318));
#4320=IFCPOLYLOOP((#4296,#4307,#4301,#4297));
#4321=IFCFACEOUTERBOUND(#4320,.T.);
#4322=IFCFACE((#4321));
#4323=IFCCARTESIANPOINT((0.,3.0150000000000055,1.2933333333333328));
#4324=IFCCARTESIANPOINT((0.,3.0150000000000055,1.1666666666666663));
#4325=IFCCARTESIANPOINT((0.,3.,1.1666666666666663));
#4326=IFCCARTESIANPOINT((0.,3.,1.2933333333333328));
#4327=IFCPOLYLOOP((#4323,#4324,#4325,#4326));
#4328=IFCFACEOUTERBOUND(#4327,.T.);
#4329=IFCFACE((#4328));
#4330=IFCCARTESIANPOINT((1.,3.0150000000000055,1.2933333333333328));
#4331=IFCCARTESIANPOINT((1.,3.,1.2933333333333328));
#4332=IFCCARTESIANPOINT((1.,3.,1.1666666666666663));
#4333=IFCCARTESIANPOINT((1.,3.0150000000000055,1.1666666666666663));
#4334=IFCPOLYLOOP((#4330,#4331,#4332,#4333));
#4335=IFCFACEOUTERBOUND(#4334,.T.);
#4336=IFCFACE((#4335));
#4337=IFCPOLYLOOP((#4324,#4323,#4330,#4333));
#4338=IFCFACEOUTERBOUND(#4337,.T.);
#4339=IFCFACE((#4338));
#4340=IFCPOLYLOOP((#4325,#4324,#4333,#4332));
#4341=IFCFACEOUTERBOUND(#4340,.T.);
#4342=IFCFACE((#4341));
#4343=IFCPOLYLOOP((#4326,#4325,#4332,#4331));
#4344=IFCFACEOUTERBOUND(#4343,.T.);
#4345=IFCFACE((#4344));
#4346=IFCPOLYLOOP((#4323,#4326,#4331,#4330));
#4347=IFCFACEOUTERBOUND(#4346,.T.);
#4348=IFCFACE((#4347));
#4349=IFCCARTESIANPOINT((1.,3.0450000000000057,1.3333333333333328));
#4350=IFCCARTESIANPOINT((0.,3.0450000000000057,1.3333333333333328));
#4351=IFCCARTESIANPOINT((0.,2.7000000000000086,1.3333333333333328));
#4352=IFCCARTESIANPOINT((1.,2.7000000000000024,1.3333333333333328));
#4353=IFCPOLYLOOP((#4349,#4350,#4351,#4352));
#4354=IFCFACEOUTERBOUND(#4353,.T.);
#4355=IFCFACE((#4354));
#4356=IFCCARTESIANPOINT((1.,2.7000000000000024,1.293333333333333));
#4357=IFCCARTESIANPOINT((0.,2.7000000000000086,1.293333333333333));
#4358=IFCCARTESIANPOINT((0.,3.0220000000000051,1.293333333333333));
#4359=IFCCARTESIANPOINT((1.,3.022000000000006,1.2933333333333328));
#4360=IFCPOLYLOOP((#4356,#4357,#4358,#4359));
#4361=IFCFACEOUTERBOUND(#4360,.T.);
#4362=IFCFACE((#4361));
#4363=IFCCARTESIANPOINT((1.,3.0220000000000051,1.283333333333333));
#4364=IFCCARTESIANPOINT((1.,3.0450000000000057,1.283333333333333));
#4365=IFCPOLYLOOP((#4349,#4352,#4356,#4359,#4363,#4364));
#4366=IFCFACEOUTERBOUND(#4365,.T.);
#4367=IFCFACE((#4366));
#4368=IFCCARTESIANPOINT((0.,3.0450000000000057,1.283333333333333));
#4369=IFCCARTESIANPOINT((0.,3.0220000000000051,1.283333333333333));
#4370=IFCPOLYLOOP((#4351,#4350,#4368,#4369,#4358,#4357));
#4371=IFCFACEOUTERBOUND(#4370,.T.);
#4372=IFCFACE((#4371));
#4373=IFCPOLYLOOP((#4352,#4351,#4357,#4356));
#4374=IFCFACEOUTERBOUND(#4373,.T.);
#4375=IFCFACE((#4374));
#4376=IFCPOLYLOOP((#4368,#4350,#4349,#4364));
#4377=IFCFACEOUTERBOUND(#4376,.T.);
#4378=IFCFACE((#4377));
#4379=IFCPOLYLOOP((#4369,#4368,#4364,#4363));
#4380=IFCFACEOUTERBOUND(#4379,.T.);
#4381=IFCFACE((#4380));
#4382=IFCPOLYLOOP((#4358,#4369,#4363,#4359));
#4383=IFCFACEOUTERBOUND(#4382,.T.);
#4384=IFCFACE((#4383));
#4385=IFCCARTESIANPOINT((0.,2.7150000000000056,1.4599999999999995));
#4386=IFCCARTESIANPOINT((0.,2.7150000000000056,1.3333333333333328));
#4387=IFCCARTESIANPOINT((0.,2.700000000000006,1.3333333333333328));
#4388=IFCCARTESIANPOINT((0.,2.700000000000006,1.4599999999999995));
#4389=IFCPOLYLOOP((#4385,#4386,#4387,#4388));
#4390=IFCFACEOUTERBOUND(#4389,.T.);
#4391=IFCFACE((#4390));
#4392=IFCCARTESIANPOINT((1.,2.7150000000000056,1.4599999999999995));
#4393=IFCCARTESIANPOINT((1.,2.700000000000006,1.4599999999999995));
#4394=IFCCARTESIANPOINT((1.,2.700000000000006,1.3333333333333328));
#4395=IFCCARTESIANPOINT((1.,2.7150000000000056,1.3333333333333328));
#4396=IFCPOLYLOOP((#4392,#4393,#4394,#4395));
#4397=IFCFACEOUTERBOUND(#4396,.T.);
#4398=IFCFACE((#4397));
#4399=IFCPOLYLOOP((#4386,#4385,#4392,#4395));
#4400=IFCFACEOUTERBOUND(#4399,.T.);
#4401=IFCFACE((#4400));
#4402=IFCPOLYLOOP((#4387,#4386,#4395,#4394));
#4403=IFCFACEOUTERBOUND(#4402,.T.);
#4404=IFCFACE((#4403));
#4405=IFCPOLYLOOP((#4388,#4387,#4394,#4393));
#4406=IFCFACEOUTERBOUND(#4405,.T.);
#4407=IFCFACE((#4406));
#4408=IFCPOLYLOOP((#4385,#4388,#4393,#4392));
#4409=IFCFACEOUTERBOUND(#4408,.T.);
#4410=IFCFACE((#4409));
#4411=IFCCARTESIANPOINT((1.,2.745000000000005,1.4999999999999996));
#4412=IFCCARTESIANPOINT((0.,2.745000000000005,1.4999999999999996));
#4413=IFCCARTESIANPOINT((0.,2.4000000000000088,1.4999999999999996));
#4414=IFCCARTESIANPOINT((1.,2.4000000000000026,1.4999999999999996));
#4415=IFCPOLYLOOP((#4411,#4412,#4413,#4414));
#4416=IFCFACEOUTERBOUND(#4415,.T.);
#4417=IFCFACE((#4416));
#4418=IFCCARTESIANPOINT((1.,2.4000000000000026,1.4599999999999997));
#4419=IFCCARTESIANPOINT((0.,2.4000000000000088,1.4599999999999997));
#4420=IFCCARTESIANPOINT((0.,2.7220000000000053,1.4599999999999997));
#4421=IFCCARTESIANPOINT((1.,2.7220000000000062,1.4599999999999995));
#4422=IFCPOLYLOOP((#4418,#4419,#4420,#4421));
#4423=IFCFACEOUTERBOUND(#4422,.T.);
#4424=IFCFACE((#4423));
#4425=IFCCARTESIANPOINT((1.,2.7220000000000053,1.4499999999999995));
#4426=IFCCARTESIANPOINT((1.,2.745000000000005,1.4499999999999995));
#4427=IFCPOLYLOOP((#4411,#4414,#4418,#4421,#4425,#4426));
#4428=IFCFACEOUTERBOUND(#4427,.T.);
#4429=IFCFACE((#4428));
#4430=IFCCARTESIANPOINT((0.,2.745000000000005,1.4499999999999995));
#4431=IFCCARTESIANPOINT((0.,2.7220000000000053,1.4499999999999995));
#4432=IFCPOLYLOOP((#4413,#4412,#4430,#4431,#4420,#4419));
#4433=IFCFACEOUTERBOUND(#4432,.T.);
#4434=IFCFACE((#4433));
#4435=IFCPOLYLOOP((#4414,#4413,#4419,#4418));
#4436=IFCFACEOUTERBOUND(#4435,.T.);
#4437=IFCFACE((#4436));
#4438=IFCPOLYLOOP((#4430,#4412,#4411,#4426));
#4439=IFCFACEOUTERBOUND(#4438,.T.);
#4440=IFCFACE((#4439));
#4441=IFCPOLYLOOP((#4431,#4430,#4426,#4425));
#4442=IFCFACEOUTERBOUND(#4441,.T.);
#4443=IFCFACE((#4442));
#4444=IFCPOLYLOOP((#4420,#4431,#4425,#4421));
#4445=IFCFACEOUTERBOUND(#4444,.T.);
#4446=IFCFACE((#4445));
#4447=IFCCARTESIANPOINT((0.,2.4150000000000049,1.626666666666666));
#4448=IFCCARTESIANPOINT((0.,2.4150000000000049,1.4999999999999996));
#4449=IFCCARTESIANPOINT((0.,2.4000000000000044,1.4999999999999996));
#4450=IFCCARTESIANPOINT((0.,2.4000000000000044,1.626666666666666));
#4451=IFCPOLYLOOP((#4447,#4448,#4449,#4450));
#4452=IFCFACEOUTERBOUND(#4451,.T.);
#4453=IFCFACE((#4452));
#4454=IFCCARTESIANPOINT((1.,2.4150000000000049,1.626666666666666));
#4455=IFCCARTESIANPOINT((1.,2.4000000000000044,1.626666666666666));
#4456=IFCCARTESIANPOINT((1.,2.4000000000000044,1.4999999999999996));
#4457=IFCCARTESIANPOINT((1.,2.4150000000000049,1.4999999999999996));
#4458=IFCPOLYLOOP((#4454,#4455,#4456,#4457));
#4459=IFCFACEOUTERBOUND(#4458,.T.);
#4460=IFCFACE((#4459));
#4461=IFCPOLYLOOP((#4448,#4447,#4454,#4457));
#4462=IFCFACEOUTERBOUND(#4461,.T.);
#4463=IFCFACE((#4462));
#4464=IFCPOLYLOOP((#4449,#4448,#4457,#4456));
#4465=IFCFACEOUTERBOUND(#4464,.T.);
#4466=IFCFACE((#4465));
#4467=IFCPOLYLOOP((#4450,#4449,#4456,#4455));
#4468=IFCFACEOUTERBOUND(#4467,.T.);
#4469=IFCFACE((#4468));
#4470=IFCPOLYLOOP((#4447,#4450,#4455,#4454));
#4471=IFCFACEOUTERBOUND(#4470,.T.);
#4472=IFCFACE((#4471));
#4473=IFCCARTESIANPOINT((1.,2.4450000000000043,1.6666666666666663));
#4474=IFCCARTESIANPOINT((0.,2.4450000000000043,1.6666666666666663));
#4475=IFCCARTESIANPOINT((0.,2.1000000000000081,1.6666666666666663));
#4476=IFCCARTESIANPOINT((1.,2.100000000000001,1.6666666666666663));
#4477=IFCPOLYLOOP((#4473,#4474,#4475,#4476));
#4478=IFCFACEOUTERBOUND(#4477,.T.);
#4479=IFCFACE((#4478));
#4480=IFCCARTESIANPOINT((1.,2.100000000000001,1.6266666666666665));
#4481=IFCCARTESIANPOINT((0.,2.1000000000000081,1.6266666666666665));
#4482=IFCCARTESIANPOINT((0.,2.4220000000000037,1.6266666666666665));
#4483=IFCCARTESIANPOINT((1.,2.4220000000000064,1.626666666666666));
#4484=IFCPOLYLOOP((#4480,#4481,#4482,#4483));
#4485=IFCFACEOUTERBOUND(#4484,.T.);
#4486=IFCFACE((#4485));
#4487=IFCCARTESIANPOINT((1.,2.4220000000000037,1.6166666666666663));
#4488=IFCCARTESIANPOINT((1.,2.4450000000000052,1.6166666666666663));
#4489=IFCPOLYLOOP((#4473,#4476,#4480,#4483,#4487,#4488));
#4490=IFCFACEOUTERBOUND(#4489,.T.);
#4491=IFCFACE((#4490));
#4492=IFCCARTESIANPOINT((0.,2.4450000000000043,1.6166666666666663));
#4493=IFCCARTESIANPOINT((0.,2.4220000000000037,1.6166666666666663));
#4494=IFCPOLYLOOP((#4475,#4474,#4492,#4493,#4482,#4481));
#4495=IFCFACEOUTERBOUND(#4494,.T.);
#4496=IFCFACE((#4495));
#4497=IFCPOLYLOOP((#4476,#4475,#4481,#4480));
#4498=IFCFACEOUTERBOUND(#4497,.T.);
#4499=IFCFACE((#4498));
#4500=IFCPOLYLOOP((#4492,#4474,#4473,#4488));
#4501=IFCFACEOUTERBOUND(#4500,.T.);
#4502=IFCFACE((#4501));
#4503=IFCPOLYLOOP((#4493,#4492,#4488,#4487));
#4504=IFCFACEOUTERBOUND(#4503,.T.);
#4505=IFCFACE((#4504));
#4506=IFCPOLYLOOP((#4482,#4493,#4487,#4483));
#4507=IFCFACEOUTERBOUND(#4506,.T.);
#4508=IFCFACE((#4507));
#4509=IFCCARTESIANPOINT((0.,2.1150000000000042,1.7933333333333328));
#4510=IFCCARTESIANPOINT((0.,2.1150000000000042,1.6666666666666663));
#4511=IFCCARTESIANPOINT((0.,2.1000000000000045,1.6666666666666663));
#4512=IFCCARTESIANPOINT((0.,2.1000000000000045,1.7933333333333328));
#4513=IFCPOLYLOOP((#4509,#4510,#4511,#4512));
#4514=IFCFACEOUTERBOUND(#4513,.T.);
#4515=IFCFACE((#4514));
#4516=IFCCARTESIANPOINT((1.,2.1150000000000042,1.7933333333333328));
#4517=IFCCARTESIANPOINT((1.,2.1000000000000045,1.7933333333333328));
#4518=IFCCARTESIANPOINT((1.,2.1000000000000045,1.6666666666666663));
#4519=IFCCARTESIANPOINT((1.,2.1150000000000042,1.6666666666666663));
#4520=IFCPOLYLOOP((#4516,#4517,#4518,#4519));
#4521=IFCFACEOUTERBOUND(#4520,.T.);
#4522=IFCFACE((#4521));
#4523=IFCPOLYLOOP((#4510,#4509,#4516,#4519));
#4524=IFCFACEOUTERBOUND(#4523,.T.);
#4525=IFCFACE((#4524));
#4526=IFCPOLYLOOP((#4511,#4510,#4519,#4518));
#4527=IFCFACEOUTERBOUND(#4526,.T.);
#4528=IFCFACE((#4527));
#4529=IFCPOLYLOOP((#4512,#4511,#4518,#4517));
#4530=IFCFACEOUTERBOUND(#4529,.T.);
#4531=IFCFACE((#4530));
#4532=IFCPOLYLOOP((#4509,#4512,#4517,#4516));
#4533=IFCFACEOUTERBOUND(#4532,.T.);
#4534=IFCFACE((#4533));
#4535=IFCCARTESIANPOINT((1.,2.1450000000000045,1.833333333333333));
#4536=IFCCARTESIANPOINT((0.,2.1450000000000045,1.833333333333333));
#4537=IFCCARTESIANPOINT((0.,1.8000000000000083,1.833333333333333));
#4538=IFCCARTESIANPOINT((1.,1.8000000000000012,1.833333333333333));
#4539=IFCPOLYLOOP((#4535,#4536,#4537,#4538));
#4540=IFCFACEOUTERBOUND(#4539,.T.);
#4541=IFCFACE((#4540));
#4542=IFCCARTESIANPOINT((1.,1.8000000000000012,1.793333333333333));
#4543=IFCCARTESIANPOINT((0.,1.8000000000000083,1.793333333333333));
#4544=IFCCARTESIANPOINT((0.,2.1220000000000048,1.793333333333333));
#4545=IFCCARTESIANPOINT((1.,2.1220000000000057,1.7933333333333328));
#4546=IFCPOLYLOOP((#4542,#4543,#4544,#4545));
#4547=IFCFACEOUTERBOUND(#4546,.T.);
#4548=IFCFACE((#4547));
#4549=IFCCARTESIANPOINT((1.,2.1220000000000048,1.783333333333333));
#4550=IFCCARTESIANPOINT((1.,2.1450000000000045,1.783333333333333));
#4551=IFCPOLYLOOP((#4535,#4538,#4542,#4545,#4549,#4550));
#4552=IFCFACEOUTERBOUND(#4551,.T.);
#4553=IFCFACE((#4552));
#4554=IFCCARTESIANPOINT((0.,2.1450000000000045,1.783333333333333));
#4555=IFCCARTESIANPOINT((0.,2.1220000000000039,1.783333333333333));
#4556=IFCPOLYLOOP((#4537,#4536,#4554,#4555,#4544,#4543));
#4557=IFCFACEOUTERBOUND(#4556,.T.);
#4558=IFCFACE((#4557));
#4559=IFCPOLYLOOP((#4538,#4537,#4543,#4542));
#4560=IFCFACEOUTERBOUND(#4559,.T.);
#4561=IFCFACE((#4560));
#4562=IFCPOLYLOOP((#4554,#4536,#4535,#4550));
#4563=IFCFACEOUTERBOUND(#4562,.T.);
#4564=IFCFACE((#4563));
#4565=IFCPOLYLOOP((#4555,#4554,#4550,#4549));
#4566=IFCFACEOUTERBOUND(#4565,.T.);
#4567=IFCFACE((#4566));
#4568=IFCPOLYLOOP((#4544,#4555,#4549,#4545));
#4569=IFCFACEOUTERBOUND(#4568,.T.);
#4570=IFCFACE((#4569));
#4571=IFCCARTESIANPOINT((0.,1.8150000000000008,1.9599999999999993));
#4572=IFCCARTESIANPOINT((0.,1.8150000000000008,1.8333333333333326));
#4573=IFCCARTESIANPOINT((0.,1.8000000000000012,1.8333333333333326));
#4574=IFCCARTESIANPOINT((0.,1.8000000000000012,1.9599999999999993));
#4575=IFCPOLYLOOP((#4571,#4572,#4573,#4574));
#4576=IFCFACEOUTERBOUND(#4575,.T.);
#4577=IFCFACE((#4576));
#4578=IFCCARTESIANPOINT((1.,1.8150000000000008,1.9599999999999993));
#4579=IFCCARTESIANPOINT((1.,1.8000000000000012,1.9599999999999993));
#4580=IFCCARTESIANPOINT((1.,1.8000000000000012,1.8333333333333326));
#4581=IFCCARTESIANPOINT((1.,1.8150000000000008,1.8333333333333326));
#4582=IFCPOLYLOOP((#4578,#4579,#4580,#4581));
#4583=IFCFACEOUTERBOUND(#4582,.T.);
#4584=IFCFACE((#4583));
#4585=IFCPOLYLOOP((#4572,#4571,#4578,#4581));
#4586=IFCFACEOUTERBOUND(#4585,.T.);
#4587=IFCFACE((#4586));
#4588=IFCPOLYLOOP((#4573,#4572,#4581,#4580));
#4589=IFCFACEOUTERBOUND(#4588,.T.);
#4590=IFCFACE((#4589));
#4591=IFCPOLYLOOP((#4574,#4573,#4580,#4579));
#4592=IFCFACEOUTERBOUND(#4591,.T.);
#4593=IFCFACE((#4592));
#4594=IFCPOLYLOOP((#4571,#4574,#4579,#4578));
#4595=IFCFACEOUTERBOUND(#4594,.T.);
#4596=IFCFACE((#4595));
#4597=IFCCARTESIANPOINT((1.,1.8450000000000002,2.));
#4598=IFCCARTESIANPOINT((0.,1.8450000000000002,2.));
#4599=IFCCARTESIANPOINT((0.,1.500000000000004,2.));
#4600=IFCCARTESIANPOINT((1.,1.4999999999999978,2.));
#4601=IFCPOLYLOOP((#4597,#4598,#4599,#4600));
#4602=IFCFACEOUTERBOUND(#4601,.T.);
#4603=IFCFACE((#4602));
#4604=IFCCARTESIANPOINT((1.,1.4999999999999978,1.9599999999999995));
#4605=IFCCARTESIANPOINT((0.,1.500000000000004,1.9599999999999995));
#4606=IFCCARTESIANPOINT((0.,1.8220000000000005,1.9599999999999995));
#4607=IFCCARTESIANPOINT((1.,1.8220000000000014,1.9599999999999993));
#4608=IFCPOLYLOOP((#4604,#4605,#4606,#4607));
#4609=IFCFACEOUTERBOUND(#4608,.T.);
#4610=IFCFACE((#4609));
#4611=IFCCARTESIANPOINT((1.,1.8220000000000005,1.9499999999999993));
#4612=IFCCARTESIANPOINT((1.,1.8450000000000011,1.9499999999999993));
#4613=IFCPOLYLOOP((#4597,#4600,#4604,#4607,#4611,#4612));
#4614=IFCFACEOUTERBOUND(#4613,.T.);
#4615=IFCFACE((#4614));
#4616=IFCCARTESIANPOINT((0.,1.8450000000000002,1.9499999999999993));
#4617=IFCCARTESIANPOINT((0.,1.8220000000000005,1.9499999999999993));
#4618=IFCPOLYLOOP((#4599,#4598,#4616,#4617,#4606,#4605));
#4619=IFCFACEOUTERBOUND(#4618,.T.);
#4620=IFCFACE((#4619));
#4621=IFCPOLYLOOP((#4600,#4599,#4605,#4604));
#4622=IFCFACEOUTERBOUND(#4621,.T.);
#4623=IFCFACE((#4622));
#4624=IFCPOLYLOOP((#4616,#4598,#4597,#4612));
#4625=IFCFACEOUTERBOUND(#4624,.T.);
#4626=IFCFACE((#4625));
#4627=IFCPOLYLOOP((#4617,#4616,#4612,#4611));
#4628=IFCFACEOUTERBOUND(#4627,.T.);
#4629=IFCFACE((#4628));
#4630=IFCPOLYLOOP((#4606,#4617,#4611,#4607));
#4631=IFCFACEOUTERBOUND(#4630,.T.);
#4632=IFCFACE((#4631));
#4633=IFCCARTESIANPOINT((0.,1.5150000000000046,2.126666666666666));
#4634=IFCCARTESIANPOINT((0.,1.5150000000000046,2.));
#4635=IFCCARTESIANPOINT((0.,1.5000000000000049,2.));
#4636=IFCCARTESIANPOINT((0.,1.5000000000000049,2.126666666666666));
#4637=IFCPOLYLOOP((#4633,#4634,#4635,#4636));
#4638=IFCFACEOUTERBOUND(#4637,.T.);
#4639=IFCFACE((#4638));
#4640=IFCCARTESIANPOINT((1.,1.5150000000000046,2.126666666666666));
#4641=IFCCARTESIANPOINT((1.,1.5000000000000049,2.126666666666666));
#4642=IFCCARTESIANPOINT((1.,1.5000000000000049,2.));
#4643=IFCCARTESIANPOINT((1.,1.5150000000000046,2.));
#4644=IFCPOLYLOOP((#4640,#4641,#4642,#4643));
#4645=IFCFACEOUTERBOUND(#4644,.T.);
#4646=IFCFACE((#4645));
#4647=IFCPOLYLOOP((#4634,#4633,#4640,#4643));
#4648=IFCFACEOUTERBOUND(#4647,.T.);
#4649=IFCFACE((#4648));
#4650=IFCPOLYLOOP((#4635,#4634,#4643,#4642));
#4651=IFCFACEOUTERBOUND(#4650,.T.);
#4652=IFCFACE((#4651));
#4653=IFCPOLYLOOP((#4636,#4635,#4642,#4641));
#4654=IFCFACEOUTERBOUND(#4653,.T.);
#4655=IFCFACE((#4654));
#4656=IFCPOLYLOOP((#4633,#4636,#4641,#4640));
#4657=IFCFACEOUTERBOUND(#4656,.T.);
#4658=IFCFACE((#4657));
#4659=IFCCARTESIANPOINT((1.,1.5450000000000039,2.1666666666666661));
#4660=IFCCARTESIANPOINT((0.,1.5450000000000039,2.1666666666666661));
#4661=IFCCARTESIANPOINT((0.,1.2000000000000077,2.1666666666666661));
#4662=IFCCARTESIANPOINT((1.,1.2000000000000015,2.1666666666666661));
#4663=IFCPOLYLOOP((#4659,#4660,#4661,#4662));
#4664=IFCFACEOUTERBOUND(#4663,.T.);
#4665=IFCFACE((#4664));
#4666=IFCCARTESIANPOINT((1.,1.2000000000000015,2.126666666666666));
#4667=IFCCARTESIANPOINT((0.,1.2000000000000077,2.126666666666666));
#4668=IFCCARTESIANPOINT((0.,1.5220000000000042,2.126666666666666));
#4669=IFCCARTESIANPOINT((1.,1.5220000000000051,2.126666666666666));
#4670=IFCPOLYLOOP((#4666,#4667,#4668,#4669));
#4671=IFCFACEOUTERBOUND(#4670,.T.);
#4672=IFCFACE((#4671));
#4673=IFCCARTESIANPOINT((1.,1.5220000000000042,2.1166666666666658));
#4674=IFCCARTESIANPOINT((1.,1.5450000000000048,2.1166666666666658));
#4675=IFCPOLYLOOP((#4659,#4662,#4666,#4669,#4673,#4674));
#4676=IFCFACEOUTERBOUND(#4675,.T.);
#4677=IFCFACE((#4676));
#4678=IFCCARTESIANPOINT((0.,1.5450000000000039,2.1166666666666658));
#4679=IFCCARTESIANPOINT((0.,1.5220000000000042,2.1166666666666658));
#4680=IFCPOLYLOOP((#4661,#4660,#4678,#4679,#4668,#4667));
#4681=IFCFACEOUTERBOUND(#4680,.T.);
#4682=IFCFACE((#4681));
#4683=IFCPOLYLOOP((#4662,#4661,#4667,#4666));
#4684=IFCFACEOUTERBOUND(#4683,.T.);
#4685=IFCFACE((#4684));
#4686=IFCPOLYLOOP((#4678,#4660,#4659,#4674));
#4687=IFCFACEOUTERBOUND(#4686,.T.);
#4688=IFCFACE((#4687));
#4689=IFCPOLYLOOP((#4679,#4678,#4674,#4673));
#4690=IFCFACEOUTERBOUND(#4689,.T.);
#4691=IFCFACE((#4690));
#4692=IFCPOLYLOOP((#4668,#4679,#4673,#4669));
#4693=IFCFACEOUTERBOUND(#4692,.T.);
#4694=IFCFACE((#4693));
#4695=IFCCARTESIANPOINT((0.,1.2150000000000043,2.2933333333333326));
#4696=IFCCARTESIANPOINT((0.,1.2150000000000043,2.1666666666666661));
#4697=IFCCARTESIANPOINT((0.,1.2000000000000046,2.1666666666666661));
#4698=IFCCARTESIANPOINT((0.,1.2000000000000046,2.2933333333333326));
#4699=IFCPOLYLOOP((#4695,#4696,#4697,#4698));
#4700=IFCFACEOUTERBOUND(#4699,.T.);
#4701=IFCFACE((#4700));
#4702=IFCCARTESIANPOINT((1.,1.2150000000000043,2.2933333333333326));
#4703=IFCCARTESIANPOINT((1.,1.2000000000000046,2.2933333333333326));
#4704=IFCCARTESIANPOINT((1.,1.2000000000000046,2.1666666666666661));
#4705=IFCCARTESIANPOINT((1.,1.2150000000000043,2.1666666666666661));
#4706=IFCPOLYLOOP((#4702,#4703,#4704,#4705));
#4707=IFCFACEOUTERBOUND(#4706,.T.);
#4708=IFCFACE((#4707));
#4709=IFCPOLYLOOP((#4696,#4695,#4702,#4705));
#4710=IFCFACEOUTERBOUND(#4709,.T.);
#4711=IFCFACE((#4710));
#4712=IFCPOLYLOOP((#4697,#4696,#4705,#4704));
#4713=IFCFACEOUTERBOUND(#4712,.T.);
#4714=IFCFACE((#4713));
#4715=IFCPOLYLOOP((#4698,#4697,#4704,#4703));
#4716=IFCFACEOUTERBOUND(#4715,.T.);
#4717=IFCFACE((#4716));
#4718=IFCPOLYLOOP((#4695,#4698,#4703,#4702));
#4719=IFCFACEOUTERBOUND(#4718,.T.);
#4720=IFCFACE((#4719));
#4721=IFCCARTESIANPOINT((1.,1.2450000000000041,2.3333333333333326));
#4722=IFCCARTESIANPOINT((0.,1.2450000000000041,2.3333333333333326));
#4723=IFCCARTESIANPOINT((0.,0.9000000000000079,2.3333333333333326));
#4724=IFCCARTESIANPOINT((1.,0.90000000000000124,2.3333333333333326));
#4725=IFCPOLYLOOP((#4721,#4722,#4723,#4724));
#4726=IFCFACEOUTERBOUND(#4725,.T.);
#4727=IFCFACE((#4726));
#4728=IFCCARTESIANPOINT((1.,0.90000000000000124,2.293333333333333));
#4729=IFCCARTESIANPOINT((0.,0.9000000000000079,2.293333333333333));
#4730=IFCCARTESIANPOINT((0.,1.2220000000000044,2.293333333333333));
#4731=IFCCARTESIANPOINT((1.,1.2220000000000053,2.2933333333333326));
#4732=IFCPOLYLOOP((#4728,#4729,#4730,#4731));
#4733=IFCFACEOUTERBOUND(#4732,.T.);
#4734=IFCFACE((#4733));
#4735=IFCCARTESIANPOINT((1.,1.2220000000000044,2.2833333333333328));
#4736=IFCCARTESIANPOINT((1.,1.2450000000000045,2.2833333333333328));
#4737=IFCPOLYLOOP((#4721,#4724,#4728,#4731,#4735,#4736));
#4738=IFCFACEOUTERBOUND(#4737,.T.);
#4739=IFCFACE((#4738));
#4740=IFCCARTESIANPOINT((0.,1.2450000000000041,2.2833333333333328));
#4741=IFCCARTESIANPOINT((0.,1.222000000000004,2.2833333333333328));
#4742=IFCPOLYLOOP((#4723,#4722,#4740,#4741,#4730,#4729));
#4743=IFCFACEOUTERBOUND(#4742,.T.);
#4744=IFCFACE((#4743));
#4745=IFCPOLYLOOP((#4724,#4723,#4729,#4728));
#4746=IFCFACEOUTERBOUND(#4745,.T.);
#4747=IFCFACE((#4746));
#4748=IFCPOLYLOOP((#4740,#4722,#4721,#4736));
#4749=IFCFACEOUTERBOUND(#4748,.T.);
#4750=IFCFACE((#4749));
#4751=IFCPOLYLOOP((#4741,#4740,#4736,#4735));
#4752=IFCFACEOUTERBOUND(#4751,.T.);
#4753=IFCFACE((#4752));
#4754=IFCPOLYLOOP((#4730,#4741,#4735,#4731));
#4755=IFCFACEOUTERBOUND(#4754,.T.);
#4756=IFCFACE((#4755));
#4757=IFCCARTESIANPOINT((0.,0.91500000000000448,2.4599999999999991));
#4758=IFCCARTESIANPOINT((0.,0.91500000000000448,2.3333333333333326));
#4759=IFCCARTESIANPOINT((0.,0.90000000000000435,2.3333333333333326));
#4760=IFCCARTESIANPOINT((0.,0.90000000000000435,2.4599999999999991));
#4761=IFCPOLYLOOP((#4757,#4758,#4759,#4760));
#4762=IFCFACEOUTERBOUND(#4761,.T.);
#4763=IFCFACE((#4762));
#4764=IFCCARTESIANPOINT((1.,0.91500000000000448,2.4599999999999991));
#4765=IFCCARTESIANPOINT((1.,0.90000000000000435,2.4599999999999991));
#4766=IFCCARTESIANPOINT((1.,0.90000000000000435,2.3333333333333326));
#4767=IFCCARTESIANPOINT((1.,0.91500000000000448,2.3333333333333326));
#4768=IFCPOLYLOOP((#4764,#4765,#4766,#4767));
#4769=IFCFACEOUTERBOUND(#4768,.T.);
#4770=IFCFACE((#4769));
#4771=IFCPOLYLOOP((#4758,#4757,#4764,#4767));
#4772=IFCFACEOUTERBOUND(#4771,.T.);
#4773=IFCFACE((#4772));
#4774=IFCPOLYLOOP((#4759,#4758,#4767,#4766));
#4775=IFCFACEOUTERBOUND(#4774,.T.);
#4776=IFCFACE((#4775));
#4777=IFCPOLYLOOP((#4760,#4759,#4766,#4765));
#4778=IFCFACEOUTERBOUND(#4777,.T.);
#4779=IFCFACE((#4778));
#4780=IFCPOLYLOOP((#4757,#4760,#4765,#4764));
#4781=IFCFACEOUTERBOUND(#4780,.T.);
#4782=IFCFACE((#4781));
#4783=IFCCARTESIANPOINT((1.,0.94500000000000384,2.4999999999999991));
#4784=IFCCARTESIANPOINT((0.,0.94500000000000384,2.4999999999999991));
#4785=IFCCARTESIANPOINT((0.,0.60000000000000764,2.4999999999999991));
#4786=IFCCARTESIANPOINT((1.,0.60000000000000142,2.4999999999999991));
#4787=IFCPOLYLOOP((#4783,#4784,#4785,#4786));
#4788=IFCFACEOUTERBOUND(#4787,.T.);
#4789=IFCFACE((#4788));
#4790=IFCCARTESIANPOINT((1.,0.60000000000000142,2.4599999999999995));
#4791=IFCCARTESIANPOINT((0.,0.60000000000000764,2.4599999999999995));
#4792=IFCCARTESIANPOINT((0.,0.92200000000000459,2.4599999999999995));
#4793=IFCCARTESIANPOINT((1.,0.92200000000000548,2.4599999999999991));
#4794=IFCPOLYLOOP((#4790,#4791,#4792,#4793));
#4795=IFCFACEOUTERBOUND(#4794,.T.);
#4796=IFCFACE((#4795));
#4797=IFCCARTESIANPOINT((1.,0.92200000000000459,2.4499999999999993));
#4798=IFCCARTESIANPOINT((1.,0.94500000000000473,2.4499999999999993));
#4799=IFCPOLYLOOP((#4783,#4786,#4790,#4793,#4797,#4798));
#4800=IFCFACEOUTERBOUND(#4799,.T.);
#4801=IFCFACE((#4800));
#4802=IFCCARTESIANPOINT((0.,0.94500000000000384,2.4499999999999993));
#4803=IFCCARTESIANPOINT((0.,0.92200000000000371,2.4499999999999993));
#4804=IFCPOLYLOOP((#4785,#4784,#4802,#4803,#4792,#4791));
#4805=IFCFACEOUTERBOUND(#4804,.T.);
#4806=IFCFACE((#4805));
#4807=IFCPOLYLOOP((#4786,#4785,#4791,#4790));
#4808=IFCFACEOUTERBOUND(#4807,.T.);
#4809=IFCFACE((#4808));
#4810=IFCPOLYLOOP((#4802,#4784,#4783,#4798));
#4811=IFCFACEOUTERBOUND(#4810,.T.);
#4812=IFCFACE((#4811));
#4813=IFCPOLYLOOP((#4803,#4802,#4798,#4797));
#4814=IFCFACEOUTERBOUND(#4813,.T.);
#4815=IFCFACE((#4814));
#4816=IFCPOLYLOOP((#4792,#4803,#4797,#4793));
#4817=IFCFACEOUTERBOUND(#4816,.T.);
#4818=IFCFACE((#4817));
#4819=IFCCARTESIANPOINT((0.,0.61500000000000066,2.6266666666666656));
#4820=IFCCARTESIANPOINT((0.,0.61500000000000066,2.4999999999999991));
#4821=IFCCARTESIANPOINT((0.,0.60000000000000053,2.4999999999999991));
#4822=IFCCARTESIANPOINT((0.,0.60000000000000053,2.6266666666666656));
#4823=IFCPOLYLOOP((#4819,#4820,#4821,#4822));
#4824=IFCFACEOUTERBOUND(#4823,.T.);
#4825=IFCFACE((#4824));
#4826=IFCCARTESIANPOINT((1.,0.61500000000000066,2.6266666666666656));
#4827=IFCCARTESIANPOINT((1.,0.60000000000000053,2.6266666666666656));
#4828=IFCCARTESIANPOINT((1.,0.60000000000000053,2.4999999999999991));
#4829=IFCCARTESIANPOINT((1.,0.61500000000000066,2.4999999999999991));
#4830=IFCPOLYLOOP((#4826,#4827,#4828,#4829));
#4831=IFCFACEOUTERBOUND(#4830,.T.);
#4832=IFCFACE((#4831));
#4833=IFCPOLYLOOP((#4820,#4819,#4826,#4829));
#4834=IFCFACEOUTERBOUND(#4833,.T.);
#4835=IFCFACE((#4834));
#4836=IFCPOLYLOOP((#4821,#4820,#4829,#4828));
#4837=IFCFACEOUTERBOUND(#4836,.T.);
#4838=IFCFACE((#4837));
#4839=IFCPOLYLOOP((#4822,#4821,#4828,#4827));
#4840=IFCFACEOUTERBOUND(#4839,.T.);
#4841=IFCFACE((#4840));
#4842=IFCPOLYLOOP((#4819,#4822,#4827,#4826));
#4843=IFCFACEOUTERBOUND(#4842,.T.);
#4844=IFCFACE((#4843));
#4845=IFCCARTESIANPOINT((1.,0.64500000000000002,2.6666666666666656));
#4846=IFCCARTESIANPOINT((0.,0.64500000000000002,2.6666666666666656));
#4847=IFCCARTESIANPOINT((0.,0.30000000000000382,2.6666666666666656));
#4848=IFCCARTESIANPOINT((1.,0.2999999999999976,2.6666666666666656));
#4849=IFCPOLYLOOP((#4845,#4846,#4847,#4848));
#4850=IFCFACEOUTERBOUND(#4849,.T.);
#4851=IFCFACE((#4850));
#4852=IFCCARTESIANPOINT((1.,0.2999999999999976,2.626666666666666));
#4853=IFCCARTESIANPOINT((0.,0.30000000000000382,2.626666666666666));
#4854=IFCCARTESIANPOINT((0.,0.62200000000000077,2.626666666666666));
#4855=IFCCARTESIANPOINT((1.,0.62200000000000166,2.6266666666666656));
#4856=IFCPOLYLOOP((#4852,#4853,#4854,#4855));
#4857=IFCFACEOUTERBOUND(#4856,.T.);
#4858=IFCFACE((#4857));
#4859=IFCCARTESIANPOINT((1.,0.62200000000000077,2.6166666666666658));
#4860=IFCCARTESIANPOINT((1.,0.64500000000000091,2.6166666666666658));
#4861=IFCPOLYLOOP((#4845,#4848,#4852,#4855,#4859,#4860));
#4862=IFCFACEOUTERBOUND(#4861,.T.);
#4863=IFCFACE((#4862));
#4864=IFCCARTESIANPOINT((0.,0.64500000000000002,2.6166666666666658));
#4865=IFCCARTESIANPOINT((0.,0.62199999999999989,2.6166666666666658));
#4866=IFCPOLYLOOP((#4847,#4846,#4864,#4865,#4854,#4853));
#4867=IFCFACEOUTERBOUND(#4866,.T.);
#4868=IFCFACE((#4867));
#4869=IFCPOLYLOOP((#4848,#4847,#4853,#4852));
#4870=IFCFACEOUTERBOUND(#4869,.T.);
#4871=IFCFACE((#4870));
#4872=IFCPOLYLOOP((#4864,#4846,#4845,#4860));
#4873=IFCFACEOUTERBOUND(#4872,.T.);
#4874=IFCFACE((#4873));
#4875=IFCPOLYLOOP((#4865,#4864,#4860,#4859));
#4876=IFCFACEOUTERBOUND(#4875,.T.);
#4877=IFCFACE((#4876));
#4878=IFCPOLYLOOP((#4854,#4865,#4859,#4855));
#4879=IFCFACEOUTERBOUND(#4878,.T.);
#4880=IFCFACE((#4879));
#4881=IFCCARTESIANPOINT((0.,0.31500000000000394,2.7933333333333326));
#4882=IFCCARTESIANPOINT((0.,0.31500000000000394,2.6666666666666656));
#4883=IFCCARTESIANPOINT((0.,0.30000000000000382,2.6666666666666656));
#4884=IFCCARTESIANPOINT((0.,0.30000000000000382,2.7933333333333326));
#4885=IFCPOLYLOOP((#4881,#4882,#4883,#4884));
#4886=IFCFACEOUTERBOUND(#4885,.T.);
#4887=IFCFACE((#4886));
#4888=IFCCARTESIANPOINT((1.,0.31500000000000394,2.7933333333333326));
#4889=IFCCARTESIANPOINT((1.,0.30000000000000382,2.7933333333333326));
#4890=IFCCARTESIANPOINT((1.,0.30000000000000382,2.6666666666666656));
#4891=IFCCARTESIANPOINT((1.,0.31500000000000394,2.6666666666666656));
#4892=IFCPOLYLOOP((#4888,#4889,#4890,#4891));
#4893=IFCFACEOUTERBOUND(#4892,.T.);
#4894=IFCFACE((#4893));
#4895=IFCPOLYLOOP((#4882,#4881,#4888,#4891));
#4896=IFCFACEOUTERBOUND(#4895,.T.);
#4897=IFCFACE((#4896));
#4898=IFCPOLYLOOP((#4883,#4882,#4891,#4890));
#4899=IFCFACEOUTERBOUND(#4898,.T.);
#4900=IFCFACE((#4899));
#4901=IFCPOLYLOOP((#4884,#4883,#4890,#4889));
#4902=IFCFACEOUTERBOUND(#4901,.T.);
#4903=IFCFACE((#4902));
#4904=IFCPOLYLOOP((#4881,#4884,#4889,#4888));
#4905=IFCFACEOUTERBOUND(#4904,.T.);
#4906=IFCFACE((#4905));
#4907=IFCCARTESIANPOINT((0.,0.015000000000001457,2.9599999999999995));
#4908=IFCCARTESIANPOINT((0.,0.015000000000001457,2.833333333333333));
#4909=IFCCARTESIANPOINT((0.,0.,2.833333333333333));
#4910=IFCCARTESIANPOINT((0.,0.,2.9599999999999995));
#4911=IFCPOLYLOOP((#4907,#4908,#4909,#4910));
#4912=IFCFACEOUTERBOUND(#4911,.T.);
#4913=IFCFACE((#4912));
#4914=IFCCARTESIANPOINT((1.,0.015000000000001457,2.9599999999999995));
#4915=IFCCARTESIANPOINT((1.,0.,2.9599999999999995));
#4916=IFCCARTESIANPOINT((1.,0.,2.833333333333333));
#4917=IFCCARTESIANPOINT((1.,0.015000000000001457,2.833333333333333));
#4918=IFCPOLYLOOP((#4914,#4915,#4916,#4917));
#4919=IFCFACEOUTERBOUND(#4918,.T.);
#4920=IFCFACE((#4919));
#4921=IFCPOLYLOOP((#4908,#4907,#4914,#4917));
#4922=IFCFACEOUTERBOUND(#4921,.T.);
#4923=IFCFACE((#4922));
#4924=IFCPOLYLOOP((#4909,#4908,#4917,#4916));
#4925=IFCFACEOUTERBOUND(#4924,.T.);
#4926=IFCFACE((#4925));
#4927=IFCPOLYLOOP((#4910,#4909,#4916,#4915));
#4928=IFCFACEOUTERBOUND(#4927,.T.);
#4929=IFCFACE((#4928));
#4930=IFCPOLYLOOP((#4907,#4910,#4915,#4914));
#4931=IFCFACEOUTERBOUND(#4930,.T.);
#4932=IFCFACE((#4931));
#4933=IFCCARTESIANPOINT((1.,0.3450000000000033,2.8333333333333326));
#4934=IFCCARTESIANPOINT((0.,0.3450000000000033,2.8333333333333326));
#4935=IFCCARTESIANPOINT((0.,0.,2.8333333333333326));
#4936=IFCCARTESIANPOINT((1.,0.,2.8333333333333326));
#4937=IFCPOLYLOOP((#4933,#4934,#4935,#4936));
#4938=IFCFACEOUTERBOUND(#4937,.T.);
#4939=IFCFACE((#4938));
#4940=IFCCARTESIANPOINT((1.,0.,2.793333333333333));
#4941=IFCCARTESIANPOINT((0.,0.,2.793333333333333));
#4942=IFCCARTESIANPOINT((0.,0.32200000000000362,2.793333333333333));
#4943=IFCCARTESIANPOINT((1.,0.32200000000000495,2.7933333333333326));
#4944=IFCPOLYLOOP((#4940,#4941,#4942,#4943));
#4945=IFCFACEOUTERBOUND(#4944,.T.);
#4946=IFCFACE((#4945));
#4947=IFCCARTESIANPOINT((1.,0.32200000000000362,2.7833333333333323));
#4948=IFCCARTESIANPOINT((1.,0.34500000000000419,2.7833333333333323));
#4949=IFCPOLYLOOP((#4933,#4936,#4940,#4943,#4947,#4948));
#4950=IFCFACEOUTERBOUND(#4949,.T.);
#4951=IFCFACE((#4950));
#4952=IFCCARTESIANPOINT((0.,0.3450000000000033,2.7833333333333323));
#4953=IFCCARTESIANPOINT((0.,0.32200000000000317,2.7833333333333323));
#4954=IFCPOLYLOOP((#4935,#4934,#4952,#4953,#4942,#4941));
#4955=IFCFACEOUTERBOUND(#4954,.T.);
#4956=IFCFACE((#4955));
#4957=IFCPOLYLOOP((#4936,#4935,#4941,#4940));
#4958=IFCFACEOUTERBOUND(#4957,.T.);
#4959=IFCFACE((#4958));
#4960=IFCPOLYLOOP((#4952,#4934,#4933,#4948));
#4961=IFCFACEOUTERBOUND(#4960,.T.);
#4962=IFCFACE((#4961));
#4963=IFCPOLYLOOP((#4953,#4952,#4948,#4947));
#4964=IFCFACEOUTERBOUND(#4963,.T.);
#4965=IFCFACE((#4964));
#4966=IFCPOLYLOOP((#4942,#4953,#4947,#4943));
#4967=IFCFACEOUTERBOUND(#4966,.T.);
#4968=IFCFACE((#4967));
#4969=IFCCARTESIANPOINT((1.,4.8000000000000025,0.12666666666666671));
#4970=IFCCARTESIANPOINT((1.,5.1000000000000032,0.12666666666666671));
#4971=IFCCARTESIANPOINT((0.,5.1000000000000032,0.12666666666666671));
#4972=IFCCARTESIANPOINT((0.,4.7999999999999989,0.12666666666666671));
#4973=IFCPOLYLOOP((#4969,#4970,#4971,#4972));
#4974=IFCFACEOUTERBOUND(#4973,.T.);
#4975=IFCFACE((#4974));
#4976=IFCCARTESIANPOINT((1.,4.8000000000000025,0.));
#4977=IFCCARTESIANPOINT((1.,5.1000000000000032,0.));
#4978=IFCPOLYLOOP((#4970,#4969,#4976,#4977));
#4979=IFCFACEOUTERBOUND(#4978,.T.);
#4980=IFCFACE((#4979));
#4981=IFCCARTESIANPOINT((0.,5.1000000000000032,0.));
#4982=IFCPOLYLOOP((#4971,#4970,#4977,#4981));
#4983=IFCFACEOUTERBOUND(#4982,.T.);
#4984=IFCFACE((#4983));
#4985=IFCCARTESIANPOINT((0.,4.8000000000000025,0.));
#4986=IFCPOLYLOOP((#4972,#4971,#4981,#4985));
#4987=IFCFACEOUTERBOUND(#4986,.T.);
#4988=IFCFACE((#4987));
#4989=IFCCARTESIANPOINT((1.,4.5,0.29333333333333333));
#4990=IFCCARTESIANPOINT((1.,4.7999999999999989,0.29333333333333333));
#4991=IFCCARTESIANPOINT((0.,4.7999999999999989,0.29333333333333333));
#4992=IFCCARTESIANPOINT((0.,4.5000000000000018,0.29333333333333333));
#4993=IFCPOLYLOOP((#4989,#4990,#4991,#4992));
#4994=IFCFACEOUTERBOUND(#4993,.T.);
#4995=IFCFACE((#4994));
#4996=IFCCARTESIANPOINT((1.,4.5,0.11029990860467732));
#4997=IFCCARTESIANPOINT((1.,4.6985398354884182,0.));
#4998=IFCPOLYLOOP((#4976,#4969,#4990,#4989,#4996,#4997));
#4999=IFCFACEOUTERBOUND(#4998,.T.);
#5000=IFCFACE((#4999));
#5001=IFCPOLYLOOP((#4969,#4972,#4991,#4990));
#5002=IFCFACEOUTERBOUND(#5001,.T.);
#5003=IFCFACE((#5002));
#5004=IFCCARTESIANPOINT((0.,4.6985398354884182,0.));
#5005=IFCCARTESIANPOINT((0.,4.5,0.11029990860467702));
#5006=IFCPOLYLOOP((#4972,#4985,#5004,#5005,#4992,#4991));
#5007=IFCFACEOUTERBOUND(#5006,.T.);
#5008=IFCFACE((#5007));
#5009=IFCCARTESIANPOINT((1.,4.2000000000000028,0.46000000000000002));
#5010=IFCCARTESIANPOINT((1.,4.5000000000000018,0.46000000000000002));
#5011=IFCCARTESIANPOINT((0.,4.5000000000000018,0.46000000000000002));
#5012=IFCCARTESIANPOINT((0.,4.2000000000000028,0.46000000000000002));
#5013=IFCPOLYLOOP((#5009,#5010,#5011,#5012));
#5014=IFCFACEOUTERBOUND(#5013,.T.);
#5015=IFCFACE((#5014));
#5016=IFCCARTESIANPOINT((1.,4.2000000000000028,0.27696657527134239));
#5017=IFCPOLYLOOP((#5010,#5009,#5016,#4996,#4989));
#5018=IFCFACEOUTERBOUND(#5017,.T.);
#5019=IFCFACE((#5018));
#5020=IFCPOLYLOOP((#4989,#4992,#5011,#5010));
#5021=IFCFACEOUTERBOUND(#5020,.T.);
#5022=IFCFACE((#5021));
#5023=IFCCARTESIANPOINT((0.,4.2000000000000028,0.27696657527134189));
#5024=IFCPOLYLOOP((#5012,#5011,#4992,#5005,#5023));
#5025=IFCFACEOUTERBOUND(#5024,.T.);
#5026=IFCFACE((#5025));
#5027=IFCCARTESIANPOINT((1.,3.9000000000000026,0.62666666666666659));
#5028=IFCCARTESIANPOINT((1.,4.2000000000000028,0.62666666666666659));
#5029=IFCCARTESIANPOINT((0.,4.2000000000000028,0.62666666666666659));
#5030=IFCCARTESIANPOINT((0.,3.9000000000000026,0.62666666666666659));
#5031=IFCPOLYLOOP((#5027,#5028,#5029,#5030));
#5032=IFCFACEOUTERBOUND(#5031,.T.);
#5033=IFCFACE((#5032));
#5034=IFCCARTESIANPOINT((1.,3.9000000000000026,0.44363324193800907));
#5035=IFCPOLYLOOP((#5028,#5027,#5034,#5016,#5009));
#5036=IFCFACEOUTERBOUND(#5035,.T.);
#5037=IFCFACE((#5036));
#5038=IFCPOLYLOOP((#5009,#5012,#5029,#5028));
#5039=IFCFACEOUTERBOUND(#5038,.T.);
#5040=IFCFACE((#5039));
#5041=IFCCARTESIANPOINT((0.,3.9000000000000026,0.44363324193800852));
#5042=IFCPOLYLOOP((#5030,#5029,#5012,#5023,#5041));
#5043=IFCFACEOUTERBOUND(#5042,.T.);
#5044=IFCFACE((#5043));
#5045=IFCCARTESIANPOINT((1.,3.6000000000000028,0.79333333333333333));
#5046=IFCCARTESIANPOINT((1.,3.9000000000000026,0.79333333333333333));
#5047=IFCCARTESIANPOINT((0.,3.9000000000000026,0.79333333333333333));
#5048=IFCCARTESIANPOINT((0.,3.6000000000000028,0.79333333333333333));
#5049=IFCPOLYLOOP((#5045,#5046,#5047,#5048));
#5050=IFCFACEOUTERBOUND(#5049,.T.);
#5051=IFCFACE((#5050));
#5052=IFCCARTESIANPOINT((1.,3.6000000000000028,0.6102999086046752));
#5053=IFCPOLYLOOP((#5046,#5045,#5052,#5034,#5027));
#5054=IFCFACEOUTERBOUND(#5053,.T.);
#5055=IFCFACE((#5054));
#5056=IFCPOLYLOOP((#5027,#5030,#5047,#5046));
#5057=IFCFACEOUTERBOUND(#5056,.T.);
#5058=IFCFACE((#5057));
#5059=IFCCARTESIANPOINT((0.,3.6000000000000028,0.6102999086046752));
#5060=IFCPOLYLOOP((#5048,#5047,#5030,#5041,#5059));
#5061=IFCFACEOUTERBOUND(#5060,.T.);
#5062=IFCFACE((#5061));
#5063=IFCCARTESIANPOINT((1.,3.3000000000000029,0.95999999999999985));
#5064=IFCCARTESIANPOINT((1.,3.6000000000000028,0.95999999999999985));
#5065=IFCCARTESIANPOINT((0.,3.6000000000000028,0.95999999999999985));
#5066=IFCCARTESIANPOINT((0.,3.2999999999999994,0.95999999999999985));
#5067=IFCPOLYLOOP((#5063,#5064,#5065,#5066));
#5068=IFCFACEOUTERBOUND(#5067,.T.);
#5069=IFCFACE((#5068));
#5070=IFCCARTESIANPOINT((1.,3.3000000000000029,0.77696657527134183));
#5071=IFCPOLYLOOP((#5064,#5063,#5070,#5052,#5045));
#5072=IFCFACEOUTERBOUND(#5071,.T.);
#5073=IFCFACE((#5072));
#5074=IFCPOLYLOOP((#5045,#5048,#5065,#5064));
#5075=IFCFACEOUTERBOUND(#5074,.T.);
#5076=IFCFACE((#5075));
#5077=IFCCARTESIANPOINT((0.,3.3000000000000029,0.77696657527134183));
#5078=IFCPOLYLOOP((#5066,#5065,#5048,#5059,#5077));
#5079=IFCFACEOUTERBOUND(#5078,.T.);
#5080=IFCFACE((#5079));
#5081=IFCCARTESIANPOINT((1.,3.,1.1266666666666665));
#5082=IFCCARTESIANPOINT((1.,3.2999999999999994,1.1266666666666665));
#5083=IFCCARTESIANPOINT((0.,3.2999999999999994,1.1266666666666665));
#5084=IFCCARTESIANPOINT((0.,3.,1.1266666666666665));
#5085=IFCPOLYLOOP((#5081,#5082,#5083,#5084));
#5086=IFCFACEOUTERBOUND(#5085,.T.);
#5087=IFCFACE((#5086));
#5088=IFCCARTESIANPOINT((1.,3.,0.94363324193801013));
#5089=IFCPOLYLOOP((#5082,#5081,#5088,#5070,#5063));
#5090=IFCFACEOUTERBOUND(#5089,.T.);
#5091=IFCFACE((#5090));
#5092=IFCPOLYLOOP((#5063,#5066,#5083,#5082));
#5093=IFCFACEOUTERBOUND(#5092,.T.);
#5094=IFCFACE((#5093));
#5095=IFCCARTESIANPOINT((0.,3.,0.94363324193801046));
#5096=IFCPOLYLOOP((#5084,#5083,#5066,#5077,#5095));
#5097=IFCFACEOUTERBOUND(#5096,.T.);
#5098=IFCFACE((#5097));
#5099=IFCCARTESIANPOINT((1.,2.7000000000000024,1.293333333333333));
#5100=IFCCARTESIANPOINT((1.,3.,1.293333333333333));
#5101=IFCCARTESIANPOINT((0.,3.,1.293333333333333));
#5102=IFCCARTESIANPOINT((0.,2.7000000000000024,1.293333333333333));
#5103=IFCPOLYLOOP((#5099,#5100,#5101,#5102));
#5104=IFCFACEOUTERBOUND(#5103,.T.);
#5105=IFCFACE((#5104));
#5106=IFCCARTESIANPOINT((1.,2.7000000000000024,1.1102999086046752));
#5107=IFCPOLYLOOP((#5100,#5099,#5106,#5088,#5081));
#5108=IFCFACEOUTERBOUND(#5107,.T.);
#5109=IFCFACE((#5108));
#5110=IFCPOLYLOOP((#5081,#5084,#5101,#5100));
#5111=IFCFACEOUTERBOUND(#5110,.T.);
#5112=IFCFACE((#5111));
#5113=IFCCARTESIANPOINT((0.,2.7000000000000024,1.1102999086046752));
#5114=IFCPOLYLOOP((#5102,#5101,#5084,#5095,#5113));
#5115=IFCFACEOUTERBOUND(#5114,.T.);
#5116=IFCFACE((#5115));
#5117=IFCCARTESIANPOINT((1.,2.4000000000000026,1.4599999999999997));
#5118=IFCCARTESIANPOINT((1.,2.7000000000000024,1.4599999999999997));
#5119=IFCCARTESIANPOINT((0.,2.7000000000000024,1.4599999999999997));
#5120=IFCCARTESIANPOINT((0.,2.4000000000000017,1.4599999999999997));
#5121=IFCPOLYLOOP((#5117,#5118,#5119,#5120));
#5122=IFCFACEOUTERBOUND(#5121,.T.);
#5123=IFCFACE((#5122));
#5124=IFCCARTESIANPOINT((1.,2.4000000000000026,1.2769665752713419));
#5125=IFCPOLYLOOP((#5118,#5117,#5124,#5106,#5099));
#5126=IFCFACEOUTERBOUND(#5125,.T.);
#5127=IFCFACE((#5126));
#5128=IFCPOLYLOOP((#5099,#5102,#5119,#5118));
#5129=IFCFACEOUTERBOUND(#5128,.T.);
#5130=IFCFACE((#5129));
#5131=IFCCARTESIANPOINT((0.,2.4000000000000026,1.2769665752713419));
#5132=IFCPOLYLOOP((#5120,#5119,#5102,#5113,#5131));
#5133=IFCFACEOUTERBOUND(#5132,.T.);
#5134=IFCFACE((#5133));
#5135=IFCCARTESIANPOINT((1.,2.100000000000001,1.6266666666666665));
#5136=IFCCARTESIANPOINT((1.,2.4000000000000017,1.6266666666666665));
#5137=IFCCARTESIANPOINT((0.,2.4000000000000017,1.6266666666666665));
#5138=IFCCARTESIANPOINT((0.,2.100000000000001,1.6266666666666665));
#5139=IFCPOLYLOOP((#5135,#5136,#5137,#5138));
#5140=IFCFACEOUTERBOUND(#5139,.T.);
#5141=IFCFACE((#5140));
#5142=IFCCARTESIANPOINT((1.,2.1000000000000019,1.4436332419380091));
#5143=IFCPOLYLOOP((#5136,#5135,#5142,#5124,#5117));
#5144=IFCFACEOUTERBOUND(#5143,.T.);
#5145=IFCFACE((#5144));
#5146=IFCPOLYLOOP((#5117,#5120,#5137,#5136));
#5147=IFCFACEOUTERBOUND(#5146,.T.);
#5148=IFCFACE((#5147));
#5149=IFCCARTESIANPOINT((0.,2.100000000000001,1.4436332419380091));
#5150=IFCPOLYLOOP((#5138,#5137,#5120,#5131,#5149));
#5151=IFCFACEOUTERBOUND(#5150,.T.);
#5152=IFCFACE((#5151));
#5153=IFCCARTESIANPOINT((1.,1.8000000000000012,1.793333333333333));
#5154=IFCCARTESIANPOINT((1.,2.100000000000001,1.793333333333333));
#5155=IFCCARTESIANPOINT((0.,2.100000000000001,1.793333333333333));
#5156=IFCCARTESIANPOINT((0.,1.7999999999999976,1.793333333333333));
#5157=IFCPOLYLOOP((#5153,#5154,#5155,#5156));
#5158=IFCFACEOUTERBOUND(#5157,.T.);
#5159=IFCFACE((#5158));
#5160=IFCCARTESIANPOINT((1.,1.800000000000002,1.6102999086046759));
#5161=IFCPOLYLOOP((#5154,#5153,#5160,#5142,#5135));
#5162=IFCFACEOUTERBOUND(#5161,.T.);
#5163=IFCFACE((#5162));
#5164=IFCPOLYLOOP((#5135,#5138,#5155,#5154));
#5165=IFCFACEOUTERBOUND(#5164,.T.);
#5166=IFCFACE((#5165));
#5167=IFCCARTESIANPOINT((0.,1.8000000000000012,1.6102999086046756));
#5168=IFCPOLYLOOP((#5156,#5155,#5138,#5149,#5167));
#5169=IFCFACEOUTERBOUND(#5168,.T.);
#5170=IFCFACE((#5169));
#5171=IFCCARTESIANPOINT((1.,1.4999999999999978,1.9599999999999995));
#5172=IFCCARTESIANPOINT((1.,1.7999999999999976,1.9599999999999995));
#5173=IFCCARTESIANPOINT((0.,1.7999999999999976,1.9599999999999995));
#5174=IFCCARTESIANPOINT((0.,1.5000000000000013,1.9599999999999995));
#5175=IFCPOLYLOOP((#5171,#5172,#5173,#5174));
#5176=IFCFACEOUTERBOUND(#5175,.T.);
#5177=IFCFACE((#5176));
#5178=IFCCARTESIANPOINT((1.,1.4999999999999987,1.7769665752713444));
#5179=IFCPOLYLOOP((#5172,#5171,#5178,#5160,#5153));
#5180=IFCFACEOUTERBOUND(#5179,.T.);
#5181=IFCFACE((#5180));
#5182=IFCPOLYLOOP((#5153,#5156,#5173,#5172));
#5183=IFCFACEOUTERBOUND(#5182,.T.);
#5184=IFCFACE((#5183));
#5185=IFCCARTESIANPOINT((0.,1.4999999999999978,1.7769665752713444));
#5186=IFCPOLYLOOP((#5174,#5173,#5156,#5167,#5185));
#5187=IFCFACEOUTERBOUND(#5186,.T.);
#5188=IFCFACE((#5187));
#5189=IFCCARTESIANPOINT((1.,1.2000000000000015,2.126666666666666));
#5190=IFCCARTESIANPOINT((1.,1.5000000000000013,2.126666666666666));
#5191=IFCCARTESIANPOINT((0.,1.5000000000000013,2.126666666666666));
#5192=IFCCARTESIANPOINT((0.,1.2000000000000015,2.126666666666666));
#5193=IFCPOLYLOOP((#5189,#5190,#5191,#5192));
#5194=IFCFACEOUTERBOUND(#5193,.T.);
#5195=IFCFACE((#5194));
#5196=IFCCARTESIANPOINT((1.,1.2000000000000024,1.9436332419380089));
#5197=IFCPOLYLOOP((#5190,#5189,#5196,#5178,#5171));
#5198=IFCFACEOUTERBOUND(#5197,.T.);
#5199=IFCFACE((#5198));
#5200=IFCPOLYLOOP((#5171,#5174,#5191,#5190));
#5201=IFCFACEOUTERBOUND(#5200,.T.);
#5202=IFCFACE((#5201));
#5203=IFCCARTESIANPOINT((0.,1.2000000000000015,1.9436332419380089));
#5204=IFCPOLYLOOP((#5192,#5191,#5174,#5185,#5203));
#5205=IFCFACEOUTERBOUND(#5204,.T.);
#5206=IFCFACE((#5205));
#5207=IFCCARTESIANPOINT((1.,0.90000000000000124,2.293333333333333));
#5208=IFCCARTESIANPOINT((1.,1.2000000000000015,2.293333333333333));
#5209=IFCCARTESIANPOINT((0.,1.2000000000000015,2.293333333333333));
#5210=IFCCARTESIANPOINT((0.,0.90000000000000124,2.293333333333333));
#5211=IFCPOLYLOOP((#5207,#5208,#5209,#5210));
#5212=IFCFACEOUTERBOUND(#5211,.T.);
#5213=IFCFACE((#5212));
#5214=IFCCARTESIANPOINT((1.,0.90000000000000258,2.1102999086046754));
#5215=IFCPOLYLOOP((#5208,#5207,#5214,#5196,#5189));
#5216=IFCFACEOUTERBOUND(#5215,.T.);
#5217=IFCFACE((#5216));
#5218=IFCPOLYLOOP((#5189,#5192,#5209,#5208));
#5219=IFCFACEOUTERBOUND(#5218,.T.);
#5220=IFCFACE((#5219));
#5221=IFCCARTESIANPOINT((0.,0.90000000000000124,2.1102999086046754));
#5222=IFCPOLYLOOP((#5210,#5209,#5192,#5203,#5221));
#5223=IFCFACEOUTERBOUND(#5222,.T.);
#5224=IFCFACE((#5223));
#5225=IFCCARTESIANPOINT((1.,0.60000000000000142,2.4599999999999995));
#5226=IFCCARTESIANPOINT((1.,0.90000000000000124,2.4599999999999995));
#5227=IFCCARTESIANPOINT((0.,0.90000000000000124,2.4599999999999995));
#5228=IFCCARTESIANPOINT((0.,0.59999999999999742,2.4599999999999995));
#5229=IFCPOLYLOOP((#5225,#5226,#5227,#5228));
#5230=IFCFACEOUTERBOUND(#5229,.T.);
#5231=IFCFACE((#5230));
#5232=IFCCARTESIANPOINT((1.,0.60000000000000187,2.2769665752713424));
#5233=IFCPOLYLOOP((#5226,#5225,#5232,#5214,#5207));
#5234=IFCFACEOUTERBOUND(#5233,.T.);
#5235=IFCFACE((#5234));
#5236=IFCPOLYLOOP((#5207,#5210,#5227,#5226));
#5237=IFCFACEOUTERBOUND(#5236,.T.);
#5238=IFCFACE((#5237));
#5239=IFCCARTESIANPOINT((0.,0.60000000000000142,2.2769665752713424));
#5240=IFCPOLYLOOP((#5228,#5227,#5210,#5221,#5239));
#5241=IFCFACEOUTERBOUND(#5240,.T.);
#5242=IFCFACE((#5241));
#5243=IFCCARTESIANPOINT((1.,0.2999999999999976,2.626666666666666));
#5244=IFCCARTESIANPOINT((1.,0.59999999999999742,2.626666666666666));
#5245=IFCCARTESIANPOINT((0.,0.59999999999999742,2.626666666666666));
#5246=IFCCARTESIANPOINT((0.,0.30000000000000071,2.626666666666666));
#5247=IFCPOLYLOOP((#5243,#5244,#5245,#5246));
#5248=IFCFACEOUTERBOUND(#5247,.T.);
#5249=IFCFACE((#5248));
#5250=IFCCARTESIANPOINT((1.,0.29999999999999849,2.4436332419380107));
#5251=IFCPOLYLOOP((#5244,#5243,#5250,#5232,#5225));
#5252=IFCFACEOUTERBOUND(#5251,.T.);
#5253=IFCFACE((#5252));
#5254=IFCPOLYLOOP((#5225,#5228,#5245,#5244));
#5255=IFCFACEOUTERBOUND(#5254,.T.);
#5256=IFCFACE((#5255));
#5257=IFCCARTESIANPOINT((0.,0.2999999999999976,2.4436332419380107));
#5258=IFCPOLYLOOP((#5246,#5245,#5228,#5239,#5257));
#5259=IFCFACEOUTERBOUND(#5258,.T.);
#5260=IFCFACE((#5259));
#5261=IFCCARTESIANPOINT((1.,0.,2.793333333333333));
#5262=IFCCARTESIANPOINT((1.,0.30000000000000071,2.793333333333333));
#5263=IFCCARTESIANPOINT((0.,0.30000000000000071,2.793333333333333));
#5264=IFCCARTESIANPOINT((0.,0.,2.793333333333333));
#5265=IFCPOLYLOOP((#5261,#5262,#5263,#5264));
#5266=IFCFACEOUTERBOUND(#5265,.T.);
#5267=IFCFACE((#5266));
#5268=IFCCARTESIANPOINT((1.,0.,2.6102999086046759));
#5269=IFCPOLYLOOP((#5262,#5261,#5268,#5250,#5243));
#5270=IFCFACEOUTERBOUND(#5269,.T.);
#5271=IFCFACE((#5270));
#5272=IFCPOLYLOOP((#5243,#5246,#5263,#5262));
#5273=IFCFACEOUTERBOUND(#5272,.T.);
#5274=IFCFACE((#5273));
#5275=IFCCARTESIANPOINT((0.,0.,2.6102999086046754));
#5276=IFCPOLYLOOP((#5264,#5263,#5246,#5257,#5275));
#5277=IFCFACEOUTERBOUND(#5276,.T.);
#5278=IFCFACE((#5277));
#5279=IFCPOLYLOOP((#5261,#5264,#5275,#5268));
#5280=IFCFACEOUTERBOUND(#5279,.T.);
#5281=IFCFACE((#5280));
#5282=IFCPOLYLOOP((#4977,#4976,#4997,#5004,#4985,#4981));
#5283=IFCFACEOUTERBOUND(#5282,.T.);
#5284=IFCFACE((#5283));
#5285=IFCPOLYLOOP((#5004,#4997,#4996,#5016,#5034,#5052,#5070,#5088,#5106,#5124,#5142,#5160,#5178,#5196,#5214,#5232,#5250,#5268,#5275,#5257,#5239,#5221,#5203,#5185,#5167,#5149,#5131,#5113,#5095,#5077,#5059,#5041,#5023,#5005));
#5286=IFCFACEOUTERBOUND(#5285,.T.);
#5287=IFCFACE((#5286));
#5288=IFCCLOSEDSHELL((#3895,#3900,#3905,#3910,#3915,#3918,#3921,#3924));
#5289=IFCFACETEDBREP(#5288);
#5290=IFCCOLOURRGB($,0.82352941176470584,0.82352941176470584,0.82352941176470584);
#5291=IFCSURFACESTYLERENDERING(#5290,0.,$,$,$,$,IFCNORMALISEDRATIOMEASURE(0.5),IFCSPECULAREXPONENT(128.),.NOTDEFINED.);
#5292=IFCSURFACESTYLE('Cer\X\E1mica blanca',.BOTH.,(#5291));
#5293=IFCPRESENTATIONSTYLEASSIGNMENT((#5292));
#5294=IFCSTYLEDITEM(#5289,(#5293),$);
#5295=IFCCLOSEDSHELL((#3931,#3938,#3941,#3944,#3947,#3950));
#5296=IFCFACETEDBREP(#5295);
#5297=IFCSTYLEDITEM(#5296,(#5293),$);
#5298=IFCCLOSEDSHELL((#3957,#3964,#3967,#3970,#3973,#3976));
#5299=IFCFACETEDBREP(#5298);
#5300=IFCSTYLEDITEM(#5299,(#5293),$);
#5301=IFCCLOSEDSHELL((#3983,#3990,#3995,#4000,#4003,#4006,#4009,#4012));
#5302=IFCFACETEDBREP(#5301);
#5303=IFCSTYLEDITEM(#5302,(#5293),$);
#5304=IFCCLOSEDSHELL((#4019,#4026,#4029,#4032,#4035,#4038));
#5305=IFCFACETEDBREP(#5304);
#5306=IFCSTYLEDITEM(#5305,(#5293),$);
#5307=IFCCLOSEDSHELL((#4045,#4052,#4057,#4062,#4065,#4068,#4071,#4074));
#5308=IFCFACETEDBREP(#5307);
#5309=IFCSTYLEDITEM(#5308,(#5293),$);
#5310=IFCCLOSEDSHELL((#4081,#4088,#4091,#4094,#4097,#4100));
#5311=IFCFACETEDBREP(#5310);
#5312=IFCSTYLEDITEM(#5311,(#5293),$);
#5313=IFCCLOSEDSHELL((#4107,#4114,#4119,#4124,#4127,#4130,#4133,#4136));
#5314=IFCFACETEDBREP(#5313);
#5315=IFCSTYLEDITEM(#5314,(#5293),$);
#5316=IFCCLOSEDSHELL((#4143,#4150,#4153,#4156,#4159,#4162));
#5317=IFCFACETEDBREP(#5316);
#5318=IFCSTYLEDITEM(#5317,(#5293),$);
#5319=IFCCLOSEDSHELL((#4169,#4176,#4181,#4186,#4189,#4192,#4195,#4198));
#5320=IFCFACETEDBREP(#5319);
#5321=IFCSTYLEDITEM(#5320,(#5293),$);
#5322=IFCCLOSEDSHELL((#4205,#4212,#4215,#4218,#4221,#4224));
#5323=IFCFACETEDBREP(#5322);
#5324=IFCSTYLEDITEM(#5323,(#5293),$);
#5325=IFCCLOSEDSHELL((#4231,#4238,#4243,#4248,#4251,#4254,#4257,#4260));
#5326=IFCFACETEDBREP(#5325);
#5327=IFCSTYLEDITEM(#5326,(#5293),$);
#5328=IFCCLOSEDSHELL((#4267,#4274,#4277,#4280,#4283,#4286));
#5329=IFCFACETEDBREP(#5328);
#5330=IFCSTYLEDITEM(#5329,(#5293),$);
#5331=IFCCLOSEDSHELL((#4293,#4300,#4305,#4310,#4313,#4316,#4319,#4322));
#5332=IFCFACETEDBREP(#5331);
#5333=IFCSTYLEDITEM(#5332,(#5293),$);
#5334=IFCCLOSEDSHELL((#4329,#4336,#4339,#4342,#4345,#4348));
#5335=IFCFACETEDBREP(#5334);
#5336=IFCSTYLEDITEM(#5335,(#5293),$);
#5337=IFCCLOSEDSHELL((#4355,#4362,#4367,#4372,#4375,#4378,#4381,#4384));
#5338=IFCFACETEDBREP(#5337);
#5339=IFCSTYLEDITEM(#5338,(#5293),$);
#5340=IFCCLOSEDSHELL((#4391,#4398,#4401,#4404,#4407,#4410));
#5341=IFCFACETEDBREP(#5340);
#5342=IFCSTYLEDITEM(#5341,(#5293),$);
#5343=IFCCLOSEDSHELL((#4417,#4424,#4429,#4434,#4437,#4440,#4443,#4446));
#5344=IFCFACETEDBREP(#5343);
#5345=IFCSTYLEDITEM(#5344,(#5293),$);
#5346=IFCCLOSEDSHELL((#4453,#4460,#4463,#4466,#4469,#4472));
#5347=IFCFACETEDBREP(#5346);
#5348=IFCSTYLEDITEM(#5347,(#5293),$);
#5349=IFCCLOSEDSHELL((#4479,#4486,#4491,#4496,#4499,#4502,#4505,#4508));
#5350=IFCFACETEDBREP(#5349);
#5351=IFCSTYLEDITEM(#5350,(#5293),$);
#5352=IFCCLOSEDSHELL((#4515,#4522,#4525,#4528,#4531,#4534));
#5353=IFCFACETEDBREP(#5352);
#5354=IFCSTYLEDITEM(#5353,(#5293),$);
#5355=IFCCLOSEDSHELL((#4541,#4548,#4553,#4558,#4561,#4564,#4567,#4570));
#5356=IFCFACETEDBREP(#5355);
#5357=IFCSTYLEDITEM(#5356,(#5293),$);
#5358=IFCCLOSEDSHELL((#4577,#4584,#4587,#4590,#4593,#4596));
#5359=IFCFACETEDBREP(#5358);
#5360=IFCSTYLEDITEM(#5359,(#5293),$);
#5361=IFCCLOSEDSHELL((#4603,#4610,#4615,#4620,#4623,#4626,#4629,#4632));
#5362=IFCFACETEDBREP(#5361);
#5363=IFCSTYLEDITEM(#5362,(#5293),$);
#5364=IFCCLOSEDSHELL((#4639,#4646,#4649,#4652,#4655,#4658));
#5365=IFCFACETEDBREP(#5364);
#5366=IFCSTYLEDITEM(#5365,(#5293),$);
#5367=IFCCLOSEDSHELL((#4665,#4672,#4677,#4682,#4685,#4688,#4691,#4694));
#5368=IFCFACETEDBREP(#5367);
#5369=IFCSTYLEDITEM(#5368,(#5293),$);
#5370=IFCCLOSEDSHELL((#4701,#4708,#4711,#4714,#4717,#4720));
#5371=IFCFACETEDBREP(#5370);
#5372=IFCSTYLEDITEM(#5371,(#5293),$);
#5373=IFCCLOSEDSHELL((#4727,#4734,#4739,#4744,#4747,#4750,#4753,#4756));
#5374=IFCFACETEDBREP(#5373);
#5375=IFCSTYLEDITEM(#5374,(#5293),$);
#5376=IFCCLOSEDSHELL((#4763,#4770,#4773,#4776,#4779,#4782));
#5377=IFCFACETEDBREP(#5376);
#5378=IFCSTYLEDITEM(#5377,(#5293),$);
#5379=IFCCLOSEDSHELL((#4789,#4796,#4801,#4806,#4809,#4812,#4815,#4818));
#5380=IFCFACETEDBREP(#5379);
#5381=IFCSTYLEDITEM(#5380,(#5293),$);
#5382=IFCCLOSEDSHELL((#4825,#4832,#4835,#4838,#4841,#4844));
#5383=IFCFACETEDBREP(#5382);
#5384=IFCSTYLEDITEM(#5383,(#5293),$);
#5385=IFCCLOSEDSHELL((#4851,#4858,#4863,#4868,#4871,#4874,#4877,#4880));
#5386=IFCFACETEDBREP(#5385);
#5387=IFCSTYLEDITEM(#5386,(#5293),$);
#5388=IFCCLOSEDSHELL((#4887,#4894,#4897,#4900,#4903,#4906));
#5389=IFCFACETEDBREP(#5388);
#5390=IFCSTYLEDITEM(#5389,(#5293),$);
#5391=IFCCLOSEDSHELL((#4913,#4920,#4923,#4926,#4929,#4932));
#5392=IFCFACETEDBREP(#5391);
#5393=IFCSTYLEDITEM(#5392,(#5293),$);
#5394=IFCCLOSEDSHELL((#4939,#4946,#4951,#4956,#4959,#4962,#4965,#4968));
#5395=IFCFACETEDBREP(#5394);
#5396=IFCSTYLEDITEM(#5395,(#5293),$);
#5397=IFCCLOSEDSHELL((#4975,#4980,#4984,#4988,#4995,#5000,#5003,#5008,#5015,#5019,#5022,#5026,#5033,#5037,#5040,#5044,#5051,#5055,#5058,#5062,#5069,#5073,#5076,#5080,#5087,#5091,#5094,#5098,#5105,#5109,#5112,#5116,#5123,#5127,#5130,#5134,#5141,#5145,#5148,#5152,#5159,#5163,#5166,#5170,#5177,#5181,#5184,#5188,#5195,#5199,#5202,#5206,#5213,#5217,#5220,#5224,#5231,#5235,#5238,#5242,#5249,#5253,#5256,#5260,#5267,#5271,#5274,#5278,#5281,#5284,#5287));
#5398=IFCFACETEDBREP(#5397);
#5399=IFCCOLOURRGB($,0.75294117647058822,0.75294117647058822,0.75294117647058822);
#5400=IFCSURFACESTYLERENDERING(#5399,0.,$,$,$,$,IFCNORMALISEDRATIOMEASURE(0.5),IFCSPECULAREXPONENT(128.),.NOTDEFINED.);
#5401=IFCSURFACESTYLE('Hormig\X\F3n',.BOTH.,(#5400));
#5402=IFCPRESENTATIONSTYLEASSIGNMENT((#5401));
#5403=IFCSTYLEDITEM(#5398,(#5402),$);
#5404=IFCSHAPEREPRESENTATION(#24,'Body','Brep',(#5289,#5296,#5299,#5302,#5305,#5308,#5311,#5314,#5317,#5320,#5323,#5326,#5329,#5332,#5335,#5338,#5341,#5344,#5347,#5350,#5353,#5356,#5359,#5362,#5365,#5368,#5371,#5374,#5377,#5380,#5383,#5386,#5389,#5392,#5395,#5398));
#5405=IFCCARTESIANPOINT((13.631349876567318,2.5914754924722145,0.));
#5406=IFCPRODUCTDEFINITIONSHAPE($,$,(#5404));
#5407=IFCSTAIRFLIGHT('0aRLSEK1r1S9fVxHAcp$62',#18,'Escalera moldeada in situ:Escalera:166095 Run 1',$,'Tramo monol\X\EDtico:Huella 40 mm Mamperl\X\E1n 30 mm Contrahuella 15 mm',#3888,#5406,'166180',18,17,0.5468066491688538,0.98425196850393704);
#5408=IFCSTAIRFLIGHTTYPE('1oEqESOSrApf32kSCq0mGH',#18,'Tramo monol\X\EDtico:Huella 40 mm Mamperl\X\E1n 30 mm Contrahuella 15 mm',$,$,$,$,'107010',$,.STRAIGHT.);
#5409=IFCMATERIAL('Cer\X\E1mica blanca');
#5410=IFCPRESENTATIONSTYLEASSIGNMENT((#5292));
#5411=IFCSTYLEDITEM($,(#5410),$);
#5412=IFCSTYLEDREPRESENTATION(#22,'Style','Material',(#5411));
#5413=IFCMATERIALDEFINITIONREPRESENTATION($,$,(#5412),#5409);
#5414=IFCMATERIAL('Hormig\X\F3n');
#5415=IFCPRESENTATIONSTYLEASSIGNMENT((#5401));
#5416=IFCSTYLEDITEM($,(#5415),$);
#5417=IFCSTYLEDREPRESENTATION(#22,'Style','Material',(#5416));
#5418=IFCMATERIALDEFINITIONREPRESENTATION($,$,(#5417),#5414);
#5419=IFCMATERIALLIST((#5409,#5414));
#5420=IFCPROPERTYSINGLEVALUE('Reference',$,IFCIDENTIFIER('Losa de hormig\X\F3n - C=17cm H=30cm'),$);
#5421=IFCPROPERTYSET('1ChVJuuN83dtvl$TQUiAvR',#18,'Pset_QuantityTakeOff',$,(#5420));
#5422=IFCPROPERTYSINGLEVALUE('NumberOfRiser',$,IFCCOUNTMEASURE(18.),$);
#5423=IFCPROPERTYSINGLEVALUE('NumberOfTreads',$,IFCCOUNTMEASURE(17.),$);
#5424=IFCPROPERTYSINGLEVALUE('RiserHeight',$,IFCPOSITIVELENGTHMEASURE(0.16666666666666666),$);
#5425=IFCPROPERTYSINGLEVALUE('TreadLength',$,IFCPOSITIVELENGTHMEASURE(0.30000000000000004),$);
#5426=IFCPROPERTYSET('3frzemBp8pE9s5WHZKxSoY',#18,'Pset_StairCommon',$,(#86,#5420,#5422,#5423,#5424,#5425));
#5427=IFCPROPERTYSINGLEVALUE('Reference',$,IFCIDENTIFIER('Huella 40 mm Mamperl\X\E1n 30 mm Contrahuella 15 mm'),$);
#5428=IFCPROPERTYSET('2if_pT5NJsFmplLbJcaLTD',#18,'Pset_QuantityTakeOff',$,(#5427));
#5429=IFCPROPERTYSINGLEVALUE('NumberOfRiser',$,IFCCOUNTMEASURE(18.),$);
#5430=IFCPROPERTYSINGLEVALUE('NumberOfTreads',$,IFCCOUNTMEASURE(17.),$);
#5431=IFCPROPERTYSINGLEVALUE('RiserHeight',$,IFCPOSITIVELENGTHMEASURE(0.16666666666666666),$);
#5432=IFCPROPERTYSINGLEVALUE('TreadLength',$,IFCPOSITIVELENGTHMEASURE(0.30000000000000004),$);
#5433=IFCPROPERTYSINGLEVALUE('NosingLength',$,IFCLENGTHMEASURE(0.029999999999999999),$);
#5434=IFCPROPERTYSINGLEVALUE('WalkingLineOffset',$,IFCPOSITIVELENGTHMEASURE(1.6404199475065615),$);
#5435=IFCPROPERTYSINGLEVALUE('TreadLengthAtOffset',$,IFCPOSITIVELENGTHMEASURE(0.30000000000000004),$);
#5436=IFCPROPERTYSINGLEVALUE('TreadLengthAtInnerSide',$,IFCPOSITIVELENGTHMEASURE(0.30000000000000004),$);
#5437=IFCPROPERTYSET('2iRmb8JI5KMhWV4LG_0iul',#18,'Pset_StairFlightCommon',$,(#5427,#5429,#5430,#5431,#5432,#5433,#5434,#5435,#5436));
#5438=IFCRELDEFINESBYPROPERTIES('3TcAnpvDS3eDvV$km9LE8C',#18,$,$,(#3885),#5421);
#5439=IFCRELDEFINESBYPROPERTIES('3wSr1s6OXssSXXH8EWJAbE',#18,$,$,(#3885),#5426);
#5440=IFCRELDEFINESBYPROPERTIES('3IDvz4Z0pu6C0fdwy7pDtX',#18,$,$,(#5407),#5428);
#5441=IFCRELDEFINESBYPROPERTIES('3podqigpEUaBilAc9p58ji',#18,$,$,(#5407),#5437);
#5442=IFCAXIS2PLACEMENT3D(#3,$,$);
#5444=IFCCARTESIANPOINT((0.,0.));
#5445=IFCAXIS2PLACEMENT2D(#5444,#11);
#5446=IFCRECTANGLEPROFILEDEF(.AREA.,'300 x 450 mm',#5445,0.29999999999999988,0.4499999999999999);
#5447=IFCCARTESIANPOINT((-0.,0.,-2.4999999999999996));
#5448=IFCAXIS2PLACEMENT3D(#5447,#9,#6);
#5449=IFCEXTRUDEDAREASOLID(#5446,#5448,#9,5.4999999999999991);
#5450=IFCSHAPEREPRESENTATION(#24,'Body','SweptSolid',(#5449));
#5451=IFCAXIS2PLACEMENT3D(#3,$,$);
#5452=IFCREPRESENTATIONMAP(#5451,#5450);
#5453=IFCCOLUMNTYPE('0aRLSEK1r1S9fVxHAcp$LF',#18,'Pilar rectangular hormig\X\F3n:300 x 450 mm',$,$,(#5471),(#5452),'11775',$,.COLUMN.);
#5454=IFCMATERIAL('<Unnamed>');
#5455=IFCMAPPEDITEM(#5452,#1941);
#5456=IFCSHAPEREPRESENTATION(#24,'Body','MappedRepresentation',(#5455));
#5457=IFCPRODUCTDEFINITIONSHAPE($,$,(#5456));
#5458=IFCCARTESIANPOINT((12.731349876567315,-5.5741428496389362,0.));
#5459=IFCAXIS2PLACEMENT3D(#5458,$,$);
#5460=IFCLOCALPLACEMENT(#34,#5459);
#5461=IFCCOLUMN('0aRLSEK1r1S9fVxHAcp$7v',#18,'Pilar rectangular hormig\X\F3n:300 x 450 mm:166239',$,'Pilar rectangular hormig\X\F3n:300 x 450 mm',#5460,#5457,'166239');
#5462=IFCPROPERTYSINGLEVALUE('Reference',$,IFCIDENTIFIER('300 x 450 mm'),$);
#5463=IFCPROPERTYSINGLEVALUE('LoadBearing',$,IFCBOOLEAN(.T.),$);
#5464=IFCPROPERTYSET('2rMm1sHaZZNOLUl_ChJ4HA',#18,'Pset_ColumnCommon',$,(#86,#5462,#5463));
#5465=IFCPROPERTYSET('0ciqScxsxSXBeol1Tmgbs0',#18,'Pset_QuantityTakeOff',$,(#5462));
#5466=IFCPROPERTYSINGLEVALUE('Reference',$,IFCLABEL('300 x 450 mm'),$);
#5467=IFCPROPERTYSET('2y7QuMNdL_6wwt3F9M0p18',#18,'Pset_ReinforcementBarPitchOfColumn',$,(#5466));
#5468=IFCRELDEFINESBYPROPERTIES('2nvX0MYlJS2u7lOO2M9WXz',#18,$,$,(#5461),#5464);
#5469=IFCRELDEFINESBYPROPERTIES('36BIREF36JvznLYjFFN8iG',#18,$,$,(#5461),#5465);
#5470=IFCRELDEFINESBYPROPERTIES('3pnCUn0l1v_RNaaj9GCCmN',#18,$,$,(#5461),#5467);
#5471=IFCPROPERTYSET('28kkGa2oT10DPcya41sw8A',#18,'Pset_ColumnCommon',$,(#5463));
#5472=IFCMAPPEDITEM(#5452,#1941);
#5473=IFCSHAPEREPRESENTATION(#24,'Body','MappedRepresentation',(#5472));
#5474=IFCPRODUCTDEFINITIONSHAPE($,$,(#5473));
#5475=IFCCARTESIANPOINT((5.0313498765673152,-7.1741428496389368,0.));
#5476=IFCAXIS2PLACEMENT3D(#5475,$,$);
#5477=IFCLOCALPLACEMENT(#34,#5476);
#5478=IFCCOLUMN('0aRLSEK1r1S9fVxHAcp$4R',#18,'Pilar rectangular hormig\X\F3n:300 x 450 mm:166333',$,'Pilar rectangular hormig\X\F3n:300 x 450 mm',#5477,#5474,'166333');
#5479=IFCPROPERTYSET('07CNg5$gEOAKZVhbdyR6Xd',#18,'Pset_ColumnCommon',$,(#86,#5462,#5463));
#5480=IFCPROPERTYSET('2zY4nEvlUlobK0iseD5sRi',#18,'Pset_QuantityTakeOff',$,(#5462));
#5481=IFCPROPERTYSINGLEVALUE('Reference',$,IFCLABEL('300 x 450 mm'),$);
#5482=IFCPROPERTYSET('1z8SRoIP3maaEOhYkmazRM',#18,'Pset_ReinforcementBarPitchOfColumn',$,(#5481));
#5483=IFCRELDEFINESBYPROPERTIES('0Swmln2Oas3zksI$uaQ9fD',#18,$,$,(#5478),#5479);
#5484=IFCRELDEFINESBYPROPERTIES('3fBk_cFK01yBp9qNGxW6ZO',#18,$,$,(#5478),#5480);
#5485=IFCRELDEFINESBYPROPERTIES('1vab3x0T4wWQY10IwZXwLB',#18,$,$,(#5478),#5482);
#5486=IFCAXIS2PLACEMENT3D(#3,$,$);
#5487=IFCLOCALPLACEMENT(#34,#5486);
#5488=IFCCARTESIANPOINT((-7.9566666666666794,-7.1783333333333399));
#5489=IFCCARTESIANPOINT((3.9783333333333228,-7.1783333333333399));
#5490=IFCCARTESIANPOINT((3.978333333333357,14.356666666666678));
#5491=IFCPOLYLINE((#5488,#5489,#5490,#5488));
#5492=IFCARBITRARYCLOSEDPROFILEDEF(.AREA.,$,#5491);
#5493=IFCCARTESIANPOINT((-5.4003908684283388,4.0125238170277342,0.));
#5494=IFCAXIS2PLACEMENT3D(#5493,#10,#7);
#5495=IFCEXTRUDEDAREASOLID(#5492,#5494,#9,0.29999999999999993);
#5496=IFCCOLOURRGB($,0.83137254901960789,0.83137254901960789,0.83137254901960789);
#5497=IFCSURFACESTYLERENDERING(#5496,0.,$,$,$,$,IFCNORMALISEDRATIOMEASURE(0.5),IFCSPECULAREXPONENT(64.),.NOTDEFINED.);
#5498=IFCSURFACESTYLE('Suelos por defecto',.BOTH.,(#5497));
#5499=IFCPRESENTATIONSTYLEASSIGNMENT((#5498));
#5500=IFCSTYLEDITEM(#5495,(#5499),$);
#5501=IFCSHAPEREPRESENTATION(#24,'Body','SweptSolid',(#5495));
#5502=IFCPRODUCTDEFINITIONSHAPE($,$,(#5501));
#5503=IFCSLAB('0aRLSEK1r1S9fVxHAcp$A4',#18,'Suelo:Por defecto - 30 cm:166434',$,'Suelo:Por defecto - 30 cm',#5487,#5502,'166434',.FLOOR.);
#5504=IFCSLABTYPE('0wQknZQiXEOBcv2M5Gzx_R',#18,'Suelo:Por defecto - 30 cm',$,$,$,$,'16289',$,.FLOOR.);
#5505=IFCMATERIAL('Suelos por defecto');
#5506=IFCPRESENTATIONSTYLEASSIGNMENT((#5498));
#5507=IFCSTYLEDITEM($,(#5506),$);
#5508=IFCSTYLEDREPRESENTATION(#22,'Style','Material',(#5507));
#5509=IFCMATERIALDEFINITIONREPRESENTATION($,$,(#5508),#5505);
#5510=IFCMATERIALLAYER(#5505,0.29999999999999993,$);
#5511=IFCMATERIALLAYERSET((#5510),'Suelo:Por defecto - 30 cm');
#5512=IFCMATERIALLAYERSETUSAGE(#5511,.AXIS3.,.POSITIVE.,0.);
#5513=IFCPROPERTYSINGLEVALUE('Reference',$,IFCIDENTIFIER('Por defecto - 30 cm'),$);
#5514=IFCPROPERTYSET('010A5Km1y6goz$EbpNXR01',#18,'Pset_QuantityTakeOff',$,(#5513));
#5515=IFCPROPERTYSINGLEVALUE('Reference',$,IFCLABEL('Por defecto - 30 cm'),$);
#5516=IFCPROPERTYSET('2AFZ_K6Kl_TbRO63AvorCd',#18,'Pset_ReinforcementBarPitchOfSlab',$,(#5515));
#5517=IFCPROPERTYSINGLEVALUE('PitchAngle',$,IFCPLANEANGLEMEASURE(0.),$);
#5518=IFCPROPERTYSET('1d8qzX9$11LIMwtiMi4YPK',#18,'Pset_SlabCommon',$,(#86,#88,#5513,#5517));
#5519=IFCRELDEFINESBYPROPERTIES('1o7yOF$kqW$FO6kcIELLJW',#18,$,$,(#5503),#5514);
#5520=IFCRELDEFINESBYPROPERTIES('07DfhCcl_0WdvO0fTZkH6K',#18,$,$,(#5503),#5516);
#5521=IFCRELDEFINESBYPROPERTIES('1LAc30v8tvJmdpXJtqczC6',#18,$,$,(#5503),#5518);
#5522=IFCAXIS2PLACEMENT3D(#3,$,$);
#5523=IFCLOCALPLACEMENT(#34,#5522);
#5524=IFCCARTESIANPOINT((0.,0.));
#5525=IFCAXIS2PLACEMENT2D(#5524,#11);
#5526=IFCRECTANGLEPROFILEDEF(.AREA.,'Gen\X\E9rico - 1000\X\A0mm',#5525,38.,29.900000000000002);
#5527=IFCCARTESIANPOINT((0.55005174104202903,0.59283169756056264,-1.));
#5528=IFCAXIS2PLACEMENT3D(#5527,#9,#6);
#5529=IFCEXTRUDEDAREASOLID(#5526,#5528,#9,1.);
#5530=IFCCOLOURRGB($,0.38039215686274508,0.29411764705882354,0.24313725490196078);
#5531=IFCSURFACESTYLERENDERING(#5530,0.,$,$,$,$,IFCNORMALISEDRATIOMEASURE(0.5),IFCSPECULAREXPONENT(128.),.NOTDEFINED.);
#5532=IFCSURFACESTYLE('Tierra',.BOTH.,(#5531));
#5533=IFCPRESENTATIONSTYLEASSIGNMENT((#5532));
#5534=IFCSTYLEDITEM(#5529,(#5533),$);
#5535=IFCSHAPEREPRESENTATION(#24,'Body','SweptSolid',(#5529));
#5536=IFCPRODUCTDEFINITIONSHAPE($,$,(#5535));
#5537=IFCBUILDINGELEMENTPROXY('0aRLSEK1r1S9fVxHAcp$Ll',#18,'S\X\F3lido topogr\X\E1fico:Gen\X\E9rico - 1000\X\A0mm:167369',$,'S\X\F3lido topogr\X\E1fico:Gen\X\E9rico - 1000\X\A0mm',#5523,#5536,'167369',$);
#5538=IFCBUILDINGELEMENTPROXYTYPE('0zQAYbWtb7RxHigd53WFqA',#18,'S\X\F3lido topogr\X\E1fico:Gen\X\E9rico - 1000\X\A0mm',$,$,$,$,'158709',$,.NOTDEFINED.);
#5539=IFCMATERIAL('Tierra');
#5540=IFCPRESENTATIONSTYLEASSIGNMENT((#5532));
#5541=IFCSTYLEDITEM($,(#5540),$);
#5542=IFCSTYLEDREPRESENTATION(#22,'Style','Material',(#5541));
#5543=IFCMATERIALDEFINITIONREPRESENTATION($,$,(#5542),#5539);
#5544=IFCMATERIALLAYER(#5539,1.,$);
#5545=IFCMATERIALLAYERSET((#5544),'S\X\F3lido topogr\X\E1fico:Gen\X\E9rico - 1000\X\A0mm');
#5546=IFCMATERIALLAYERSETUSAGE(#5545,.AXIS3.,.NEGATIVE.,-0.);
#5547=IFCPROPERTYSINGLEVALUE('Reference',$,IFCIDENTIFIER('Gen\X\E9rico - 1000\X\A0mm'),$);
#5548=IFCPROPERTYSET('249d12DN7kqKnO$BZHwtM_',#18,'Pset_BuildingElementProxyCommon',$,(#5547));
#5549=IFCPROPERTYSET('1n2cidZEbWt1KTCcmbJIM4',#18,'Pset_QuantityTakeOff',$,(#5547));
#5550=IFCRELDEFINESBYPROPERTIES('0mHtm$FCWoCfgaqNXUBG7p',#18,$,$,(#5537),#5548);
#5551=IFCRELDEFINESBYPROPERTIES('0POqujTzpjXKp0uats$t0L',#18,$,$,(#5537),#5549);
#5552=IFCAXIS2PLACEMENT3D(#3,$,$);
#5554=IFCAXIS2PLACEMENT3D(#6821,$,$);
#5555=IFCLOCALPLACEMENT(#3884,#5554);
#5556=IFCCARTESIANPOINT((0.036595272235928178,0.14999999999997415,3.6214010273861481));
#5557=IFCCARTESIANPOINT((0.032275919703240064,0.14177016134103715,3.6259731599744462));
#5558=IFCCARTESIANPOINT((0.020914624768616719,0.14177016134103715,3.6259731599744462));
#5559=IFCCARTESIANPOINT((0.016595272235928604,0.14999999999997415,3.6214010273861481));
#5560=IFCCARTESIANPOINT((0.016595272235928604,0.14999999999997415,2.666666666666667));
#5561=IFCCARTESIANPOINT((0.021595272235929386,0.14133974596212928,2.666666666666667));
#5562=IFCCARTESIANPOINT((0.031595272235929173,0.14133974596213017,2.666666666666667));
#5563=IFCCARTESIANPOINT((0.036595272235928178,0.14999999999997415,2.666666666666667));
#5564=IFCCARTESIANPOINT((0.020914624768616719,0.15822983865891072,3.61682889479785));
#5565=IFCCARTESIANPOINT((0.032275919703240064,0.15822983865891072,3.61682889479785));
#5566=IFCCARTESIANPOINT((0.031595272235929173,0.15866025403781769,2.666666666666667));
#5567=IFCCARTESIANPOINT((0.021595272235929386,0.15866025403781858,2.666666666666667));
#5568=IFCPOLYLOOP((#5560,#5561,#5558));
#5569=IFCFACEOUTERBOUND(#5568,.T.);
#5570=IFCFACE((#5569));
#5571=IFCPOLYLOOP((#5558,#5559,#5560));
#5572=IFCFACEOUTERBOUND(#5571,.T.);
#5573=IFCFACE((#5572));
#5574=IFCPOLYLOOP((#5561,#5562,#5557,#5558));
#5575=IFCFACEOUTERBOUND(#5574,.T.);
#5576=IFCFACE((#5575));
#5577=IFCPOLYLOOP((#5562,#5563,#5557));
#5578=IFCFACEOUTERBOUND(#5577,.T.);
#5579=IFCFACE((#5578));
#5580=IFCPOLYLOOP((#5556,#5557,#5563));
#5581=IFCFACEOUTERBOUND(#5580,.T.);
#5582=IFCFACE((#5581));
#5583=IFCPOLYLOOP((#5563,#5566,#5565));
#5584=IFCFACEOUTERBOUND(#5583,.T.);
#5585=IFCFACE((#5584));
#5586=IFCPOLYLOOP((#5565,#5556,#5563));
#5587=IFCFACEOUTERBOUND(#5586,.T.);
#5588=IFCFACE((#5587));
#5589=IFCPOLYLOOP((#5566,#5567,#5564,#5565));
#5590=IFCFACEOUTERBOUND(#5589,.T.);
#5591=IFCFACE((#5590));
#5592=IFCPOLYLOOP((#5567,#5560,#5564));
#5593=IFCFACEOUTERBOUND(#5592,.T.);
#5594=IFCFACE((#5593));
#5595=IFCPOLYLOOP((#5559,#5564,#5560));
#5596=IFCFACEOUTERBOUND(#5595,.T.);
#5597=IFCFACE((#5596));
#5598=IFCPOLYLOOP((#5564,#5559,#5558,#5557,#5556,#5565));
#5599=IFCFACEOUTERBOUND(#5598,.T.);
#5600=IFCFACE((#5599));
#5601=IFCPOLYLOOP((#5561,#5560,#5567,#5566,#5563,#5562));
#5602=IFCFACEOUTERBOUND(#5601,.T.);
#5603=IFCFACE((#5602));
#5604=IFCCARTESIANPOINT((0.036595272235928178,0.44999999999997442,3.4547343607194811));
#5605=IFCCARTESIANPOINT((0.032275919703240064,0.44177016134103786,3.4593064933077793));
#5606=IFCCARTESIANPOINT((0.020914624768616719,0.44177016134103786,3.4593064933077793));
#5607=IFCCARTESIANPOINT((0.016595272235928604,0.44999999999997442,3.4547343607194811));
#5608=IFCCARTESIANPOINT((0.016595272235928604,0.44999999999997442,2.5000000000000004));
#5609=IFCCARTESIANPOINT((0.021595272235929386,0.44133974596212955,2.5000000000000004));
#5610=IFCCARTESIANPOINT((0.031595272235929173,0.44133974596213088,2.5000000000000004));
#5611=IFCCARTESIANPOINT((0.036595272235928178,0.44999999999997442,2.5000000000000004));
#5612=IFCCARTESIANPOINT((0.020914624768616719,0.45822983865891098,3.4501622281311835));
#5613=IFCCARTESIANPOINT((0.032275919703240064,0.45822983865891098,3.4501622281311835));
#5614=IFCCARTESIANPOINT((0.031595272235929173,0.4586602540378184,2.5000000000000004));
#5615=IFCCARTESIANPOINT((0.021595272235929386,0.45866025403781929,2.5000000000000004));
#5616=IFCPOLYLOOP((#5608,#5609,#5606));
#5617=IFCFACEOUTERBOUND(#5616,.T.);
#5618=IFCFACE((#5617));
#5619=IFCPOLYLOOP((#5606,#5607,#5608));
#5620=IFCFACEOUTERBOUND(#5619,.T.);
#5621=IFCFACE((#5620));
#5622=IFCPOLYLOOP((#5609,#5610,#5605,#5606));
#5623=IFCFACEOUTERBOUND(#5622,.T.);
#5624=IFCFACE((#5623));
#5625=IFCPOLYLOOP((#5610,#5611,#5605));
#5626=IFCFACEOUTERBOUND(#5625,.T.);
#5627=IFCFACE((#5626));
#5628=IFCPOLYLOOP((#5604,#5605,#5611));
#5629=IFCFACEOUTERBOUND(#5628,.T.);
#5630=IFCFACE((#5629));
#5631=IFCPOLYLOOP((#5611,#5614,#5613));
#5632=IFCFACEOUTERBOUND(#5631,.T.);
#5633=IFCFACE((#5632));
#5634=IFCPOLYLOOP((#5613,#5604,#5611));
#5635=IFCFACEOUTERBOUND(#5634,.T.);
#5636=IFCFACE((#5635));
#5637=IFCPOLYLOOP((#5614,#5615,#5612,#5613));
#5638=IFCFACEOUTERBOUND(#5637,.T.);
#5639=IFCFACE((#5638));
#5640=IFCPOLYLOOP((#5615,#5608,#5612));
#5641=IFCFACEOUTERBOUND(#5640,.T.);
#5642=IFCFACE((#5641));
#5643=IFCPOLYLOOP((#5607,#5612,#5608));
#5644=IFCFACEOUTERBOUND(#5643,.T.);
#5645=IFCFACE((#5644));
#5646=IFCPOLYLOOP((#5612,#5607,#5606,#5605,#5604,#5613));
#5647=IFCFACEOUTERBOUND(#5646,.T.);
#5648=IFCFACE((#5647));
#5649=IFCPOLYLOOP((#5609,#5608,#5615,#5614,#5611,#5610));
#5650=IFCFACEOUTERBOUND(#5649,.T.);
#5651=IFCFACE((#5650));
#5652=IFCCARTESIANPOINT((0.036595272235929954,0.74999999999997469,3.2880676940528146));
#5653=IFCCARTESIANPOINT((0.03227591970324184,0.74177016134103813,3.2926398266411128));
#5654=IFCCARTESIANPOINT((0.020914624768618495,0.74177016134103813,3.2926398266411128));
#5655=IFCCARTESIANPOINT((0.016595272235930381,0.74999999999997469,3.2880676940528146));
#5656=IFCCARTESIANPOINT((0.016595272235930381,0.74999999999997469,2.3333333333333335));
#5657=IFCCARTESIANPOINT((0.021595272235931162,0.74133974596212981,2.3333333333333335));
#5658=IFCCARTESIANPOINT((0.031595272235930949,0.7413397459621307,2.3333333333333335));
#5659=IFCCARTESIANPOINT((0.036595272235929954,0.74999999999997469,2.3333333333333335));
#5660=IFCCARTESIANPOINT((0.020914624768618495,0.75822983865891125,3.2834955614645165));
#5661=IFCCARTESIANPOINT((0.03227591970324184,0.75822983865891125,3.2834955614645165));
#5662=IFCCARTESIANPOINT((0.031595272235930949,0.75866025403781823,2.3333333333333335));
#5663=IFCCARTESIANPOINT((0.021595272235931162,0.75866025403781912,2.3333333333333335));
#5664=IFCPOLYLOOP((#5656,#5657,#5654));
#5665=IFCFACEOUTERBOUND(#5664,.T.);
#5666=IFCFACE((#5665));
#5667=IFCPOLYLOOP((#5654,#5655,#5656));
#5668=IFCFACEOUTERBOUND(#5667,.T.);
#5669=IFCFACE((#5668));
#5670=IFCPOLYLOOP((#5657,#5658,#5653,#5654));
#5671=IFCFACEOUTERBOUND(#5670,.T.);
#5672=IFCFACE((#5671));
#5673=IFCPOLYLOOP((#5658,#5659,#5653));
#5674=IFCFACEOUTERBOUND(#5673,.T.);
#5675=IFCFACE((#5674));
#5676=IFCPOLYLOOP((#5652,#5653,#5659));
#5677=IFCFACEOUTERBOUND(#5676,.T.);
#5678=IFCFACE((#5677));
#5679=IFCPOLYLOOP((#5659,#5662,#5661));
#5680=IFCFACEOUTERBOUND(#5679,.T.);
#5681=IFCFACE((#5680));
#5682=IFCPOLYLOOP((#5661,#5652,#5659));
#5683=IFCFACEOUTERBOUND(#5682,.T.);
#5684=IFCFACE((#5683));
#5685=IFCPOLYLOOP((#5662,#5663,#5660,#5661));
#5686=IFCFACEOUTERBOUND(#5685,.T.);
#5687=IFCFACE((#5686));
#5688=IFCPOLYLOOP((#5663,#5656,#5660));
#5689=IFCFACEOUTERBOUND(#5688,.T.);
#5690=IFCFACE((#5689));
#5691=IFCPOLYLOOP((#5655,#5660,#5656));
#5692=IFCFACEOUTERBOUND(#5691,.T.);
#5693=IFCFACE((#5692));
#5694=IFCPOLYLOOP((#5660,#5655,#5654,#5653,#5652,#5661));
#5695=IFCFACEOUTERBOUND(#5694,.T.);
#5696=IFCFACE((#5695));
#5697=IFCPOLYLOOP((#5657,#5656,#5663,#5662,#5659,#5658));
#5698=IFCFACEOUTERBOUND(#5697,.T.);
#5699=IFCFACE((#5698));
#5700=IFCCARTESIANPOINT((0.036595272235929954,1.0499999999999745,3.1214010273861481));
#5701=IFCCARTESIANPOINT((0.03227591970324184,1.0417701613410379,3.1259731599744462));
#5702=IFCCARTESIANPOINT((0.020914624768618495,1.0417701613410379,3.1259731599744462));
#5703=IFCCARTESIANPOINT((0.016595272235930381,1.0499999999999745,3.1214010273861481));
#5704=IFCCARTESIANPOINT((0.016595272235930381,1.0499999999999745,2.166666666666667));
#5705=IFCCARTESIANPOINT((0.021595272235931162,1.0413397459621296,2.166666666666667));
#5706=IFCCARTESIANPOINT((0.031595272235930949,1.041339745962131,2.1666666666666665));
#5707=IFCCARTESIANPOINT((0.036595272235929954,1.0499999999999745,2.1666666666666665));
#5708=IFCCARTESIANPOINT((0.020914624768618495,1.0582298386589111,3.11682889479785));
#5709=IFCCARTESIANPOINT((0.03227591970324184,1.0582298386589111,3.11682889479785));
#5710=IFCCARTESIANPOINT((0.031595272235930949,1.058660254037818,2.1666666666666665));
#5711=IFCCARTESIANPOINT((0.021595272235931162,1.0586602540378194,2.1666666666666665));
#5712=IFCPOLYLOOP((#5704,#5705,#5702));
#5713=IFCFACEOUTERBOUND(#5712,.T.);
#5714=IFCFACE((#5713));
#5715=IFCPOLYLOOP((#5702,#5703,#5704));
#5716=IFCFACEOUTERBOUND(#5715,.T.);
#5717=IFCFACE((#5716));
#5718=IFCPOLYLOOP((#5705,#5706,#5701,#5702));
#5719=IFCFACEOUTERBOUND(#5718,.T.);
#5720=IFCFACE((#5719));
#5721=IFCPOLYLOOP((#5706,#5707,#5701));
#5722=IFCFACEOUTERBOUND(#5721,.T.);
#5723=IFCFACE((#5722));
#5724=IFCPOLYLOOP((#5700,#5701,#5707));
#5725=IFCFACEOUTERBOUND(#5724,.T.);
#5726=IFCFACE((#5725));
#5727=IFCPOLYLOOP((#5707,#5710,#5709));
#5728=IFCFACEOUTERBOUND(#5727,.T.);
#5729=IFCFACE((#5728));
#5730=IFCPOLYLOOP((#5709,#5700,#5707));
#5731=IFCFACEOUTERBOUND(#5730,.T.);
#5732=IFCFACE((#5731));
#5733=IFCPOLYLOOP((#5710,#5711,#5708,#5709));
#5734=IFCFACEOUTERBOUND(#5733,.T.);
#5735=IFCFACE((#5734));
#5736=IFCPOLYLOOP((#5711,#5704,#5708));
#5737=IFCFACEOUTERBOUND(#5736,.T.);
#5738=IFCFACE((#5737));
#5739=IFCPOLYLOOP((#5703,#5708,#5704));
#5740=IFCFACEOUTERBOUND(#5739,.T.);
#5741=IFCFACE((#5740));
#5742=IFCPOLYLOOP((#5708,#5703,#5702,#5701,#5700,#5709));
#5743=IFCFACEOUTERBOUND(#5742,.T.);
#5744=IFCFACE((#5743));
#5745=IFCPOLYLOOP((#5705,#5704,#5711,#5710,#5707,#5706));
#5746=IFCFACEOUTERBOUND(#5745,.T.);
#5747=IFCFACE((#5746));
#5748=IFCCARTESIANPOINT((0.036595272235929954,1.3499999999999748,2.9547343607194811));
#5749=IFCCARTESIANPOINT((0.03227591970324184,1.3417701613410378,2.9593064933077793));
#5750=IFCCARTESIANPOINT((0.020914624768618495,1.3417701613410378,2.9593064933077793));
#5751=IFCCARTESIANPOINT((0.016595272235930381,1.3499999999999748,2.9547343607194811));
#5752=IFCCARTESIANPOINT((0.016595272235930381,1.3499999999999748,2.));
#5753=IFCCARTESIANPOINT((0.021595272235931162,1.3413397459621299,2.));
#5754=IFCCARTESIANPOINT((0.031595272235930949,1.3413397459621308,2.));
#5755=IFCCARTESIANPOINT((0.036595272235929954,1.3499999999999748,2.));
#5756=IFCCARTESIANPOINT((0.020914624768618495,1.3582298386589113,2.950162228131183));
#5757=IFCCARTESIANPOINT((0.03227591970324184,1.3582298386589113,2.950162228131183));
#5758=IFCCARTESIANPOINT((0.031595272235930949,1.3586602540378183,2.));
#5759=IFCCARTESIANPOINT((0.021595272235931162,1.3586602540378192,2.));
#5760=IFCPOLYLOOP((#5752,#5753,#5750));
#5761=IFCFACEOUTERBOUND(#5760,.T.);
#5762=IFCFACE((#5761));
#5763=IFCPOLYLOOP((#5750,#5751,#5752));
#5764=IFCFACEOUTERBOUND(#5763,.T.);
#5765=IFCFACE((#5764));
#5766=IFCPOLYLOOP((#5753,#5754,#5749,#5750));
#5767=IFCFACEOUTERBOUND(#5766,.T.);
#5768=IFCFACE((#5767));
#5769=IFCPOLYLOOP((#5754,#5755,#5749));
#5770=IFCFACEOUTERBOUND(#5769,.T.);
#5771=IFCFACE((#5770));
#5772=IFCPOLYLOOP((#5748,#5749,#5755));
#5773=IFCFACEOUTERBOUND(#5772,.T.);
#5774=IFCFACE((#5773));
#5775=IFCPOLYLOOP((#5755,#5758,#5757));
#5776=IFCFACEOUTERBOUND(#5775,.T.);
#5777=IFCFACE((#5776));
#5778=IFCPOLYLOOP((#5757,#5748,#5755));
#5779=IFCFACEOUTERBOUND(#5778,.T.);
#5780=IFCFACE((#5779));
#5781=IFCPOLYLOOP((#5758,#5759,#5756,#5757));
#5782=IFCFACEOUTERBOUND(#5781,.T.);
#5783=IFCFACE((#5782));
#5784=IFCPOLYLOOP((#5759,#5752,#5756));
#5785=IFCFACEOUTERBOUND(#5784,.T.);
#5786=IFCFACE((#5785));
#5787=IFCPOLYLOOP((#5751,#5756,#5752));
#5788=IFCFACEOUTERBOUND(#5787,.T.);
#5789=IFCFACE((#5788));
#5790=IFCPOLYLOOP((#5756,#5751,#5750,#5749,#5748,#5757));
#5791=IFCFACEOUTERBOUND(#5790,.T.);
#5792=IFCFACE((#5791));
#5793=IFCPOLYLOOP((#5753,#5752,#5759,#5758,#5755,#5754));
#5794=IFCFACEOUTERBOUND(#5793,.T.);
#5795=IFCFACE((#5794));
#5796=IFCCARTESIANPOINT((0.036595272235929954,1.6499999999999742,2.7880676940528146));
#5797=IFCCARTESIANPOINT((0.03227591970324184,1.641770161341038,2.7926398266411128));
#5798=IFCCARTESIANPOINT((0.020914624768618495,1.641770161341038,2.7926398266411128));
#5799=IFCCARTESIANPOINT((0.016595272235930381,1.6499999999999742,2.7880676940528146));
#5800=IFCCARTESIANPOINT((0.016595272235930381,1.6499999999999742,1.8333333333333333));
#5801=IFCCARTESIANPOINT((0.021595272235931162,1.6413397459621302,1.8333333333333333));
#5802=IFCCARTESIANPOINT((0.031595272235930949,1.6413397459621311,1.833333333333333));
#5803=IFCCARTESIANPOINT((0.036595272235929954,1.6499999999999742,1.833333333333333));
#5804=IFCCARTESIANPOINT((0.020914624768618495,1.6582298386589112,2.7834955614645165));
#5805=IFCCARTESIANPOINT((0.03227591970324184,1.6582298386589112,2.7834955614645165));
#5806=IFCCARTESIANPOINT((0.031595272235930949,1.6586602540378181,1.833333333333333));
#5807=IFCCARTESIANPOINT((0.021595272235931162,1.658660254037819,1.833333333333333));
#5808=IFCPOLYLOOP((#5800,#5801,#5798));
#5809=IFCFACEOUTERBOUND(#5808,.T.);
#5810=IFCFACE((#5809));
#5811=IFCPOLYLOOP((#5798,#5799,#5800));
#5812=IFCFACEOUTERBOUND(#5811,.T.);
#5813=IFCFACE((#5812));
#5814=IFCPOLYLOOP((#5801,#5802,#5797,#5798));
#5815=IFCFACEOUTERBOUND(#5814,.T.);
#5816=IFCFACE((#5815));
#5817=IFCPOLYLOOP((#5802,#5803,#5797));
#5818=IFCFACEOUTERBOUND(#5817,.T.);
#5819=IFCFACE((#5818));
#5820=IFCPOLYLOOP((#5796,#5797,#5803));
#5821=IFCFACEOUTERBOUND(#5820,.T.);
#5822=IFCFACE((#5821));
#5823=IFCPOLYLOOP((#5803,#5806,#5805));
#5824=IFCFACEOUTERBOUND(#5823,.T.);
#5825=IFCFACE((#5824));
#5826=IFCPOLYLOOP((#5805,#5796,#5803));
#5827=IFCFACEOUTERBOUND(#5826,.T.);
#5828=IFCFACE((#5827));
#5829=IFCPOLYLOOP((#5806,#5807,#5804,#5805));
#5830=IFCFACEOUTERBOUND(#5829,.T.);
#5831=IFCFACE((#5830));
#5832=IFCPOLYLOOP((#5807,#5800,#5804));
#5833=IFCFACEOUTERBOUND(#5832,.T.);
#5834=IFCFACE((#5833));
#5835=IFCPOLYLOOP((#5799,#5804,#5800));
#5836=IFCFACEOUTERBOUND(#5835,.T.);
#5837=IFCFACE((#5836));
#5838=IFCPOLYLOOP((#5804,#5799,#5798,#5797,#5796,#5805));
#5839=IFCFACEOUTERBOUND(#5838,.T.);
#5840=IFCFACE((#5839));
#5841=IFCPOLYLOOP((#5801,#5800,#5807,#5806,#5803,#5802));
#5842=IFCFACEOUTERBOUND(#5841,.T.);
#5843=IFCFACE((#5842));
#5844=IFCCARTESIANPOINT((0.036595272235931731,1.9499999999999749,2.6214010273861486));
#5845=IFCCARTESIANPOINT((0.032275919703243616,1.9417701613410379,2.6259731599744467));
#5846=IFCCARTESIANPOINT((0.020914624768620271,1.9417701613410379,2.6259731599744467));
#5847=IFCCARTESIANPOINT((0.016595272235932157,1.9499999999999749,2.6214010273861486));
#5848=IFCCARTESIANPOINT((0.016595272235932157,1.9499999999999749,1.666666666666667));
#5849=IFCCARTESIANPOINT((0.021595272235932939,1.94133974596213,1.666666666666667));
#5850=IFCCARTESIANPOINT((0.031595272235932725,1.9413397459621309,1.6666666666666667));
#5851=IFCCARTESIANPOINT((0.036595272235931731,1.9499999999999749,1.6666666666666667));
#5852=IFCCARTESIANPOINT((0.020914624768620271,1.958229838658911,2.6168288947978504));
#5853=IFCCARTESIANPOINT((0.032275919703243616,1.958229838658911,2.6168288947978504));
#5854=IFCCARTESIANPOINT((0.031595272235932725,1.958660254037818,1.6666666666666667));
#5855=IFCCARTESIANPOINT((0.021595272235932939,1.9586602540378197,1.6666666666666667));
#5856=IFCPOLYLOOP((#5848,#5849,#5846));
#5857=IFCFACEOUTERBOUND(#5856,.T.);
#5858=IFCFACE((#5857));
#5859=IFCPOLYLOOP((#5846,#5847,#5848));
#5860=IFCFACEOUTERBOUND(#5859,.T.);
#5861=IFCFACE((#5860));
#5862=IFCPOLYLOOP((#5849,#5850,#5845,#5846));
#5863=IFCFACEOUTERBOUND(#5862,.T.);
#5864=IFCFACE((#5863));
#5865=IFCPOLYLOOP((#5850,#5851,#5845));
#5866=IFCFACEOUTERBOUND(#5865,.T.);
#5867=IFCFACE((#5866));
#5868=IFCPOLYLOOP((#5844,#5845,#5851));
#5869=IFCFACEOUTERBOUND(#5868,.T.);
#5870=IFCFACE((#5869));
#5871=IFCPOLYLOOP((#5851,#5854,#5853));
#5872=IFCFACEOUTERBOUND(#5871,.T.);
#5873=IFCFACE((#5872));
#5874=IFCPOLYLOOP((#5853,#5844,#5851));
#5875=IFCFACEOUTERBOUND(#5874,.T.);
#5876=IFCFACE((#5875));
#5877=IFCPOLYLOOP((#5854,#5855,#5852,#5853));
#5878=IFCFACEOUTERBOUND(#5877,.T.);
#5879=IFCFACE((#5878));
#5880=IFCPOLYLOOP((#5855,#5848,#5852));
#5881=IFCFACEOUTERBOUND(#5880,.T.);
#5882=IFCFACE((#5881));
#5883=IFCPOLYLOOP((#5847,#5852,#5848));
#5884=IFCFACEOUTERBOUND(#5883,.T.);
#5885=IFCFACE((#5884));
#5886=IFCPOLYLOOP((#5852,#5847,#5846,#5845,#5844,#5853));
#5887=IFCFACEOUTERBOUND(#5886,.T.);
#5888=IFCFACE((#5887));
#5889=IFCPOLYLOOP((#5849,#5848,#5855,#5854,#5851,#5850));
#5890=IFCFACEOUTERBOUND(#5889,.T.);
#5891=IFCFACE((#5890));
#5892=IFCCARTESIANPOINT((0.036595272235931731,2.2499999999999756,2.454734360719482));
#5893=IFCCARTESIANPOINT((0.032275919703243616,2.2417701613410395,2.4593064933077797));
#5894=IFCCARTESIANPOINT((0.020914624768620271,2.2417701613410395,2.4593064933077797));
#5895=IFCCARTESIANPOINT((0.016595272235932157,2.2499999999999756,2.454734360719482));
#5896=IFCCARTESIANPOINT((0.016595272235932157,2.2499999999999756,1.5000000000000002));
#5897=IFCCARTESIANPOINT((0.021595272235932939,2.2413397459621316,1.5000000000000002));
#5898=IFCCARTESIANPOINT((0.031595272235932725,2.2413397459621316,1.5));
#5899=IFCCARTESIANPOINT((0.036595272235931731,2.2499999999999756,1.5));
#5900=IFCCARTESIANPOINT((0.020914624768620271,2.2582298386589126,2.4501622281311839));
#5901=IFCCARTESIANPOINT((0.032275919703243616,2.2582298386589126,2.4501622281311839));
#5902=IFCCARTESIANPOINT((0.031595272235932725,2.2586602540378196,1.5));
#5903=IFCCARTESIANPOINT((0.021595272235932939,2.2586602540378213,1.5));
#5904=IFCPOLYLOOP((#5896,#5897,#5894));
#5905=IFCFACEOUTERBOUND(#5904,.T.);
#5906=IFCFACE((#5905));
#5907=IFCPOLYLOOP((#5894,#5895,#5896));
#5908=IFCFACEOUTERBOUND(#5907,.T.);
#5909=IFCFACE((#5908));
#5910=IFCPOLYLOOP((#5897,#5898,#5893,#5894));
#5911=IFCFACEOUTERBOUND(#5910,.T.);
#5912=IFCFACE((#5911));
#5913=IFCPOLYLOOP((#5898,#5899,#5893));
#5914=IFCFACEOUTERBOUND(#5913,.T.);
#5915=IFCFACE((#5914));
#5916=IFCPOLYLOOP((#5892,#5893,#5899));
#5917=IFCFACEOUTERBOUND(#5916,.T.);
#5918=IFCFACE((#5917));
#5919=IFCPOLYLOOP((#5899,#5902,#5901));
#5920=IFCFACEOUTERBOUND(#5919,.T.);
#5921=IFCFACE((#5920));
#5922=IFCPOLYLOOP((#5901,#5892,#5899));
#5923=IFCFACEOUTERBOUND(#5922,.T.);
#5924=IFCFACE((#5923));
#5925=IFCPOLYLOOP((#5902,#5903,#5900,#5901));
#5926=IFCFACEOUTERBOUND(#5925,.T.);
#5927=IFCFACE((#5926));
#5928=IFCPOLYLOOP((#5903,#5896,#5900));
#5929=IFCFACEOUTERBOUND(#5928,.T.);
#5930=IFCFACE((#5929));
#5931=IFCPOLYLOOP((#5895,#5900,#5896));
#5932=IFCFACEOUTERBOUND(#5931,.T.);
#5933=IFCFACE((#5932));
#5934=IFCPOLYLOOP((#5900,#5895,#5894,#5893,#5892,#5901));
#5935=IFCFACEOUTERBOUND(#5934,.T.);
#5936=IFCFACE((#5935));
#5937=IFCPOLYLOOP((#5897,#5896,#5903,#5902,#5899,#5898));
#5938=IFCFACEOUTERBOUND(#5937,.T.);
#5939=IFCFACE((#5938));
#5940=IFCCARTESIANPOINT((0.036595272235931731,2.5499999999999745,2.2880676940528151));
#5941=IFCCARTESIANPOINT((0.032275919703243616,2.5417701613410384,2.2926398266411132));
#5942=IFCCARTESIANPOINT((0.020914624768620271,2.5417701613410384,2.2926398266411132));
#5943=IFCCARTESIANPOINT((0.016595272235932157,2.5499999999999745,2.2880676940528151));
#5944=IFCCARTESIANPOINT((0.016595272235932157,2.5499999999999745,1.3333333333333335));
#5945=IFCCARTESIANPOINT((0.021595272235932939,2.5413397459621305,1.3333333333333335));
#5946=IFCCARTESIANPOINT((0.031595272235932725,2.5413397459621305,1.3333333333333333));
#5947=IFCCARTESIANPOINT((0.036595272235931731,2.5499999999999745,1.3333333333333333));
#5948=IFCCARTESIANPOINT((0.020914624768620271,2.5582298386589115,2.2834955614645169));
#5949=IFCCARTESIANPOINT((0.032275919703243616,2.5582298386589115,2.2834955614645169));
#5950=IFCCARTESIANPOINT((0.031595272235932725,2.5586602540378185,1.3333333333333333));
#5951=IFCCARTESIANPOINT((0.021595272235932939,2.5586602540378203,1.3333333333333333));
#5952=IFCPOLYLOOP((#5944,#5945,#5942));
#5953=IFCFACEOUTERBOUND(#5952,.T.);
#5954=IFCFACE((#5953));
#5955=IFCPOLYLOOP((#5942,#5943,#5944));
#5956=IFCFACEOUTERBOUND(#5955,.T.);
#5957=IFCFACE((#5956));
#5958=IFCPOLYLOOP((#5945,#5946,#5941,#5942));
#5959=IFCFACEOUTERBOUND(#5958,.T.);
#5960=IFCFACE((#5959));
#5961=IFCPOLYLOOP((#5946,#5947,#5941));
#5962=IFCFACEOUTERBOUND(#5961,.T.);
#5963=IFCFACE((#5962));
#5964=IFCPOLYLOOP((#5940,#5941,#5947));
#5965=IFCFACEOUTERBOUND(#5964,.T.);
#5966=IFCFACE((#5965));
#5967=IFCPOLYLOOP((#5947,#5950,#5949));
#5968=IFCFACEOUTERBOUND(#5967,.T.);
#5969=IFCFACE((#5968));
#5970=IFCPOLYLOOP((#5949,#5940,#5947));
#5971=IFCFACEOUTERBOUND(#5970,.T.);
#5972=IFCFACE((#5971));
#5973=IFCPOLYLOOP((#5950,#5951,#5948,#5949));
#5974=IFCFACEOUTERBOUND(#5973,.T.);
#5975=IFCFACE((#5974));
#5976=IFCPOLYLOOP((#5951,#5944,#5948));
#5977=IFCFACEOUTERBOUND(#5976,.T.);
#5978=IFCFACE((#5977));
#5979=IFCPOLYLOOP((#5943,#5948,#5944));
#5980=IFCFACEOUTERBOUND(#5979,.T.);
#5981=IFCFACE((#5980));
#5982=IFCPOLYLOOP((#5948,#5943,#5942,#5941,#5940,#5949));
#5983=IFCFACEOUTERBOUND(#5982,.T.);
#5984=IFCFACE((#5983));
#5985=IFCPOLYLOOP((#5945,#5944,#5951,#5950,#5947,#5946));
#5986=IFCFACEOUTERBOUND(#5985,.T.);
#5987=IFCFACE((#5986));
#5988=IFCCARTESIANPOINT((0.036595272235931731,2.8499999999999761,2.1214010273861481));
#5989=IFCCARTESIANPOINT((0.032275919703243616,2.8417701613410391,2.1259731599744458));
#5990=IFCCARTESIANPOINT((0.020914624768620271,2.8417701613410391,2.1259731599744458));
#5991=IFCCARTESIANPOINT((0.016595272235932157,2.8499999999999761,2.1214010273861481));
#5992=IFCCARTESIANPOINT((0.016595272235932157,2.8499999999999761,1.1666666666666665));
#5993=IFCCARTESIANPOINT((0.021595272235932939,2.8413397459621312,1.1666666666666665));
#5994=IFCCARTESIANPOINT((0.031595272235932725,2.8413397459621312,1.1666666666666665));
#5995=IFCCARTESIANPOINT((0.036595272235931731,2.8499999999999761,1.1666666666666665));
#5996=IFCCARTESIANPOINT((0.020914624768620271,2.8582298386589122,2.11682889479785));
#5997=IFCCARTESIANPOINT((0.032275919703243616,2.8582298386589122,2.11682889479785));
#5998=IFCCARTESIANPOINT((0.031595272235932725,2.8586602540378201,1.1666666666666665));
#5999=IFCCARTESIANPOINT((0.021595272235932939,2.858660254037821,1.1666666666666665));
#6000=IFCPOLYLOOP((#5992,#5993,#5990));
#6001=IFCFACEOUTERBOUND(#6000,.T.);
#6002=IFCFACE((#6001));
#6003=IFCPOLYLOOP((#5990,#5991,#5992));
#6004=IFCFACEOUTERBOUND(#6003,.T.);
#6005=IFCFACE((#6004));
#6006=IFCPOLYLOOP((#5993,#5994,#5989,#5990));
#6007=IFCFACEOUTERBOUND(#6006,.T.);
#6008=IFCFACE((#6007));
#6009=IFCPOLYLOOP((#5994,#5995,#5989));
#6010=IFCFACEOUTERBOUND(#6009,.T.);
#6011=IFCFACE((#6010));
#6012=IFCPOLYLOOP((#5988,#5989,#5995));
#6013=IFCFACEOUTERBOUND(#6012,.T.);
#6014=IFCFACE((#6013));
#6015=IFCPOLYLOOP((#5995,#5998,#5997));
#6016=IFCFACEOUTERBOUND(#6015,.T.);
#6017=IFCFACE((#6016));
#6018=IFCPOLYLOOP((#5997,#5988,#5995));
#6019=IFCFACEOUTERBOUND(#6018,.T.);
#6020=IFCFACE((#6019));
#6021=IFCPOLYLOOP((#5998,#5999,#5996,#5997));
#6022=IFCFACEOUTERBOUND(#6021,.T.);
#6023=IFCFACE((#6022));
#6024=IFCPOLYLOOP((#5999,#5992,#5996));
#6025=IFCFACEOUTERBOUND(#6024,.T.);
#6026=IFCFACE((#6025));
#6027=IFCPOLYLOOP((#5991,#5996,#5992));
#6028=IFCFACEOUTERBOUND(#6027,.T.);
#6029=IFCFACE((#6028));
#6030=IFCPOLYLOOP((#5996,#5991,#5990,#5989,#5988,#5997));
#6031=IFCFACEOUTERBOUND(#6030,.T.);
#6032=IFCFACE((#6031));
#6033=IFCPOLYLOOP((#5993,#5992,#5999,#5998,#5995,#5994));
#6034=IFCFACEOUTERBOUND(#6033,.T.);
#6035=IFCFACE((#6034));
#6036=IFCCARTESIANPOINT((0.036595272235931731,3.149999999999975,1.9547343607194814));
#6037=IFCCARTESIANPOINT((0.032275919703243616,3.141770161341038,1.9593064933077791));
#6038=IFCCARTESIANPOINT((0.020914624768620271,3.141770161341038,1.9593064933077791));
#6039=IFCCARTESIANPOINT((0.016595272235932157,3.149999999999975,1.9547343607194814));
#6040=IFCCARTESIANPOINT((0.016595272235932157,3.149999999999975,1.));
#6041=IFCCARTESIANPOINT((0.021595272235932939,3.1413397459621302,1.));
#6042=IFCCARTESIANPOINT((0.031595272235932725,3.1413397459621302,1.));
#6043=IFCCARTESIANPOINT((0.036595272235931731,3.149999999999975,1.));
#6044=IFCCARTESIANPOINT((0.020914624768620271,3.1582298386589112,1.9501622281311832));
#6045=IFCCARTESIANPOINT((0.032275919703243616,3.1582298386589112,1.9501622281311832));
#6046=IFCCARTESIANPOINT((0.031595272235932725,3.158660254037819,1.));
#6047=IFCCARTESIANPOINT((0.021595272235932939,3.1586602540378199,1.));
#6048=IFCPOLYLOOP((#6040,#6041,#6038));
#6049=IFCFACEOUTERBOUND(#6048,.T.);
#6050=IFCFACE((#6049));
#6051=IFCPOLYLOOP((#6038,#6039,#6040));
#6052=IFCFACEOUTERBOUND(#6051,.T.);
#6053=IFCFACE((#6052));
#6054=IFCPOLYLOOP((#6041,#6042,#6037,#6038));
#6055=IFCFACEOUTERBOUND(#6054,.T.);
#6056=IFCFACE((#6055));
#6057=IFCPOLYLOOP((#6042,#6043,#6037));
#6058=IFCFACEOUTERBOUND(#6057,.T.);
#6059=IFCFACE((#6058));
#6060=IFCPOLYLOOP((#6036,#6037,#6043));
#6061=IFCFACEOUTERBOUND(#6060,.T.);
#6062=IFCFACE((#6061));
#6063=IFCPOLYLOOP((#6043,#6046,#6045));
#6064=IFCFACEOUTERBOUND(#6063,.T.);
#6065=IFCFACE((#6064));
#6066=IFCPOLYLOOP((#6045,#6036,#6043));
#6067=IFCFACEOUTERBOUND(#6066,.T.);
#6068=IFCFACE((#6067));
#6069=IFCPOLYLOOP((#6046,#6047,#6044,#6045));
#6070=IFCFACEOUTERBOUND(#6069,.T.);
#6071=IFCFACE((#6070));
#6072=IFCPOLYLOOP((#6047,#6040,#6044));
#6073=IFCFACEOUTERBOUND(#6072,.T.);
#6074=IFCFACE((#6073));
#6075=IFCPOLYLOOP((#6039,#6044,#6040));
#6076=IFCFACEOUTERBOUND(#6075,.T.);
#6077=IFCFACE((#6076));
#6078=IFCPOLYLOOP((#6044,#6039,#6038,#6037,#6036,#6045));
#6079=IFCFACEOUTERBOUND(#6078,.T.);
#6080=IFCFACE((#6079));
#6081=IFCPOLYLOOP((#6041,#6040,#6047,#6046,#6043,#6042));
#6082=IFCFACEOUTERBOUND(#6081,.T.);
#6083=IFCFACE((#6082));
#6084=IFCCARTESIANPOINT((0.036595272235935283,3.4499999999999758,1.7880676940528146));
#6085=IFCCARTESIANPOINT((0.032275919703245393,3.4417701613410396,1.7926398266411125));
#6086=IFCCARTESIANPOINT((0.020914624768623824,3.4417701613410396,1.7926398266411125));
#6087=IFCCARTESIANPOINT((0.016595272235933933,3.4499999999999758,1.7880676940528146));
#6088=IFCCARTESIANPOINT((0.016595272235933933,3.4499999999999758,0.83333333333333326));
#6089=IFCCARTESIANPOINT((0.021595272235936491,3.4413397459621318,0.83333333333333326));
#6090=IFCCARTESIANPOINT((0.031595272235936278,3.4413397459621318,0.83333333333333326));
#6091=IFCCARTESIANPOINT((0.036595272235935283,3.4499999999999758,0.83333333333333315));
#6092=IFCCARTESIANPOINT((0.020914624768623824,3.4582298386589128,1.7834955614645165));
#6093=IFCCARTESIANPOINT((0.032275919703245393,3.4582298386589128,1.7834955614645165));
#6094=IFCCARTESIANPOINT((0.031595272235936278,3.4586602540378197,0.83333333333333315));
#6095=IFCCARTESIANPOINT((0.021595272235936491,3.4586602540378215,0.83333333333333326));
#6096=IFCPOLYLOOP((#6088,#6089,#6086));
#6097=IFCFACEOUTERBOUND(#6096,.T.);
#6098=IFCFACE((#6097));
#6099=IFCPOLYLOOP((#6086,#6087,#6088));
#6100=IFCFACEOUTERBOUND(#6099,.T.);
#6101=IFCFACE((#6100));
#6102=IFCPOLYLOOP((#6089,#6090,#6085,#6086));
#6103=IFCFACEOUTERBOUND(#6102,.T.);
#6104=IFCFACE((#6103));
#6105=IFCPOLYLOOP((#6090,#6091,#6085));
#6106=IFCFACEOUTERBOUND(#6105,.T.);
#6107=IFCFACE((#6106));
#6108=IFCPOLYLOOP((#6084,#6085,#6091));
#6109=IFCFACEOUTERBOUND(#6108,.T.);
#6110=IFCFACE((#6109));
#6111=IFCPOLYLOOP((#6091,#6094,#6093));
#6112=IFCFACEOUTERBOUND(#6111,.T.);
#6113=IFCFACE((#6112));
#6114=IFCPOLYLOOP((#6093,#6084,#6091));
#6115=IFCFACEOUTERBOUND(#6114,.T.);
#6116=IFCFACE((#6115));
#6117=IFCPOLYLOOP((#6094,#6095,#6092,#6093));
#6118=IFCFACEOUTERBOUND(#6117,.T.);
#6119=IFCFACE((#6118));
#6120=IFCPOLYLOOP((#6095,#6088,#6092));
#6121=IFCFACEOUTERBOUND(#6120,.T.);
#6122=IFCFACE((#6121));
#6123=IFCPOLYLOOP((#6087,#6092,#6088));
#6124=IFCFACEOUTERBOUND(#6123,.T.);
#6125=IFCFACE((#6124));
#6126=IFCPOLYLOOP((#6092,#6087,#6086,#6085,#6084,#6093));
#6127=IFCFACEOUTERBOUND(#6126,.T.);
#6128=IFCFACE((#6127));
#6129=IFCPOLYLOOP((#6089,#6088,#6095,#6094,#6091,#6090));
#6130=IFCFACEOUTERBOUND(#6129,.T.);
#6131=IFCFACE((#6130));
#6132=IFCCARTESIANPOINT((0.036595272235935283,3.7499999999999747,1.6214010273861481));
#6133=IFCCARTESIANPOINT((0.032275919703245393,3.7417701613410386,1.625973159974446));
#6134=IFCCARTESIANPOINT((0.020914624768623824,3.7417701613410386,1.625973159974446));
#6135=IFCCARTESIANPOINT((0.016595272235933933,3.7499999999999747,1.6214010273861481));
#6136=IFCCARTESIANPOINT((0.016595272235933933,3.7499999999999747,0.66666666666666674));
#6137=IFCCARTESIANPOINT((0.021595272235936491,3.7413397459621307,0.66666666666666674));
#6138=IFCCARTESIANPOINT((0.031595272235936278,3.7413397459621307,0.66666666666666674));
#6139=IFCCARTESIANPOINT((0.036595272235935283,3.7499999999999747,0.66666666666666652));
#6140=IFCCARTESIANPOINT((0.020914624768623824,3.7582298386589117,1.6168288947978502));
#6141=IFCCARTESIANPOINT((0.032275919703245393,3.7582298386589117,1.6168288947978502));
#6142=IFCCARTESIANPOINT((0.031595272235936278,3.7586602540378187,0.66666666666666652));
#6143=IFCCARTESIANPOINT((0.021595272235936491,3.7586602540378204,0.66666666666666674));
#6144=IFCPOLYLOOP((#6136,#6137,#6134));
#6145=IFCFACEOUTERBOUND(#6144,.T.);
#6146=IFCFACE((#6145));
#6147=IFCPOLYLOOP((#6134,#6135,#6136));
#6148=IFCFACEOUTERBOUND(#6147,.T.);
#6149=IFCFACE((#6148));
#6150=IFCPOLYLOOP((#6137,#6138,#6133,#6134));
#6151=IFCFACEOUTERBOUND(#6150,.T.);
#6152=IFCFACE((#6151));
#6153=IFCPOLYLOOP((#6138,#6139,#6133));
#6154=IFCFACEOUTERBOUND(#6153,.T.);
#6155=IFCFACE((#6154));
#6156=IFCPOLYLOOP((#6132,#6133,#6139));
#6157=IFCFACEOUTERBOUND(#6156,.T.);
#6158=IFCFACE((#6157));
#6159=IFCPOLYLOOP((#6139,#6142,#6141));
#6160=IFCFACEOUTERBOUND(#6159,.T.);
#6161=IFCFACE((#6160));
#6162=IFCPOLYLOOP((#6141,#6132,#6139));
#6163=IFCFACEOUTERBOUND(#6162,.T.);
#6164=IFCFACE((#6163));
#6165=IFCPOLYLOOP((#6142,#6143,#6140,#6141));
#6166=IFCFACEOUTERBOUND(#6165,.T.);
#6167=IFCFACE((#6166));
#6168=IFCPOLYLOOP((#6143,#6136,#6140));
#6169=IFCFACEOUTERBOUND(#6168,.T.);
#6170=IFCFACE((#6169));
#6171=IFCPOLYLOOP((#6135,#6140,#6136));
#6172=IFCFACEOUTERBOUND(#6171,.T.);
#6173=IFCFACE((#6172));
#6174=IFCPOLYLOOP((#6140,#6135,#6134,#6133,#6132,#6141));
#6175=IFCFACEOUTERBOUND(#6174,.T.);
#6176=IFCFACE((#6175));
#6177=IFCPOLYLOOP((#6137,#6136,#6143,#6142,#6139,#6138));
#6178=IFCFACEOUTERBOUND(#6177,.T.);
#6179=IFCFACE((#6178));
#6180=IFCCARTESIANPOINT((0.036595272235935283,4.0499999999999758,1.4547343607194816));
#6181=IFCCARTESIANPOINT((0.032275919703245393,4.0417701613410397,1.4593064933077793));
#6182=IFCCARTESIANPOINT((0.020914624768623824,4.0417701613410397,1.4593064933077793));
#6183=IFCCARTESIANPOINT((0.016595272235933933,4.0499999999999758,1.4547343607194816));
#6184=IFCCARTESIANPOINT((0.016595272235933933,4.0499999999999758,0.5));
#6185=IFCCARTESIANPOINT((0.021595272235936491,4.0413397459621319,0.5));
#6186=IFCCARTESIANPOINT((0.031595272235936278,4.0413397459621319,0.5));
#6187=IFCCARTESIANPOINT((0.036595272235935283,4.0499999999999758,0.49999999999999989));
#6188=IFCCARTESIANPOINT((0.020914624768623824,4.058229838658912,1.4501622281311835));
#6189=IFCCARTESIANPOINT((0.032275919703245393,4.058229838658912,1.4501622281311835));
#6190=IFCCARTESIANPOINT((0.031595272235936278,4.0586602540378198,0.49999999999999989));
#6191=IFCCARTESIANPOINT((0.021595272235936491,4.0586602540378216,0.5));
#6192=IFCPOLYLOOP((#6184,#6185,#6182));
#6193=IFCFACEOUTERBOUND(#6192,.T.);
#6194=IFCFACE((#6193));
#6195=IFCPOLYLOOP((#6182,#6183,#6184));
#6196=IFCFACEOUTERBOUND(#6195,.T.);
#6197=IFCFACE((#6196));
#6198=IFCPOLYLOOP((#6185,#6186,#6181,#6182));
#6199=IFCFACEOUTERBOUND(#6198,.T.);
#6200=IFCFACE((#6199));
#6201=IFCPOLYLOOP((#6186,#6187,#6181));
#6202=IFCFACEOUTERBOUND(#6201,.T.);
#6203=IFCFACE((#6202));
#6204=IFCPOLYLOOP((#6180,#6181,#6187));
#6205=IFCFACEOUTERBOUND(#6204,.T.);
#6206=IFCFACE((#6205));
#6207=IFCPOLYLOOP((#6187,#6190,#6189));
#6208=IFCFACEOUTERBOUND(#6207,.T.);
#6209=IFCFACE((#6208));
#6210=IFCPOLYLOOP((#6189,#6180,#6187));
#6211=IFCFACEOUTERBOUND(#6210,.T.);
#6212=IFCFACE((#6211));
#6213=IFCPOLYLOOP((#6190,#6191,#6188,#6189));
#6214=IFCFACEOUTERBOUND(#6213,.T.);
#6215=IFCFACE((#6214));
#6216=IFCPOLYLOOP((#6191,#6184,#6188));
#6217=IFCFACEOUTERBOUND(#6216,.T.);
#6218=IFCFACE((#6217));
#6219=IFCPOLYLOOP((#6183,#6188,#6184));
#6220=IFCFACEOUTERBOUND(#6219,.T.);
#6221=IFCFACE((#6220));
#6222=IFCPOLYLOOP((#6188,#6183,#6182,#6181,#6180,#6189));
#6223=IFCFACEOUTERBOUND(#6222,.T.);
#6224=IFCFACE((#6223));
#6225=IFCPOLYLOOP((#6185,#6184,#6191,#6190,#6187,#6186));
#6226=IFCFACEOUTERBOUND(#6225,.T.);
#6227=IFCFACE((#6226));
#6228=IFCCARTESIANPOINT((0.036595272235935283,4.3499999999999748,1.2880676940528148));
#6229=IFCCARTESIANPOINT((0.032275919703245393,4.3417701613410387,1.2926398266411128));
#6230=IFCCARTESIANPOINT((0.020914624768623824,4.3417701613410387,1.2926398266411128));
#6231=IFCCARTESIANPOINT((0.016595272235933933,4.3499999999999748,1.2880676940528148));
#6232=IFCCARTESIANPOINT((0.016595272235933933,4.3499999999999748,0.33333333333333337));
#6233=IFCCARTESIANPOINT((0.021595272235936491,4.3413397459621308,0.33333333333333337));
#6234=IFCCARTESIANPOINT((0.031595272235936278,4.3413397459621308,0.33333333333333337));
#6235=IFCCARTESIANPOINT((0.036595272235935283,4.3499999999999748,0.33333333333333326));
#6236=IFCCARTESIANPOINT((0.020914624768623824,4.3582298386589109,1.2834955614645167));
#6237=IFCCARTESIANPOINT((0.032275919703245393,4.3582298386589109,1.2834955614645167));
#6238=IFCCARTESIANPOINT((0.031595272235936278,4.3586602540378188,0.33333333333333326));
#6239=IFCCARTESIANPOINT((0.021595272235936491,4.3586602540378205,0.33333333333333337));
#6240=IFCPOLYLOOP((#6232,#6233,#6230));
#6241=IFCFACEOUTERBOUND(#6240,.T.);
#6242=IFCFACE((#6241));
#6243=IFCPOLYLOOP((#6230,#6231,#6232));
#6244=IFCFACEOUTERBOUND(#6243,.T.);
#6245=IFCFACE((#6244));
#6246=IFCPOLYLOOP((#6233,#6234,#6229,#6230));
#6247=IFCFACEOUTERBOUND(#6246,.T.);
#6248=IFCFACE((#6247));
#6249=IFCPOLYLOOP((#6234,#6235,#6229));
#6250=IFCFACEOUTERBOUND(#6249,.T.);
#6251=IFCFACE((#6250));
#6252=IFCPOLYLOOP((#6228,#6229,#6235));
#6253=IFCFACEOUTERBOUND(#6252,.T.);
#6254=IFCFACE((#6253));
#6255=IFCPOLYLOOP((#6235,#6238,#6237));
#6256=IFCFACEOUTERBOUND(#6255,.T.);
#6257=IFCFACE((#6256));
#6258=IFCPOLYLOOP((#6237,#6228,#6235));
#6259=IFCFACEOUTERBOUND(#6258,.T.);
#6260=IFCFACE((#6259));
#6261=IFCPOLYLOOP((#6238,#6239,#6236,#6237));
#6262=IFCFACEOUTERBOUND(#6261,.T.);
#6263=IFCFACE((#6262));
#6264=IFCPOLYLOOP((#6239,#6232,#6236));
#6265=IFCFACEOUTERBOUND(#6264,.T.);
#6266=IFCFACE((#6265));
#6267=IFCPOLYLOOP((#6231,#6236,#6232));
#6268=IFCFACEOUTERBOUND(#6267,.T.);
#6269=IFCFACE((#6268));
#6270=IFCPOLYLOOP((#6236,#6231,#6230,#6229,#6228,#6237));
#6271=IFCFACEOUTERBOUND(#6270,.T.);
#6272=IFCFACE((#6271));
#6273=IFCPOLYLOOP((#6233,#6232,#6239,#6238,#6235,#6234));
#6274=IFCFACEOUTERBOUND(#6273,.T.);
#6275=IFCFACE((#6274));
#6276=IFCCARTESIANPOINT((0.03659527223593706,4.6499999999999755,1.1214010273861481));
#6277=IFCCARTESIANPOINT((0.032275919703248945,4.6417701613410394,1.125973159974446));
#6278=IFCCARTESIANPOINT((0.0209146247686256,4.6417701613410394,1.125973159974446));
#6279=IFCCARTESIANPOINT((0.016595272235937486,4.6499999999999755,1.1214010273861481));
#6280=IFCCARTESIANPOINT((0.016595272235937486,4.6499999999999755,0.16666666666666682));
#6281=IFCCARTESIANPOINT((0.021595272235938268,4.6413397459621315,0.16666666666666682));
#6282=IFCCARTESIANPOINT((0.031595272235938054,4.6413397459621315,0.16666666666666677));
#6283=IFCCARTESIANPOINT((0.03659527223593706,4.6499999999999755,0.16666666666666666));
#6284=IFCCARTESIANPOINT((0.0209146247686256,4.6582298386589134,1.11682889479785));
#6285=IFCCARTESIANPOINT((0.032275919703248945,4.6582298386589134,1.11682889479785));
#6286=IFCCARTESIANPOINT((0.031595272235938054,4.6586602540378195,0.16666666666666666));
#6287=IFCCARTESIANPOINT((0.021595272235938268,4.6586602540378212,0.16666666666666677));
#6288=IFCPOLYLOOP((#6280,#6281,#6278));
#6289=IFCFACEOUTERBOUND(#6288,.T.);
#6290=IFCFACE((#6289));
#6291=IFCPOLYLOOP((#6278,#6279,#6280));
#6292=IFCFACEOUTERBOUND(#6291,.T.);
#6293=IFCFACE((#6292));
#6294=IFCPOLYLOOP((#6281,#6282,#6277,#6278));
#6295=IFCFACEOUTERBOUND(#6294,.T.);
#6296=IFCFACE((#6295));
#6297=IFCPOLYLOOP((#6282,#6283,#6277));
#6298=IFCFACEOUTERBOUND(#6297,.T.);
#6299=IFCFACE((#6298));
#6300=IFCPOLYLOOP((#6276,#6277,#6283));
#6301=IFCFACEOUTERBOUND(#6300,.T.);
#6302=IFCFACE((#6301));
#6303=IFCPOLYLOOP((#6283,#6286,#6285));
#6304=IFCFACEOUTERBOUND(#6303,.T.);
#6305=IFCFACE((#6304));
#6306=IFCPOLYLOOP((#6285,#6276,#6283));
#6307=IFCFACEOUTERBOUND(#6306,.T.);
#6308=IFCFACE((#6307));
#6309=IFCPOLYLOOP((#6286,#6287,#6284,#6285));
#6310=IFCFACEOUTERBOUND(#6309,.T.);
#6311=IFCFACE((#6310));
#6312=IFCPOLYLOOP((#6287,#6280,#6284));
#6313=IFCFACEOUTERBOUND(#6312,.T.);
#6314=IFCFACE((#6313));
#6315=IFCPOLYLOOP((#6279,#6284,#6280));
#6316=IFCFACEOUTERBOUND(#6315,.T.);
#6317=IFCFACE((#6316));
#6318=IFCPOLYLOOP((#6284,#6279,#6278,#6277,#6276,#6285));
#6319=IFCFACEOUTERBOUND(#6318,.T.);
#6320=IFCFACE((#6319));
#6321=IFCPOLYLOOP((#6281,#6280,#6287,#6286,#6283,#6282));
#6322=IFCFACEOUTERBOUND(#6321,.T.);
#6323=IFCFACE((#6322));
#6324=IFCCARTESIANPOINT((0.03659527223593706,4.9499999999999762,0.95473436071948137));
#6325=IFCCARTESIANPOINT((0.032275919703248945,4.9417701613410401,0.95930649330777951));
#6326=IFCCARTESIANPOINT((0.0209146247686256,4.9417701613410401,0.95930649330777951));
#6327=IFCCARTESIANPOINT((0.016595272235937486,4.9499999999999762,0.95473436071948137));
#6328=IFCCARTESIANPOINT((0.016595272235937486,4.9499999999999762,0.));
#6329=IFCCARTESIANPOINT((0.021595272235938268,4.9413397459621322,0.));
#6330=IFCCARTESIANPOINT((0.031595272235938054,4.9413397459621322,0.));
#6331=IFCCARTESIANPOINT((0.03659527223593706,4.9499999999999762,0.));
#6332=IFCCARTESIANPOINT((0.0209146247686256,4.9582298386589123,0.95016222813118345));
#6333=IFCCARTESIANPOINT((0.032275919703248945,4.9582298386589123,0.95016222813118345));
#6334=IFCCARTESIANPOINT((0.031595272235938054,4.9586602540378202,0.));
#6335=IFCCARTESIANPOINT((0.021595272235938268,4.958660254037822,0.));
#6336=IFCPOLYLOOP((#6328,#6329,#6326));
#6337=IFCFACEOUTERBOUND(#6336,.T.);
#6338=IFCFACE((#6337));
#6339=IFCPOLYLOOP((#6326,#6327,#6328));
#6340=IFCFACEOUTERBOUND(#6339,.T.);
#6341=IFCFACE((#6340));
#6342=IFCPOLYLOOP((#6329,#6330,#6325,#6326));
#6343=IFCFACEOUTERBOUND(#6342,.T.);
#6344=IFCFACE((#6343));
#6345=IFCPOLYLOOP((#6330,#6331,#6325));
#6346=IFCFACEOUTERBOUND(#6345,.T.);
#6347=IFCFACE((#6346));
#6348=IFCPOLYLOOP((#6324,#6325,#6331));
#6349=IFCFACEOUTERBOUND(#6348,.T.);
#6350=IFCFACE((#6349));
#6351=IFCPOLYLOOP((#6331,#6334,#6333));
#6352=IFCFACEOUTERBOUND(#6351,.T.);
#6353=IFCFACE((#6352));
#6354=IFCPOLYLOOP((#6333,#6324,#6331));
#6355=IFCFACEOUTERBOUND(#6354,.T.);
#6356=IFCFACE((#6355));
#6357=IFCPOLYLOOP((#6334,#6335,#6332,#6333));
#6358=IFCFACEOUTERBOUND(#6357,.T.);
#6359=IFCFACE((#6358));
#6360=IFCPOLYLOOP((#6335,#6328,#6332));
#6361=IFCFACEOUTERBOUND(#6360,.T.);
#6362=IFCFACE((#6361));
#6363=IFCPOLYLOOP((#6327,#6332,#6328));
#6364=IFCFACEOUTERBOUND(#6363,.T.);
#6365=IFCFACE((#6364));
#6366=IFCPOLYLOOP((#6332,#6327,#6326,#6325,#6324,#6333));
#6367=IFCFACEOUTERBOUND(#6366,.T.);
#6368=IFCFACE((#6367));
#6369=IFCPOLYLOOP((#6329,#6328,#6335,#6334,#6331,#6330));
#6370=IFCFACEOUTERBOUND(#6369,.T.);
#6371=IFCFACE((#6370));
#6372=IFCCARTESIANPOINT((0.04159527223592896,0.03999999999997339,3.6825121384972599));
#6373=IFCCARTESIANPOINT((0.0351162434368959,0.027655242011569214,3.6893703373797067));
#6374=IFCCARTESIANPOINT((0.018074301034960882,0.027655242011569214,3.6893703373797067));
#6375=IFCCARTESIANPOINT((0.011595272235927823,0.039999999999973834,3.6825121384972599));
#6376=IFCCARTESIANPOINT((0.011595272235927823,0.039999999999973834,2.6666666666666665));
#6377=IFCCARTESIANPOINT((0.019095272235928107,0.02700961894320697,2.6666666666666665));
#6378=IFCCARTESIANPOINT((0.034095272235928675,0.027009618943207858,2.6666666666666665));
#6379=IFCCARTESIANPOINT((0.04159527223592896,0.039999999999973834,2.6666666666666665));
#6380=IFCCARTESIANPOINT((0.026595272235928391,0.027009618943207858,2.6666666666666665));
#6381=IFCCARTESIANPOINT((0.026595272235928391,0.02765524201156877,3.6893703373797062));
#6382=IFCCARTESIANPOINT((0.022334786635443749,0.027655242011569214,3.6893703373797062));
#6383=IFCCARTESIANPOINT((0.015345272235927965,0.033504809471590402,2.6666666666666665));
#6384=IFCCARTESIANPOINT((0.014834786635443464,0.033827621005771746,3.6859412379384833));
#6385=IFCCARTESIANPOINT((0.012830983732088797,0.037645548455338851,3.6838201671331681));
#6386=IFCCARTESIANPOINT((0.037845272235927041,0.03350480947159129,2.6666666666666665));
#6387=IFCCARTESIANPOINT((0.038355757836411541,0.033827621005771746,3.6859412379384833));
#6388=IFCCARTESIANPOINT((0.036736000636654609,0.03074143150867048,3.6876557876590952));
#6389=IFCCARTESIANPOINT((0.030855757836411257,0.027655242011569214,3.6893703373797067));
#6390=IFCCARTESIANPOINT((0.030345272235926757,0.027009618943207858,2.6666666666666665));
#6391=IFCCARTESIANPOINT((0.040359560739771538,0.037645548455349509,3.6838201671331623));
#6392=IFCCARTESIANPOINT((0.039720272235928888,0.036752404735782118,2.6666666666666665));
#6393=IFCCARTESIANPOINT((0.016454543835202173,0.030741431508670036,3.6876557876590947));
#6394=IFCCARTESIANPOINT((0.017220272235928036,0.030257214207398686,2.6666666666666665));
#6395=IFCCARTESIANPOINT((0.022845272235926473,0.027009618943207858,2.6666666666666665));
#6396=IFCCARTESIANPOINT((0.013470272235926117,0.036752404735782118,2.6666666666666665));
#6397=IFCCARTESIANPOINT((0.035970272235930523,0.030257214207399574,2.6666666666666665));
#6398=IFCCARTESIANPOINT((0.018074301034960882,0.052344757988378898,3.6756539396148131));
#6399=IFCCARTESIANPOINT((0.0351162434368959,0.052344757988378898,3.6756539396148127));
#6400=IFCCARTESIANPOINT((0.034095272235928675,0.052990381056740254,2.6666666666666665));
#6401=IFCCARTESIANPOINT((0.019095272235929883,0.052990381056741143,2.6666666666666665));
#6402=IFCCARTESIANPOINT((0.026595272235930167,0.052990381056740254,2.6666666666666665));
#6403=IFCCARTESIANPOINT((0.026595272235928391,0.052344757988378898,3.6756539396148131));
#6404=IFCCARTESIANPOINT((0.030855757836411257,0.052344757988378898,3.6756539396148127));
#6405=IFCCARTESIANPOINT((0.037845272235927041,0.046495190528356822,2.6666666666666665));
#6406=IFCCARTESIANPOINT((0.038355757836411541,0.046172378994176366,3.6790830390560361));
#6407=IFCCARTESIANPOINT((0.040349424632315944,0.042373764283799797,3.6811933805618007));
#6408=IFCCARTESIANPOINT((0.015345272235927965,0.046495190528357266,2.6666666666666665));
#6409=IFCCARTESIANPOINT((0.014834786635443464,0.046172378994176366,3.6790830390560361));
#6410=IFCCARTESIANPOINT((0.016454543835202173,0.049258568491277632,3.6773684893354246));
#6411=IFCCARTESIANPOINT((0.022334786635443749,0.052344757988378898,3.6756539396148131));
#6412=IFCCARTESIANPOINT((0.022845272235928249,0.052990381056741143,2.6666666666666665));
#6413=IFCCARTESIANPOINT((0.012841119836455306,0.042373764277923609,3.6811933805650661));
#6414=IFCCARTESIANPOINT((0.013470272235926117,0.04324759526416555,2.6666666666666665));
#6415=IFCCARTESIANPOINT((0.035970272235928746,0.049742785792548538,2.6666666666666665));
#6416=IFCCARTESIANPOINT((0.036736000636654609,0.049258568491277632,3.6773684893354246));
#6417=IFCCARTESIANPOINT((0.03034527223593031,0.052990381056740254,2.6666666666666665));
#6418=IFCCARTESIANPOINT((0.039720272235928888,0.04324759526416555,2.6666666666666665));
#6419=IFCCARTESIANPOINT((0.017220272235929812,0.049742785792549427,2.6666666666666665));
#6420=IFCPOLYLOOP((#6383,#6384,#6396));
#6421=IFCFACEOUTERBOUND(#6420,.T.);
#6422=IFCFACE((#6421));
#6423=IFCPOLYLOOP((#6390,#6378,#6373,#6389,#6381,#6382,#6374,#6377,#6395,#6380));
#6424=IFCFACEOUTERBOUND(#6423,.T.);
#6425=IFCFACE((#6424));
#6426=IFCPOLYLOOP((#6384,#6385,#6396));
#6427=IFCFACEOUTERBOUND(#6426,.T.);
#6428=IFCFACE((#6427));
#6429=IFCPOLYLOOP((#6374,#6394,#6377));
#6430=IFCFACEOUTERBOUND(#6429,.T.);
#6431=IFCFACE((#6430));
#6432=IFCPOLYLOOP((#6387,#6386,#6392));
#6433=IFCFACEOUTERBOUND(#6432,.T.);
#6434=IFCFACE((#6433));
#6435=IFCPOLYLOOP((#6375,#6376,#6385));
#6436=IFCFACEOUTERBOUND(#6435,.T.);
#6437=IFCFACE((#6436));
#6438=IFCPOLYLOOP((#6373,#6397,#6388));
#6439=IFCFACEOUTERBOUND(#6438,.T.);
#6440=IFCFACE((#6439));
#6441=IFCPOLYLOOP((#6392,#6379,#6391));
#6442=IFCFACEOUTERBOUND(#6441,.T.);
#6443=IFCFACE((#6442));
#6444=IFCPOLYLOOP((#6393,#6383,#6394));
#6445=IFCFACEOUTERBOUND(#6444,.T.);
#6446=IFCFACE((#6445));
#6447=IFCPOLYLOOP((#6386,#6387,#6388));
#6448=IFCFACEOUTERBOUND(#6447,.T.);
#6449=IFCFACE((#6448));
#6450=IFCPOLYLOOP((#6379,#6372,#6391));
#6451=IFCFACEOUTERBOUND(#6450,.T.);
#6452=IFCFACE((#6451));
#6453=IFCPOLYLOOP((#6387,#6392,#6391));
#6454=IFCFACEOUTERBOUND(#6453,.T.);
#6455=IFCFACE((#6454));
#6456=IFCPOLYLOOP((#6394,#6374,#6393));
#6457=IFCFACEOUTERBOUND(#6456,.T.);
#6458=IFCFACE((#6457));
#6459=IFCPOLYLOOP((#6393,#6384,#6383));
#6460=IFCFACEOUTERBOUND(#6459,.T.);
#6461=IFCFACE((#6460));
#6462=IFCPOLYLOOP((#6385,#6376,#6396));
#6463=IFCFACEOUTERBOUND(#6462,.T.);
#6464=IFCFACE((#6463));
#6465=IFCPOLYLOOP((#6397,#6373,#6378));
#6466=IFCFACEOUTERBOUND(#6465,.T.);
#6467=IFCFACE((#6466));
#6468=IFCPOLYLOOP((#6397,#6386,#6388));
#6469=IFCFACEOUTERBOUND(#6468,.T.);
#6470=IFCFACE((#6469));
#6471=IFCPOLYLOOP((#6405,#6406,#6418));
#6472=IFCFACEOUTERBOUND(#6471,.T.);
#6473=IFCFACE((#6472));
#6474=IFCPOLYLOOP((#6400,#6417,#6402,#6412,#6401,#6398,#6411,#6403,#6404,#6399));
#6475=IFCFACEOUTERBOUND(#6474,.T.);
#6476=IFCFACE((#6475));
#6477=IFCPOLYLOOP((#6415,#6399,#6416));
#6478=IFCFACEOUTERBOUND(#6477,.T.);
#6479=IFCFACE((#6478));
#6480=IFCPOLYLOOP((#6414,#6376,#6413));
#6481=IFCFACEOUTERBOUND(#6480,.T.);
#6482=IFCFACE((#6481));
#6483=IFCPOLYLOOP((#6409,#6408,#6414));
#6484=IFCFACEOUTERBOUND(#6483,.T.);
#6485=IFCFACE((#6484));
#6486=IFCPOLYLOOP((#6406,#6407,#6418));
#6487=IFCFACEOUTERBOUND(#6486,.T.);
#6488=IFCFACE((#6487));
#6489=IFCPOLYLOOP((#6372,#6379,#6407));
#6490=IFCFACEOUTERBOUND(#6489,.T.);
#6491=IFCFACE((#6490));
#6492=IFCPOLYLOOP((#6398,#6419,#6410));
#6493=IFCFACEOUTERBOUND(#6492,.T.);
#6494=IFCFACE((#6493));
#6495=IFCPOLYLOOP((#6405,#6416,#6406));
#6496=IFCFACEOUTERBOUND(#6495,.T.);
#6497=IFCFACE((#6496));
#6498=IFCPOLYLOOP((#6408,#6409,#6410));
#6499=IFCFACEOUTERBOUND(#6498,.T.);
#6500=IFCFACE((#6499));
#6501=IFCPOLYLOOP((#6376,#6375,#6413));
#6502=IFCFACEOUTERBOUND(#6501,.T.);
#6503=IFCFACE((#6502));
#6504=IFCPOLYLOOP((#6409,#6414,#6413));
#6505=IFCFACEOUTERBOUND(#6504,.T.);
#6506=IFCFACE((#6505));
#6507=IFCPOLYLOOP((#6416,#6405,#6415));
#6508=IFCFACEOUTERBOUND(#6507,.T.);
#6509=IFCFACE((#6508));
#6510=IFCPOLYLOOP((#6415,#6400,#6399));
#6511=IFCFACEOUTERBOUND(#6510,.T.);
#6512=IFCFACE((#6511));
#6513=IFCPOLYLOOP((#6407,#6379,#6418));
#6514=IFCFACEOUTERBOUND(#6513,.T.);
#6515=IFCFACE((#6514));
#6516=IFCPOLYLOOP((#6419,#6398,#6401));
#6517=IFCFACEOUTERBOUND(#6516,.T.);
#6518=IFCFACE((#6517));
#6519=IFCPOLYLOOP((#6419,#6408,#6410));
#6520=IFCFACEOUTERBOUND(#6519,.T.);
#6521=IFCFACE((#6520));
#6522=IFCPOLYLOOP((#6404,#6403,#6411,#6398,#6410,#6409,#6413,#6375,#6385,#6384,#6393,#6374,#6382,#6381,#6389,#6373,#6388,#6387,#6391,#6372,#6407,#6406,#6416,#6399));
#6523=IFCFACEOUTERBOUND(#6522,.T.);
#6524=IFCFACE((#6523));
#6525=IFCPOLYLOOP((#6378,#6390,#6380,#6395,#6377,#6394,#6383,#6396,#6376,#6414,#6408,#6419,#6401,#6412,#6402,#6417,#6400,#6415,#6405,#6418,#6379,#6392,#6386,#6397));
#6526=IFCFACEOUTERBOUND(#6525,.T.);
#6527=IFCFACE((#6526));
#6528=IFCCARTESIANPOINT((0.041595272235937841,5.0599999999999756,0.89362324960837114));
#6529=IFCCARTESIANPOINT((0.035116243436904782,5.0476552420115706,0.90048144849081813));
#6530=IFCCARTESIANPOINT((0.018074301034969764,5.0476552420115706,0.90048144849081813));
#6531=IFCCARTESIANPOINT((0.011595272235936704,5.0599999999999756,0.89362324960837114));
#6532=IFCCARTESIANPOINT((0.011595272235936704,5.0599999999999756,0.));
#6533=IFCCARTESIANPOINT((0.019095272235936989,5.0470096189432088,0.));
#6534=IFCCARTESIANPOINT((0.034095272235937557,5.0470096189432105,0.));
#6535=IFCCARTESIANPOINT((0.041595272235937841,5.0599999999999756,0.));
#6536=IFCCARTESIANPOINT((0.026595272235937273,5.0470096189432088,0.));
#6537=IFCCARTESIANPOINT((0.026595272235937273,5.0476552420115706,0.90048144849081813));
#6538=IFCCARTESIANPOINT((0.02233478663545263,5.0476552420115706,0.90048144849081813));
#6539=IFCCARTESIANPOINT((0.015345272235936847,5.0535048094715922,0.));
#6540=IFCCARTESIANPOINT((0.014834786635452346,5.0538276210057731,0.89705234904959474));
#6541=IFCCARTESIANPOINT((0.012998431310201397,5.05732650375103,0.89510852530223017));
#6542=IFCCARTESIANPOINT((0.037845272235935923,5.0535048094715922,0.));
#6543=IFCCARTESIANPOINT((0.038355757836420423,5.0538276210057731,0.89705234904959452));
#6544=IFCCARTESIANPOINT((0.036736000636661714,5.0507414315086727,0.89876689877020643));
#6545=IFCCARTESIANPOINT((0.030855757836420139,5.0476552420115706,0.90048144849081813));
#6546=IFCCARTESIANPOINT((0.030345272235935639,5.0470096189432105,0.));
#6547=IFCCARTESIANPOINT((0.040192113161683807,5.0573265037510442,0.89510852530222151));
#6548=IFCCARTESIANPOINT((0.03972027223593777,5.0567524047357839,0.));
#6549=IFCCARTESIANPOINT((0.016454543835211055,5.0507414315086727,0.89876689877020643));
#6550=IFCCARTESIANPOINT((0.017220272235935141,5.0502572142074005,0.));
#6551=IFCCARTESIANPOINT((0.022845272235935354,5.0470096189432088,0.));
#6552=IFCCARTESIANPOINT((0.013470272235934999,5.0567524047357839,0.));
#6553=IFCCARTESIANPOINT((0.035970272235939404,5.0502572142074005,0.));
#6554=IFCCARTESIANPOINT((0.018074301034969764,5.0723447579883807,0.88676505072592393));
#6555=IFCCARTESIANPOINT((0.035116243436904782,5.0723447579883807,0.88676505072592393));
#6556=IFCCARTESIANPOINT((0.034095272235937557,5.0729903810567425,0.));
#6557=IFCCARTESIANPOINT((0.019095272235938765,5.0729903810567425,0.));
#6558=IFCCARTESIANPOINT((0.026595272235939049,5.0729903810567425,0.));
#6559=IFCCARTESIANPOINT((0.026595272235937273,5.0723447579883807,0.88676505072592393));
#6560=IFCCARTESIANPOINT((0.030855757836420139,5.0723447579883789,0.88676505072592393));
#6561=IFCCARTESIANPOINT((0.037845272235935923,5.0664951905283591,0.));
#6562=IFCCARTESIANPOINT((0.038355757836420423,5.0661723789941782,0.89019415016714731));
#6563=IFCCARTESIANPOINT((0.040179029374550979,5.0626984253224876,0.89212412442919709));
#6564=IFCCARTESIANPOINT((0.015345272235936847,5.0664951905283591,0.));
#6565=IFCCARTESIANPOINT((0.014834786635452346,5.0661723789941782,0.89019415016714754));
#6566=IFCCARTESIANPOINT((0.016454543835211055,5.0692585684912803,0.88847960044653584));
#6567=IFCCARTESIANPOINT((0.02233478663545263,5.0723447579883807,0.88676505072592415));
#6568=IFCCARTESIANPOINT((0.022845272235937131,5.0729903810567425,0.));
#6569=IFCCARTESIANPOINT((0.013011515093300119,5.0626984253148297,0.89212412443345146));
#6570=IFCCARTESIANPOINT((0.013470272235936775,5.0632475952641673,0.));
#6571=IFCCARTESIANPOINT((0.035970272235939404,5.0697427857925508,0.));
#6572=IFCCARTESIANPOINT((0.036736000636661714,5.0692585684912803,0.88847960044653584));
#6573=IFCCARTESIANPOINT((0.030345272235937415,5.0729903810567425,0.));
#6574=IFCCARTESIANPOINT((0.039720272235935994,5.0632475952641673,0.));
#6575=IFCCARTESIANPOINT((0.017220272235938694,5.0697427857925508,0.));
#6576=IFCPOLYLOOP((#6539,#6540,#6552));
#6577=IFCFACEOUTERBOUND(#6576,.T.);
#6578=IFCFACE((#6577));
#6579=IFCPOLYLOOP((#6546,#6534,#6529,#6545,#6537,#6538,#6530,#6533,#6551,#6536));
#6580=IFCFACEOUTERBOUND(#6579,.T.);
#6581=IFCFACE((#6580));
#6582=IFCPOLYLOOP((#6540,#6541,#6552));
#6583=IFCFACEOUTERBOUND(#6582,.T.);
#6584=IFCFACE((#6583));
#6585=IFCPOLYLOOP((#6530,#6550,#6533));
#6586=IFCFACEOUTERBOUND(#6585,.T.);
#6587=IFCFACE((#6586));
#6588=IFCPOLYLOOP((#6543,#6542,#6548));
#6589=IFCFACEOUTERBOUND(#6588,.T.);
#6590=IFCFACE((#6589));
#6591=IFCPOLYLOOP((#6531,#6532,#6541));
#6592=IFCFACEOUTERBOUND(#6591,.T.);
#6593=IFCFACE((#6592));
#6594=IFCPOLYLOOP((#6529,#6553,#6544));
#6595=IFCFACEOUTERBOUND(#6594,.T.);
#6596=IFCFACE((#6595));
#6597=IFCPOLYLOOP((#6548,#6535,#6547));
#6598=IFCFACEOUTERBOUND(#6597,.T.);
#6599=IFCFACE((#6598));
#6600=IFCPOLYLOOP((#6549,#6539,#6550));
#6601=IFCFACEOUTERBOUND(#6600,.T.);
#6602=IFCFACE((#6601));
#6603=IFCPOLYLOOP((#6542,#6543,#6544));
#6604=IFCFACEOUTERBOUND(#6603,.T.);
#6605=IFCFACE((#6604));
#6606=IFCPOLYLOOP((#6535,#6528,#6547));
#6607=IFCFACEOUTERBOUND(#6606,.T.);
#6608=IFCFACE((#6607));
#6609=IFCPOLYLOOP((#6543,#6548,#6547));
#6610=IFCFACEOUTERBOUND(#6609,.T.);
#6611=IFCFACE((#6610));
#6612=IFCPOLYLOOP((#6550,#6530,#6549));
#6613=IFCFACEOUTERBOUND(#6612,.T.);
#6614=IFCFACE((#6613));
#6615=IFCPOLYLOOP((#6549,#6540,#6539));
#6616=IFCFACEOUTERBOUND(#6615,.T.);
#6617=IFCFACE((#6616));
#6618=IFCPOLYLOOP((#6541,#6532,#6552));
#6619=IFCFACEOUTERBOUND(#6618,.T.);
#6620=IFCFACE((#6619));
#6621=IFCPOLYLOOP((#6553,#6529,#6534));
#6622=IFCFACEOUTERBOUND(#6621,.T.);
#6623=IFCFACE((#6622));
#6624=IFCPOLYLOOP((#6553,#6542,#6544));
#6625=IFCFACEOUTERBOUND(#6624,.T.);
#6626=IFCFACE((#6625));
#6627=IFCPOLYLOOP((#6561,#6562,#6574));
#6628=IFCFACEOUTERBOUND(#6627,.T.);
#6629=IFCFACE((#6628));
#6630=IFCPOLYLOOP((#6556,#6573,#6558,#6568,#6557,#6554,#6567,#6559,#6560,#6555));
#6631=IFCFACEOUTERBOUND(#6630,.T.);
#6632=IFCFACE((#6631));
#6633=IFCPOLYLOOP((#6571,#6555,#6572));
#6634=IFCFACEOUTERBOUND(#6633,.T.);
#6635=IFCFACE((#6634));
#6636=IFCPOLYLOOP((#6570,#6532,#6569));
#6637=IFCFACEOUTERBOUND(#6636,.T.);
#6638=IFCFACE((#6637));
#6639=IFCPOLYLOOP((#6565,#6564,#6570));
#6640=IFCFACEOUTERBOUND(#6639,.T.);
#6641=IFCFACE((#6640));
#6642=IFCPOLYLOOP((#6562,#6563,#6574));
#6643=IFCFACEOUTERBOUND(#6642,.T.);
#6644=IFCFACE((#6643));
#6645=IFCPOLYLOOP((#6528,#6535,#6563));
#6646=IFCFACEOUTERBOUND(#6645,.T.);
#6647=IFCFACE((#6646));
#6648=IFCPOLYLOOP((#6554,#6575,#6566));
#6649=IFCFACEOUTERBOUND(#6648,.T.);
#6650=IFCFACE((#6649));
#6651=IFCPOLYLOOP((#6561,#6572,#6562));
#6652=IFCFACEOUTERBOUND(#6651,.T.);
#6653=IFCFACE((#6652));
#6654=IFCPOLYLOOP((#6564,#6565,#6566));
#6655=IFCFACEOUTERBOUND(#6654,.T.);
#6656=IFCFACE((#6655));
#6657=IFCPOLYLOOP((#6532,#6531,#6569));
#6658=IFCFACEOUTERBOUND(#6657,.T.);
#6659=IFCFACE((#6658));
#6660=IFCPOLYLOOP((#6565,#6570,#6569));
#6661=IFCFACEOUTERBOUND(#6660,.T.);
#6662=IFCFACE((#6661));
#6663=IFCPOLYLOOP((#6572,#6561,#6571));
#6664=IFCFACEOUTERBOUND(#6663,.T.);
#6665=IFCFACE((#6664));
#6666=IFCPOLYLOOP((#6571,#6556,#6555));
#6667=IFCFACEOUTERBOUND(#6666,.T.);
#6668=IFCFACE((#6667));
#6669=IFCPOLYLOOP((#6563,#6535,#6574));
#6670=IFCFACEOUTERBOUND(#6669,.T.);
#6671=IFCFACE((#6670));
#6672=IFCPOLYLOOP((#6575,#6554,#6557));
#6673=IFCFACEOUTERBOUND(#6672,.T.);
#6674=IFCFACE((#6673));
#6675=IFCPOLYLOOP((#6575,#6564,#6566));
#6676=IFCFACEOUTERBOUND(#6675,.T.);
#6677=IFCFACE((#6676));
#6678=IFCPOLYLOOP((#6560,#6559,#6567,#6554,#6566,#6565,#6569,#6531,#6541,#6540,#6549,#6530,#6538,#6537,#6545,#6529,#6544,#6543,#6547,#6528,#6563,#6562,#6572,#6555));
#6679=IFCFACEOUTERBOUND(#6678,.T.);
#6680=IFCFACE((#6679));
#6681=IFCPOLYLOOP((#6534,#6546,#6536,#6551,#6533,#6550,#6539,#6552,#6532,#6570,#6564,#6575,#6557,#6568,#6558,#6573,#6556,#6571,#6561,#6574,#6535,#6548,#6542,#6553));
#6682=IFCFACEOUTERBOUND(#6681,.T.);
#6683=IFCFACE((#6682));
#6684=IFCCARTESIANPOINT((0.0015952722359244831,5.1000000000000014,0.89999999999999991));
#6685=IFCCARTESIANPOINT((0.014095272235927325,5.1000000000000014,0.92476743680573192));
#6686=IFCCARTESIANPOINT((0.039095272235925904,5.1000000000000014,0.92476743680573237));
#6687=IFCCARTESIANPOINT((0.05159527223592697,5.1000000000000014,0.90000000000000013));
#6688=IFCCARTESIANPOINT((0.039095272235925904,5.1000000000000014,0.87523256319426812));
#6689=IFCCARTESIANPOINT((0.014095272235927325,5.1000000000000014,0.8752325631942679));
#6690=IFCCARTESIANPOINT((0.0015952722359156013,0.,3.7333333333333329));
#6691=IFCCARTESIANPOINT((0.014095272235918443,0.,3.7085658965276012));
#6692=IFCCARTESIANPOINT((0.039095272235917022,0.,3.7085658965276012));
#6693=IFCCARTESIANPOINT((0.051595272235918088,0.,3.7333333333333338));
#6694=IFCCARTESIANPOINT((0.039095272235917022,0.,3.7581007701390652));
#6695=IFCCARTESIANPOINT((0.014095272235918443,0.,3.7581007701390652));
#6696=IFCCARTESIANPOINT((0.0095561848794538662,5.1000000000000014,0.91577371206516034));
#6697=IFCCARTESIANPOINT((0.0078452722359170224,0.,3.7457170517361993));
#6698=IFCCARTESIANPOINT((0.010970272235915957,0.,3.7519089109376318));
#6699=IFCCARTESIANPOINT((0.026595272235926615,5.1000000000000014,0.92476743680573237));
#6700=IFCCARTESIANPOINT((0.026595272235917733,0.,3.7581007701390656));
#6701=IFCCARTESIANPOINT((0.032845272235915601,0.,3.7581007701390665));
#6702=IFCCARTESIANPOINT((0.045345272235916667,0.,3.7457170517362002));
#6703=IFCCARTESIANPOINT((0.045345272235925549,5.1000000000000014,0.91238371840286647));
#6704=IFCCARTESIANPOINT((0.042220272235924838,5.1000000000000014,0.91857557760429942));
#6705=IFCCARTESIANPOINT((0.0055757285576891746,5.1000000000000014,0.90788685603258013));
#6706=IFCCARTESIANPOINT((0.020345272235925194,5.1000000000000014,0.92476743680573237));
#6707=IFCCARTESIANPOINT((0.020345272235916312,0.,3.7581007701390652));
#6708=IFCCARTESIANPOINT((0.047614815914164055,5.1000000000000014,0.90788685603258013));
#6709=IFCCARTESIANPOINT((0.048470272235917378,0.,3.7395251925347668));
#6710=IFCCARTESIANPOINT((0.011825728557688819,5.1000000000000014,0.92027057443544624));
#6711=IFCCARTESIANPOINT((0.032845272235926259,5.1000000000000014,0.92476743680573259));
#6712=IFCCARTESIANPOINT((0.042220272235915957,0.,3.7519089109376336));
#6713=IFCCARTESIANPOINT((0.0047202722359180882,0.,3.7395251925347659));
#6714=IFCCARTESIANPOINT((0.043634359592388705,0.,3.7175596212681721));
#6715=IFCCARTESIANPOINT((0.045345272235925549,5.1000000000000014,0.88761628159713424));
#6716=IFCCARTESIANPOINT((0.047614815914164055,5.1000000000000014,0.89211314396742036));
#6717=IFCCARTESIANPOINT((0.026595272235926615,5.1000000000000014,0.8752325631942679));
#6718=IFCCARTESIANPOINT((0.026595272235917733,0.,3.7085658965276012));
#6719=IFCCARTESIANPOINT((0.020345272235916312,0.,3.7085658965276012));
#6720=IFCCARTESIANPOINT((0.0078452722359259042,5.1000000000000014,0.88761628159713379));
#6721=IFCCARTESIANPOINT((0.0078452722359170224,0.,3.7209496149304671));
#6722=IFCCARTESIANPOINT((0.0055757285576802929,0.,3.7254464773007525));
#6723=IFCCARTESIANPOINT((0.032845272235924483,5.1000000000000014,0.8752325631942679));
#6724=IFCCARTESIANPOINT((0.032845272235915601,0.,3.7085658965276012));
#6725=IFCCARTESIANPOINT((0.010970272235926615,5.1000000000000014,0.88142442239570085));
#6726=IFCCARTESIANPOINT((0.010970272235919509,0.,3.7147577557290337));
#6727=IFCCARTESIANPOINT((0.042220272235924838,5.1000000000000014,0.88142442239570107));
#6728=IFCCARTESIANPOINT((0.041364815914153752,0.,3.7130627588978866));
#6729=IFCCARTESIANPOINT((0.047614815914153397,0.,3.725446477300753));
#6730=IFCCARTESIANPOINT((0.02034527223592697,5.1000000000000014,0.8752325631942679));
#6731=IFCCARTESIANPOINT((0.0047202722359251936,5.1000000000000014,0.89380814079856696));
#6732=IFCPOLYLOOP((#6704,#6703,#6708,#6687,#6716,#6715,#6727,#6688,#6723,#6717,#6730,#6689,#6725,#6720,#6731,#6684,#6705,#6696,#6710,#6685,#6706,#6699,#6711,#6686));
#6733=IFCFACEOUTERBOUND(#6732,.T.);
#6734=IFCFACE((#6733));
#6735=IFCPOLYLOOP((#6695,#6698,#6697,#6713,#6690,#6722,#6721,#6726,#6691,#6719,#6718,#6724,#6692,#6728,#6714,#6729,#6693,#6709,#6702,#6712,#6694,#6701,#6700,#6707));
#6736=IFCFACEOUTERBOUND(#6735,.T.);
#6737=IFCFACE((#6736));
#6738=IFCPOLYLOOP((#6701,#6694,#6686,#6711,#6699,#6706,#6685,#6695,#6707,#6700));
#6739=IFCFACEOUTERBOUND(#6738,.T.);
#6740=IFCFACE((#6739));
#6741=IFCPOLYLOOP((#6703,#6704,#6686,#6694,#6712,#6702,#6709,#6693,#6687,#6708));
#6742=IFCFACEOUTERBOUND(#6741,.T.);
#6743=IFCFACE((#6742));
#6744=IFCPOLYLOOP((#6695,#6685,#6710,#6696,#6705,#6684,#6690,#6713,#6697,#6698));
#6745=IFCFACEOUTERBOUND(#6744,.T.);
#6746=IFCFACE((#6745));
#6747=IFCPOLYLOOP((#6688,#6727,#6715,#6716,#6687,#6693,#6729,#6714,#6728,#6692));
#6748=IFCFACEOUTERBOUND(#6747,.T.);
#6749=IFCFACE((#6748));
#6750=IFCPOLYLOOP((#6719,#6691,#6689,#6730,#6717,#6723,#6688,#6692,#6724,#6718));
#6751=IFCFACEOUTERBOUND(#6750,.T.);
#6752=IFCFACE((#6751));
#6753=IFCPOLYLOOP((#6690,#6684,#6731,#6720,#6725,#6689,#6691,#6726,#6721,#6722));
#6754=IFCFACEOUTERBOUND(#6753,.T.);
#6755=IFCFACE((#6754));
#6756=IFCCLOSEDSHELL((#5570,#5573,#5576,#5579,#5582,#5585,#5588,#5591,#5594,#5597,#5600,#5603));
#6757=IFCFACETEDBREP(#6756);
#6758=IFCCOLOURRGB($,0.96862745098039216,0.96862745098039216,0.96862745098039216);
#6759=IFCSURFACESTYLERENDERING(#6758,0.,$,$,$,$,IFCNORMALISEDRATIOMEASURE(0.5),IFCSPECULAREXPONENT(128.),.NOTDEFINED.);
#6760=IFCSURFACESTYLE('Acero',.BOTH.,(#6759));
#6761=IFCPRESENTATIONSTYLEASSIGNMENT((#6760));
#6762=IFCSTYLEDITEM(#6757,(#6761),$);
#6763=IFCCLOSEDSHELL((#5618,#5621,#5624,#5627,#5630,#5633,#5636,#5639,#5642,#5645,#5648,#5651));
#6764=IFCFACETEDBREP(#6763);
#6765=IFCSTYLEDITEM(#6764,(#6761),$);
#6766=IFCCLOSEDSHELL((#5666,#5669,#5672,#5675,#5678,#5681,#5684,#5687,#5690,#5693,#5696,#5699));
#6767=IFCFACETEDBREP(#6766);
#6768=IFCSTYLEDITEM(#6767,(#6761),$);
#6769=IFCCLOSEDSHELL((#5714,#5717,#5720,#5723,#5726,#5729,#5732,#5735,#5738,#5741,#5744,#5747));
#6770=IFCFACETEDBREP(#6769);
#6771=IFCSTYLEDITEM(#6770,(#6761),$);
#6772=IFCCLOSEDSHELL((#5762,#5765,#5768,#5771,#5774,#5777,#5780,#5783,#5786,#5789,#5792,#5795));
#6773=IFCFACETEDBREP(#6772);
#6774=IFCSTYLEDITEM(#6773,(#6761),$);
#6775=IFCCLOSEDSHELL((#5810,#5813,#5816,#5819,#5822,#5825,#5828,#5831,#5834,#5837,#5840,#5843));
#6776=IFCFACETEDBREP(#6775);
#6777=IFCSTYLEDITEM(#6776,(#6761),$);
#6778=IFCCLOSEDSHELL((#5858,#5861,#5864,#5867,#5870,#5873,#5876,#5879,#5882,#5885,#5888,#5891));
#6779=IFCFACETEDBREP(#6778);
#6780=IFCSTYLEDITEM(#6779,(#6761),$);
#6781=IFCCLOSEDSHELL((#5906,#5909,#5912,#5915,#5918,#5921,#5924,#5927,#5930,#5933,#5936,#5939));
#6782=IFCFACETEDBREP(#6781);
#6783=IFCSTYLEDITEM(#6782,(#6761),$);
#6784=IFCCLOSEDSHELL((#5954,#5957,#5960,#5963,#5966,#5969,#5972,#5975,#5978,#5981,#5984,#5987));
#6785=IFCFACETEDBREP(#6784);
#6786=IFCSTYLEDITEM(#6785,(#6761),$);
#6787=IFCCLOSEDSHELL((#6002,#6005,#6008,#6011,#6014,#6017,#6020,#6023,#6026,#6029,#6032,#6035));
#6788=IFCFACETEDBREP(#6787);
#6789=IFCSTYLEDITEM(#6788,(#6761),$);
#6790=IFCCLOSEDSHELL((#6050,#6053,#6056,#6059,#6062,#6065,#6068,#6071,#6074,#6077,#6080,#6083));
#6791=IFCFACETEDBREP(#6790);
#6792=IFCSTYLEDITEM(#6791,(#6761),$);
#6793=IFCCLOSEDSHELL((#6098,#6101,#6104,#6107,#6110,#6113,#6116,#6119,#6122,#6125,#6128,#6131));
#6794=IFCFACETEDBREP(#6793);
#6795=IFCSTYLEDITEM(#6794,(#6761),$);
#6796=IFCCLOSEDSHELL((#6146,#6149,#6152,#6155,#6158,#6161,#6164,#6167,#6170,#6173,#6176,#6179));
#6797=IFCFACETEDBREP(#6796);
#6798=IFCSTYLEDITEM(#6797,(#6761),$);
#6799=IFCCLOSEDSHELL((#6194,#6197,#6200,#6203,#6206,#6209,#6212,#6215,#6218,#6221,#6224,#6227));
#6800=IFCFACETEDBREP(#6799);
#6801=IFCSTYLEDITEM(#6800,(#6761),$);
#6802=IFCCLOSEDSHELL((#6242,#6245,#6248,#6251,#6254,#6257,#6260,#6263,#6266,#6269,#6272,#6275));
#6803=IFCFACETEDBREP(#6802);
#6804=IFCSTYLEDITEM(#6803,(#6761),$);
#6805=IFCCLOSEDSHELL((#6290,#6293,#6296,#6299,#6302,#6305,#6308,#6311,#6314,#6317,#6320,#6323));
#6806=IFCFACETEDBREP(#6805);
#6807=IFCSTYLEDITEM(#6806,(#6761),$);
#6808=IFCCLOSEDSHELL((#6338,#6341,#6344,#6347,#6350,#6353,#6356,#6359,#6362,#6365,#6368,#6371));
#6809=IFCFACETEDBREP(#6808);
#6810=IFCSTYLEDITEM(#6809,(#6761),$);
#6811=IFCCLOSEDSHELL((#6422,#6425,#6428,#6431,#6434,#6437,#6440,#6443,#6446,#6449,#6452,#6455,#6458,#6461,#6464,#6467,#6470,#6473,#6476,#6479,#6482,#6485,#6488,#6491,#6494,#6497,#6500,#6503,#6506,#6509,#6512,#6515,#6518,#6521,#6524,#6527));
#6812=IFCFACETEDBREP(#6811);
#6813=IFCSTYLEDITEM(#6812,(#6761),$);
#6814=IFCCLOSEDSHELL((#6578,#6581,#6584,#6587,#6590,#6593,#6596,#6599,#6602,#6605,#6608,#6611,#6614,#6617,#6620,#6623,#6626,#6629,#6632,#6635,#6638,#6641,#6644,#6647,#6650,#6653,#6656,#6659,#6662,#6665,#6668,#6671,#6674,#6677,#6680,#6683));
#6815=IFCFACETEDBREP(#6814);
#6816=IFCSTYLEDITEM(#6815,(#6761),$);
#6817=IFCCLOSEDSHELL((#6734,#6737,#6740,#6743,#6746,#6749,#6752,#6755));
#6818=IFCFACETEDBREP(#6817);
#6819=IFCSTYLEDITEM(#6818,(#6761),$);
#6820=IFCSHAPEREPRESENTATION(#24,'Body','Brep',(#6757,#6764,#6767,#6770,#6773,#6776,#6779,#6782,#6785,#6788,#6791,#6794,#6797,#6800,#6803,#6806,#6809,#6812,#6815,#6818));
#6821=IFCCARTESIANPOINT((13.630154604331404,2.6364754924722154,0.16666666666666627));
#6822=IFCPRODUCTDEFINITIONSHAPE($,$,(#6820));
#6823=IFCRAILING('0aRLSEK1r1S9fVxHAcp$6J',#18,'Barandilla:Barrotes redondos:166197',$,'Barandilla:Barrotes redondos',#5555,#6822,'166197',.NOTDEFINED.);
#6824=IFCRAILINGTYPE('33iqVJkXv5zfDdPekyhQVl',#18,'Barandilla:Barrotes redondos',$,$,$,$,'16790',$,.NOTDEFINED.);
#6825=IFCMATERIAL('Acero');
#6826=IFCPRESENTATIONSTYLEASSIGNMENT((#6760));
#6827=IFCSTYLEDITEM($,(#6826),$);
#6828=IFCSTYLEDREPRESENTATION(#22,'Style','Material',(#6827));
#6829=IFCMATERIALDEFINITIONREPRESENTATION($,$,(#6828),#6825);
#6830=IFCPROPERTYSINGLEVALUE('Reference',$,IFCIDENTIFIER('Barrotes redondos'),$);
#6831=IFCPROPERTYSET('27a3U0ZCCFql23edEjwA7u',#18,'Pset_QuantityTakeOff',$,(#6830));
#6832=IFCPROPERTYSINGLEVALUE('Height',$,IFCPOSITIVELENGTHMEASURE(0.89999999999999991),$);
#6833=IFCPROPERTYSET('0Ukxmhsc1cCeJ$fOwh6LNH',#18,'Pset_RailingCommon',$,(#86,#6830,#6832));
#6834=IFCRELDEFINESBYPROPERTIES('2bckiPc4l2x3UsgTwBgB4j',#18,$,$,(#6823),#6831);
#6835=IFCRELDEFINESBYPROPERTIES('3wSibHjyOYgDXo1LBZMKi5',#18,$,$,(#6823),#6833);
#6836=IFCAXIS2PLACEMENT3D(#3,$,$);
#6838=IFCAXIS2PLACEMENT3D(#8101,$,$);
#6839=IFCLOCALPLACEMENT(#3884,#6838);
#6840=IFCCARTESIANPOINT((0.016595272235901959,0.14999999999997371,3.6214010273861481));
#6841=IFCCARTESIANPOINT((0.016595272235901959,0.14999999999997371,2.666666666666667));
#6842=IFCCARTESIANPOINT((0.021595272235899188,0.14133974596212973,2.666666666666667));
#6843=IFCCARTESIANPOINT((0.031595272235900751,0.14133974596212884,2.666666666666667));
#6844=IFCCARTESIANPOINT((0.036595272235901533,0.14999999999997371,2.666666666666667));
#6845=IFCCARTESIANPOINT((0.036595272235901533,0.14999999999997371,3.6214010273861481));
#6846=IFCCARTESIANPOINT((0.032275919703211642,0.1417701613410367,3.6259731599744462));
#6847=IFCCARTESIANPOINT((0.020914624768590073,0.1417701613410367,3.6259731599744462));
#6848=IFCCARTESIANPOINT((0.031595272235900751,0.15866025403781814,2.666666666666667));
#6849=IFCCARTESIANPOINT((0.021595272235899188,0.15866025403781725,2.666666666666667));
#6850=IFCCARTESIANPOINT((0.020914624768590073,0.15822983865891027,3.61682889479785));
#6851=IFCCARTESIANPOINT((0.032275919703211642,0.15822983865891027,3.61682889479785));
#6852=IFCPOLYLOOP((#6846,#6843,#6844));
#6853=IFCFACEOUTERBOUND(#6852,.T.);
#6854=IFCFACE((#6853));
#6855=IFCPOLYLOOP((#6844,#6845,#6846));
#6856=IFCFACEOUTERBOUND(#6855,.T.);
#6857=IFCFACE((#6856));
#6858=IFCPOLYLOOP((#6846,#6847,#6842,#6843));
#6859=IFCFACEOUTERBOUND(#6858,.T.);
#6860=IFCFACE((#6859));
#6861=IFCPOLYLOOP((#6847,#6841,#6842));
#6862=IFCFACEOUTERBOUND(#6861,.T.);
#6863=IFCFACE((#6862));
#6864=IFCPOLYLOOP((#6841,#6847,#6840));
#6865=IFCFACEOUTERBOUND(#6864,.T.);
#6866=IFCFACE((#6865));
#6867=IFCPOLYLOOP((#6850,#6849,#6841));
#6868=IFCFACEOUTERBOUND(#6867,.T.);
#6869=IFCFACE((#6868));
#6870=IFCPOLYLOOP((#6841,#6840,#6850));
#6871=IFCFACEOUTERBOUND(#6870,.T.);
#6872=IFCFACE((#6871));
#6873=IFCPOLYLOOP((#6850,#6851,#6848,#6849));
#6874=IFCFACEOUTERBOUND(#6873,.T.);
#6875=IFCFACE((#6874));
#6876=IFCPOLYLOOP((#6851,#6844,#6848));
#6877=IFCFACEOUTERBOUND(#6876,.T.);
#6878=IFCFACE((#6877));
#6879=IFCPOLYLOOP((#6844,#6851,#6845));
#6880=IFCFACEOUTERBOUND(#6879,.T.);
#6881=IFCFACE((#6880));
#6882=IFCPOLYLOOP((#6850,#6840,#6847,#6846,#6845,#6851));
#6883=IFCFACEOUTERBOUND(#6882,.T.);
#6884=IFCFACE((#6883));
#6885=IFCPOLYLOOP((#6842,#6841,#6849,#6848,#6844,#6843));
#6886=IFCFACEOUTERBOUND(#6885,.T.);
#6887=IFCFACE((#6886));
#6888=IFCCARTESIANPOINT((0.016595272235901959,0.44999999999997398,3.4547343607194811));
#6889=IFCCARTESIANPOINT((0.016595272235901959,0.44999999999997398,2.5000000000000004));
#6890=IFCCARTESIANPOINT((0.021595272235899188,0.44133974596213044,2.5000000000000004));
#6891=IFCCARTESIANPOINT((0.031595272235900751,0.4413397459621291,2.5000000000000004));
#6892=IFCCARTESIANPOINT((0.036595272235901533,0.44999999999997398,2.5000000000000004));
#6893=IFCCARTESIANPOINT((0.036595272235901533,0.44999999999997398,3.4547343607194811));
#6894=IFCCARTESIANPOINT((0.032275919703211642,0.44177016134103742,3.4593064933077793));
#6895=IFCCARTESIANPOINT((0.020914624768590073,0.44177016134103742,3.4593064933077793));
#6896=IFCCARTESIANPOINT((0.031595272235900751,0.45866025403781885,2.5000000000000004));
#6897=IFCCARTESIANPOINT((0.021595272235899188,0.45866025403781796,2.5000000000000004));
#6898=IFCCARTESIANPOINT((0.020914624768590073,0.45822983865891054,3.4501622281311835));
#6899=IFCCARTESIANPOINT((0.032275919703211642,0.45822983865891054,3.4501622281311835));
#6900=IFCPOLYLOOP((#6894,#6891,#6892));
#6901=IFCFACEOUTERBOUND(#6900,.T.);
#6902=IFCFACE((#6901));
#6903=IFCPOLYLOOP((#6892,#6893,#6894));
#6904=IFCFACEOUTERBOUND(#6903,.T.);
#6905=IFCFACE((#6904));
#6906=IFCPOLYLOOP((#6894,#6895,#6890,#6891));
#6907=IFCFACEOUTERBOUND(#6906,.T.);
#6908=IFCFACE((#6907));
#6909=IFCPOLYLOOP((#6895,#6889,#6890));
#6910=IFCFACEOUTERBOUND(#6909,.T.);
#6911=IFCFACE((#6910));
#6912=IFCPOLYLOOP((#6889,#6895,#6888));
#6913=IFCFACEOUTERBOUND(#6912,.T.);
#6914=IFCFACE((#6913));
#6915=IFCPOLYLOOP((#6898,#6897,#6889));
#6916=IFCFACEOUTERBOUND(#6915,.T.);
#6917=IFCFACE((#6916));
#6918=IFCPOLYLOOP((#6889,#6888,#6898));
#6919=IFCFACEOUTERBOUND(#6918,.T.);
#6920=IFCFACE((#6919));
#6921=IFCPOLYLOOP((#6898,#6899,#6896,#6897));
#6922=IFCFACEOUTERBOUND(#6921,.T.);
#6923=IFCFACE((#6922));
#6924=IFCPOLYLOOP((#6899,#6892,#6896));
#6925=IFCFACEOUTERBOUND(#6924,.T.);
#6926=IFCFACE((#6925));
#6927=IFCPOLYLOOP((#6892,#6899,#6893));
#6928=IFCFACEOUTERBOUND(#6927,.T.);
#6929=IFCFACE((#6928));
#6930=IFCPOLYLOOP((#6898,#6888,#6895,#6894,#6893,#6899));
#6931=IFCFACEOUTERBOUND(#6930,.T.);
#6932=IFCFACE((#6931));
#6933=IFCPOLYLOOP((#6890,#6889,#6897,#6896,#6892,#6891));
#6934=IFCFACEOUTERBOUND(#6933,.T.);
#6935=IFCFACE((#6934));
#6936=IFCCARTESIANPOINT((0.016595272235903735,0.74999999999997424,3.2880676940528146));
#6937=IFCCARTESIANPOINT((0.016595272235903735,0.74999999999997424,2.3333333333333335));
#6938=IFCCARTESIANPOINT((0.02159527223590274,0.74133974596213026,2.3333333333333335));
#6939=IFCCARTESIANPOINT((0.031595272235902527,0.74133974596212937,2.3333333333333335));
#6940=IFCCARTESIANPOINT((0.036595272235903309,0.74999999999997424,2.3333333333333335));
#6941=IFCCARTESIANPOINT((0.036595272235903309,0.74999999999997424,3.2880676940528146));
#6942=IFCCARTESIANPOINT((0.032275919703215195,0.74177016134103768,3.2926398266411128));
#6943=IFCCARTESIANPOINT((0.02091462476859185,0.74177016134103768,3.2926398266411128));
#6944=IFCCARTESIANPOINT((0.031595272235902527,0.75866025403781867,2.3333333333333335));
#6945=IFCCARTESIANPOINT((0.02159527223590274,0.75866025403781778,2.3333333333333335));
#6946=IFCCARTESIANPOINT((0.02091462476859185,0.7582298386589108,3.2834955614645165));
#6947=IFCCARTESIANPOINT((0.032275919703215195,0.7582298386589108,3.2834955614645165));
#6948=IFCPOLYLOOP((#6942,#6939,#6940));
#6949=IFCFACEOUTERBOUND(#6948,.T.);
#6950=IFCFACE((#6949));
#6951=IFCPOLYLOOP((#6940,#6941,#6942));
#6952=IFCFACEOUTERBOUND(#6951,.T.);
#6953=IFCFACE((#6952));
#6954=IFCPOLYLOOP((#6942,#6943,#6938,#6939));
#6955=IFCFACEOUTERBOUND(#6954,.T.);
#6956=IFCFACE((#6955));
#6957=IFCPOLYLOOP((#6943,#6937,#6938));
#6958=IFCFACEOUTERBOUND(#6957,.T.);
#6959=IFCFACE((#6958));
#6960=IFCPOLYLOOP((#6937,#6943,#6936));
#6961=IFCFACEOUTERBOUND(#6960,.T.);
#6962=IFCFACE((#6961));
#6963=IFCPOLYLOOP((#6946,#6945,#6937));
#6964=IFCFACEOUTERBOUND(#6963,.T.);
#6965=IFCFACE((#6964));
#6966=IFCPOLYLOOP((#6937,#6936,#6946));
#6967=IFCFACEOUTERBOUND(#6966,.T.);
#6968=IFCFACE((#6967));
#6969=IFCPOLYLOOP((#6946,#6947,#6944,#6945));
#6970=IFCFACEOUTERBOUND(#6969,.T.);
#6971=IFCFACE((#6970));
#6972=IFCPOLYLOOP((#6947,#6940,#6944));
#6973=IFCFACEOUTERBOUND(#6972,.T.);
#6974=IFCFACE((#6973));
#6975=IFCPOLYLOOP((#6940,#6947,#6941));
#6976=IFCFACEOUTERBOUND(#6975,.T.);
#6977=IFCFACE((#6976));
#6978=IFCPOLYLOOP((#6946,#6936,#6943,#6942,#6941,#6947));
#6979=IFCFACEOUTERBOUND(#6978,.T.);
#6980=IFCFACE((#6979));
#6981=IFCPOLYLOOP((#6938,#6937,#6945,#6944,#6940,#6939));
#6982=IFCFACEOUTERBOUND(#6981,.T.);
#6983=IFCFACE((#6982));
#6984=IFCCARTESIANPOINT((0.016595272235903735,1.0499999999999741,3.1214010273861481));
#6985=IFCCARTESIANPOINT((0.016595272235903735,1.0499999999999741,2.1666666666666665));
#6986=IFCCARTESIANPOINT((0.02159527223590274,1.0413397459621305,2.1666666666666665));
#6987=IFCCARTESIANPOINT((0.031595272235902527,1.0413397459621292,2.166666666666667));
#6988=IFCCARTESIANPOINT((0.036595272235903309,1.0499999999999741,2.166666666666667));
#6989=IFCCARTESIANPOINT((0.036595272235903309,1.0499999999999741,3.1214010273861481));
#6990=IFCCARTESIANPOINT((0.032275919703215195,1.0417701613410375,3.1259731599744462));
#6991=IFCCARTESIANPOINT((0.02091462476859185,1.0417701613410375,3.1259731599744462));
#6992=IFCCARTESIANPOINT((0.031595272235902527,1.0586602540378189,2.1666666666666665));
#6993=IFCCARTESIANPOINT((0.02159527223590274,1.0586602540378176,2.1666666666666665));
#6994=IFCCARTESIANPOINT((0.02091462476859185,1.0582298386589106,3.11682889479785));
#6995=IFCCARTESIANPOINT((0.032275919703215195,1.0582298386589106,3.11682889479785));
#6996=IFCPOLYLOOP((#6990,#6987,#6988));
#6997=IFCFACEOUTERBOUND(#6996,.T.);
#6998=IFCFACE((#6997));
#6999=IFCPOLYLOOP((#6988,#6989,#6990));
#7000=IFCFACEOUTERBOUND(#6999,.T.);
#7001=IFCFACE((#7000));
#7002=IFCPOLYLOOP((#6990,#6991,#6986,#6987));
#7003=IFCFACEOUTERBOUND(#7002,.T.);
#7004=IFCFACE((#7003));
#7005=IFCPOLYLOOP((#6991,#6985,#6986));
#7006=IFCFACEOUTERBOUND(#7005,.T.);
#7007=IFCFACE((#7006));
#7008=IFCPOLYLOOP((#6985,#6991,#6984));
#7009=IFCFACEOUTERBOUND(#7008,.T.);
#7010=IFCFACE((#7009));
#7011=IFCPOLYLOOP((#6994,#6993,#6985));
#7012=IFCFACEOUTERBOUND(#7011,.T.);
#7013=IFCFACE((#7012));
#7014=IFCPOLYLOOP((#6985,#6984,#6994));
#7015=IFCFACEOUTERBOUND(#7014,.T.);
#7016=IFCFACE((#7015));
#7017=IFCPOLYLOOP((#6994,#6995,#6992,#6993));
#7018=IFCFACEOUTERBOUND(#7017,.T.);
#7019=IFCFACE((#7018));
#7020=IFCPOLYLOOP((#6995,#6988,#6992));
#7021=IFCFACEOUTERBOUND(#7020,.T.);
#7022=IFCFACE((#7021));
#7023=IFCPOLYLOOP((#6988,#6995,#6989));
#7024=IFCFACEOUTERBOUND(#7023,.T.);
#7025=IFCFACE((#7024));
#7026=IFCPOLYLOOP((#6994,#6984,#6991,#6990,#6989,#6995));
#7027=IFCFACEOUTERBOUND(#7026,.T.);
#7028=IFCFACE((#7027));
#7029=IFCPOLYLOOP((#6986,#6985,#6993,#6992,#6988,#6987));
#7030=IFCFACEOUTERBOUND(#7029,.T.);
#7031=IFCFACE((#7030));
#7032=IFCCARTESIANPOINT((0.016595272235903735,1.3499999999999743,2.9547343607194811));
#7033=IFCCARTESIANPOINT((0.016595272235903735,1.3499999999999743,2.));
#7034=IFCCARTESIANPOINT((0.02159527223590274,1.3413397459621303,2.));
#7035=IFCCARTESIANPOINT((0.031595272235902527,1.3413397459621295,2.));
#7036=IFCCARTESIANPOINT((0.036595272235903309,1.3499999999999743,2.));
#7037=IFCCARTESIANPOINT((0.036595272235903309,1.3499999999999743,2.9547343607194811));
#7038=IFCCARTESIANPOINT((0.032275919703215195,1.3417701613410373,2.9593064933077793));
#7039=IFCCARTESIANPOINT((0.02091462476859185,1.3417701613410373,2.9593064933077793));
#7040=IFCCARTESIANPOINT((0.031595272235902527,1.3586602540378188,2.));
#7041=IFCCARTESIANPOINT((0.02159527223590274,1.3586602540378179,2.));
#7042=IFCCARTESIANPOINT((0.02091462476859185,1.3582298386589109,2.950162228131183));
#7043=IFCCARTESIANPOINT((0.032275919703215195,1.3582298386589109,2.950162228131183));
#7044=IFCPOLYLOOP((#7038,#7035,#7036));
#7045=IFCFACEOUTERBOUND(#7044,.T.);
#7046=IFCFACE((#7045));
#7047=IFCPOLYLOOP((#7036,#7037,#7038));
#7048=IFCFACEOUTERBOUND(#7047,.T.);
#7049=IFCFACE((#7048));
#7050=IFCPOLYLOOP((#7038,#7039,#7034,#7035));
#7051=IFCFACEOUTERBOUND(#7050,.T.);
#7052=IFCFACE((#7051));
#7053=IFCPOLYLOOP((#7039,#7033,#7034));
#7054=IFCFACEOUTERBOUND(#7053,.T.);
#7055=IFCFACE((#7054));
#7056=IFCPOLYLOOP((#7033,#7039,#7032));
#7057=IFCFACEOUTERBOUND(#7056,.T.);
#7058=IFCFACE((#7057));
#7059=IFCPOLYLOOP((#7042,#7041,#7033));
#7060=IFCFACEOUTERBOUND(#7059,.T.);
#7061=IFCFACE((#7060));
#7062=IFCPOLYLOOP((#7033,#7032,#7042));
#7063=IFCFACEOUTERBOUND(#7062,.T.);
#7064=IFCFACE((#7063));
#7065=IFCPOLYLOOP((#7042,#7043,#7040,#7041));
#7066=IFCFACEOUTERBOUND(#7065,.T.);
#7067=IFCFACE((#7066));
#7068=IFCPOLYLOOP((#7043,#7036,#7040));
#7069=IFCFACEOUTERBOUND(#7068,.T.);
#7070=IFCFACE((#7069));
#7071=IFCPOLYLOOP((#7036,#7043,#7037));
#7072=IFCFACEOUTERBOUND(#7071,.T.);
#7073=IFCFACE((#7072));
#7074=IFCPOLYLOOP((#7042,#7032,#7039,#7038,#7037,#7043));
#7075=IFCFACEOUTERBOUND(#7074,.T.);
#7076=IFCFACE((#7075));
#7077=IFCPOLYLOOP((#7034,#7033,#7041,#7040,#7036,#7035));
#7078=IFCFACEOUTERBOUND(#7077,.T.);
#7079=IFCFACE((#7078));
#7080=IFCCARTESIANPOINT((0.016595272235903735,1.6499999999999737,2.7880676940528146));
#7081=IFCCARTESIANPOINT((0.016595272235903735,1.6499999999999737,1.833333333333333));
#7082=IFCCARTESIANPOINT((0.02159527223590274,1.6413397459621306,1.833333333333333));
#7083=IFCCARTESIANPOINT((0.031595272235902527,1.6413397459621297,1.8333333333333333));
#7084=IFCCARTESIANPOINT((0.036595272235903309,1.6499999999999737,1.8333333333333333));
#7085=IFCCARTESIANPOINT((0.036595272235903309,1.6499999999999737,2.7880676940528146));
#7086=IFCCARTESIANPOINT((0.032275919703215195,1.6417701613410376,2.7926398266411128));
#7087=IFCCARTESIANPOINT((0.02091462476859185,1.6417701613410376,2.7926398266411128));
#7088=IFCCARTESIANPOINT((0.031595272235902527,1.6586602540378186,1.833333333333333));
#7089=IFCCARTESIANPOINT((0.02159527223590274,1.6586602540378177,1.833333333333333));
#7090=IFCCARTESIANPOINT((0.02091462476859185,1.6582298386589107,2.7834955614645165));
#7091=IFCCARTESIANPOINT((0.032275919703215195,1.6582298386589107,2.7834955614645165));
#7092=IFCPOLYLOOP((#7086,#7083,#7084));
#7093=IFCFACEOUTERBOUND(#7092,.T.);
#7094=IFCFACE((#7093));
#7095=IFCPOLYLOOP((#7084,#7085,#7086));
#7096=IFCFACEOUTERBOUND(#7095,.T.);
#7097=IFCFACE((#7096));
#7098=IFCPOLYLOOP((#7086,#7087,#7082,#7083));
#7099=IFCFACEOUTERBOUND(#7098,.T.);
#7100=IFCFACE((#7099));
#7101=IFCPOLYLOOP((#7087,#7081,#7082));
#7102=IFCFACEOUTERBOUND(#7101,.T.);
#7103=IFCFACE((#7102));
#7104=IFCPOLYLOOP((#7081,#7087,#7080));
#7105=IFCFACEOUTERBOUND(#7104,.T.);
#7106=IFCFACE((#7105));
#7107=IFCPOLYLOOP((#7090,#7089,#7081));
#7108=IFCFACEOUTERBOUND(#7107,.T.);
#7109=IFCFACE((#7108));
#7110=IFCPOLYLOOP((#7081,#7080,#7090));
#7111=IFCFACEOUTERBOUND(#7110,.T.);
#7112=IFCFACE((#7111));
#7113=IFCPOLYLOOP((#7090,#7091,#7088,#7089));
#7114=IFCFACEOUTERBOUND(#7113,.T.);
#7115=IFCFACE((#7114));
#7116=IFCPOLYLOOP((#7091,#7084,#7088));
#7117=IFCFACEOUTERBOUND(#7116,.T.);
#7118=IFCFACE((#7117));
#7119=IFCPOLYLOOP((#7084,#7091,#7085));
#7120=IFCFACEOUTERBOUND(#7119,.T.);
#7121=IFCFACE((#7120));
#7122=IFCPOLYLOOP((#7090,#7080,#7087,#7086,#7085,#7091));
#7123=IFCFACEOUTERBOUND(#7122,.T.);
#7124=IFCFACE((#7123));
#7125=IFCPOLYLOOP((#7082,#7081,#7089,#7088,#7084,#7083));
#7126=IFCFACEOUTERBOUND(#7125,.T.);
#7127=IFCFACE((#7126));
#7128=IFCCARTESIANPOINT((0.016595272235905512,1.9499999999999744,2.6214010273861486));
#7129=IFCCARTESIANPOINT((0.016595272235905512,1.9499999999999744,1.6666666666666667));
#7130=IFCCARTESIANPOINT((0.021595272235904517,1.9413397459621304,1.6666666666666667));
#7131=IFCCARTESIANPOINT((0.031595272235904304,1.9413397459621295,1.666666666666667));
#7132=IFCCARTESIANPOINT((0.036595272235905085,1.9499999999999744,1.666666666666667));
#7133=IFCCARTESIANPOINT((0.036595272235905085,1.9499999999999744,2.6214010273861486));
#7134=IFCCARTESIANPOINT((0.032275919703216971,1.9417701613410374,2.6259731599744467));
#7135=IFCCARTESIANPOINT((0.020914624768593626,1.9417701613410374,2.6259731599744467));
#7136=IFCCARTESIANPOINT((0.031595272235904304,1.9586602540378193,1.6666666666666667));
#7137=IFCCARTESIANPOINT((0.021595272235904517,1.9586602540378175,1.6666666666666667));
#7138=IFCCARTESIANPOINT((0.020914624768593626,1.9582298386589105,2.6168288947978504));
#7139=IFCCARTESIANPOINT((0.032275919703216971,1.9582298386589105,2.6168288947978504));
#7140=IFCPOLYLOOP((#7134,#7131,#7132));
#7141=IFCFACEOUTERBOUND(#7140,.T.);
#7142=IFCFACE((#7141));
#7143=IFCPOLYLOOP((#7132,#7133,#7134));
#7144=IFCFACEOUTERBOUND(#7143,.T.);
#7145=IFCFACE((#7144));
#7146=IFCPOLYLOOP((#7134,#7135,#7130,#7131));
#7147=IFCFACEOUTERBOUND(#7146,.T.);
#7148=IFCFACE((#7147));
#7149=IFCPOLYLOOP((#7135,#7129,#7130));
#7150=IFCFACEOUTERBOUND(#7149,.T.);
#7151=IFCFACE((#7150));
#7152=IFCPOLYLOOP((#7129,#7135,#7128));
#7153=IFCFACEOUTERBOUND(#7152,.T.);
#7154=IFCFACE((#7153));
#7155=IFCPOLYLOOP((#7138,#7137,#7129));
#7156=IFCFACEOUTERBOUND(#7155,.T.);
#7157=IFCFACE((#7156));
#7158=IFCPOLYLOOP((#7129,#7128,#7138));
#7159=IFCFACEOUTERBOUND(#7158,.T.);
#7160=IFCFACE((#7159));
#7161=IFCPOLYLOOP((#7138,#7139,#7136,#7137));
#7162=IFCFACEOUTERBOUND(#7161,.T.);
#7163=IFCFACE((#7162));
#7164=IFCPOLYLOOP((#7139,#7132,#7136));
#7165=IFCFACEOUTERBOUND(#7164,.T.);
#7166=IFCFACE((#7165));
#7167=IFCPOLYLOOP((#7132,#7139,#7133));
#7168=IFCFACEOUTERBOUND(#7167,.T.);
#7169=IFCFACE((#7168));
#7170=IFCPOLYLOOP((#7138,#7128,#7135,#7134,#7133,#7139));
#7171=IFCFACEOUTERBOUND(#7170,.T.);
#7172=IFCFACE((#7171));
#7173=IFCPOLYLOOP((#7130,#7129,#7137,#7136,#7132,#7131));
#7174=IFCFACEOUTERBOUND(#7173,.T.);
#7175=IFCFACE((#7174));
#7176=IFCCARTESIANPOINT((0.016595272235905512,2.2499999999999751,2.454734360719482));
#7177=IFCCARTESIANPOINT((0.016595272235905512,2.2499999999999751,1.5));
#7178=IFCCARTESIANPOINT((0.021595272235904517,2.2413397459621311,1.5));
#7179=IFCCARTESIANPOINT((0.031595272235904304,2.2413397459621303,1.5000000000000002));
#7180=IFCCARTESIANPOINT((0.036595272235905085,2.2499999999999751,1.5000000000000002));
#7181=IFCCARTESIANPOINT((0.036595272235905085,2.2499999999999751,2.454734360719482));
#7182=IFCCARTESIANPOINT((0.032275919703216971,2.241770161341039,2.4593064933077797));
#7183=IFCCARTESIANPOINT((0.020914624768593626,2.241770161341039,2.4593064933077797));
#7184=IFCCARTESIANPOINT((0.031595272235904304,2.2586602540378209,1.5));
#7185=IFCCARTESIANPOINT((0.021595272235904517,2.2586602540378191,1.5));
#7186=IFCCARTESIANPOINT((0.020914624768593626,2.2582298386589121,2.4501622281311839));
#7187=IFCCARTESIANPOINT((0.032275919703216971,2.2582298386589121,2.4501622281311839));
#7188=IFCPOLYLOOP((#7182,#7179,#7180));
#7189=IFCFACEOUTERBOUND(#7188,.T.);
#7190=IFCFACE((#7189));
#7191=IFCPOLYLOOP((#7180,#7181,#7182));
#7192=IFCFACEOUTERBOUND(#7191,.T.);
#7193=IFCFACE((#7192));
#7194=IFCPOLYLOOP((#7182,#7183,#7178,#7179));
#7195=IFCFACEOUTERBOUND(#7194,.T.);
#7196=IFCFACE((#7195));
#7197=IFCPOLYLOOP((#7183,#7177,#7178));
#7198=IFCFACEOUTERBOUND(#7197,.T.);
#7199=IFCFACE((#7198));
#7200=IFCPOLYLOOP((#7177,#7183,#7176));
#7201=IFCFACEOUTERBOUND(#7200,.T.);
#7202=IFCFACE((#7201));
#7203=IFCPOLYLOOP((#7186,#7185,#7177));
#7204=IFCFACEOUTERBOUND(#7203,.T.);
#7205=IFCFACE((#7204));
#7206=IFCPOLYLOOP((#7177,#7176,#7186));
#7207=IFCFACEOUTERBOUND(#7206,.T.);
#7208=IFCFACE((#7207));
#7209=IFCPOLYLOOP((#7186,#7187,#7184,#7185));
#7210=IFCFACEOUTERBOUND(#7209,.T.);
#7211=IFCFACE((#7210));
#7212=IFCPOLYLOOP((#7187,#7180,#7184));
#7213=IFCFACEOUTERBOUND(#7212,.T.);
#7214=IFCFACE((#7213));
#7215=IFCPOLYLOOP((#7180,#7187,#7181));
#7216=IFCFACEOUTERBOUND(#7215,.T.);
#7217=IFCFACE((#7216));
#7218=IFCPOLYLOOP((#7186,#7176,#7183,#7182,#7181,#7187));
#7219=IFCFACEOUTERBOUND(#7218,.T.);
#7220=IFCFACE((#7219));
#7221=IFCPOLYLOOP((#7178,#7177,#7185,#7184,#7180,#7179));
#7222=IFCFACEOUTERBOUND(#7221,.T.);
#7223=IFCFACE((#7222));
#7224=IFCCARTESIANPOINT((0.016595272235905512,2.5499999999999741,2.2880676940528151));
#7225=IFCCARTESIANPOINT((0.016595272235905512,2.5499999999999741,1.3333333333333333));
#7226=IFCCARTESIANPOINT((0.021595272235904517,2.5413397459621301,1.3333333333333333));
#7227=IFCCARTESIANPOINT((0.031595272235904304,2.5413397459621292,1.3333333333333335));
#7228=IFCCARTESIANPOINT((0.036595272235905085,2.5499999999999741,1.3333333333333335));
#7229=IFCCARTESIANPOINT((0.036595272235905085,2.5499999999999741,2.2880676940528151));
#7230=IFCCARTESIANPOINT((0.032275919703216971,2.5417701613410379,2.2926398266411132));
#7231=IFCCARTESIANPOINT((0.020914624768593626,2.5417701613410379,2.2926398266411132));
#7232=IFCCARTESIANPOINT((0.031595272235904304,2.5586602540378198,1.3333333333333333));
#7233=IFCCARTESIANPOINT((0.021595272235904517,2.558660254037818,1.3333333333333333));
#7234=IFCCARTESIANPOINT((0.020914624768593626,2.5582298386589111,2.2834955614645169));
#7235=IFCCARTESIANPOINT((0.032275919703216971,2.5582298386589111,2.2834955614645169));
#7236=IFCPOLYLOOP((#7230,#7227,#7228));
#7237=IFCFACEOUTERBOUND(#7236,.T.);
#7238=IFCFACE((#7237));
#7239=IFCPOLYLOOP((#7228,#7229,#7230));
#7240=IFCFACEOUTERBOUND(#7239,.T.);
#7241=IFCFACE((#7240));
#7242=IFCPOLYLOOP((#7230,#7231,#7226,#7227));
#7243=IFCFACEOUTERBOUND(#7242,.T.);
#7244=IFCFACE((#7243));
#7245=IFCPOLYLOOP((#7231,#7225,#7226));
#7246=IFCFACEOUTERBOUND(#7245,.T.);
#7247=IFCFACE((#7246));
#7248=IFCPOLYLOOP((#7225,#7231,#7224));
#7249=IFCFACEOUTERBOUND(#7248,.T.);
#7250=IFCFACE((#7249));
#7251=IFCPOLYLOOP((#7234,#7233,#7225));
#7252=IFCFACEOUTERBOUND(#7251,.T.);
#7253=IFCFACE((#7252));
#7254=IFCPOLYLOOP((#7225,#7224,#7234));
#7255=IFCFACEOUTERBOUND(#7254,.T.);
#7256=IFCFACE((#7255));
#7257=IFCPOLYLOOP((#7234,#7235,#7232,#7233));
#7258=IFCFACEOUTERBOUND(#7257,.T.);
#7259=IFCFACE((#7258));
#7260=IFCPOLYLOOP((#7235,#7228,#7232));
#7261=IFCFACEOUTERBOUND(#7260,.T.);
#7262=IFCFACE((#7261));
#7263=IFCPOLYLOOP((#7228,#7235,#7229));
#7264=IFCFACEOUTERBOUND(#7263,.T.);
#7265=IFCFACE((#7264));
#7266=IFCPOLYLOOP((#7234,#7224,#7231,#7230,#7229,#7235));
#7267=IFCFACEOUTERBOUND(#7266,.T.);
#7268=IFCFACE((#7267));
#7269=IFCPOLYLOOP((#7226,#7225,#7233,#7232,#7228,#7227));
#7270=IFCFACEOUTERBOUND(#7269,.T.);
#7271=IFCFACE((#7270));
#7272=IFCCARTESIANPOINT((0.016595272235905512,2.8499999999999757,2.1214010273861481));
#7273=IFCCARTESIANPOINT((0.016595272235905512,2.8499999999999757,1.1666666666666665));
#7274=IFCCARTESIANPOINT((0.021595272235904517,2.8413397459621308,1.1666666666666665));
#7275=IFCCARTESIANPOINT((0.031595272235904304,2.8413397459621299,1.1666666666666665));
#7276=IFCCARTESIANPOINT((0.036595272235905085,2.8499999999999757,1.1666666666666665));
#7277=IFCCARTESIANPOINT((0.036595272235905085,2.8499999999999757,2.1214010273861481));
#7278=IFCCARTESIANPOINT((0.032275919703216971,2.8417701613410387,2.1259731599744458));
#7279=IFCCARTESIANPOINT((0.020914624768593626,2.8417701613410387,2.1259731599744458));
#7280=IFCCARTESIANPOINT((0.031595272235904304,2.8586602540378205,1.1666666666666665));
#7281=IFCCARTESIANPOINT((0.021595272235904517,2.8586602540378196,1.1666666666666665));
#7282=IFCCARTESIANPOINT((0.020914624768593626,2.8582298386589118,2.11682889479785));
#7283=IFCCARTESIANPOINT((0.032275919703216971,2.8582298386589118,2.11682889479785));
#7284=IFCPOLYLOOP((#7278,#7275,#7276));
#7285=IFCFACEOUTERBOUND(#7284,.T.);
#7286=IFCFACE((#7285));
#7287=IFCPOLYLOOP((#7276,#7277,#7278));
#7288=IFCFACEOUTERBOUND(#7287,.T.);
#7289=IFCFACE((#7288));
#7290=IFCPOLYLOOP((#7278,#7279,#7274,#7275));
#7291=IFCFACEOUTERBOUND(#7290,.T.);
#7292=IFCFACE((#7291));
#7293=IFCPOLYLOOP((#7279,#7273,#7274));
#7294=IFCFACEOUTERBOUND(#7293,.T.);
#7295=IFCFACE((#7294));
#7296=IFCPOLYLOOP((#7273,#7279,#7272));
#7297=IFCFACEOUTERBOUND(#7296,.T.);
#7298=IFCFACE((#7297));
#7299=IFCPOLYLOOP((#7282,#7281,#7273));
#7300=IFCFACEOUTERBOUND(#7299,.T.);
#7301=IFCFACE((#7300));
#7302=IFCPOLYLOOP((#7273,#7272,#7282));
#7303=IFCFACEOUTERBOUND(#7302,.T.);
#7304=IFCFACE((#7303));
#7305=IFCPOLYLOOP((#7282,#7283,#7280,#7281));
#7306=IFCFACEOUTERBOUND(#7305,.T.);
#7307=IFCFACE((#7306));
#7308=IFCPOLYLOOP((#7283,#7276,#7280));
#7309=IFCFACEOUTERBOUND(#7308,.T.);
#7310=IFCFACE((#7309));
#7311=IFCPOLYLOOP((#7276,#7283,#7277));
#7312=IFCFACEOUTERBOUND(#7311,.T.);
#7313=IFCFACE((#7312));
#7314=IFCPOLYLOOP((#7282,#7272,#7279,#7278,#7277,#7283));
#7315=IFCFACEOUTERBOUND(#7314,.T.);
#7316=IFCFACE((#7315));
#7317=IFCPOLYLOOP((#7274,#7273,#7281,#7280,#7276,#7275));
#7318=IFCFACEOUTERBOUND(#7317,.T.);
#7319=IFCFACE((#7318));
#7320=IFCCARTESIANPOINT((0.016595272235905512,3.1499999999999746,1.9547343607194814));
#7321=IFCCARTESIANPOINT((0.016595272235905512,3.1499999999999746,1.));
#7322=IFCCARTESIANPOINT((0.021595272235904517,3.1413397459621297,1.));
#7323=IFCCARTESIANPOINT((0.031595272235904304,3.1413397459621288,1.));
#7324=IFCCARTESIANPOINT((0.036595272235905085,3.1499999999999746,1.));
#7325=IFCCARTESIANPOINT((0.036595272235905085,3.1499999999999746,1.9547343607194814));
#7326=IFCCARTESIANPOINT((0.032275919703216971,3.1417701613410376,1.9593064933077791));
#7327=IFCCARTESIANPOINT((0.020914624768593626,3.1417701613410376,1.9593064933077791));
#7328=IFCCARTESIANPOINT((0.031595272235904304,3.1586602540378195,1.));
#7329=IFCCARTESIANPOINT((0.021595272235904517,3.1586602540378186,1.));
#7330=IFCCARTESIANPOINT((0.020914624768593626,3.1582298386589107,1.9501622281311832));
#7331=IFCCARTESIANPOINT((0.032275919703216971,3.1582298386589107,1.9501622281311832));
#7332=IFCPOLYLOOP((#7326,#7323,#7324));
#7333=IFCFACEOUTERBOUND(#7332,.T.);
#7334=IFCFACE((#7333));
#7335=IFCPOLYLOOP((#7324,#7325,#7326));
#7336=IFCFACEOUTERBOUND(#7335,.T.);
#7337=IFCFACE((#7336));
#7338=IFCPOLYLOOP((#7326,#7327,#7322,#7323));
#7339=IFCFACEOUTERBOUND(#7338,.T.);
#7340=IFCFACE((#7339));
#7341=IFCPOLYLOOP((#7327,#7321,#7322));
#7342=IFCFACEOUTERBOUND(#7341,.T.);
#7343=IFCFACE((#7342));
#7344=IFCPOLYLOOP((#7321,#7327,#7320));
#7345=IFCFACEOUTERBOUND(#7344,.T.);
#7346=IFCFACE((#7345));
#7347=IFCPOLYLOOP((#7330,#7329,#7321));
#7348=IFCFACEOUTERBOUND(#7347,.T.);
#7349=IFCFACE((#7348));
#7350=IFCPOLYLOOP((#7321,#7320,#7330));
#7351=IFCFACEOUTERBOUND(#7350,.T.);
#7352=IFCFACE((#7351));
#7353=IFCPOLYLOOP((#7330,#7331,#7328,#7329));
#7354=IFCFACEOUTERBOUND(#7353,.T.);
#7355=IFCFACE((#7354));
#7356=IFCPOLYLOOP((#7331,#7324,#7328));
#7357=IFCFACEOUTERBOUND(#7356,.T.);
#7358=IFCFACE((#7357));
#7359=IFCPOLYLOOP((#7324,#7331,#7325));
#7360=IFCFACEOUTERBOUND(#7359,.T.);
#7361=IFCFACE((#7360));
#7362=IFCPOLYLOOP((#7330,#7320,#7327,#7326,#7325,#7331));
#7363=IFCFACEOUTERBOUND(#7362,.T.);
#7364=IFCFACE((#7363));
#7365=IFCPOLYLOOP((#7322,#7321,#7329,#7328,#7324,#7323));
#7366=IFCFACEOUTERBOUND(#7365,.T.);
#7367=IFCFACE((#7366));
#7368=IFCCARTESIANPOINT((0.016595272235907288,3.4499999999999753,1.7880676940528146));
#7369=IFCCARTESIANPOINT((0.016595272235907288,3.4499999999999753,0.83333333333333315));
#7370=IFCCARTESIANPOINT((0.021595272235906293,3.4413397459621313,0.83333333333333326));
#7371=IFCCARTESIANPOINT((0.03159527223590608,3.4413397459621304,0.83333333333333326));
#7372=IFCCARTESIANPOINT((0.036595272235906862,3.4499999999999753,0.83333333333333326));
#7373=IFCCARTESIANPOINT((0.036595272235906862,3.4499999999999753,1.7880676940528146));
#7374=IFCCARTESIANPOINT((0.032275919703218747,3.4417701613410392,1.7926398266411125));
#7375=IFCCARTESIANPOINT((0.020914624768595402,3.4417701613410392,1.7926398266411125));
#7376=IFCCARTESIANPOINT((0.03159527223590608,3.4586602540378211,0.83333333333333326));
#7377=IFCCARTESIANPOINT((0.021595272235906293,3.4586602540378193,0.83333333333333315));
#7378=IFCCARTESIANPOINT((0.020914624768595402,3.4582298386589123,1.7834955614645165));
#7379=IFCCARTESIANPOINT((0.032275919703218747,3.4582298386589123,1.7834955614645165));
#7380=IFCPOLYLOOP((#7374,#7371,#7372));
#7381=IFCFACEOUTERBOUND(#7380,.T.);
#7382=IFCFACE((#7381));
#7383=IFCPOLYLOOP((#7372,#7373,#7374));
#7384=IFCFACEOUTERBOUND(#7383,.T.);
#7385=IFCFACE((#7384));
#7386=IFCPOLYLOOP((#7374,#7375,#7370,#7371));
#7387=IFCFACEOUTERBOUND(#7386,.T.);
#7388=IFCFACE((#7387));
#7389=IFCPOLYLOOP((#7375,#7369,#7370));
#7390=IFCFACEOUTERBOUND(#7389,.T.);
#7391=IFCFACE((#7390));
#7392=IFCPOLYLOOP((#7369,#7375,#7368));
#7393=IFCFACEOUTERBOUND(#7392,.T.);
#7394=IFCFACE((#7393));
#7395=IFCPOLYLOOP((#7378,#7377,#7369));
#7396=IFCFACEOUTERBOUND(#7395,.T.);
#7397=IFCFACE((#7396));
#7398=IFCPOLYLOOP((#7369,#7368,#7378));
#7399=IFCFACEOUTERBOUND(#7398,.T.);
#7400=IFCFACE((#7399));
#7401=IFCPOLYLOOP((#7378,#7379,#7376,#7377));
#7402=IFCFACEOUTERBOUND(#7401,.T.);
#7403=IFCFACE((#7402));
#7404=IFCPOLYLOOP((#7379,#7372,#7376));
#7405=IFCFACEOUTERBOUND(#7404,.T.);
#7406=IFCFACE((#7405));
#7407=IFCPOLYLOOP((#7372,#7379,#7373));
#7408=IFCFACEOUTERBOUND(#7407,.T.);
#7409=IFCFACE((#7408));
#7410=IFCPOLYLOOP((#7378,#7368,#7375,#7374,#7373,#7379));
#7411=IFCFACEOUTERBOUND(#7410,.T.);
#7412=IFCFACE((#7411));
#7413=IFCPOLYLOOP((#7370,#7369,#7377,#7376,#7372,#7371));
#7414=IFCFACEOUTERBOUND(#7413,.T.);
#7415=IFCFACE((#7414));
#7416=IFCCARTESIANPOINT((0.016595272235907288,3.7499999999999742,1.6214010273861481));
#7417=IFCCARTESIANPOINT((0.016595272235907288,3.7499999999999742,0.66666666666666652));
#7418=IFCCARTESIANPOINT((0.021595272235906293,3.7413397459621303,0.66666666666666674));
#7419=IFCCARTESIANPOINT((0.03159527223590608,3.7413397459621294,0.66666666666666674));
#7420=IFCCARTESIANPOINT((0.036595272235906862,3.7499999999999742,0.66666666666666674));
#7421=IFCCARTESIANPOINT((0.036595272235906862,3.7499999999999742,1.6214010273861481));
#7422=IFCCARTESIANPOINT((0.032275919703218747,3.7417701613410381,1.625973159974446));
#7423=IFCCARTESIANPOINT((0.020914624768595402,3.7417701613410381,1.625973159974446));
#7424=IFCCARTESIANPOINT((0.03159527223590608,3.75866025403782,0.66666666666666674));
#7425=IFCCARTESIANPOINT((0.021595272235906293,3.7586602540378182,0.66666666666666652));
#7426=IFCCARTESIANPOINT((0.020914624768595402,3.7582298386589112,1.6168288947978502));
#7427=IFCCARTESIANPOINT((0.032275919703218747,3.7582298386589112,1.6168288947978502));
#7428=IFCPOLYLOOP((#7422,#7419,#7420));
#7429=IFCFACEOUTERBOUND(#7428,.T.);
#7430=IFCFACE((#7429));
#7431=IFCPOLYLOOP((#7420,#7421,#7422));
#7432=IFCFACEOUTERBOUND(#7431,.T.);
#7433=IFCFACE((#7432));
#7434=IFCPOLYLOOP((#7422,#7423,#7418,#7419));
#7435=IFCFACEOUTERBOUND(#7434,.T.);
#7436=IFCFACE((#7435));
#7437=IFCPOLYLOOP((#7423,#7417,#7418));
#7438=IFCFACEOUTERBOUND(#7437,.T.);
#7439=IFCFACE((#7438));
#7440=IFCPOLYLOOP((#7417,#7423,#7416));
#7441=IFCFACEOUTERBOUND(#7440,.T.);
#7442=IFCFACE((#7441));
#7443=IFCPOLYLOOP((#7426,#7425,#7417));
#7444=IFCFACEOUTERBOUND(#7443,.T.);
#7445=IFCFACE((#7444));
#7446=IFCPOLYLOOP((#7417,#7416,#7426));
#7447=IFCFACEOUTERBOUND(#7446,.T.);
#7448=IFCFACE((#7447));
#7449=IFCPOLYLOOP((#7426,#7427,#7424,#7425));
#7450=IFCFACEOUTERBOUND(#7449,.T.);
#7451=IFCFACE((#7450));
#7452=IFCPOLYLOOP((#7427,#7420,#7424));
#7453=IFCFACEOUTERBOUND(#7452,.T.);
#7454=IFCFACE((#7453));
#7455=IFCPOLYLOOP((#7420,#7427,#7421));
#7456=IFCFACEOUTERBOUND(#7455,.T.);
#7457=IFCFACE((#7456));
#7458=IFCPOLYLOOP((#7426,#7416,#7423,#7422,#7421,#7427));
#7459=IFCFACEOUTERBOUND(#7458,.T.);
#7460=IFCFACE((#7459));
#7461=IFCPOLYLOOP((#7418,#7417,#7425,#7424,#7420,#7419));
#7462=IFCFACEOUTERBOUND(#7461,.T.);
#7463=IFCFACE((#7462));
#7464=IFCCARTESIANPOINT((0.016595272235907288,4.0499999999999758,1.4547343607194816));
#7465=IFCCARTESIANPOINT((0.016595272235907288,4.0499999999999758,0.49999999999999989));
#7466=IFCCARTESIANPOINT((0.021595272235906293,4.041339745962131,0.5));
#7467=IFCCARTESIANPOINT((0.03159527223590608,4.0413397459621301,0.5));
#7468=IFCCARTESIANPOINT((0.036595272235906862,4.0499999999999758,0.5));
#7469=IFCCARTESIANPOINT((0.036595272235906862,4.0499999999999758,1.4547343607194816));
#7470=IFCCARTESIANPOINT((0.032275919703218747,4.0417701613410388,1.4593064933077793));
#7471=IFCCARTESIANPOINT((0.020914624768595402,4.0417701613410388,1.4593064933077793));
#7472=IFCCARTESIANPOINT((0.03159527223590608,4.0586602540378207,0.5));
#7473=IFCCARTESIANPOINT((0.021595272235906293,4.0586602540378198,0.49999999999999989));
#7474=IFCCARTESIANPOINT((0.020914624768595402,4.058229838658912,1.4501622281311835));
#7475=IFCCARTESIANPOINT((0.032275919703218747,4.058229838658912,1.4501622281311835));
#7476=IFCPOLYLOOP((#7470,#7467,#7468));
#7477=IFCFACEOUTERBOUND(#7476,.T.);
#7478=IFCFACE((#7477));
#7479=IFCPOLYLOOP((#7468,#7469,#7470));
#7480=IFCFACEOUTERBOUND(#7479,.T.);
#7481=IFCFACE((#7480));
#7482=IFCPOLYLOOP((#7470,#7471,#7466,#7467));
#7483=IFCFACEOUTERBOUND(#7482,.T.);
#7484=IFCFACE((#7483));
#7485=IFCPOLYLOOP((#7471,#7465,#7466));
#7486=IFCFACEOUTERBOUND(#7485,.T.);
#7487=IFCFACE((#7486));
#7488=IFCPOLYLOOP((#7465,#7471,#7464));
#7489=IFCFACEOUTERBOUND(#7488,.T.);
#7490=IFCFACE((#7489));
#7491=IFCPOLYLOOP((#7474,#7473,#7465));
#7492=IFCFACEOUTERBOUND(#7491,.T.);
#7493=IFCFACE((#7492));
#7494=IFCPOLYLOOP((#7465,#7464,#7474));
#7495=IFCFACEOUTERBOUND(#7494,.T.);
#7496=IFCFACE((#7495));
#7497=IFCPOLYLOOP((#7474,#7475,#7472,#7473));
#7498=IFCFACEOUTERBOUND(#7497,.T.);
#7499=IFCFACE((#7498));
#7500=IFCPOLYLOOP((#7475,#7468,#7472));
#7501=IFCFACEOUTERBOUND(#7500,.T.);
#7502=IFCFACE((#7501));
#7503=IFCPOLYLOOP((#7468,#7475,#7469));
#7504=IFCFACEOUTERBOUND(#7503,.T.);
#7505=IFCFACE((#7504));
#7506=IFCPOLYLOOP((#7474,#7464,#7471,#7470,#7469,#7475));
#7507=IFCFACEOUTERBOUND(#7506,.T.);
#7508=IFCFACE((#7507));
#7509=IFCPOLYLOOP((#7466,#7465,#7473,#7472,#7468,#7467));
#7510=IFCFACEOUTERBOUND(#7509,.T.);
#7511=IFCFACE((#7510));
#7512=IFCCARTESIANPOINT((0.016595272235907288,4.3499999999999748,1.2880676940528148));
#7513=IFCCARTESIANPOINT((0.016595272235907288,4.3499999999999748,0.33333333333333326));
#7514=IFCCARTESIANPOINT((0.021595272235906293,4.3413397459621299,0.33333333333333337));
#7515=IFCCARTESIANPOINT((0.03159527223590608,4.341339745962129,0.33333333333333337));
#7516=IFCCARTESIANPOINT((0.036595272235906862,4.3499999999999748,0.33333333333333337));
#7517=IFCCARTESIANPOINT((0.036595272235906862,4.3499999999999748,1.2880676940528148));
#7518=IFCCARTESIANPOINT((0.032275919703218747,4.3417701613410378,1.2926398266411128));
#7519=IFCCARTESIANPOINT((0.020914624768595402,4.3417701613410378,1.2926398266411128));
#7520=IFCCARTESIANPOINT((0.03159527223590608,4.3586602540378196,0.33333333333333337));
#7521=IFCCARTESIANPOINT((0.021595272235906293,4.3586602540378188,0.33333333333333326));
#7522=IFCCARTESIANPOINT((0.020914624768595402,4.3582298386589109,1.2834955614645167));
#7523=IFCCARTESIANPOINT((0.032275919703218747,4.3582298386589109,1.2834955614645167));
#7524=IFCPOLYLOOP((#7518,#7515,#7516));
#7525=IFCFACEOUTERBOUND(#7524,.T.);
#7526=IFCFACE((#7525));
#7527=IFCPOLYLOOP((#7516,#7517,#7518));
#7528=IFCFACEOUTERBOUND(#7527,.T.);
#7529=IFCFACE((#7528));
#7530=IFCPOLYLOOP((#7518,#7519,#7514,#7515));
#7531=IFCFACEOUTERBOUND(#7530,.T.);
#7532=IFCFACE((#7531));
#7533=IFCPOLYLOOP((#7519,#7513,#7514));
#7534=IFCFACEOUTERBOUND(#7533,.T.);
#7535=IFCFACE((#7534));
#7536=IFCPOLYLOOP((#7513,#7519,#7512));
#7537=IFCFACEOUTERBOUND(#7536,.T.);
#7538=IFCFACE((#7537));
#7539=IFCPOLYLOOP((#7522,#7521,#7513));
#7540=IFCFACEOUTERBOUND(#7539,.T.);
#7541=IFCFACE((#7540));
#7542=IFCPOLYLOOP((#7513,#7512,#7522));
#7543=IFCFACEOUTERBOUND(#7542,.T.);
#7544=IFCFACE((#7543));
#7545=IFCPOLYLOOP((#7522,#7523,#7520,#7521));
#7546=IFCFACEOUTERBOUND(#7545,.T.);
#7547=IFCFACE((#7546));
#7548=IFCPOLYLOOP((#7523,#7516,#7520));
#7549=IFCFACEOUTERBOUND(#7548,.T.);
#7550=IFCFACE((#7549));
#7551=IFCPOLYLOOP((#7516,#7523,#7517));
#7552=IFCFACEOUTERBOUND(#7551,.T.);
#7553=IFCFACE((#7552));
#7554=IFCPOLYLOOP((#7522,#7512,#7519,#7518,#7517,#7523));
#7555=IFCFACEOUTERBOUND(#7554,.T.);
#7556=IFCFACE((#7555));
#7557=IFCPOLYLOOP((#7514,#7513,#7521,#7520,#7516,#7515));
#7558=IFCFACEOUTERBOUND(#7557,.T.);
#7559=IFCFACE((#7558));
#7560=IFCCARTESIANPOINT((0.016595272235909064,4.6499999999999755,1.1214010273861481));
#7561=IFCCARTESIANPOINT((0.016595272235909064,4.6499999999999755,0.16666666666666666));
#7562=IFCCARTESIANPOINT((0.02159527223590807,4.6413397459621315,0.16666666666666677));
#7563=IFCCARTESIANPOINT((0.031595272235907856,4.6413397459621297,0.16666666666666682));
#7564=IFCCARTESIANPOINT((0.036595272235910414,4.6499999999999755,0.16666666666666682));
#7565=IFCCARTESIANPOINT((0.036595272235910414,4.6499999999999755,1.1214010273861481));
#7566=IFCCARTESIANPOINT((0.032275919703220524,4.6417701613410385,1.125973159974446));
#7567=IFCCARTESIANPOINT((0.020914624768598955,4.6417701613410385,1.125973159974446));
#7568=IFCCARTESIANPOINT((0.031595272235907856,4.6586602540378204,0.16666666666666677));
#7569=IFCCARTESIANPOINT((0.02159527223590807,4.6586602540378195,0.16666666666666666));
#7570=IFCCARTESIANPOINT((0.020914624768598955,4.6582298386589125,1.11682889479785));
#7571=IFCCARTESIANPOINT((0.032275919703220524,4.6582298386589125,1.11682889479785));
#7572=IFCPOLYLOOP((#7566,#7563,#7564));
#7573=IFCFACEOUTERBOUND(#7572,.T.);
#7574=IFCFACE((#7573));
#7575=IFCPOLYLOOP((#7564,#7565,#7566));
#7576=IFCFACEOUTERBOUND(#7575,.T.);
#7577=IFCFACE((#7576));
#7578=IFCPOLYLOOP((#7566,#7567,#7562,#7563));
#7579=IFCFACEOUTERBOUND(#7578,.T.);
#7580=IFCFACE((#7579));
#7581=IFCPOLYLOOP((#7567,#7561,#7562));
#7582=IFCFACEOUTERBOUND(#7581,.T.);
#7583=IFCFACE((#7582));
#7584=IFCPOLYLOOP((#7561,#7567,#7560));
#7585=IFCFACEOUTERBOUND(#7584,.T.);
#7586=IFCFACE((#7585));
#7587=IFCPOLYLOOP((#7570,#7569,#7561));
#7588=IFCFACEOUTERBOUND(#7587,.T.);
#7589=IFCFACE((#7588));
#7590=IFCPOLYLOOP((#7561,#7560,#7570));
#7591=IFCFACEOUTERBOUND(#7590,.T.);
#7592=IFCFACE((#7591));
#7593=IFCPOLYLOOP((#7570,#7571,#7568,#7569));
#7594=IFCFACEOUTERBOUND(#7593,.T.);
#7595=IFCFACE((#7594));
#7596=IFCPOLYLOOP((#7571,#7564,#7568));
#7597=IFCFACEOUTERBOUND(#7596,.T.);
#7598=IFCFACE((#7597));
#7599=IFCPOLYLOOP((#7564,#7571,#7565));
#7600=IFCFACEOUTERBOUND(#7599,.T.);
#7601=IFCFACE((#7600));
#7602=IFCPOLYLOOP((#7570,#7560,#7567,#7566,#7565,#7571));
#7603=IFCFACEOUTERBOUND(#7602,.T.);
#7604=IFCFACE((#7603));
#7605=IFCPOLYLOOP((#7562,#7561,#7569,#7568,#7564,#7563));
#7606=IFCFACEOUTERBOUND(#7605,.T.);
#7607=IFCFACE((#7606));
#7608=IFCCARTESIANPOINT((0.016595272235909064,4.9499999999999753,0.95473436071948137));
#7609=IFCCARTESIANPOINT((0.016595272235909064,4.9499999999999753,0.));
#7610=IFCCARTESIANPOINT((0.02159527223590807,4.9413397459621313,0.));
#7611=IFCCARTESIANPOINT((0.031595272235907856,4.9413397459621304,0.));
#7612=IFCCARTESIANPOINT((0.036595272235910414,4.9499999999999753,0.));
#7613=IFCCARTESIANPOINT((0.036595272235910414,4.9499999999999753,0.95473436071948137));
#7614=IFCCARTESIANPOINT((0.032275919703220524,4.9417701613410392,0.95930649330777951));
#7615=IFCCARTESIANPOINT((0.020914624768598955,4.9417701613410392,0.95930649330777951));
#7616=IFCCARTESIANPOINT((0.031595272235907856,4.9586602540378211,0.));
#7617=IFCCARTESIANPOINT((0.02159527223590807,4.9586602540378202,0.));
#7618=IFCCARTESIANPOINT((0.020914624768598955,4.9582298386589123,0.95016222813118345));
#7619=IFCCARTESIANPOINT((0.032275919703220524,4.9582298386589123,0.95016222813118345));
#7620=IFCPOLYLOOP((#7614,#7611,#7612));
#7621=IFCFACEOUTERBOUND(#7620,.T.);
#7622=IFCFACE((#7621));
#7623=IFCPOLYLOOP((#7612,#7613,#7614));
#7624=IFCFACEOUTERBOUND(#7623,.T.);
#7625=IFCFACE((#7624));
#7626=IFCPOLYLOOP((#7614,#7615,#7610,#7611));
#7627=IFCFACEOUTERBOUND(#7626,.T.);
#7628=IFCFACE((#7627));
#7629=IFCPOLYLOOP((#7615,#7609,#7610));
#7630=IFCFACEOUTERBOUND(#7629,.T.);
#7631=IFCFACE((#7630));
#7632=IFCPOLYLOOP((#7609,#7615,#7608));
#7633=IFCFACEOUTERBOUND(#7632,.T.);
#7634=IFCFACE((#7633));
#7635=IFCPOLYLOOP((#7618,#7617,#7609));
#7636=IFCFACEOUTERBOUND(#7635,.T.);
#7637=IFCFACE((#7636));
#7638=IFCPOLYLOOP((#7609,#7608,#7618));
#7639=IFCFACEOUTERBOUND(#7638,.T.);
#7640=IFCFACE((#7639));
#7641=IFCPOLYLOOP((#7618,#7619,#7616,#7617));
#7642=IFCFACEOUTERBOUND(#7641,.T.);
#7643=IFCFACE((#7642));
#7644=IFCPOLYLOOP((#7619,#7612,#7616));
#7645=IFCFACEOUTERBOUND(#7644,.T.);
#7646=IFCFACE((#7645));
#7647=IFCPOLYLOOP((#7612,#7619,#7613));
#7648=IFCFACEOUTERBOUND(#7647,.T.);
#7649=IFCFACE((#7648));
#7650=IFCPOLYLOOP((#7618,#7608,#7615,#7614,#7613,#7619));
#7651=IFCFACEOUTERBOUND(#7650,.T.);
#7652=IFCFACE((#7651));
#7653=IFCPOLYLOOP((#7610,#7609,#7617,#7616,#7612,#7611));
#7654=IFCFACEOUTERBOUND(#7653,.T.);
#7655=IFCFACE((#7654));
#7656=IFCCARTESIANPOINT((0.011595272235899401,0.03999999999997339,3.6825121384972599));
#7657=IFCCARTESIANPOINT((0.011595272235899401,0.03999999999997339,2.6666666666666665));
#7658=IFCCARTESIANPOINT((0.019095272235899685,0.027009618943207414,2.6666666666666665));
#7659=IFCCARTESIANPOINT((0.034095272235898477,0.027009618943206526,2.6666666666666665));
#7660=IFCCARTESIANPOINT((0.041595272235902314,0.03999999999997339,2.6666666666666665));
#7661=IFCCARTESIANPOINT((0.041595272235902314,0.03999999999997339,3.6825121384972599));
#7662=IFCCARTESIANPOINT((0.035116243436867478,0.02765524201156877,3.6893703373797067));
#7663=IFCCARTESIANPOINT((0.018074301034934237,0.02765524201156877,3.6893703373797067));
#7664=IFCCARTESIANPOINT((0.026595272235898193,0.027009618943207414,2.6666666666666665));
#7665=IFCCARTESIANPOINT((0.026595272235901746,0.02765524201156877,3.6893703373797067));
#7666=IFCCARTESIANPOINT((0.030855757836384612,0.02765524201156877,3.6893703373797062));
#7667=IFCCARTESIANPOINT((0.037845272235900396,0.033504809471589958,2.6666666666666665));
#7668=IFCCARTESIANPOINT((0.038355757836384896,0.033827621005771302,3.6859412379384833));
#7669=IFCCARTESIANPOINT((0.040359560739737788,0.037645548455338407,3.6838201671331681));
#7670=IFCCARTESIANPOINT((0.015345272235901319,0.033504809471590846,2.6666666666666665));
#7671=IFCCARTESIANPOINT((0.014834786635416819,0.033827621005771302,3.6859412379384833));
#7672=IFCCARTESIANPOINT((0.016454543835173752,0.030741431508669592,3.6876557876590947));
#7673=IFCCARTESIANPOINT((0.022334786635417103,0.02765524201156877,3.6893703373797062));
#7674=IFCCARTESIANPOINT((0.022845272235901604,0.027009618943207414,2.6666666666666665));
#7675=IFCCARTESIANPOINT((0.012830983732056822,0.037645548455349953,3.6838201671331623));
#7676=IFCCARTESIANPOINT((0.013470272235901248,0.036752404735781674,2.6666666666666665));
#7677=IFCCARTESIANPOINT((0.036736000636626187,0.030741431508669592,3.6876557876590947));
#7678=IFCCARTESIANPOINT((0.035970272235898548,0.030257214207398242,2.6666666666666665));
#7679=IFCCARTESIANPOINT((0.030345272235900111,0.027009618943207414,2.6666666666666665));
#7680=IFCCARTESIANPOINT((0.039720272235902243,0.036752404735781674,2.6666666666666665));
#7681=IFCCARTESIANPOINT((0.01722027223590139,0.03025721420739913,2.6666666666666665));
#7682=IFCCARTESIANPOINT((0.034095272235898477,0.052990381056740699,2.6666666666666665));
#7683=IFCCARTESIANPOINT((0.019095272235899685,0.05299038105673981,2.6666666666666665));
#7684=IFCCARTESIANPOINT((0.018074301034934237,0.052344757988378454,3.6756539396148127));
#7685=IFCCARTESIANPOINT((0.035116243436867478,0.052344757988378454,3.6756539396148131));
#7686=IFCCARTESIANPOINT((0.026595272235901746,0.05299038105673981,2.6666666666666665));
#7687=IFCCARTESIANPOINT((0.026595272235901746,0.052344757988378454,3.6756539396148131));
#7688=IFCCARTESIANPOINT((0.022334786635417103,0.05234475798837801,3.6756539396148118));
#7689=IFCCARTESIANPOINT((0.015345272235901319,0.046495190528356378,2.6666666666666665));
#7690=IFCCARTESIANPOINT((0.014834786635416819,0.046172378994175922,3.6790830390560361));
#7691=IFCCARTESIANPOINT((0.01284111983951064,0.042373764283799353,3.6811933805618011));
#7692=IFCCARTESIANPOINT((0.037845272235900396,0.046495190528356822,2.6666666666666665));
#7693=IFCCARTESIANPOINT((0.038355757836384896,0.046172378994175922,3.6790830390560361));
#7694=IFCCARTESIANPOINT((0.036736000636626187,0.049258568491277632,3.677368489335425));
#7695=IFCCARTESIANPOINT((0.030855757836384612,0.052344757988378454,3.6756539396148131));
#7696=IFCCARTESIANPOINT((0.030345272235900111,0.052990381056740699,2.6666666666666665));
#7697=IFCCARTESIANPOINT((0.040349424635373055,0.042373764277923165,3.6811933805650656));
#7698=IFCCARTESIANPOINT((0.039720272235902243,0.043247595264165106,2.6666666666666665));
#7699=IFCCARTESIANPOINT((0.01722027223590139,0.049742785792548094,2.6666666666666665));
#7700=IFCCARTESIANPOINT((0.016454543835175528,0.049258568491277188,3.6773684893354242));
#7701=IFCCARTESIANPOINT((0.022845272235899827,0.05299038105673981,2.6666666666666665));
#7702=IFCCARTESIANPOINT((0.013470272235899472,0.043247595264164662,2.6666666666666665));
#7703=IFCCARTESIANPOINT((0.035970272235898548,0.049742785792548982,2.6666666666666665));
#7704=IFCPOLYLOOP((#7680,#7668,#7667));
#7705=IFCFACEOUTERBOUND(#7704,.T.);
#7706=IFCFACE((#7705));
#7707=IFCPOLYLOOP((#7673,#7663,#7658,#7674,#7664,#7679,#7659,#7662,#7666,#7665));
#7708=IFCFACEOUTERBOUND(#7707,.T.);
#7709=IFCFACE((#7708));
#7710=IFCPOLYLOOP((#7680,#7669,#7668));
#7711=IFCFACEOUTERBOUND(#7710,.T.);
#7712=IFCFACE((#7711));
#7713=IFCPOLYLOOP((#7659,#7678,#7662));
#7714=IFCFACEOUTERBOUND(#7713,.T.);
#7715=IFCFACE((#7714));
#7716=IFCPOLYLOOP((#7676,#7670,#7671));
#7717=IFCFACEOUTERBOUND(#7716,.T.);
#7718=IFCFACE((#7717));
#7719=IFCPOLYLOOP((#7669,#7660,#7661));
#7720=IFCFACEOUTERBOUND(#7719,.T.);
#7721=IFCFACE((#7720));
#7722=IFCPOLYLOOP((#7672,#7681,#7663));
#7723=IFCFACEOUTERBOUND(#7722,.T.);
#7724=IFCFACE((#7723));
#7725=IFCPOLYLOOP((#7675,#7657,#7676));
#7726=IFCFACEOUTERBOUND(#7725,.T.);
#7727=IFCFACE((#7726));
#7728=IFCPOLYLOOP((#7678,#7667,#7677));
#7729=IFCFACEOUTERBOUND(#7728,.T.);
#7730=IFCFACE((#7729));
#7731=IFCPOLYLOOP((#7672,#7671,#7670));
#7732=IFCFACEOUTERBOUND(#7731,.T.);
#7733=IFCFACE((#7732));
#7734=IFCPOLYLOOP((#7675,#7656,#7657));
#7735=IFCFACEOUTERBOUND(#7734,.T.);
#7736=IFCFACE((#7735));
#7737=IFCPOLYLOOP((#7675,#7676,#7671));
#7738=IFCFACEOUTERBOUND(#7737,.T.);
#7739=IFCFACE((#7738));
#7740=IFCPOLYLOOP((#7677,#7662,#7678));
#7741=IFCFACEOUTERBOUND(#7740,.T.);
#7742=IFCFACE((#7741));
#7743=IFCPOLYLOOP((#7667,#7668,#7677));
#7744=IFCFACEOUTERBOUND(#7743,.T.);
#7745=IFCFACE((#7744));
#7746=IFCPOLYLOOP((#7680,#7660,#7669));
#7747=IFCFACEOUTERBOUND(#7746,.T.);
#7748=IFCFACE((#7747));
#7749=IFCPOLYLOOP((#7658,#7663,#7681));
#7750=IFCFACEOUTERBOUND(#7749,.T.);
#7751=IFCFACE((#7750));
#7752=IFCPOLYLOOP((#7672,#7670,#7681));
#7753=IFCFACEOUTERBOUND(#7752,.T.);
#7754=IFCFACE((#7753));
#7755=IFCPOLYLOOP((#7702,#7690,#7689));
#7756=IFCFACEOUTERBOUND(#7755,.T.);
#7757=IFCFACE((#7756));
#7758=IFCPOLYLOOP((#7684,#7688,#7687,#7695,#7685,#7682,#7696,#7686,#7701,#7683));
#7759=IFCFACEOUTERBOUND(#7758,.T.);
#7760=IFCFACE((#7759));
#7761=IFCPOLYLOOP((#7700,#7684,#7699));
#7762=IFCFACEOUTERBOUND(#7761,.T.);
#7763=IFCFACE((#7762));
#7764=IFCPOLYLOOP((#7697,#7660,#7698));
#7765=IFCFACEOUTERBOUND(#7764,.T.);
#7766=IFCFACE((#7765));
#7767=IFCPOLYLOOP((#7698,#7692,#7693));
#7768=IFCFACEOUTERBOUND(#7767,.T.);
#7769=IFCFACE((#7768));
#7770=IFCPOLYLOOP((#7702,#7691,#7690));
#7771=IFCFACEOUTERBOUND(#7770,.T.);
#7772=IFCFACE((#7771));
#7773=IFCPOLYLOOP((#7691,#7657,#7656));
#7774=IFCFACEOUTERBOUND(#7773,.T.);
#7775=IFCFACE((#7774));
#7776=IFCPOLYLOOP((#7694,#7703,#7685));
#7777=IFCFACEOUTERBOUND(#7776,.T.);
#7778=IFCFACE((#7777));
#7779=IFCPOLYLOOP((#7690,#7700,#7689));
#7780=IFCFACEOUTERBOUND(#7779,.T.);
#7781=IFCFACE((#7780));
#7782=IFCPOLYLOOP((#7694,#7693,#7692));
#7783=IFCFACEOUTERBOUND(#7782,.T.);
#7784=IFCFACE((#7783));
#7785=IFCPOLYLOOP((#7697,#7661,#7660));
#7786=IFCFACEOUTERBOUND(#7785,.T.);
#7787=IFCFACE((#7786));
#7788=IFCPOLYLOOP((#7697,#7698,#7693));
#7789=IFCFACEOUTERBOUND(#7788,.T.);
#7790=IFCFACE((#7789));
#7791=IFCPOLYLOOP((#7699,#7689,#7700));
#7792=IFCFACEOUTERBOUND(#7791,.T.);
#7793=IFCFACE((#7792));
#7794=IFCPOLYLOOP((#7684,#7683,#7699));
#7795=IFCFACEOUTERBOUND(#7794,.T.);
#7796=IFCFACE((#7795));
#7797=IFCPOLYLOOP((#7702,#7657,#7691));
#7798=IFCFACEOUTERBOUND(#7797,.T.);
#7799=IFCFACE((#7798));
#7800=IFCPOLYLOOP((#7682,#7685,#7703));
#7801=IFCFACEOUTERBOUND(#7800,.T.);
#7802=IFCFACE((#7801));
#7803=IFCPOLYLOOP((#7694,#7692,#7703));
#7804=IFCFACEOUTERBOUND(#7803,.T.);
#7805=IFCFACE((#7804));
#7806=IFCPOLYLOOP((#7656,#7675,#7671,#7672,#7663,#7673,#7665,#7666,#7662,#7677,#7668,#7669,#7661,#7697,#7693,#7694,#7685,#7695,#7687,#7688,#7684,#7700,#7690,#7691));
#7807=IFCFACEOUTERBOUND(#7806,.T.);
#7808=IFCFACE((#7807));
#7809=IFCPOLYLOOP((#7702,#7689,#7699,#7683,#7701,#7686,#7696,#7682,#7703,#7692,#7698,#7660,#7680,#7667,#7678,#7659,#7679,#7664,#7674,#7658,#7681,#7670,#7676,#7657));
#7810=IFCFACEOUTERBOUND(#7809,.T.);
#7811=IFCFACE((#7810));
#7812=IFCCARTESIANPOINT((0.011595272235908283,5.0599999999999756,0.89362324960837092));
#7813=IFCCARTESIANPOINT((0.011595272235908283,5.0599999999999756,0.));
#7814=IFCCARTESIANPOINT((0.019095272235908567,5.0470096189432097,0.));
#7815=IFCCARTESIANPOINT((0.034095272235907359,5.0470096189432088,0.));
#7816=IFCCARTESIANPOINT((0.041595272235911196,5.0599999999999756,0.));
#7817=IFCCARTESIANPOINT((0.041595272235911196,5.0599999999999756,0.89362324960837114));
#7818=IFCCARTESIANPOINT((0.03511624343687636,5.0476552420115706,0.90048144849081813));
#7819=IFCCARTESIANPOINT((0.018074301034943119,5.0476552420115706,0.90048144849081813));
#7820=IFCCARTESIANPOINT((0.026595272235907075,5.0470096189432088,0.));
#7821=IFCCARTESIANPOINT((0.026595272235908851,5.0476552420115706,0.90048144849081813));
#7822=IFCCARTESIANPOINT((0.030855757836393494,5.0476552420115706,0.90048144849081813));
#7823=IFCCARTESIANPOINT((0.037845272235909277,5.0535048094715922,0.));
#7824=IFCCARTESIANPOINT((0.038355757836393778,5.0538276210057731,0.89705234904959452));
#7825=IFCCARTESIANPOINT((0.04019211316164828,5.0573265037510291,0.89510852530223017));
#7826=IFCCARTESIANPOINT((0.015345272235910201,5.0535048094715922,0.));
#7827=IFCCARTESIANPOINT((0.014834786635425701,5.0538276210057731,0.89705234904959452));
#7828=IFCCARTESIANPOINT((0.01645454383518441,5.0507414315086718,0.89876689877020621));
#7829=IFCCARTESIANPOINT((0.022334786635425985,5.0476552420115706,0.90048144849081813));
#7830=IFCCARTESIANPOINT((0.022845272235908709,5.0470096189432097,0.));
#7831=IFCCARTESIANPOINT((0.012998431310164094,5.0573265037510442,0.89510852530222151));
#7832=IFCCARTESIANPOINT((0.013470272235908354,5.0567524047357839,0.));
#7833=IFCCARTESIANPOINT((0.036736000636635069,5.0507414315086718,0.89876689877020643));
#7834=IFCCARTESIANPOINT((0.035970272235909206,5.0502572142074005,0.));
#7835=IFCCARTESIANPOINT((0.030345272235908993,5.0470096189432088,0.));
#7836=IFCCARTESIANPOINT((0.039720272235909349,5.0567524047357839,0.));
#7837=IFCCARTESIANPOINT((0.01722027223590672,5.0502572142074005,0.));
#7838=IFCCARTESIANPOINT((0.034095272235907359,5.0729903810567425,0.));
#7839=IFCCARTESIANPOINT((0.019095272235908567,5.0729903810567416,0.));
#7840=IFCCARTESIANPOINT((0.018074301034943119,5.0723447579883807,0.88676505072592393));
#7841=IFCCARTESIANPOINT((0.03511624343687636,5.0723447579883807,0.88676505072592393));
#7842=IFCCARTESIANPOINT((0.026595272235907075,5.0729903810567425,0.));
#7843=IFCCARTESIANPOINT((0.026595272235908851,5.0723447579883807,0.88676505072592393));
#7844=IFCCARTESIANPOINT((0.022334786635425985,5.0723447579883807,0.88676505072592393));
#7845=IFCCARTESIANPOINT((0.015345272235910201,5.0664951905283591,0.));
#7846=IFCCARTESIANPOINT((0.014834786635425701,5.0661723789941773,0.89019415016714731));
#7847=IFCCARTESIANPOINT((0.013011515097293369,5.0626984253224876,0.89212412442919709));
#7848=IFCCARTESIANPOINT((0.037845272235909277,5.0664951905283591,0.));
#7849=IFCCARTESIANPOINT((0.038355757836395554,5.0661723789941782,0.89019415016714754));
#7850=IFCCARTESIANPOINT((0.036736000636635069,5.0692585684912794,0.88847960044653584));
#7851=IFCCARTESIANPOINT((0.030855757836393494,5.0723447579883789,0.88676505072592393));
#7852=IFCCARTESIANPOINT((0.030345272235908993,5.0729903810567425,0.));
#7853=IFCCARTESIANPOINT((0.040179029378546005,5.0626984253148297,0.89212412443345168));
#7854=IFCCARTESIANPOINT((0.039720272235911125,5.0632475952641673,0.));
#7855=IFCCARTESIANPOINT((0.01722027223590672,5.0697427857925499,0.));
#7856=IFCCARTESIANPOINT((0.01645454383518441,5.0692585684912794,0.88847960044653562));
#7857=IFCCARTESIANPOINT((0.022845272235908709,5.0729903810567425,0.));
#7858=IFCCARTESIANPOINT((0.013470272235908354,5.0632475952641665,0.));
#7859=IFCCARTESIANPOINT((0.035970272235909206,5.0697427857925508,0.));
#7860=IFCPOLYLOOP((#7836,#7824,#7823));
#7861=IFCFACEOUTERBOUND(#7860,.T.);
#7862=IFCFACE((#7861));
#7863=IFCPOLYLOOP((#7829,#7819,#7814,#7830,#7820,#7835,#7815,#7818,#7822,#7821));
#7864=IFCFACEOUTERBOUND(#7863,.T.);
#7865=IFCFACE((#7864));
#7866=IFCPOLYLOOP((#7836,#7825,#7824));
#7867=IFCFACEOUTERBOUND(#7866,.T.);
#7868=IFCFACE((#7867));
#7869=IFCPOLYLOOP((#7815,#7834,#7818));
#7870=IFCFACEOUTERBOUND(#7869,.T.);
#7871=IFCFACE((#7870));
#7872=IFCPOLYLOOP((#7832,#7826,#7827));
#7873=IFCFACEOUTERBOUND(#7872,.T.);
#7874=IFCFACE((#7873));
#7875=IFCPOLYLOOP((#7825,#7816,#7817));
#7876=IFCFACEOUTERBOUND(#7875,.T.);
#7877=IFCFACE((#7876));
#7878=IFCPOLYLOOP((#7828,#7837,#7819));
#7879=IFCFACEOUTERBOUND(#7878,.T.);
#7880=IFCFACE((#7879));
#7881=IFCPOLYLOOP((#7831,#7813,#7832));
#7882=IFCFACEOUTERBOUND(#7881,.T.);
#7883=IFCFACE((#7882));
#7884=IFCPOLYLOOP((#7834,#7823,#7833));
#7885=IFCFACEOUTERBOUND(#7884,.T.);
#7886=IFCFACE((#7885));
#7887=IFCPOLYLOOP((#7828,#7827,#7826));
#7888=IFCFACEOUTERBOUND(#7887,.T.);
#7889=IFCFACE((#7888));
#7890=IFCPOLYLOOP((#7831,#7812,#7813));
#7891=IFCFACEOUTERBOUND(#7890,.T.);
#7892=IFCFACE((#7891));
#7893=IFCPOLYLOOP((#7831,#7832,#7827));
#7894=IFCFACEOUTERBOUND(#7893,.T.);
#7895=IFCFACE((#7894));
#7896=IFCPOLYLOOP((#7833,#7818,#7834));
#7897=IFCFACEOUTERBOUND(#7896,.T.);
#7898=IFCFACE((#7897));
#7899=IFCPOLYLOOP((#7823,#7824,#7833));
#7900=IFCFACEOUTERBOUND(#7899,.T.);
#7901=IFCFACE((#7900));
#7902=IFCPOLYLOOP((#7836,#7816,#7825));
#7903=IFCFACEOUTERBOUND(#7902,.T.);
#7904=IFCFACE((#7903));
#7905=IFCPOLYLOOP((#7814,#7819,#7837));
#7906=IFCFACEOUTERBOUND(#7905,.T.);
#7907=IFCFACE((#7906));
#7908=IFCPOLYLOOP((#7828,#7826,#7837));
#7909=IFCFACEOUTERBOUND(#7908,.T.);
#7910=IFCFACE((#7909));
#7911=IFCPOLYLOOP((#7858,#7846,#7845));
#7912=IFCFACEOUTERBOUND(#7911,.T.);
#7913=IFCFACE((#7912));
#7914=IFCPOLYLOOP((#7840,#7844,#7843,#7851,#7841,#7838,#7852,#7842,#7857,#7839));
#7915=IFCFACEOUTERBOUND(#7914,.T.);
#7916=IFCFACE((#7915));
#7917=IFCPOLYLOOP((#7856,#7840,#7855));
#7918=IFCFACEOUTERBOUND(#7917,.T.);
#7919=IFCFACE((#7918));
#7920=IFCPOLYLOOP((#7853,#7816,#7854));
#7921=IFCFACEOUTERBOUND(#7920,.T.);
#7922=IFCFACE((#7921));
#7923=IFCPOLYLOOP((#7854,#7848,#7849));
#7924=IFCFACEOUTERBOUND(#7923,.T.);
#7925=IFCFACE((#7924));
#7926=IFCPOLYLOOP((#7858,#7847,#7846));
#7927=IFCFACEOUTERBOUND(#7926,.T.);
#7928=IFCFACE((#7927));
#7929=IFCPOLYLOOP((#7847,#7813,#7812));
#7930=IFCFACEOUTERBOUND(#7929,.T.);
#7931=IFCFACE((#7930));
#7932=IFCPOLYLOOP((#7850,#7859,#7841));
#7933=IFCFACEOUTERBOUND(#7932,.T.);
#7934=IFCFACE((#7933));
#7935=IFCPOLYLOOP((#7846,#7856,#7845));
#7936=IFCFACEOUTERBOUND(#7935,.T.);
#7937=IFCFACE((#7936));
#7938=IFCPOLYLOOP((#7850,#7849,#7848));
#7939=IFCFACEOUTERBOUND(#7938,.T.);
#7940=IFCFACE((#7939));
#7941=IFCPOLYLOOP((#7853,#7817,#7816));
#7942=IFCFACEOUTERBOUND(#7941,.T.);
#7943=IFCFACE((#7942));
#7944=IFCPOLYLOOP((#7853,#7854,#7849));
#7945=IFCFACEOUTERBOUND(#7944,.T.);
#7946=IFCFACE((#7945));
#7947=IFCPOLYLOOP((#7855,#7845,#7856));
#7948=IFCFACEOUTERBOUND(#7947,.T.);
#7949=IFCFACE((#7948));
#7950=IFCPOLYLOOP((#7840,#7839,#7855));
#7951=IFCFACEOUTERBOUND(#7950,.T.);
#7952=IFCFACE((#7951));
#7953=IFCPOLYLOOP((#7858,#7813,#7847));
#7954=IFCFACEOUTERBOUND(#7953,.T.);
#7955=IFCFACE((#7954));
#7956=IFCPOLYLOOP((#7838,#7841,#7859));
#7957=IFCFACEOUTERBOUND(#7956,.T.);
#7958=IFCFACE((#7957));
#7959=IFCPOLYLOOP((#7850,#7848,#7859));
#7960=IFCFACEOUTERBOUND(#7959,.T.);
#7961=IFCFACE((#7960));
#7962=IFCPOLYLOOP((#7812,#7831,#7827,#7828,#7819,#7829,#7821,#7822,#7818,#7833,#7824,#7825,#7817,#7853,#7849,#7850,#7841,#7851,#7843,#7844,#7840,#7856,#7846,#7847));
#7963=IFCFACEOUTERBOUND(#7962,.T.);
#7964=IFCFACE((#7963));
#7965=IFCPOLYLOOP((#7858,#7845,#7855,#7839,#7857,#7842,#7852,#7838,#7859,#7848,#7854,#7816,#7836,#7823,#7834,#7815,#7835,#7820,#7830,#7814,#7837,#7826,#7832,#7813));
#7966=IFCFACEOUTERBOUND(#7965,.T.);
#7967=IFCFACE((#7966));
#7968=IFCCARTESIANPOINT((0.0015952722359244831,5.1000000000000005,0.90000000000000013));
#7969=IFCCARTESIANPOINT((0.014095272235925549,5.1000000000000005,0.92476743680573215));
#7970=IFCCARTESIANPOINT((0.039095272235924128,5.1000000000000005,0.92476743680573237));
#7971=IFCCARTESIANPOINT((0.051595272235925194,5.1000000000000005,0.90000000000000013));
#7972=IFCCARTESIANPOINT((0.039095272235924128,5.1000000000000005,0.87523256319426812));
#7973=IFCCARTESIANPOINT((0.014095272235925549,5.1000000000000005,0.87523256319426812));
#7974=IFCCARTESIANPOINT((0.0015952722359156013,0.,3.7333333333333343));
#7975=IFCCARTESIANPOINT((0.014095272235916667,0.,3.7085658965276012));
#7976=IFCCARTESIANPOINT((0.039095272235915246,0.,3.7085658965276012));
#7977=IFCCARTESIANPOINT((0.051595272235916312,0.,3.7333333333333343));
#7978=IFCCARTESIANPOINT((0.039095272235915246,0.,3.7581007701390652));
#7979=IFCCARTESIANPOINT((0.014095272235916667,0.,3.7581007701390652));
#7980=IFCCARTESIANPOINT((0.0095561848794520898,5.1000000000000005,0.91577371206516034));
#7981=IFCCARTESIANPOINT((0.007845272235915246,0.,3.7457170517361993));
#7982=IFCCARTESIANPOINT((0.010970272235917733,0.,3.7519089109376327));
#7983=IFCCARTESIANPOINT((0.026595272235924838,5.1000000000000005,0.92476743680573237));
#7984=IFCCARTESIANPOINT((0.026595272235915957,0.,3.7581007701390652));
#7985=IFCCARTESIANPOINT((0.032845272235915601,0.,3.7581007701390652));
#7986=IFCCARTESIANPOINT((0.045345272235916667,0.,3.7457170517361997));
#7987=IFCCARTESIANPOINT((0.045345272235925549,5.1000000000000005,0.91238371840286647));
#7988=IFCCARTESIANPOINT((0.042220272235923062,5.1000000000000005,0.91857557760429942));
#7989=IFCCARTESIANPOINT((0.0055757285576891746,5.1000000000000005,0.90788685603258013));
#7990=IFCCARTESIANPOINT((0.020345272235923417,5.1000000000000005,0.92476743680573237));
#7991=IFCCARTESIANPOINT((0.020345272235918088,0.,3.7581007701390652));
#7992=IFCCARTESIANPOINT((0.047614815914162278,5.1000000000000023,0.90788685603258035));
#7993=IFCCARTESIANPOINT((0.048470272235917378,0.,3.7395251925347668));
#7994=IFCCARTESIANPOINT((0.011825728557688819,5.1000000000000005,0.92027057443544624));
#7995=IFCCARTESIANPOINT((0.032845272235922707,5.1000000000000005,0.92476743680573237));
#7996=IFCCARTESIANPOINT((0.04222027223591418,0.,3.7519089109376327));
#7997=IFCCARTESIANPOINT((0.0047202722359145355,0.,3.7395251925347659));
#7998=IFCCARTESIANPOINT((0.043634359592388705,0.,3.7175596212681716));
#7999=IFCCARTESIANPOINT((0.045345272235925549,5.1000000000000005,0.88761628159713424));
#8000=IFCCARTESIANPOINT((0.047614815914162278,5.1000000000000005,0.89211314396742036));
#8001=IFCCARTESIANPOINT((0.026595272235924838,5.1000000000000005,0.8752325631942679));
#8002=IFCCARTESIANPOINT((0.026595272235915957,0.,3.7085658965276012));
#8003=IFCCARTESIANPOINT((0.020345272235918088,0.,3.7085658965276012));
#8004=IFCCARTESIANPOINT((0.0078452722359241278,5.1000000000000005,0.88761628159713379));
#8005=IFCCARTESIANPOINT((0.007845272235915246,0.,3.7209496149304675));
#8006=IFCCARTESIANPOINT((0.0055757285576785165,0.,3.725446477300753));
#8007=IFCCARTESIANPOINT((0.032845272235922707,5.1000000000000005,0.8752325631942679));
#8008=IFCCARTESIANPOINT((0.032845272235915601,0.,3.7085658965276012));
#8009=IFCCARTESIANPOINT((0.010970272235926615,5.1000000000000005,0.88142442239570085));
#8010=IFCCARTESIANPOINT((0.010970272235915957,0.,3.7147577557290337));
#8011=IFCCARTESIANPOINT((0.042220272235923062,5.1000000000000005,0.88142442239570107));
#8012=IFCCARTESIANPOINT((0.041364815914153752,0.,3.7130627588978866));
#8013=IFCCARTESIANPOINT((0.047614815914153397,0.,3.725446477300753));
#8014=IFCCARTESIANPOINT((0.02034527223592697,5.1000000000000005,0.8752325631942679));
#8015=IFCCARTESIANPOINT((0.0047202722359251936,5.1000000000000005,0.89380814079856696));
#8016=IFCPOLYLOOP((#7988,#7987,#7992,#7971,#8000,#7999,#8011,#7972,#8007,#8001,#8014,#7973,#8009,#8004,#8015,#7968,#7989,#7980,#7994,#7969,#7990,#7983,#7995,#7970));
#8017=IFCFACEOUTERBOUND(#8016,.T.);
#8018=IFCFACE((#8017));
#8019=IFCPOLYLOOP((#7982,#7981,#7997,#7974,#8006,#8005,#8010,#7975,#8003,#8002,#8008,#7976,#8012,#7998,#8013,#7977,#7993,#7986,#7996,#7978,#7985,#7984,#7991,#7979));
#8020=IFCFACEOUTERBOUND(#8019,.T.);
#8021=IFCFACE((#8020));
#8022=IFCPOLYLOOP((#7985,#7978,#7970,#7995,#7983,#7990,#7969,#7979,#7991,#7984));
#8023=IFCFACEOUTERBOUND(#8022,.T.);
#8024=IFCFACE((#8023));
#8025=IFCPOLYLOOP((#7987,#7988,#7970,#7978,#7996,#7986,#7993,#7977,#7971,#7992));
#8026=IFCFACEOUTERBOUND(#8025,.T.);
#8027=IFCFACE((#8026));
#8028=IFCPOLYLOOP((#7979,#7969,#7994,#7980,#7989,#7968,#7974,#7997,#7981,#7982));
#8029=IFCFACEOUTERBOUND(#8028,.T.);
#8030=IFCFACE((#8029));
#8031=IFCPOLYLOOP((#7972,#8011,#7999,#8000,#7971,#7977,#8013,#7998,#8012,#7976));
#8032=IFCFACEOUTERBOUND(#8031,.T.);
#8033=IFCFACE((#8032));
#8034=IFCPOLYLOOP((#8003,#7975,#7973,#8014,#8001,#8007,#7972,#7976,#8008,#8002));
#8035=IFCFACEOUTERBOUND(#8034,.T.);
#8036=IFCFACE((#8035));
#8037=IFCPOLYLOOP((#7974,#7968,#8015,#8004,#8009,#7973,#7975,#8010,#8005,#8006));
#8038=IFCFACEOUTERBOUND(#8037,.T.);
#8039=IFCFACE((#8038));
#8040=IFCCLOSEDSHELL((#6854,#6857,#6860,#6863,#6866,#6869,#6872,#6875,#6878,#6881,#6884,#6887));
#8041=IFCFACETEDBREP(#8040);
#8042=IFCSTYLEDITEM(#8041,(#6761),$);
#8043=IFCCLOSEDSHELL((#6902,#6905,#6908,#6911,#6914,#6917,#6920,#6923,#6926,#6929,#6932,#6935));
#8044=IFCFACETEDBREP(#8043);
#8045=IFCSTYLEDITEM(#8044,(#6761),$);
#8046=IFCCLOSEDSHELL((#6950,#6953,#6956,#6959,#6962,#6965,#6968,#6971,#6974,#6977,#6980,#6983));
#8047=IFCFACETEDBREP(#8046);
#8048=IFCSTYLEDITEM(#8047,(#6761),$);
#8049=IFCCLOSEDSHELL((#6998,#7001,#7004,#7007,#7010,#7013,#7016,#7019,#7022,#7025,#7028,#7031));
#8050=IFCFACETEDBREP(#8049);
#8051=IFCSTYLEDITEM(#8050,(#6761),$);
#8052=IFCCLOSEDSHELL((#7046,#7049,#7052,#7055,#7058,#7061,#7064,#7067,#7070,#7073,#7076,#7079));
#8053=IFCFACETEDBREP(#8052);
#8054=IFCSTYLEDITEM(#8053,(#6761),$);
#8055=IFCCLOSEDSHELL((#7094,#7097,#7100,#7103,#7106,#7109,#7112,#7115,#7118,#7121,#7124,#7127));
#8056=IFCFACETEDBREP(#8055);
#8057=IFCSTYLEDITEM(#8056,(#6761),$);
#8058=IFCCLOSEDSHELL((#7142,#7145,#7148,#7151,#7154,#7157,#7160,#7163,#7166,#7169,#7172,#7175));
#8059=IFCFACETEDBREP(#8058);
#8060=IFCSTYLEDITEM(#8059,(#6761),$);
#8061=IFCCLOSEDSHELL((#7190,#7193,#7196,#7199,#7202,#7205,#7208,#7211,#7214,#7217,#7220,#7223));
#8062=IFCFACETEDBREP(#8061);
#8063=IFCSTYLEDITEM(#8062,(#6761),$);
#8064=IFCCLOSEDSHELL((#7238,#7241,#7244,#7247,#7250,#7253,#7256,#7259,#7262,#7265,#7268,#7271));
#8065=IFCFACETEDBREP(#8064);
#8066=IFCSTYLEDITEM(#8065,(#6761),$);
#8067=IFCCLOSEDSHELL((#7286,#7289,#7292,#7295,#7298,#7301,#7304,#7307,#7310,#7313,#7316,#7319));
#8068=IFCFACETEDBREP(#8067);
#8069=IFCSTYLEDITEM(#8068,(#6761),$);
#8070=IFCCLOSEDSHELL((#7334,#7337,#7340,#7343,#7346,#7349,#7352,#7355,#7358,#7361,#7364,#7367));
#8071=IFCFACETEDBREP(#8070);
#8072=IFCSTYLEDITEM(#8071,(#6761),$);
#8073=IFCCLOSEDSHELL((#7382,#7385,#7388,#7391,#7394,#7397,#7400,#7403,#7406,#7409,#7412,#7415));
#8074=IFCFACETEDBREP(#8073);
#8075=IFCSTYLEDITEM(#8074,(#6761),$);
#8076=IFCCLOSEDSHELL((#7430,#7433,#7436,#7439,#7442,#7445,#7448,#7451,#7454,#7457,#7460,#7463));
#8077=IFCFACETEDBREP(#8076);
#8078=IFCSTYLEDITEM(#8077,(#6761),$);
#8079=IFCCLOSEDSHELL((#7478,#7481,#7484,#7487,#7490,#7493,#7496,#7499,#7502,#7505,#7508,#7511));
#8080=IFCFACETEDBREP(#8079);
#8081=IFCSTYLEDITEM(#8080,(#6761),$);
#8082=IFCCLOSEDSHELL((#7526,#7529,#7532,#7535,#7538,#7541,#7544,#7547,#7550,#7553,#7556,#7559));
#8083=IFCFACETEDBREP(#8082);
#8084=IFCSTYLEDITEM(#8083,(#6761),$);
#8085=IFCCLOSEDSHELL((#7574,#7577,#7580,#7583,#7586,#7589,#7592,#7595,#7598,#7601,#7604,#7607));
#8086=IFCFACETEDBREP(#8085);
#8087=IFCSTYLEDITEM(#8086,(#6761),$);
#8088=IFCCLOSEDSHELL((#7622,#7625,#7628,#7631,#7634,#7637,#7640,#7643,#7646,#7649,#7652,#7655));
#8089=IFCFACETEDBREP(#8088);
#8090=IFCSTYLEDITEM(#8089,(#6761),$);
#8091=IFCCLOSEDSHELL((#7706,#7709,#7712,#7715,#7718,#7721,#7724,#7727,#7730,#7733,#7736,#7739,#7742,#7745,#7748,#7751,#7754,#7757,#7760,#7763,#7766,#7769,#7772,#7775,#7778,#7781,#7784,#7787,#7790,#7793,#7796,#7799,#7802,#7805,#7808,#7811));
#8092=IFCFACETEDBREP(#8091);
#8093=IFCSTYLEDITEM(#8092,(#6761),$);
#8094=IFCCLOSEDSHELL((#7862,#7865,#7868,#7871,#7874,#7877,#7880,#7883,#7886,#7889,#7892,#7895,#7898,#7901,#7904,#7907,#7910,#7913,#7916,#7919,#7922,#7925,#7928,#7931,#7934,#7937,#7940,#7943,#7946,#7949,#7952,#7955,#7958,#7961,#7964,#7967));
#8095=IFCFACETEDBREP(#8094);
#8096=IFCSTYLEDITEM(#8095,(#6761),$);
#8097=IFCCLOSEDSHELL((#8018,#8021,#8024,#8027,#8030,#8033,#8036,#8039));
#8098=IFCFACETEDBREP(#8097);
#8099=IFCSTYLEDITEM(#8098,(#6761),$);
#8100=IFCSHAPEREPRESENTATION(#24,'Body','Brep',(#8041,#8044,#8047,#8050,#8053,#8056,#8059,#8062,#8065,#8068,#8071,#8074,#8077,#8080,#8083,#8086,#8089,#8092,#8095,#8098));
#8101=IFCCARTESIANPOINT((14.579354604331401,2.6364754924722158,0.16666666666666627));
#8102=IFCPRODUCTDEFINITIONSHAPE($,$,(#8100));
#8103=IFCRAILING('0aRLSEK1r1S9fVxHAcp$6V',#18,'Barandilla:Barrotes redondos:166201',$,'Barandilla:Barrotes redondos',#6839,#8102,'166201',.NOTDEFINED.);
#8104=IFCPROPERTYSET('2xa$Aw7dKsegnxFf2VH9L8',#18,'Pset_QuantityTakeOff',$,(#6830));
#8105=IFCPROPERTYSINGLEVALUE('Height',$,IFCPOSITIVELENGTHMEASURE(0.89999999999999991),$);
#8106=IFCPROPERTYSET('3xMadeGhbPa3vdQAB3TRC2',#18,'Pset_RailingCommon',$,(#86,#6830,#8105));
#8107=IFCRELDEFINESBYPROPERTIES('1PafUoXmy0jou5_6UKQ2p2',#18,$,$,(#8103),#8104);
#8108=IFCRELDEFINESBYPROPERTIES('2OIcqarihHwXFsEgDsSUuI',#18,$,$,(#8103),#8106);
#8109=IFCAXIS2PLACEMENT3D(#3,$,$);
#8111=IFCCARTESIANPOINT((-0.0060000000000000001,-0.,0.));
#8112=IFCCARTESIANPOINT((-0.0057955549577344253,-0.0015529142706171002,0.));
#8113=IFCCARTESIANPOINT((-0.0051961524227066638,-0.0030000000000019802,0.));
#8114=IFCCARTESIANPOINT((-0.0042426406871193274,-0.0042426406871212772,0.));
#8115=IFCCARTESIANPOINT((-0.0030000000000000534,-0.0051961524227086353,0.));
#8116=IFCCARTESIANPOINT((-0.0015529142706151857,-0.005795554957736428,0.));
#8117=IFCCARTESIANPOINT((-0.,-0.006000000000002035,0.));
#8118=IFCCARTESIANPOINT((0.0015529142706150597,-0.0057955549577364627,0.));
#8119=IFCCARTESIANPOINT((0.0029999999999999402,-0.0051961524227087013,0.));
#8120=IFCCARTESIANPOINT((0.0042426406871192354,-0.00424264068712137,0.));
#8121=IFCCARTESIANPOINT((0.0051961524227065953,-0.0030000000000020969,0.));
#8122=IFCCARTESIANPOINT((0.0057955549577343906,-0.0015529142706172312,0.));
#8123=IFCCARTESIANPOINT((0.0060000000000000001,-0.,0.));
#8124=IFCCARTESIANPOINT((0.0057955549577344096,0.0015529142706130887,0.));
#8125=IFCCARTESIANPOINT((0.0051961524227066335,0.0029999999999979635,0.));
#8126=IFCCARTESIANPOINT((0.0042426406871192883,0.0042426406871172474,0.));
#8127=IFCCARTESIANPOINT((0.0030000000000000053,0.0051961524227045943,0.));
#8128=IFCCARTESIANPOINT((0.0015529142706151324,0.0057955549577323731,0.));
#8129=IFCCARTESIANPOINT((0.,0.0059999999999979653,0.));
#8130=IFCCARTESIANPOINT((-0.0015529142706151148,0.0057955549577323783,0.));
#8131=IFCCARTESIANPOINT((-0.0029999999999999897,0.0051961524227046038,0.));
#8132=IFCCARTESIANPOINT((-0.0042426406871192753,0.0042426406871172604,0.));
#8133=IFCCARTESIANPOINT((-0.0051961524227066239,0.0029999999999979787,0.));
#8134=IFCCARTESIANPOINT((-0.0057955549577344053,0.0015529142706131069,0.));
#8135=IFCCARTESIANPOINT((-0.0060000000000000001,-0.,-0.063000000000002568));
#8136=IFCCARTESIANPOINT((-0.0057955549577333818,-0.0015529142706209944,-0.063000000000002554));
#8137=IFCCARTESIANPOINT((-0.0051961524227048571,-0.0030000000000051088,-0.063000000000002554));
#8138=IFCCARTESIANPOINT((-0.004242640687117244,-0.0042426406871233615,-0.063000000000002554));
#8139=IFCCARTESIANPOINT((-0.0029999999999982489,-0.0051961524227096779,-0.06300000000000254));
#8140=IFCCARTESIANPOINT((-0.001552914270614146,-0.0057955549577367064,-0.06300000000000254));
#8141=IFCCARTESIANPOINT((-0.,-0.006000000000002035,-0.06300000000000254));
#8142=IFCCARTESIANPOINT((0.001552914270614015,-0.0057955549577367411,-0.06300000000000254));
#8143=IFCCARTESIANPOINT((0.0029999999999981313,-0.0051961524227097456,-0.06300000000000254));
#8144=IFCCARTESIANPOINT((0.0042426406871171477,-0.0042426406871234577,-0.063000000000002554));
#8145=IFCCARTESIANPOINT((0.0051961524227047895,-0.0030000000000052264,-0.063000000000002554));
#8146=IFCCARTESIANPOINT((0.005795554957733348,-0.0015529142706211226,-0.063000000000002554));
#8147=IFCCARTESIANPOINT((0.0060000000000000001,-0.,-0.063000000000002568));
#8148=IFCCARTESIANPOINT((0.0057955549577354522,0.0015529142706091985,-0.063000000000002582));
#8149=IFCCARTESIANPOINT((0.0051961524227084393,0.0029999999999948345,-0.063000000000002596));
#8150=IFCCARTESIANPOINT((0.0042426406871213735,0.0042426406871151623,-0.063000000000002596));
#8151=IFCCARTESIANPOINT((0.0030000000000018107,0.0051961524227035517,-0.063000000000002609));
#8152=IFCCARTESIANPOINT((0.0015529142706161747,0.0057955549577320938,-0.063000000000002609));
#8153=IFCCARTESIANPOINT((0.,0.0059999999999979653,-0.063000000000002609));
#8154=IFCCARTESIANPOINT((-0.0015529142706161569,0.0057955549577320981,-0.063000000000002609));
#8155=IFCCARTESIANPOINT((-0.0030000000000017942,0.0051961524227035613,-0.063000000000002609));
#8156=IFCCARTESIANPOINT((-0.0042426406871213613,0.0042426406871151744,-0.063000000000002596));
#8157=IFCCARTESIANPOINT((-0.0051961524227084298,0.0029999999999948523,-0.063000000000002596));
#8158=IFCCARTESIANPOINT((-0.0057955549577354479,0.0015529142706092154,-0.063000000000002582));
#8159=IFCCARTESIANPOINT((0.0060000000000000001,0.01199999999999841,-0.07500000000000738));
#8160=IFCCARTESIANPOINT((0.0060000000000000001,0.0035147186257565174,-0.071485281374244508));
#8161=IFCCARTESIANPOINT((-0.0060000000000000001,0.0035147186257565573,-0.071485281374244466));
#8162=IFCCARTESIANPOINT((-0.0060000000000000001,0.011999999999998488,-0.075000000000007339));
#8163=IFCCARTESIANPOINT((-0.0057955549577344331,0.011999999999998481,-0.076552914270622385));
#8164=IFCCARTESIANPOINT((-0.0051961524227066803,0.011999999999998468,-0.078000000000007258));
#8165=IFCCARTESIANPOINT((-0.0042426406871193525,0.011999999999998462,-0.079242640687126567));
#8166=IFCCARTESIANPOINT((-0.0030000000000000803,0.011999999999998456,-0.080196152422713912));
#8167=IFCCARTESIANPOINT((-0.0015529142706152163,0.011999999999998455,-0.080795554957741725));
#8168=IFCCARTESIANPOINT((-0.,0.011999999999998449,-0.081000000000007344));
#8169=IFCCARTESIANPOINT((0.001552914270615019,0.011999999999998455,-0.08079555495774178));
#8170=IFCCARTESIANPOINT((0.002999999999999899,0.011999999999998456,-0.080196152422714037));
#8171=IFCCARTESIANPOINT((0.0042426406871191981,0.011999999999998462,-0.07924264068712672));
#8172=IFCCARTESIANPOINT((0.0051961524227065719,0.011999999999998468,-0.078000000000007452));
#8173=IFCCARTESIANPOINT((0.005795554957734381,0.011999999999998481,-0.076552914270622566));
#8174=IFCCARTESIANPOINT((0.,-0.0047039805034208076,-0.069706492029488476));
#8175=IFCCARTESIANPOINT((0.,0.0040975565918239601,-0.079172550453804544));
#8176=IFCCARTESIANPOINT((-3.0679472580226039E-005,0.0079445564784183173,-0.080537119322771272));
#8177=IFCCARTESIANPOINT((0.00015338136428885655,-0.0056712794098028509,-0.066413985764858186));
#8178=IFCCARTESIANPOINT((0.0040586970841064449,0.0071775543691925837,-0.07869475749689793));
#8179=IFCCARTESIANPOINT((0.0060000000000000001,0.0077573593128774645,-0.073242640687125951));
#8180=IFCCARTESIANPOINT((-0.0060000000000000001,0.0017573593128751856,-0.067242640687123517));
#8181=IFCCARTESIANPOINT((-0.0024272398906155733,-0.0019068346742921896,-0.073601857429152734));
#8182=IFCCARTESIANPOINT((0.0060000000000000001,0.0017573593128751388,-0.067242640687123531));
#8183=IFCCARTESIANPOINT((0.0036998067654156874,-0.0013517121436826625,-0.073070112012660587));
#8184=IFCCARTESIANPOINT((0.00074204937083683221,0.00043341707550214329,-0.076731642436259836));
#8185=IFCCARTESIANPOINT((-0.0060000000000000001,0.0077573593128775235,-0.073242640687125909));
#8186=IFCCARTESIANPOINT((-0.0038195088977023093,0.0028450056086338688,-0.076879884511268523));
#8187=IFCCARTESIANPOINT((0.005795554957734414,0.011999999999998501,-0.073447085729392222));
#8188=IFCCARTESIANPOINT((0.0051961524227066387,0.01199999999999851,-0.07200000000000735));
#8189=IFCCARTESIANPOINT((0.0042426406871192953,0.011999999999998515,-0.070757359312888068));
#8190=IFCCARTESIANPOINT((0.0030000000000000105,0.011999999999998524,-0.069803847577300709));
#8191=IFCCARTESIANPOINT((0.001552914270615135,0.011999999999998526,-0.069204445042272938));
#8192=IFCCARTESIANPOINT((0.,0.011999999999998529,-0.069000000000007347));
#8193=IFCCARTESIANPOINT((-0.0015529142706151148,0.011999999999998526,-0.069204445042272925));
#8194=IFCCARTESIANPOINT((-0.0029999999999999944,0.011999999999998524,-0.069803847577300709));
#8195=IFCCARTESIANPOINT((-0.0042426406871192797,0.011999999999998521,-0.070757359312888055));
#8196=IFCCARTESIANPOINT((-0.00519615242270663,0.01199999999999851,-0.072000000000007336));
#8197=IFCCARTESIANPOINT((-0.0057955549577344062,0.011999999999998501,-0.073447085729392209));
#8198=IFCCARTESIANPOINT((-0.0060000000000000001,0.0071382916229487765,-0.072986214453930442));
#8199=IFCCARTESIANPOINT((-0.0060000000000000001,0.0020137854807541645,-0.067861708219364325));
#8200=IFCCARTESIANPOINT((0.0060000000000000001,0.0020137854807503403,-0.067861708219355138));
#8201=IFCCARTESIANPOINT((0.0060000000000000001,0.0071382916228930685,-0.072986214453907378));
#8202=IFCCARTESIANPOINT((-0.0060000000000000001,0.0095691458114735926,-0.073993107226968877));
#8203=IFCCARTESIANPOINT((-0.0060000000000000001,0.0010068927403739879,-0.065430854109683453));
#8204=IFCCARTESIANPOINT((0.0060000000000000001,0.0010068927403720682,-0.06543085410967886));
#8205=IFCCARTESIANPOINT((0.0060000000000000001,0.009569145811445778,-0.073993107226957358));
#8206=IFCCARTESIANPOINT((-0.0012673275887233448,0.0076616376415170138,-0.06733836161862039));
#8207=IFCCARTESIANPOINT((0.0037680257905624457,0.0064853961101211553,-0.067830000450908909));
#8208=IFCCARTESIANPOINT((-0.0060000000000000001,0.062999999999999862,-0.075000000000007339));
#8209=IFCCARTESIANPOINT((-0.0057955549577344044,0.062999999999999862,-0.073447085729392209));
#8210=IFCCARTESIANPOINT((-0.0051961524227066257,0.062999999999999862,-0.072000000000007336));
#8211=IFCCARTESIANPOINT((-0.0042426406871192753,0.062999999999999862,-0.070757359312888055));
#8212=IFCCARTESIANPOINT((-0.0029999999999999897,0.062999999999999862,-0.069803847577300709));
#8213=IFCCARTESIANPOINT((-0.0015529142706151135,0.062999999999999862,-0.069204445042272938));
#8214=IFCCARTESIANPOINT((0.,0.062999999999999862,-0.069000000000007347));
#8215=IFCCARTESIANPOINT((0.0015529142706151324,0.062999999999999862,-0.069204445042272938));
#8216=IFCCARTESIANPOINT((0.003000000000000007,0.062999999999999862,-0.069803847577300723));
#8217=IFCCARTESIANPOINT((0.0042426406871192901,0.062999999999999862,-0.070757359312888068));
#8218=IFCCARTESIANPOINT((0.0051961524227066343,0.062999999999999862,-0.07200000000000735));
#8219=IFCCARTESIANPOINT((0.0057955549577344105,0.062999999999999862,-0.073447085729392222));
#8220=IFCCARTESIANPOINT((0.0060000000000000001,0.062999999999999862,-0.075000000000007422));
#8221=IFCCARTESIANPOINT((0.0057955549577343914,0.062999999999999862,-0.076552914270622538));
#8222=IFCCARTESIANPOINT((0.0051961524227065953,0.062999999999999862,-0.078000000000007411));
#8223=IFCCARTESIANPOINT((0.004242640687119232,0.062999999999999862,-0.079242640687126692));
#8224=IFCCARTESIANPOINT((0.0029999999999999354,0.062999999999999862,-0.080196152422714023));
#8225=IFCCARTESIANPOINT((0.0015529142706150597,0.062999999999999862,-0.08079555495774178));
#8226=IFCCARTESIANPOINT((-0.,0.062999999999999862,-0.081000000000007358));
#8227=IFCCARTESIANPOINT((-0.0015529142706151857,0.062999999999999862,-0.080795554957741753));
#8228=IFCCARTESIANPOINT((-0.0030000000000000534,0.062999999999999862,-0.080196152422713954));
#8229=IFCCARTESIANPOINT((-0.0042426406871193308,0.062999999999999862,-0.079242640687126595));
#8230=IFCCARTESIANPOINT((-0.0051961524227066638,0.062999999999999862,-0.0780000000000073));
#8231=IFCCARTESIANPOINT((-0.0057955549577344253,0.062999999999999862,-0.076552914270622413));
#8232=IFCPOLYLOOP((#8133,#8134,#8111,#8112,#8113,#8114,#8115,#8116,#8117,#8118,#8119,#8120,#8121,#8122,#8123,#8124,#8125,#8126,#8127,#8128,#8129,#8130,#8131,#8132));
#8233=IFCFACEOUTERBOUND(#8232,.T.);
#8234=IFCFACE((#8233));
#8235=IFCPOLYLOOP((#8136,#8112,#8111,#8135));
#8236=IFCFACEOUTERBOUND(#8235,.T.);
#8237=IFCFACE((#8236));
#8238=IFCPOLYLOOP((#8137,#8113,#8112,#8136));
#8239=IFCFACEOUTERBOUND(#8238,.T.);
#8240=IFCFACE((#8239));
#8241=IFCPOLYLOOP((#8114,#8138,#8139,#8115));
#8242=IFCFACEOUTERBOUND(#8241,.T.);
#8243=IFCFACE((#8242));
#8244=IFCPOLYLOOP((#8137,#8138,#8114,#8113));
#8245=IFCFACEOUTERBOUND(#8244,.T.);
#8246=IFCFACE((#8245));
#8247=IFCPOLYLOOP((#8115,#8139,#8140,#8116));
#8248=IFCFACEOUTERBOUND(#8247,.T.);
#8249=IFCFACE((#8248));
#8250=IFCPOLYLOOP((#8116,#8140,#8141,#8117));
#8251=IFCFACEOUTERBOUND(#8250,.T.);
#8252=IFCFACE((#8251));
#8253=IFCPOLYLOOP((#8143,#8119,#8118,#8142));
#8254=IFCFACEOUTERBOUND(#8253,.T.);
#8255=IFCFACE((#8254));
#8256=IFCPOLYLOOP((#8144,#8120,#8119,#8143));
#8257=IFCFACEOUTERBOUND(#8256,.T.);
#8258=IFCFACE((#8257));
#8259=IFCPOLYLOOP((#8121,#8145,#8146,#8122));
#8260=IFCFACEOUTERBOUND(#8259,.T.);
#8261=IFCFACE((#8260));
#8262=IFCPOLYLOOP((#8145,#8121,#8120,#8144));
#8263=IFCFACEOUTERBOUND(#8262,.T.);
#8264=IFCFACE((#8263));
#8265=IFCPOLYLOOP((#8146,#8147,#8123,#8122));
#8266=IFCFACEOUTERBOUND(#8265,.T.);
#8267=IFCFACE((#8266));
#8268=IFCPOLYLOOP((#8118,#8117,#8141,#8142));
#8269=IFCFACEOUTERBOUND(#8268,.T.);
#8270=IFCFACE((#8269));
#8271=IFCPOLYLOOP((#8123,#8147,#8148,#8124));
#8272=IFCFACEOUTERBOUND(#8271,.T.);
#8273=IFCFACE((#8272));
#8274=IFCPOLYLOOP((#8149,#8125,#8124,#8148));
#8275=IFCFACEOUTERBOUND(#8274,.T.);
#8276=IFCFACE((#8275));
#8277=IFCPOLYLOOP((#8126,#8150,#8151,#8127));
#8278=IFCFACEOUTERBOUND(#8277,.T.);
#8279=IFCFACE((#8278));
#8280=IFCPOLYLOOP((#8149,#8150,#8126,#8125));
#8281=IFCFACEOUTERBOUND(#8280,.T.);
#8282=IFCFACE((#8281));
#8283=IFCPOLYLOOP((#8127,#8151,#8152,#8128));
#8284=IFCFACEOUTERBOUND(#8283,.T.);
#8285=IFCFACE((#8284));
#8286=IFCPOLYLOOP((#8128,#8152,#8153,#8129));
#8287=IFCFACEOUTERBOUND(#8286,.T.);
#8288=IFCFACE((#8287));
#8289=IFCPOLYLOOP((#8155,#8156,#8132,#8131));
#8290=IFCFACEOUTERBOUND(#8289,.T.);
#8291=IFCFACE((#8290));
#8292=IFCPOLYLOOP((#8154,#8155,#8131,#8130));
#8293=IFCFACEOUTERBOUND(#8292,.T.);
#8294=IFCFACE((#8293));
#8295=IFCPOLYLOOP((#8158,#8135,#8111,#8134));
#8296=IFCFACEOUTERBOUND(#8295,.T.);
#8297=IFCFACE((#8296));
#8298=IFCPOLYLOOP((#8157,#8158,#8134,#8133));
#8299=IFCFACEOUTERBOUND(#8298,.T.);
#8300=IFCFACE((#8299));
#8301=IFCPOLYLOOP((#8156,#8157,#8133,#8132));
#8302=IFCFACEOUTERBOUND(#8301,.T.);
#8303=IFCFACE((#8302));
#8304=IFCPOLYLOOP((#8130,#8129,#8153,#8154));
#8305=IFCFACEOUTERBOUND(#8304,.T.);
#8306=IFCFACE((#8305));
#8307=IFCPOLYLOOP((#8139,#8177,#8140));
#8308=IFCFACEOUTERBOUND(#8307,.T.);
#8309=IFCFACE((#8308));
#8310=IFCPOLYLOOP((#8139,#8138,#8177));
#8311=IFCFACEOUTERBOUND(#8310,.T.);
#8312=IFCFACE((#8311));
#8313=IFCPOLYLOOP((#8174,#8177,#8136));
#8314=IFCFACEOUTERBOUND(#8313,.T.);
#8315=IFCFACE((#8314));
#8316=IFCPOLYLOOP((#8136,#8177,#8137));
#8317=IFCFACEOUTERBOUND(#8316,.T.);
#8318=IFCFACE((#8317));
#8319=IFCPOLYLOOP((#8137,#8177,#8138));
#8320=IFCFACEOUTERBOUND(#8319,.T.);
#8321=IFCFACE((#8320));
#8322=IFCPOLYLOOP((#8136,#8135,#8174));
#8323=IFCFACEOUTERBOUND(#8322,.T.);
#8324=IFCFACE((#8323));
#8325=IFCPOLYLOOP((#8142,#8141,#8177));
#8326=IFCFACEOUTERBOUND(#8325,.T.);
#8327=IFCFACE((#8326));
#8328=IFCPOLYLOOP((#8177,#8143,#8142));
#8329=IFCFACEOUTERBOUND(#8328,.T.);
#8330=IFCFACE((#8329));
#8331=IFCPOLYLOOP((#8169,#8176,#8168));
#8332=IFCFACEOUTERBOUND(#8331,.T.);
#8333=IFCFACE((#8332));
#8334=IFCPOLYLOOP((#8186,#8161,#8198,#8185));
#8335=IFCFACEOUTERBOUND(#8334,.T.);
#8336=IFCFACE((#8335));
#8337=IFCPOLYLOOP((#8140,#8177,#8141));
#8338=IFCFACEOUTERBOUND(#8337,.T.);
#8339=IFCFACE((#8338));
#8340=IFCPOLYLOOP((#8177,#8144,#8143));
#8341=IFCFACEOUTERBOUND(#8340,.T.);
#8342=IFCFACE((#8341));
#8343=IFCPOLYLOOP((#8181,#8180,#8199,#8161));
#8344=IFCFACEOUTERBOUND(#8343,.T.);
#8345=IFCFACE((#8344));
#8346=IFCPOLYLOOP((#8146,#8145,#8177));
#8347=IFCFACEOUTERBOUND(#8346,.T.);
#8348=IFCFACE((#8347));
#8349=IFCPOLYLOOP((#8145,#8144,#8177));
#8350=IFCFACEOUTERBOUND(#8349,.T.);
#8351=IFCFACE((#8350));
#8352=IFCPOLYLOOP((#8146,#8177,#8174));
#8353=IFCFACEOUTERBOUND(#8352,.T.);
#8354=IFCFACE((#8353));
#8355=IFCPOLYLOOP((#8146,#8174,#8147));
#8356=IFCFACEOUTERBOUND(#8355,.T.);
#8357=IFCFACE((#8356));
#8358=IFCPOLYLOOP((#8176,#8175,#8162));
#8359=IFCFACEOUTERBOUND(#8358,.T.);
#8360=IFCFACE((#8359));
#8361=IFCPOLYLOOP((#8174,#8180,#8181));
#8362=IFCFACEOUTERBOUND(#8361,.T.);
#8363=IFCFACE((#8362));
#8364=IFCPOLYLOOP((#8179,#8175,#8178));
#8365=IFCFACEOUTERBOUND(#8364,.T.);
#8366=IFCFACE((#8365));
#8367=IFCPOLYLOOP((#8163,#8176,#8162));
#8368=IFCFACEOUTERBOUND(#8367,.T.);
#8369=IFCFACE((#8368));
#8370=IFCPOLYLOOP((#8174,#8182,#8204,#8147));
#8371=IFCFACEOUTERBOUND(#8370,.T.);
#8372=IFCFACE((#8371));
#8373=IFCPOLYLOOP((#8175,#8185,#8202,#8162));
#8374=IFCFACEOUTERBOUND(#8373,.T.);
#8375=IFCFACE((#8374));
#8376=IFCPOLYLOOP((#8163,#8164,#8176));
#8377=IFCFACEOUTERBOUND(#8376,.T.);
#8378=IFCFACE((#8377));
#8379=IFCPOLYLOOP((#8176,#8165,#8166));
#8380=IFCFACEOUTERBOUND(#8379,.T.);
#8381=IFCFACE((#8380));
#8382=IFCPOLYLOOP((#8184,#8175,#8179));
#8383=IFCFACEOUTERBOUND(#8382,.T.);
#8384=IFCFACE((#8383));
#8385=IFCPOLYLOOP((#8166,#8167,#8176));
#8386=IFCFACEOUTERBOUND(#8385,.T.);
#8387=IFCFACE((#8386));
#8388=IFCPOLYLOOP((#8184,#8183,#8181));
#8389=IFCFACEOUTERBOUND(#8388,.T.);
#8390=IFCFACE((#8389));
#8391=IFCPOLYLOOP((#8184,#8186,#8175));
#8392=IFCFACEOUTERBOUND(#8391,.T.);
#8393=IFCFACE((#8392));
#8394=IFCPOLYLOOP((#8164,#8165,#8176));
#8395=IFCFACEOUTERBOUND(#8394,.T.);
#8396=IFCFACE((#8395));
#8397=IFCPOLYLOOP((#8186,#8184,#8181));
#8398=IFCFACEOUTERBOUND(#8397,.T.);
#8399=IFCFACE((#8398));
#8400=IFCPOLYLOOP((#8168,#8176,#8167));
#8401=IFCFACEOUTERBOUND(#8400,.T.);
#8402=IFCFACE((#8401));
#8403=IFCPOLYLOOP((#8178,#8173,#8159));
#8404=IFCFACEOUTERBOUND(#8403,.T.);
#8405=IFCFACE((#8404));
#8406=IFCPOLYLOOP((#8172,#8178,#8176));
#8407=IFCFACEOUTERBOUND(#8406,.T.);
#8408=IFCFACE((#8407));
#8409=IFCPOLYLOOP((#8178,#8159,#8205,#8179));
#8410=IFCFACEOUTERBOUND(#8409,.T.);
#8411=IFCFACE((#8410));
#8412=IFCPOLYLOOP((#8175,#8176,#8178));
#8413=IFCFACEOUTERBOUND(#8412,.T.);
#8414=IFCFACE((#8413));
#8415=IFCPOLYLOOP((#8183,#8174,#8181));
#8416=IFCFACEOUTERBOUND(#8415,.T.);
#8417=IFCFACE((#8416));
#8418=IFCPOLYLOOP((#8176,#8170,#8171));
#8419=IFCFACEOUTERBOUND(#8418,.T.);
#8420=IFCFACE((#8419));
#8421=IFCPOLYLOOP((#8183,#8184,#8160));
#8422=IFCFACEOUTERBOUND(#8421,.T.);
#8423=IFCFACE((#8422));
#8424=IFCPOLYLOOP((#8171,#8172,#8176));
#8425=IFCFACEOUTERBOUND(#8424,.T.);
#8426=IFCFACE((#8425));
#8427=IFCPOLYLOOP((#8183,#8160,#8200,#8182));
#8428=IFCFACEOUTERBOUND(#8427,.T.);
#8429=IFCFACE((#8428));
#8430=IFCPOLYLOOP((#8172,#8173,#8178));
#8431=IFCFACEOUTERBOUND(#8430,.T.);
#8432=IFCFACE((#8431));
#8433=IFCPOLYLOOP((#8176,#8169,#8170));
#8434=IFCFACEOUTERBOUND(#8433,.T.);
#8435=IFCFACE((#8434));
#8436=IFCPOLYLOOP((#8174,#8135,#8203,#8180));
#8437=IFCFACEOUTERBOUND(#8436,.T.);
#8438=IFCFACE((#8437));
#8439=IFCPOLYLOOP((#8174,#8183,#8182));
#8440=IFCFACEOUTERBOUND(#8439,.T.);
#8441=IFCFACE((#8440));
#8442=IFCPOLYLOOP((#8181,#8161,#8186));
#8443=IFCFACEOUTERBOUND(#8442,.T.);
#8444=IFCFACE((#8443));
#8445=IFCPOLYLOOP((#8185,#8175,#8186));
#8446=IFCFACEOUTERBOUND(#8445,.T.);
#8447=IFCFACE((#8446));
#8448=IFCPOLYLOOP((#8184,#8179,#8201,#8160));
#8449=IFCFACEOUTERBOUND(#8448,.T.);
#8450=IFCFACE((#8449));
#8451=IFCPOLYLOOP((#8200,#8160,#8207));
#8452=IFCFACEOUTERBOUND(#8451,.T.);
#8453=IFCFACE((#8452));
#8454=IFCPOLYLOOP((#8204,#8149,#8148));
#8455=IFCFACEOUTERBOUND(#8454,.T.);
#8456=IFCFACE((#8455));
#8457=IFCPOLYLOOP((#8188,#8205,#8187));
#8458=IFCFACEOUTERBOUND(#8457,.T.);
#8459=IFCFACE((#8458));
#8460=IFCPOLYLOOP((#8200,#8207,#8150));
#8461=IFCFACEOUTERBOUND(#8460,.T.);
#8462=IFCFACE((#8461));
#8463=IFCPOLYLOOP((#8188,#8201,#8179,#8205));
#8464=IFCFACEOUTERBOUND(#8463,.T.);
#8465=IFCFACE((#8464));
#8466=IFCPOLYLOOP((#8153,#8152,#8206));
#8467=IFCFACEOUTERBOUND(#8466,.T.);
#8468=IFCFACE((#8467));
#8469=IFCPOLYLOOP((#8151,#8207,#8152));
#8470=IFCFACEOUTERBOUND(#8469,.T.);
#8471=IFCFACE((#8470));
#8472=IFCPOLYLOOP((#8207,#8160,#8201));
#8473=IFCFACEOUTERBOUND(#8472,.T.);
#8474=IFCFACE((#8473));
#8475=IFCPOLYLOOP((#8200,#8150,#8149));
#8476=IFCFACEOUTERBOUND(#8475,.T.);
#8477=IFCFACE((#8476));
#8478=IFCPOLYLOOP((#8157,#8199,#8180,#8203));
#8479=IFCFACEOUTERBOUND(#8478,.T.);
#8480=IFCFACE((#8479));
#8481=IFCPOLYLOOP((#8156,#8199,#8157));
#8482=IFCFACEOUTERBOUND(#8481,.T.);
#8483=IFCFACE((#8482));
#8484=IFCPOLYLOOP((#8135,#8158,#8203));
#8485=IFCFACEOUTERBOUND(#8484,.T.);
#8486=IFCFACE((#8485));
#8487=IFCPOLYLOOP((#8154,#8206,#8155));
#8488=IFCFACEOUTERBOUND(#8487,.T.);
#8489=IFCFACE((#8488));
#8490=IFCPOLYLOOP((#8206,#8193,#8194));
#8491=IFCFACEOUTERBOUND(#8490,.T.);
#8492=IFCFACE((#8491));
#8493=IFCPOLYLOOP((#8199,#8156,#8155));
#8494=IFCFACEOUTERBOUND(#8493,.T.);
#8495=IFCFACE((#8494));
#8496=IFCPOLYLOOP((#8199,#8155,#8161));
#8497=IFCFACEOUTERBOUND(#8496,.T.);
#8498=IFCFACE((#8497));
#8499=IFCPOLYLOOP((#8206,#8161,#8155));
#8500=IFCFACEOUTERBOUND(#8499,.T.);
#8501=IFCFACE((#8500));
#8502=IFCPOLYLOOP((#8157,#8203,#8158));
#8503=IFCFACEOUTERBOUND(#8502,.T.);
#8504=IFCFACE((#8503));
#8505=IFCPOLYLOOP((#8207,#8206,#8152));
#8506=IFCFACEOUTERBOUND(#8505,.T.);
#8507=IFCFACE((#8506));
#8508=IFCPOLYLOOP((#8191,#8206,#8207));
#8509=IFCFACEOUTERBOUND(#8508,.T.);
#8510=IFCFACE((#8509));
#8511=IFCPOLYLOOP((#8189,#8207,#8201));
#8512=IFCFACEOUTERBOUND(#8511,.T.);
#8513=IFCFACE((#8512));
#8514=IFCPOLYLOOP((#8149,#8204,#8182,#8200));
#8515=IFCFACEOUTERBOUND(#8514,.T.);
#8516=IFCFACE((#8515));
#8517=IFCPOLYLOOP((#8192,#8206,#8191));
#8518=IFCFACEOUTERBOUND(#8517,.T.);
#8519=IFCFACE((#8518));
#8520=IFCPOLYLOOP((#8159,#8187,#8205));
#8521=IFCFACEOUTERBOUND(#8520,.T.);
#8522=IFCFACE((#8521));
#8523=IFCPOLYLOOP((#8207,#8151,#8150));
#8524=IFCFACEOUTERBOUND(#8523,.T.);
#8525=IFCFACE((#8524));
#8526=IFCPOLYLOOP((#8207,#8189,#8190));
#8527=IFCFACEOUTERBOUND(#8526,.T.);
#8528=IFCFACE((#8527));
#8529=IFCPOLYLOOP((#8148,#8147,#8204));
#8530=IFCFACEOUTERBOUND(#8529,.T.);
#8531=IFCFACE((#8530));
#8532=IFCPOLYLOOP((#8189,#8201,#8188));
#8533=IFCFACEOUTERBOUND(#8532,.T.);
#8534=IFCFACE((#8533));
#8535=IFCPOLYLOOP((#8196,#8202,#8185,#8198));
#8536=IFCFACEOUTERBOUND(#8535,.T.);
#8537=IFCFACE((#8536));
#8538=IFCPOLYLOOP((#8197,#8162,#8202));
#8539=IFCFACEOUTERBOUND(#8538,.T.);
#8540=IFCFACE((#8539));
#8541=IFCPOLYLOOP((#8161,#8206,#8194));
#8542=IFCFACEOUTERBOUND(#8541,.T.);
#8543=IFCFACE((#8542));
#8544=IFCPOLYLOOP((#8154,#8153,#8206));
#8545=IFCFACEOUTERBOUND(#8544,.T.);
#8546=IFCFACE((#8545));
#8547=IFCPOLYLOOP((#8196,#8198,#8195));
#8548=IFCFACEOUTERBOUND(#8547,.T.);
#8549=IFCFACE((#8548));
#8550=IFCPOLYLOOP((#8192,#8193,#8206));
#8551=IFCFACEOUTERBOUND(#8550,.T.);
#8552=IFCFACE((#8551));
#8553=IFCPOLYLOOP((#8194,#8198,#8161));
#8554=IFCFACEOUTERBOUND(#8553,.T.);
#8555=IFCFACE((#8554));
#8556=IFCPOLYLOOP((#8202,#8196,#8197));
#8557=IFCFACEOUTERBOUND(#8556,.T.);
#8558=IFCFACE((#8557));
#8559=IFCPOLYLOOP((#8198,#8194,#8195));
#8560=IFCFACEOUTERBOUND(#8559,.T.);
#8561=IFCFACE((#8560));
#8562=IFCPOLYLOOP((#8191,#8207,#8190));
#8563=IFCFACEOUTERBOUND(#8562,.T.);
#8564=IFCFACE((#8563));
#8565=IFCPOLYLOOP((#8212,#8213,#8214,#8215,#8216,#8217,#8218,#8219,#8220,#8221,#8222,#8223,#8224,#8225,#8226,#8227,#8228,#8229,#8230,#8231,#8208,#8209,#8210,#8211));
#8566=IFCFACEOUTERBOUND(#8565,.T.);
#8567=IFCFACE((#8566));
#8568=IFCPOLYLOOP((#8231,#8163,#8162,#8208));
#8569=IFCFACEOUTERBOUND(#8568,.T.);
#8570=IFCFACE((#8569));
#8571=IFCPOLYLOOP((#8230,#8164,#8163,#8231));
#8572=IFCFACEOUTERBOUND(#8571,.T.);
#8573=IFCFACE((#8572));
#8574=IFCPOLYLOOP((#8165,#8229,#8228,#8166));
#8575=IFCFACEOUTERBOUND(#8574,.T.);
#8576=IFCFACE((#8575));
#8577=IFCPOLYLOOP((#8230,#8229,#8165,#8164));
#8578=IFCFACEOUTERBOUND(#8577,.T.);
#8579=IFCFACE((#8578));
#8580=IFCPOLYLOOP((#8166,#8228,#8227,#8167));
#8581=IFCFACEOUTERBOUND(#8580,.T.);
#8582=IFCFACE((#8581));
#8583=IFCPOLYLOOP((#8167,#8227,#8226,#8168));
#8584=IFCFACEOUTERBOUND(#8583,.T.);
#8585=IFCFACE((#8584));
#8586=IFCPOLYLOOP((#8224,#8170,#8169,#8225));
#8587=IFCFACEOUTERBOUND(#8586,.T.);
#8588=IFCFACE((#8587));
#8589=IFCPOLYLOOP((#8223,#8171,#8170,#8224));
#8590=IFCFACEOUTERBOUND(#8589,.T.);
#8591=IFCFACE((#8590));
#8592=IFCPOLYLOOP((#8172,#8222,#8221,#8173));
#8593=IFCFACEOUTERBOUND(#8592,.T.);
#8594=IFCFACE((#8593));
#8595=IFCPOLYLOOP((#8223,#8222,#8172,#8171));
#8596=IFCFACEOUTERBOUND(#8595,.T.);
#8597=IFCFACE((#8596));
#8598=IFCPOLYLOOP((#8173,#8221,#8220,#8159));
#8599=IFCFACEOUTERBOUND(#8598,.T.);
#8600=IFCFACE((#8599));
#8601=IFCPOLYLOOP((#8169,#8168,#8226,#8225));
#8602=IFCFACEOUTERBOUND(#8601,.T.);
#8603=IFCFACE((#8602));
#8604=IFCPOLYLOOP((#8219,#8187,#8159,#8220));
#8605=IFCFACEOUTERBOUND(#8604,.T.);
#8606=IFCFACE((#8605));
#8607=IFCPOLYLOOP((#8218,#8188,#8187,#8219));
#8608=IFCFACEOUTERBOUND(#8607,.T.);
#8609=IFCFACE((#8608));
#8610=IFCPOLYLOOP((#8189,#8217,#8216,#8190));
#8611=IFCFACEOUTERBOUND(#8610,.T.);
#8612=IFCFACE((#8611));
#8613=IFCPOLYLOOP((#8188,#8218,#8217,#8189));
#8614=IFCFACEOUTERBOUND(#8613,.T.);
#8615=IFCFACE((#8614));
#8616=IFCPOLYLOOP((#8190,#8216,#8215,#8191));
#8617=IFCFACEOUTERBOUND(#8616,.T.);
#8618=IFCFACE((#8617));
#8619=IFCPOLYLOOP((#8191,#8215,#8214,#8192));
#8620=IFCFACEOUTERBOUND(#8619,.T.);
#8621=IFCFACE((#8620));
#8622=IFCPOLYLOOP((#8212,#8211,#8195,#8194));
#8623=IFCFACEOUTERBOUND(#8622,.T.);
#8624=IFCFACE((#8623));
#8625=IFCPOLYLOOP((#8213,#8212,#8194,#8193));
#8626=IFCFACEOUTERBOUND(#8625,.T.);
#8627=IFCFACE((#8626));
#8628=IFCPOLYLOOP((#8209,#8208,#8162,#8197));
#8629=IFCFACEOUTERBOUND(#8628,.T.);
#8630=IFCFACE((#8629));
#8631=IFCPOLYLOOP((#8210,#8209,#8197,#8196));
#8632=IFCFACEOUTERBOUND(#8631,.T.);
#8633=IFCFACE((#8632));
#8634=IFCPOLYLOOP((#8211,#8210,#8196,#8195));
#8635=IFCFACEOUTERBOUND(#8634,.T.);
#8636=IFCFACE((#8635));
#8637=IFCPOLYLOOP((#8193,#8192,#8214,#8213));
#8638=IFCFACEOUTERBOUND(#8637,.T.);
#8639=IFCFACE((#8638));
#8640=IFCCARTESIANPOINT((-0.025000000000000001,0.063000000000001888,-0.075000000000007505));
#8641=IFCCARTESIANPOINT((-0.024148145657226731,0.063000000000001888,-0.081470476127570524));
#8642=IFCCARTESIANPOINT((-0.021650635094611022,0.063000000000001888,-0.087500000000007502));
#8643=IFCCARTESIANPOINT((-0.017677669529663754,0.063000000000001888,-0.092677669529671214));
#8644=IFCCARTESIANPOINT((-0.012500000000000086,0.063000000000001888,-0.096650635094618506));
#8645=IFCCARTESIANPOINT((-0.0064704761275631252,0.063000000000001888,-0.09914814565723426));
#8646=IFCCARTESIANPOINT((-0.,0.063000000000001888,-0.10000000000000758));
#8647=IFCCARTESIANPOINT((0.0064704761275629005,0.063000000000001888,-0.099148145657234329));
#8648=IFCCARTESIANPOINT((0.012499999999999886,0.063000000000001888,-0.096650635094618617));
#8649=IFCCARTESIANPOINT((0.017677669529663591,0.063000000000001888,-0.092677669529671367));
#8650=IFCCARTESIANPOINT((0.021650635094610893,0.063000000000001888,-0.087500000000007724));
#8651=IFCCARTESIANPOINT((0.024148145657226668,0.063000000000001888,-0.08147047612757076));
#8652=IFCCARTESIANPOINT((0.025000000000000001,0.063000000000001888,-0.075000000000007588));
#8653=IFCCARTESIANPOINT((0.02414814565722671,0.063000000000001888,-0.06852952387244457));
#8654=IFCCARTESIANPOINT((0.021650635094610973,0.063000000000001888,-0.062500000000007591));
#8655=IFCCARTESIANPOINT((0.017677669529663702,0.063000000000001888,-0.057322330470343907));
#8656=IFCCARTESIANPOINT((0.012500000000000022,0.063000000000001888,-0.053349364905396636));
#8657=IFCCARTESIANPOINT((0.0064704761275630506,0.063000000000001888,-0.050851854342780889));
#8658=IFCCARTESIANPOINT((0.,0.063000000000001888,-0.050000000000007587));
#8659=IFCCARTESIANPOINT((-0.0064704761275629769,0.063000000000001888,-0.050851854342780861));
#8660=IFCCARTESIANPOINT((-0.012499999999999959,0.063000000000001888,-0.053349364905396587));
#8661=IFCCARTESIANPOINT((-0.017677669529663643,0.063000000000001888,-0.057322330470343859));
#8662=IFCCARTESIANPOINT((-0.021650635094610935,0.063000000000001888,-0.062500000000007536));
#8663=IFCCARTESIANPOINT((-0.024148145657226689,0.063000000000001888,-0.0685295238724445));
#8664=IFCCARTESIANPOINT((-0.025000000000000001,0.075000000000001718,-0.075000000000007519));
#8665=IFCCARTESIANPOINT((-0.024148145657226689,0.075000000000001718,-0.0685295238724445));
#8666=IFCCARTESIANPOINT((-0.021650635094610935,0.075000000000001718,-0.062500000000007536));
#8667=IFCCARTESIANPOINT((-0.017677669529663643,0.075000000000001718,-0.057322330470343859));
#8668=IFCCARTESIANPOINT((-0.012499999999999959,0.075000000000001718,-0.053349364905396587));
#8669=IFCCARTESIANPOINT((-0.0064704761275629769,0.075000000000001718,-0.050851854342780861));
#8670=IFCCARTESIANPOINT((0.,0.075000000000001718,-0.050000000000007587));
#8671=IFCCARTESIANPOINT((0.0064704761275630506,0.075000000000001718,-0.050851854342780889));
#8672=IFCCARTESIANPOINT((0.012500000000000022,0.075000000000001718,-0.053349364905396636));
#8673=IFCCARTESIANPOINT((0.017677669529663702,0.075000000000001718,-0.057322330470343907));
#8674=IFCCARTESIANPOINT((0.021650635094610973,0.075000000000001718,-0.062500000000007591));
#8675=IFCCARTESIANPOINT((0.02414814565722671,0.075000000000001718,-0.06852952387244457));
#8676=IFCCARTESIANPOINT((0.025000000000000001,0.075000000000001718,-0.075000000000007727));
#8677=IFCCARTESIANPOINT((0.024148145657226668,0.075000000000001718,-0.08147047612757076));
#8678=IFCCARTESIANPOINT((0.021650635094610893,0.075000000000001718,-0.087500000000007724));
#8679=IFCCARTESIANPOINT((0.017677669529663591,0.075000000000001718,-0.092677669529671367));
#8680=IFCCARTESIANPOINT((0.012499999999999886,0.075000000000001718,-0.096650635094618617));
#8681=IFCCARTESIANPOINT((0.0064704761275629005,0.075000000000001718,-0.099148145657234329));
#8682=IFCCARTESIANPOINT((-0.,0.075000000000001718,-0.10000000000000758));
#8683=IFCCARTESIANPOINT((-0.0064704761275631252,0.075000000000001718,-0.09914814565723426));
#8684=IFCCARTESIANPOINT((-0.012500000000000086,0.075000000000001718,-0.096650635094618506));
#8685=IFCCARTESIANPOINT((-0.017677669529663754,0.075000000000001718,-0.092677669529671214));
#8686=IFCCARTESIANPOINT((-0.021650635094611022,0.075000000000001718,-0.087500000000007502));
#8687=IFCCARTESIANPOINT((-0.024148145657226731,0.075000000000001718,-0.081470476127570524));
#8688=IFCPOLYLOOP((#8646,#8647,#8648,#8649,#8650,#8651,#8652,#8653,#8654,#8655,#8656,#8657,#8658,#8659,#8660,#8661,#8662,#8663,#8640,#8641,#8642,#8643,#8644,#8645));
#8689=IFCFACEOUTERBOUND(#8688,.T.);
#8690=IFCFACE((#8689));
#8691=IFCPOLYLOOP((#8671,#8672,#8673,#8674,#8675,#8676,#8677,#8678,#8679,#8680,#8681,#8682,#8683,#8684,#8685,#8686,#8687,#8664,#8665,#8666,#8667,#8668,#8669,#8670));
#8692=IFCFACEOUTERBOUND(#8691,.T.);
#8693=IFCFACE((#8692));
#8694=IFCPOLYLOOP((#8687,#8641,#8640,#8664));
#8695=IFCFACEOUTERBOUND(#8694,.T.);
#8696=IFCFACE((#8695));
#8697=IFCPOLYLOOP((#8686,#8642,#8641,#8687));
#8698=IFCFACEOUTERBOUND(#8697,.T.);
#8699=IFCFACE((#8698));
#8700=IFCPOLYLOOP((#8644,#8643,#8685,#8684));
#8701=IFCFACEOUTERBOUND(#8700,.T.);
#8702=IFCFACE((#8701));
#8703=IFCPOLYLOOP((#8686,#8685,#8643,#8642));
#8704=IFCFACEOUTERBOUND(#8703,.T.);
#8705=IFCFACE((#8704));
#8706=IFCPOLYLOOP((#8645,#8644,#8684,#8683));
#8707=IFCFACEOUTERBOUND(#8706,.T.);
#8708=IFCFACE((#8707));
#8709=IFCPOLYLOOP((#8646,#8645,#8683,#8682));
#8710=IFCFACEOUTERBOUND(#8709,.T.);
#8711=IFCFACE((#8710));
#8712=IFCPOLYLOOP((#8681,#8647,#8646,#8682));
#8713=IFCFACEOUTERBOUND(#8712,.T.);
#8714=IFCFACE((#8713));
#8715=IFCPOLYLOOP((#8680,#8648,#8647,#8681));
#8716=IFCFACEOUTERBOUND(#8715,.T.);
#8717=IFCFACE((#8716));
#8718=IFCPOLYLOOP((#8650,#8649,#8679,#8678));
#8719=IFCFACEOUTERBOUND(#8718,.T.);
#8720=IFCFACE((#8719));
#8721=IFCPOLYLOOP((#8680,#8679,#8649,#8648));
#8722=IFCFACEOUTERBOUND(#8721,.T.);
#8723=IFCFACE((#8722));
#8724=IFCPOLYLOOP((#8651,#8650,#8678,#8677));
#8725=IFCFACEOUTERBOUND(#8724,.T.);
#8726=IFCFACE((#8725));
#8727=IFCPOLYLOOP((#8652,#8651,#8677,#8676));
#8728=IFCFACEOUTERBOUND(#8727,.T.);
#8729=IFCFACE((#8728));
#8730=IFCPOLYLOOP((#8675,#8653,#8652,#8676));
#8731=IFCFACEOUTERBOUND(#8730,.T.);
#8732=IFCFACE((#8731));
#8733=IFCPOLYLOOP((#8674,#8654,#8653,#8675));
#8734=IFCFACEOUTERBOUND(#8733,.T.);
#8735=IFCFACE((#8734));
#8736=IFCPOLYLOOP((#8656,#8655,#8673,#8672));
#8737=IFCFACEOUTERBOUND(#8736,.T.);
#8738=IFCFACE((#8737));
#8739=IFCPOLYLOOP((#8674,#8673,#8655,#8654));
#8740=IFCFACEOUTERBOUND(#8739,.T.);
#8741=IFCFACE((#8740));
#8742=IFCPOLYLOOP((#8657,#8656,#8672,#8671));
#8743=IFCFACEOUTERBOUND(#8742,.T.);
#8744=IFCFACE((#8743));
#8745=IFCPOLYLOOP((#8658,#8657,#8671,#8670));
#8746=IFCFACEOUTERBOUND(#8745,.T.);
#8747=IFCFACE((#8746));
#8748=IFCPOLYLOOP((#8669,#8659,#8658,#8670));
#8749=IFCFACEOUTERBOUND(#8748,.T.);
#8750=IFCFACE((#8749));
#8751=IFCPOLYLOOP((#8668,#8660,#8659,#8669));
#8752=IFCFACEOUTERBOUND(#8751,.T.);
#8753=IFCFACE((#8752));
#8754=IFCPOLYLOOP((#8662,#8661,#8667,#8666));
#8755=IFCFACEOUTERBOUND(#8754,.T.);
#8756=IFCFACE((#8755));
#8757=IFCPOLYLOOP((#8668,#8667,#8661,#8660));
#8758=IFCFACEOUTERBOUND(#8757,.T.);
#8759=IFCFACE((#8758));
#8760=IFCPOLYLOOP((#8663,#8662,#8666,#8665));
#8761=IFCFACEOUTERBOUND(#8760,.T.);
#8762=IFCFACE((#8761));
#8763=IFCPOLYLOOP((#8640,#8663,#8665,#8664));
#8764=IFCFACEOUTERBOUND(#8763,.T.);
#8765=IFCFACE((#8764));
#8766=IFCCLOSEDSHELL((#8234,#8237,#8240,#8243,#8246,#8249,#8252,#8255,#8258,#8261,#8264,#8267,#8270,#8273,#8276,#8279,#8282,#8285,#8288,#8291,#8294,#8297,#8300,#8303,#8306,#8309,#8312,#8315,#8318,#8321,#8324,#8327,#8330,#8333,#8336,#8339,#8342,#8345,#8348,#8351,#8354,#8357,#8360,#8363,#8366,#8369,#8372,#8375,#8378,#8381,#8384,#8387,#8390,#8393,#8396,#8399,#8402,#8405,#8408,#8411,#8414,#8417,#8420,#8423,#8426,#8429,#8432,#8435,#8438,#8441,#8444,#8447,#8450,#8453,#8456,#8459,#8462,#8465,#8468,#8471,#8474,#8477,#8480,#8483,#8486,#8489,#8492,#8495,#8498,#8501,#8504,#8507,#8510,#8513,#8516,#8519,#8522,#8525,#8528,#8531,#8534,#8537,#8540,#8543,#8546,#8549,#8552,#8555,#8558,#8561,#8564,#8567,#8570,#8573,#8576,#8579,#8582,#8585,#8588,#8591,#8594,#8597,#8600,#8603,#8606,#8609,#8612,#8615,#8618,#8621,#8624,#8627,#8630,#8633,#8636,#8639));
#8767=IFCFACETEDBREP(#8766);
#8768=IFCCOLOURRGB($,0.96862745098039216,0.96862745098039216,0.96862745098039216);
#8769=IFCSURFACESTYLERENDERING(#8768,0.,$,$,$,$,IFCNORMALISEDRATIOMEASURE(0.5),IFCSPECULAREXPONENT(64.),.NOTDEFINED.);
#8770=IFCSURFACESTYLE('Aluminio 1',.BOTH.,(#8769));
#8771=IFCPRESENTATIONSTYLEASSIGNMENT((#8770));
#8772=IFCSTYLEDITEM(#8767,(#8771),$);
#8773=IFCCLOSEDSHELL((#8690,#8693,#8696,#8699,#8702,#8705,#8708,#8711,#8714,#8717,#8720,#8723,#8726,#8729,#8732,#8735,#8738,#8741,#8744,#8747,#8750,#8753,#8756,#8759,#8762,#8765));
#8774=IFCFACETEDBREP(#8773);
#8775=IFCSTYLEDITEM(#8774,(#8771),$);
#8776=IFCSHAPEREPRESENTATION(#24,'Body','Brep',(#8767,#8774));
#8777=IFCAXIS2PLACEMENT3D(#3,$,$);
#8778=IFCREPRESENTATIONMAP(#8777,#8776);
#8779=IFCRAILINGTYPE('2qq4zRuGv3K9IAfH_oQu4L',#18,'Soporte - Metal - Circular:Soporte - Metal - Circular',$,$,$,(#8778),'97726',$,.NOTDEFINED.);
#8780=IFCMATERIAL('Aluminio 1');
#8781=IFCPRESENTATIONSTYLEASSIGNMENT((#8770));
#8782=IFCSTYLEDITEM($,(#8781),$);
#8783=IFCSTYLEDREPRESENTATION(#22,'Style','Material',(#8782));
#8784=IFCMATERIALDEFINITIONREPRESENTATION($,$,(#8783),#8780);
#8785=IFCMAPPEDITEM(#8778,#1941);
#8786=IFCSHAPEREPRESENTATION(#24,'Body','MappedRepresentation',(#8785));
#8787=IFCPRODUCTDEFINITIONSHAPE($,$,(#8786));
#8788=IFCCARTESIANPOINT((1.6562757982383332,-2.7741428496389364,0.));
#8789=IFCAXIS2PLACEMENT3D(#8788,$,$);
#8790=IFCLOCALPLACEMENT(#34,#8789);
#8791=IFCRAILING('0aRLSEK1r1S9fVxHAcp$FU',#18,'Soporte - Metal - Circular:Soporte - Metal - Circular:166776',$,'Soporte - Metal - Circular:Soporte - Metal - Circular',#8790,#8787,'166776',.NOTDEFINED.);
#8792=IFCPROPERTYSINGLEVALUE('Reference',$,IFCIDENTIFIER('Soporte - Metal - Circular'),$);
#8793=IFCPROPERTYSET('0YOXL6ujjbSVw39ym9_PCK',#18,'Pset_QuantityTakeOff',$,(#8792));
#8794=IFCPROPERTYSET('3fhhUvTPam554c5RQ6xiCK',#18,'Pset_RailingCommon',$,(#86,#8792));
#8795=IFCRELDEFINESBYPROPERTIES('2ESANwbY8SaVSvco0tjlVS',#18,$,$,(#8791),#8793);
#8796=IFCRELDEFINESBYPROPERTIES('13BY5l76yUR9$CPg4APeMj',#18,$,$,(#8791),#8794);
#8797=IFCMAPPEDITEM(#8778,#1941);
#8798=IFCSHAPEREPRESENTATION(#24,'Body','MappedRepresentation',(#8797));
#8799=IFCPRODUCTDEFINITIONSHAPE($,$,(#8798));
#8800=IFCCARTESIANPOINT((5.2313498765673154,-3.1741428496389363,0.));
#8801=IFCAXIS2PLACEMENT3D(#8800,$,$);
#8802=IFCLOCALPLACEMENT(#34,#8801);
#8803=IFCRAILING('0aRLSEK1r1S9fVxHAcp$Da',#18,'Soporte - Metal - Circular:Soporte - Metal - Circular:166850',$,'Soporte - Metal - Circular:Soporte - Metal - Circular',#8802,#8799,'166850',.NOTDEFINED.);
#8804=IFCPROPERTYSET('3fKVWMd8VUqmq6a$BYobyc',#18,'Pset_QuantityTakeOff',$,(#8792));
#8805=IFCPROPERTYSET('1misVXrMw17APOni$0VnAb',#18,'Pset_RailingCommon',$,(#86,#8792));
#8806=IFCRELDEFINESBYPROPERTIES('3LnMyinGi$ZjQtpsUh97cG',#18,$,$,(#8803),#8804);
#8807=IFCRELDEFINESBYPROPERTIES('07fo9m_38QaPrLVZ6jry3c',#18,$,$,(#8803),#8805);
#8808=IFCAXIS2PLACEMENT3D(#3,$,$);
#8810=IFCCARTESIANPOINT((0.,0.));
#8811=IFCAXIS2PLACEMENT2D(#8810,#11);
#8812=IFCRECTANGLEPROFILEDEF(.AREA.,'Terminaci\X\F3n - Madera - Rectangular',#8811,0.0059999999999965038,0.087999999999999856);
#8813=IFCCARTESIANPOINT((0.0029999999999982519,0.,-0.044000000000000455));
#8814=IFCAXIS2PLACEMENT3D(#8813,#9,#6);
#8815=IFCEXTRUDEDAREASOLID(#8812,#8814,#9,0.088000000000000286);
#8816=IFCCARTESIANPOINT((0.,0.));
#8817=IFCAXIS2PLACEMENT2D(#8816,#11);
#8818=IFCRECTANGLEPROFILEDEF(.AREA.,'Terminaci\X\F3n - Madera - Rectangular',#8817,0.014000000000003501,0.099999999999999853);
#8819=IFCCARTESIANPOINT((0.012999999999998254,0.,-0.050000000000000502));
#8820=IFCAXIS2PLACEMENT3D(#8819,#9,#6);
#8821=IFCEXTRUDEDAREASOLID(#8818,#8820,#9,0.10000000000000035);
#8822=IFCCOLOURRGB($,0.88627450980392153,0.69411764705882351,0.50196078431372548);
#8823=IFCSURFACESTYLERENDERING(#8822,0.,$,$,$,$,IFCNORMALISEDRATIOMEASURE(0.5),IFCSPECULAREXPONENT(64.),.NOTDEFINED.);
#8824=IFCSURFACESTYLE('Cerezo',.BOTH.,(#8823));
#8825=IFCPRESENTATIONSTYLEASSIGNMENT((#8824));
#8826=IFCSTYLEDITEM(#8815,(#8825),$);
#8827=IFCSTYLEDITEM(#8821,(#8825),$);
#8828=IFCSHAPEREPRESENTATION(#24,'Body','SweptSolid',(#8815,#8821));
#8829=IFCAXIS2PLACEMENT3D(#3,$,$);
#8830=IFCREPRESENTATIONMAP(#8829,#8828);
#8831=IFCRAILINGTYPE('2qq4zRuGv3K9IAfH_oQtge',#18,'Terminaci\X\F3n - Madera - Rectangular:Terminaci\X\F3n - Madera - Rectangular',$,$,$,(#8830),'99843',$,.NOTDEFINED.);
#8832=IFCMATERIAL('Cerezo');
#8833=IFCPRESENTATIONSTYLEASSIGNMENT((#8824));
#8834=IFCSTYLEDITEM($,(#8833),$);
#8835=IFCSTYLEDREPRESENTATION(#22,'Style','Material',(#8834));
#8836=IFCMATERIALDEFINITIONREPRESENTATION($,$,(#8835),#8832);
#8837=IFCMAPPEDITEM(#8830,#1941);
#8838=IFCSHAPEREPRESENTATION(#24,'Body','MappedRepresentation',(#8837));
#8839=IFCPRODUCTDEFINITIONSHAPE($,$,(#8838));
#8840=IFCCARTESIANPOINT((-3.3437242017616695,-9.7741428496389364,0.));
#8841=IFCAXIS2PLACEMENT3D(#8840,$,$);
#8842=IFCLOCALPLACEMENT(#34,#8841);
#8843=IFCRAILING('0aRLSEK1r1S9fVxHAcp$Hy',#18,'Terminaci\X\F3n - Madera - Rectangular:Terminaci\X\F3n - Madera - Rectangular:167130',$,'Terminaci\X\F3n - Madera - Rectangular:Terminaci\X\F3n - Madera - Rectangular',#8842,#8839,'167130',.NOTDEFINED.);
#8844=IFCPROPERTYSINGLEVALUE('Reference',$,IFCIDENTIFIER('Terminaci\X\F3n - Madera - Rectangular'),$);
#8845=IFCPROPERTYSET('0rfCs$MnTskSj5pWfRdjap',#18,'Pset_QuantityTakeOff',$,(#8844));
#8846=IFCPROPERTYSINGLEVALUE('Height',$,IFCPOSITIVELENGTHMEASURE(0.099999999999999853),$);
#8847=IFCPROPERTYSET('1VLcSnoMw86Q7LIXEQhFG6',#18,'Pset_RailingCommon',$,(#86,#8844,#8846));
#8848=IFCRELDEFINESBYPROPERTIES('1D87vGWeF1bB1_33YUQh5l',#18,$,$,(#8843),#8845);
#8849=IFCRELDEFINESBYPROPERTIES('1jfCD48v2Wiu0Rul4B6Dpb',#18,$,$,(#8843),#8847);
#8850=IFCMAPPEDITEM(#8830,#1941);
#8851=IFCSHAPEREPRESENTATION(#24,'Body','MappedRepresentation',(#8850));
#8852=IFCPRODUCTDEFINITIONSHAPE($,$,(#8851));
#8853=IFCCARTESIANPOINT((-1.8686501234326842,-10.374142849638936,0.));
#8854=IFCAXIS2PLACEMENT3D(#8853,$,$);
#8855=IFCLOCALPLACEMENT(#34,#8854);
#8856=IFCRAILING('0aRLSEK1r1S9fVxHAcp$M5',#18,'Terminaci\X\F3n - Madera - Rectangular:Terminaci\X\F3n - Madera - Rectangular:167203',$,'Terminaci\X\F3n - Madera - Rectangular:Terminaci\X\F3n - Madera - Rectangular',#8855,#8852,'167203',.NOTDEFINED.);
#8857=IFCPROPERTYSET('3o3aHBHKUWouaDq4CPPPNt',#18,'Pset_QuantityTakeOff',$,(#8844));
#8858=IFCPROPERTYSINGLEVALUE('Height',$,IFCPOSITIVELENGTHMEASURE(0.099999999999999853),$);
#8859=IFCPROPERTYSET('0g_HAXUpBTmOzQnci1ifXu',#18,'Pset_RailingCommon',$,(#86,#8844,#8858));
#8860=IFCRELDEFINESBYPROPERTIES('2$N7ZXVN6Sm90Lkruqxv7x',#18,$,$,(#8856),#8857);
#8861=IFCRELDEFINESBYPROPERTIES('03EicioSmM4dk6VoH0yb0_',#18,$,$,(#8856),#8859);
#8862=IFCMAPPEDITEM(#8830,#1941);
#8863=IFCSHAPEREPRESENTATION(#24,'Body','MappedRepresentation',(#8862));
#8864=IFCPRODUCTDEFINITIONSHAPE($,$,(#8863));
#8865=IFCCARTESIANPOINT((0.63134987656731489,-8.9741428496389375,0.));
#8866=IFCAXIS2PLACEMENT3D(#8865,$,$);
#8867=IFCLOCALPLACEMENT(#34,#8866);
#8868=IFCRAILING('0aRLSEK1r1S9fVxHAcp$N4',#18,'Terminaci\X\F3n - Madera - Rectangular:Terminaci\X\F3n - Madera - Rectangular:167266',$,'Terminaci\X\F3n - Madera - Rectangular:Terminaci\X\F3n - Madera - Rectangular',#8867,#8864,'167266',.NOTDEFINED.);
#8869=IFCPROPERTYSET('0mipS2q7pg5jKeYymgH2eZ',#18,'Pset_QuantityTakeOff',$,(#8844));
#8870=IFCPROPERTYSINGLEVALUE('Height',$,IFCPOSITIVELENGTHMEASURE(0.099999999999999853),$);
#8871=IFCPROPERTYSET('1C0_JoWPABzFely7xMGRcS',#18,'Pset_RailingCommon',$,(#86,#8844,#8870));
#8872=IFCRELDEFINESBYPROPERTIES('0TzaPq6qvoCV8T_eTMFHDZ',#18,$,$,(#8868),#8869);
#8873=IFCRELDEFINESBYPROPERTIES('0jqYjvyEjIJuS9BvWuhIyo',#18,$,$,(#8868),#8871);
#8874=IFCRELAGGREGATES('06cT7gSHNFKYqe37kdlasn',#18,$,$,#3885,(#5407,#6823,#8103));
#8875=IFCPROPERTYSINGLEVALUE('AboveGround',$,IFCLOGICAL(.U.),$);
#8876=IFCPROPERTYSET('2tjcviAIKq$6OhMAqJIcNZ',#18,'Pset_BuildingStoreyCommon',$,(#8875));
#8877=IFCRELDEFINESBYPROPERTIES('2fGMNdmdhLpyRc0DpR_PiM',#18,$,$,(#35),#8876);
#8878=IFCRELCONTAINEDINSPATIALSTRUCTURE('29TFpHBYXAnw12ni$37b4C',#18,$,$,(#62,#112,#139,#162,#1948,#3731,#3829,#3843,#3854,#3866,#3878,#3885,#5461,#5478,#5503,#5537,#8791,#8803,#8843,#8856,#8868),#35);
#8879=IFCPROPERTYSET('2FCiAOLebN1PGjMVnsIwIt',#18,'Pset_BuildingStoreyCommon',$,(#8875));
#8880=IFCRELDEFINESBYPROPERTIES('2bObhia50zIyUbb6goJdaQ',#18,$,$,(#39),#8879);
#8881=IFCRELAGGREGATES('0UO27j0_lDOvW5NXzSXk7V',#18,$,$,#27,(#42));
#8882=IFCRELAGGREGATES('02Ob$Se9tD$eosQrxEiIcE',#18,$,$,#42,(#32));
#8883=IFCRELAGGREGATES('29TFpHBYXAnw12nit37b74',#18,$,$,#32,(#35,#39));
#8884=IFCPROPERTYSINGLEVALUE('NumberOfStoreys',$,IFCINTEGER(1),$);
#8885=IFCPROPERTYSINGLEVALUE('IsLandmarked',$,IFCLOGICAL(.U.),$);
#8886=IFCPROPERTYSET('15XAQAeLrrwAkk_MMK96Wr',#18,'Pset_BuildingCommon',$,(#8884,#8885));
#8887=IFCRELDEFINESBYPROPERTIES('3X5eIhwx1sDWaVJhGyUNYh',#18,$,$,(#32),#8886);
#8888=IFCRELASSOCIATESMATERIAL('3s0I7RHWidQhNtFMNZEtyW',#18,$,$,(#62),#80);
#8889=IFCRELASSOCIATESMATERIAL('2CbqytNKp_k6YCY8CWdYJt',#18,$,$,(#112),#113);
#8890=IFCRELASSOCIATESMATERIAL('1ta3z2vheIW_8$$aQ5FOpB',#18,$,$,(#139),#140);
#8891=IFCRELASSOCIATESMATERIAL('2ZC0yT_knMeU3f6GTfwOeu',#18,$,$,(#162),#163);
#8892=IFCRELASSOCIATESMATERIAL('1jkvqh5TB5fnj2wKp4w9Uh',#18,$,$,(#3816,#3829,#3843,#3854,#3866,#3878),#3822);
#8893=IFCRELASSOCIATESMATERIAL('1qeA8by5P_1smEaqgGzwK0',#18,$,$,(#5407),#5419);
#8894=IFCRELASSOCIATESMATERIAL('3wSayE5OBSNpiZeJ1zkOfd',#18,$,$,(#5503),#5512);
#8895=IFCRELASSOCIATESMATERIAL('0CCuqMWh7CZ1oRWHPWFYQG',#18,$,$,(#5537),#5546);
#8896=IFCRELASSOCIATESMATERIAL('2StvtZ4iv09jSgR3gJuaK6',#18,$,$,(#81),#79);
#8897=IFCRELASSOCIATESMATERIAL('3Xa_NfQsx43cR1c$Il2pmb',#18,$,$,(#1935,#1948,#3723,#3731),#1936);
#8898=IFCRELASSOCIATESMATERIAL('2cnxl0HkmoLOUb9Xc9TKFh',#18,$,$,(#5453,#5461,#5478),#5454);
#8899=IFCRELASSOCIATESMATERIAL('1YTe6oDDKan1GF1V_AhQOa',#18,$,$,(#5504),#5511);
#8900=IFCRELASSOCIATESMATERIAL('2wQeJ5IlPzoV2j0CWsMJgo',#18,$,$,(#5538),#5545);
#8901=IFCRELASSOCIATESMATERIAL('1bWMwLH9IvuPKYjHWU4CBH',#18,$,$,(#6823,#8103),#6825);
#8902=IFCRELASSOCIATESMATERIAL('3P1128ipPxsRzvq_2EUV_y',#18,$,$,(#8779,#8791,#8803),#8780);
#8903=IFCRELASSOCIATESMATERIAL('2FmUu6PM4pNpaPR9SCoFHk',#18,$,$,(#8831,#8843,#8856,#8868),#8832);
#8904=IFCRELDEFINESBYTYPE('374fz1i9Fcwx3sQt0mVc5L',#18,$,$,(#62,#112,#139,#162),#81);
#8905=IFCRELDEFINESBYTYPE('0e3ItWrY7Chm_dvpznwQCa',#18,$,$,(#1948),#1935);
#8906=IFCRELDEFINESBYTYPE('0Gq5LVi6PB5v99Vrb22zZ7',#18,$,$,(#3731),#3723);
#8907=IFCRELDEFINESBYTYPE('3pGaZHsE1z2TTYo9q_FRDT',#18,$,$,(#3829,#3843,#3854,#3866,#3878),#3816);
#8908=IFCRELDEFINESBYTYPE('3hujGgudNDN8ee7Ki83dYj',#18,$,$,(#3885),#3886);
#8909=IFCRELDEFINESBYTYPE('2r7oiedaprH_3qaFbgqXTl',#18,$,$,(#5407),#5408);
#8910=IFCRELDEFINESBYTYPE('3IRyC5CefDaKJFEehLdW2D',#18,$,$,(#5461,#5478),#5453);
#8911=IFCRELDEFINESBYTYPE('01a9RDADsT7bEkOp66kKdt',#18,$,$,(#5503),#5504);
#8912=IFCRELDEFINESBYTYPE('3Y72X8vmJ2QKXdoEpq2pav',#18,$,$,(#5537),#5538);
#8913=IFCRELDEFINESBYTYPE('2M$9NFodhpiBPN5rWiSipc',#18,$,$,(#6823,#8103),#6824);
#8914=IFCRELDEFINESBYTYPE('2n3MD0CU5aj5J5wiOTJxqZ',#18,$,$,(#8791,#8803),#8779);
#8915=IFCRELDEFINESBYTYPE('02Fb5gNYNDSHoFUYP$6pEz',#18,$,$,(#8843,#8856,#8868),#8831);
#8916=IFCRELCONNECTSPATHELEMENTS('3nU1OJtaCNbeLgYoyz5FtB',#18,'0aRLSEK1r1S9fVxHAcp$_n|0aRLSEK1r1S9fVxHAcp$z5','Structural',$,#62,#162,(),(),.ATEND.,.ATSTART.);
#8917=IFCRELCONNECTSPATHELEMENTS('08rfTOO_x4j3J9muQAZCYS',#18,'0aRLSEK1r1S9fVxHAcp$$5|0aRLSEK1r1S9fVxHAcp$y1','Structural',$,#112,#139,(),(),.ATSTART.,.ATEND.);
#8918=IFCPRESENTATIONLAYERASSIGNMENT('I-WALL-____-OTLN',$,(#48,#60,#99,#110,#127,#137,#153,#160),$);
#8919=IFCPRESENTATIONLAYERASSIGNMENT('A-DOOR-____-OTLN',$,(#1930,#1943,#3718,#3725),$);
#8920=IFCPRESENTATIONLAYERASSIGNMENT('A-GLAZ-____-OTLN',$,(#3812,#3824,#3838,#3849,#3860,#3872),$);
#8921=IFCPRESENTATIONLAYERASSIGNMENT('S-STRS-____-OTLN',$,(#5404),$);
#8922=IFCPRESENTATIONLAYERASSIGNMENT('S-COLS-____-OTLN',$,(#5450,#5456,#5473),$);
#8923=IFCPRESENTATIONLAYERASSIGNMENT('A-FLOR-____-OTLN',$,(#5501),$);
#8924=IFCPRESENTATIONLAYERASSIGNMENT('C-TOPO-____-OTLN',$,(#5535),$);
#8925=IFCPRESENTATIONLAYERASSIGNMENT('A-FLOR-HRAL-OTLN',$,(#6820,#8100,#8776,#8786,#8798,#8828,#8838,#8851,#8863),$);
#8926=IFCCARTESIANPOINT((1.1500000000000001,0.3999999999999973));
#8927=IFCAXIS2PLACEMENT2D(#8926,#11);
#8928=IFCRECTANGLEPROFILEDEF(.AREA.,$,#8927,2.3000000000000003,0.7999999999999946);
#8929=IFCAXIS2PLACEMENT3D(#3,#7,#9);
#8930=IFCEXTRUDEDAREASOLID(#8928,#8929,#9,0.10000000000000006);
#8931=IFCSHAPEREPRESENTATION(#24,'Body','SweptSolid',(#8930));
#8932=IFCPRODUCTDEFINITIONSHAPE($,$,(#8931));
#8933=IFCCARTESIANPOINT((2.8500000000000036,-0.050000000000003791,0.0099999999999998927));
#8934=IFCAXIS2PLACEMENT3D(#8933,$,$);
#8935=IFCLOCALPLACEMENT(#45,#8934);
#8936=IFCOPENINGELEMENT('16ZVroe3R1TBy1PnYtY9c0',#18,'Ventana simple con contraventana:80 x 230 cm:165969:1',$,'Opening',#8935,#8932,'165969');
#8937=IFCRELVOIDSELEMENT('0aRLSEK1r1S9fVxGQcp$3t',#18,$,$,#62,#8936);
#8938=IFCRELFILLSELEMENT('2paRpnJzFT1mUoIfJAqsxR',#18,$,$,#8936,#3829);
#8939=IFCAXIS2PLACEMENT3D(#3,$,$);
#8940=IFCLOCALPLACEMENT(#8935,#8939);
#8941=IFCCARTESIANPOINT((1.1500000000000001,0.3999999999999973));
#8942=IFCAXIS2PLACEMENT2D(#8941,#11);
#8943=IFCRECTANGLEPROFILEDEF(.AREA.,$,#8942,2.3000000000000003,0.7999999999999946);
#8944=IFCAXIS2PLACEMENT3D(#3,#7,#9);
#8945=IFCEXTRUDEDAREASOLID(#8943,#8944,#9,0.10000000000000006);
#8946=IFCSHAPEREPRESENTATION(#24,'Body','SweptSolid',(#8945));
#8947=IFCPRODUCTDEFINITIONSHAPE($,$,(#8946));
#8948=IFCCARTESIANPOINT((7.8200000000000092,-0.050000000000012458,0.0099999999999998927));
#8949=IFCAXIS2PLACEMENT3D(#8948,$,$);
#8950=IFCLOCALPLACEMENT(#45,#8949);
#8951=IFCOPENINGELEMENT('30g0WLor1bBC$Z3cmMOCfG',#18,'Ventana simple con contraventana:80 x 230 cm:165996:1',$,'Opening',#8950,#8947,'165996');
#8952=IFCRELVOIDSELEMENT('0aRLSEK1r1S9fVxGQcp$3A',#18,$,$,#62,#8951);
#8953=IFCRELFILLSELEMENT('0f6dJwnmjbf7yhGHzbsaOB',#18,$,$,#8951,#3843);
#8954=IFCAXIS2PLACEMENT3D(#3,$,$);
#8955=IFCLOCALPLACEMENT(#8950,#8954);
#8956=IFCCARTESIANPOINT((1.0499999999999916,0.40000000000000002));
#8957=IFCAXIS2PLACEMENT2D(#8956,#11);
#8958=IFCRECTANGLEPROFILEDEF(.AREA.,$,#8957,2.0999999999999832,0.80000000000000004);
#8959=IFCAXIS2PLACEMENT3D(#3,#8,#9);
#8960=IFCEXTRUDEDAREASOLID(#8958,#8959,#9,0.10000000000000006);
#8961=IFCSHAPEREPRESENTATION(#24,'Body','SweptSolid',(#8960));
#8962=IFCPRODUCTDEFINITIONSHAPE($,$,(#8961));
#8963=IFCCARTESIANPOINT((5.7999999999999963,0.050000000000000003,0.));
#8964=IFCAXIS2PLACEMENT3D(#8963,$,$);
#8965=IFCLOCALPLACEMENT(#96,#8964);
#8966=IFCOPENINGELEMENT('1v$gOmnnAw3Be93LV07IpH',#18,'Puerta de 1 hoja:80 x 210 cm:165949:1',$,'Opening',#8965,#8962,'165949');
#8967=IFCRELVOIDSELEMENT('0aRLSEK1r1S9fVxGQcp$2R',#18,$,$,#112,#8966);
#8968=IFCRELFILLSELEMENT('3IwvoDfS9ARk7NTcge_lxL',#18,$,$,#8966,#3731);
#8969=IFCAXIS2PLACEMENT3D(#3,#9,#6);
#8970=IFCLOCALPLACEMENT(#8965,#8969);
#8971=IFCCARTESIANPOINT((1.1500000000000001,0.39999999999999869));
#8972=IFCAXIS2PLACEMENT2D(#8971,#11);
#8973=IFCRECTANGLEPROFILEDEF(.AREA.,$,#8972,2.3000000000000003,0.79999999999999472);
#8974=IFCAXIS2PLACEMENT3D(#3,#8,#9);
#8975=IFCEXTRUDEDAREASOLID(#8973,#8974,#9,0.10000000000000006);
#8976=IFCSHAPEREPRESENTATION(#24,'Body','SweptSolid',(#8975));
#8977=IFCPRODUCTDEFINITIONSHAPE($,$,(#8976));
#8978=IFCCARTESIANPOINT((2.3999999999999924,0.050000000000000003,0.0099999999999998927));
#8979=IFCAXIS2PLACEMENT3D(#8978,$,$);
#8980=IFCLOCALPLACEMENT(#96,#8979);
#8981=IFCOPENINGELEMENT('0LHDoPYLrqN3Wlp8cXkpam',#18,'Ventana simple con contraventana:80 x 230 cm:166061:1',$,'Opening',#8980,#8977,'166061');
#8982=IFCRELVOIDSELEMENT('0aRLSEK1r1S9fVxGQcp$0B',#18,$,$,#112,#8981);
#8983=IFCRELFILLSELEMENT('2KxCdRaLZX38Mltqfo6Z_j',#18,$,$,#8981,#3878);
#8984=IFCAXIS2PLACEMENT3D(#3,#9,#6);
#8985=IFCLOCALPLACEMENT(#8980,#8984);
#8986=IFCCARTESIANPOINT((1.1500000000000001,0.3999999999999973));
#8987=IFCAXIS2PLACEMENT2D(#8986,#11);
#8988=IFCRECTANGLEPROFILEDEF(.AREA.,$,#8987,2.3000000000000003,0.7999999999999946);
#8989=IFCAXIS2PLACEMENT3D(#3,#8,#9);
#8990=IFCEXTRUDEDAREASOLID(#8988,#8989,#9,0.10000000000000006);
#8991=IFCSHAPEREPRESENTATION(#24,'Body','SweptSolid',(#8990));
#8992=IFCPRODUCTDEFINITIONSHAPE($,$,(#8991));
#8993=IFCCARTESIANPOINT((4.528762763777439,0.050000000000000273,0.0099999999999998927));
#8994=IFCAXIS2PLACEMENT3D(#8993,$,$);
#8995=IFCLOCALPLACEMENT(#124,#8994);
#8996=IFCOPENINGELEMENT('0sMIEsJDF86hboOIof77H2',#18,'Ventana simple con contraventana:80 x 230 cm:166043:1',$,'Opening',#8995,#8992,'166043');
#8997=IFCRELVOIDSELEMENT('0aRLSEK1r1S9fVxGQcp$0z',#18,$,$,#139,#8996);
#8998=IFCRELFILLSELEMENT('12ofiedBIaRHlHmFL5EABc',#18,$,$,#8996,#3866);
#8999=IFCAXIS2PLACEMENT3D(#3,#9,#6);
#9000=IFCLOCALPLACEMENT(#8995,#8999);
#9001=IFCCARTESIANPOINT((1.0499999999999916,0.40000000000000002));
#9002=IFCAXIS2PLACEMENT2D(#9001,#11);
#9003=IFCRECTANGLEPROFILEDEF(.AREA.,$,#9002,2.0999999999999832,0.80000000000000004);
#9004=IFCAXIS2PLACEMENT3D(#3,#7,#9);
#9005=IFCEXTRUDEDAREASOLID(#9003,#9004,#9,0.10000000000000006);
#9006=IFCSHAPEREPRESENTATION(#24,'Body','SweptSolid',(#9005));
#9007=IFCPRODUCTDEFINITIONSHAPE($,$,(#9006));
#9008=IFCCARTESIANPOINT((9.6000000000000032,-0.050000000000000544,0.));
#9009=IFCAXIS2PLACEMENT3D(#9008,$,$);
#9010=IFCLOCALPLACEMENT(#150,#9009);
#9011=IFCOPENINGELEMENT('11ObEBjVfrgNCkzkK6ycFq',#18,'Puerta de 1 hoja:80 x 210 cm:165929:1',$,'Opening',#9010,#9007,'165929');
#9012=IFCRELVOIDSELEMENT('0aRLSEK1r1S9fVxGQcp$2F',#18,$,$,#162,#9011);
#9013=IFCRELFILLSELEMENT('0Zac0VdAzKJNBDqqycg0tM',#18,$,$,#9011,#1948);
#9014=IFCAXIS2PLACEMENT3D(#3,$,$);
#9015=IFCLOCALPLACEMENT(#9010,#9014);
#9016=IFCCARTESIANPOINT((1.1500000000000001,0.3999999999999973));
#9017=IFCAXIS2PLACEMENT2D(#9016,#11);
#9018=IFCRECTANGLEPROFILEDEF(.AREA.,$,#9017,2.3000000000000003,0.7999999999999946);
#9019=IFCAXIS2PLACEMENT3D(#3,#7,#9);
#9020=IFCEXTRUDEDAREASOLID(#9018,#9019,#9,0.10000000000000006);
#9021=IFCSHAPEREPRESENTATION(#24,'Body','SweptSolid',(#9020));
#9022=IFCPRODUCTDEFINITIONSHAPE($,$,(#9021));
#9023=IFCCARTESIANPOINT((3.6000000000000081,-0.050000000000001626,0.0099999999999998927));
#9024=IFCAXIS2PLACEMENT3D(#9023,$,$);
#9025=IFCLOCALPLACEMENT(#150,#9024);
#9026=IFCOPENINGELEMENT('2KxA9lFG2I_JIBBE_vTcgW',#18,'Ventana simple con contraventana:80 x 230 cm:166029:1',$,'Opening',#9025,#9022,'166029');
#9027=IFCRELVOIDSELEMENT('0aRLSEK1r1S9fVxGQcp$0h',#18,$,$,#162,#9026);
#9028=IFCRELFILLSELEMENT('1vIl0F7H1lDCJbm6Bv9jYB',#18,$,$,#9026,#3854);
#9029=IFCAXIS2PLACEMENT3D(#3,$,$);
#9030=IFCLOCALPLACEMENT(#9025,#9029);
#9031=IFCUNITASSIGNMENT((#19,#49,#1960,#3747));
ENDSEC;

END-ISO-10303-21;